Atmodeller initialized with double precision (float64)
[[93m[1m WARNING [21m[0m] The archive tar file does not exist: /data/rdc49-2/K218b_project/simulation_data/grid_H3_C1_N0_S3_fO21__from_batch07_case_000051__7_crash_atmos_chem_step_vulcan_chem_funs_race_syntax_error/data/data.tar
[[32m[1m INFO  [21m[0m] Running atmospheric chemistry...
[[32m[1m INFO  [21m[0m]     Using vulcan module, offline
[[32m[1m INFO  [21m[0m] Elements conserved in the network.
[[32m[1m INFO  [21m[0m] No duplicates in the network.
[[32m[1m INFO  [21m[0m] Elements conserved in the network.
[[32m[1m INFO  [21m[0m] No duplicates in the network.
[[32m[1m INFO  [21m[0m] Running VULCAN
[[93m[1m WARNING [21m[0m] P_b and P_t assgined in vulcan.cfg are out of range of the input. Constant extension is used.
[[32m[1m INFO  [21m[0m] Initializing with compositions from ASCII file /data/rdc49-2/K218b_project/simulation_data/grid_H3_C1_N0_S3_fO21__from_batch07_case_000051__7_crash_atmos_chem_step_vulcan_chem_funs_race_syntax_error/offchem/vmrs.dat
[[32m[1m INFO  [21m[0m] Input stellar spectrum from 2.0 to 700.0
[[32m[1m INFO  [21m[0m] Using wavelength bins from 2.0 to 655.5
[[32m[1m INFO  [21m[0m] Include molecular diffusion.
[[32m[1m INFO  [21m[0m] Starting VULCAN integration with 1 threads...
[[93m[1m WARNING [21m[0m] Keep producing negative values! Clipping negative solutions and moving on!
[[93m[1m WARNING [21m[0m] Keep producing negative values! Clipping negative solutions and moving on!
[[93m[1m WARNING [21m[0m] Keep producing negative values! Clipping negative solutions and moving on!
[[93m[1m WARNING [21m[0m] Keep producing negative values! Clipping negative solutions and moving on!
[[93m[1m WARNING [21m[0m] Keep producing negative values! Clipping negative solutions and moving on!
[[93m[1m WARNING [21m[0m] Keep producing negative values! Clipping negative solutions and moving on!
[[93m[1m WARNING [21m[0m] Keep producing negative values! Clipping negative solutions and moving on!
[[93m[1m WARNING [21m[0m] Keep producing negative values! Clipping negative solutions and moving on!
[[93m[1m WARNING [21m[0m] Keep producing negative values! Clipping negative solutions and moving on!
[[93m[1m WARNING [21m[0m] Keep producing negative values! Clipping negative solutions and moving on!
[[93m[1m WARNING [21m[0m] Element conservation is violated too large
[[93m[1m WARNING [21m[0m] at step: 10
[[93m[1m WARNING [21m[0m] -----------------------------------------------------------------
[[93m[1m WARNING [21m[0m] Keep producing negative values! Clipping negative solutions and moving on!
[[93m[1m WARNING [21m[0m] Element conservation is violated too large
[[93m[1m WARNING [21m[0m] at step: 11
[[93m[1m WARNING [21m[0m] -----------------------------------------------------------------
[[93m[1m WARNING [21m[0m] Keep producing negative values! Clipping negative solutions and moving on!
[[93m[1m WARNING [21m[0m] Element conservation is violated too large
[[93m[1m WARNING [21m[0m] at step: 12
[[93m[1m WARNING [21m[0m] -----------------------------------------------------------------
[[93m[1m WARNING [21m[0m] Keep producing negative values! Clipping negative solutions and moving on!
[[93m[1m WARNING [21m[0m] Element conservation is violated too large
[[93m[1m WARNING [21m[0m] at step: 13
[[93m[1m WARNING [21m[0m] -----------------------------------------------------------------
[[93m[1m WARNING [21m[0m] Keep producing negative values! Clipping negative solutions and moving on!
[[93m[1m WARNING [21m[0m] Element conservation is violated too large
[[93m[1m WARNING [21m[0m] at step: 14
[[93m[1m WARNING [21m[0m] -----------------------------------------------------------------
[[93m[1m WARNING [21m[0m] Keep producing negative values! Clipping negative solutions and moving on!
[[93m[1m WARNING [21m[0m] Element conservation is violated too large
[[93m[1m WARNING [21m[0m] at step: 15
[[93m[1m WARNING [21m[0m] -----------------------------------------------------------------
[[93m[1m WARNING [21m[0m] Keep producing negative values! Clipping negative solutions and moving on!
[[93m[1m WARNING [21m[0m] Element conservation is violated too large
[[93m[1m WARNING [21m[0m] at step: 16
[[93m[1m WARNING [21m[0m] -----------------------------------------------------------------
[[93m[1m WARNING [21m[0m] Keep producing negative values! Clipping negative solutions and moving on!
[[93m[1m WARNING [21m[0m] Element conservation is violated too large
[[93m[1m WARNING [21m[0m] at step: 17
[[93m[1m WARNING [21m[0m] -----------------------------------------------------------------
[[93m[1m WARNING [21m[0m] Keep producing negative values! Clipping negative solutions and moving on!
[[93m[1m WARNING [21m[0m] Element conservation is violated too large
[[93m[1m WARNING [21m[0m] at step: 18
[[93m[1m WARNING [21m[0m] -----------------------------------------------------------------
[[93m[1m WARNING [21m[0m] Keep producing negative values! Clipping negative solutions and moving on!
[[93m[1m WARNING [21m[0m] Keep producing negative values! Clipping negative solutions and moving on!
[[93m[1m WARNING [21m[0m] Element conservation is violated too large
[[93m[1m WARNING [21m[0m] at step: 20
[[93m[1m WARNING [21m[0m] -----------------------------------------------------------------
[[93m[1m WARNING [21m[0m] Keep producing negative values! Clipping negative solutions and moving on!
[[93m[1m WARNING [21m[0m] Element conservation is violated too large
[[93m[1m WARNING [21m[0m] at step: 21
[[93m[1m WARNING [21m[0m] -----------------------------------------------------------------
[[93m[1m WARNING [21m[0m] Element conservation is violated too large
[[93m[1m WARNING [21m[0m] at step: 21
[[93m[1m WARNING [21m[0m] -----------------------------------------------------------------
[[93m[1m WARNING [21m[0m] Keep producing negative values! Clipping negative solutions and moving on!
[[93m[1m WARNING [21m[0m] Element conservation is violated too large
[[93m[1m WARNING [21m[0m] at step: 22
[[93m[1m WARNING [21m[0m] -----------------------------------------------------------------
[[93m[1m WARNING [21m[0m] Element conservation is violated too large
[[93m[1m WARNING [21m[0m] at step: 22
[[93m[1m WARNING [21m[0m] -----------------------------------------------------------------
[[93m[1m WARNING [21m[0m] Keep producing negative values! Clipping negative solutions and moving on!
[[93m[1m WARNING [21m[0m] Element conservation is violated too large
[[93m[1m WARNING [21m[0m] at step: 23
[[93m[1m WARNING [21m[0m] -----------------------------------------------------------------
[[93m[1m WARNING [21m[0m] Element conservation is violated too large
[[93m[1m WARNING [21m[0m] at step: 23
[[93m[1m WARNING [21m[0m] -----------------------------------------------------------------
[[93m[1m WARNING [21m[0m] Keep producing negative values! Clipping negative solutions and moving on!
[[93m[1m WARNING [21m[0m] Element conservation is violated too large
[[93m[1m WARNING [21m[0m] at step: 24
[[93m[1m WARNING [21m[0m] -----------------------------------------------------------------
[[93m[1m WARNING [21m[0m] Element conservation is violated too large
[[93m[1m WARNING [21m[0m] at step: 24
[[93m[1m WARNING [21m[0m] -----------------------------------------------------------------
[[93m[1m WARNING [21m[0m] Keep producing negative values! Clipping negative solutions and moving on!
[[93m[1m WARNING [21m[0m] Element conservation is violated too large
[[93m[1m WARNING [21m[0m] at step: 25
[[93m[1m WARNING [21m[0m] -----------------------------------------------------------------
[[93m[1m WARNING [21m[0m] Element conservation is violated too large
[[93m[1m WARNING [21m[0m] at step: 25
[[93m[1m WARNING [21m[0m] -----------------------------------------------------------------
[[93m[1m WARNING [21m[0m] Keep producing negative values! Clipping negative solutions and moving on!
[[93m[1m WARNING [21m[0m] Element conservation is violated too large
[[93m[1m WARNING [21m[0m] at step: 26
[[93m[1m WARNING [21m[0m] -----------------------------------------------------------------
[[93m[1m WARNING [21m[0m] Element conservation is violated too large
[[93m[1m WARNING [21m[0m] at step: 26
[[93m[1m WARNING [21m[0m] -----------------------------------------------------------------
[[93m[1m WARNING [21m[0m] Keep producing negative values! Clipping negative solutions and moving on!
[[93m[1m WARNING [21m[0m] Element conservation is violated too large
[[93m[1m WARNING [21m[0m] at step: 27
[[93m[1m WARNING [21m[0m] -----------------------------------------------------------------
[[93m[1m WARNING [21m[0m] Element conservation is violated too large
[[93m[1m WARNING [21m[0m] at step: 27
[[93m[1m WARNING [21m[0m] -----------------------------------------------------------------
[[93m[1m WARNING [21m[0m] Keep producing negative values! Clipping negative solutions and moving on!
[[93m[1m WARNING [21m[0m] Element conservation is violated too large
[[93m[1m WARNING [21m[0m] at step: 28
[[93m[1m WARNING [21m[0m] -----------------------------------------------------------------
[[93m[1m WARNING [21m[0m] Element conservation is violated too large
[[93m[1m WARNING [21m[0m] at step: 28
[[93m[1m WARNING [21m[0m] -----------------------------------------------------------------
[[93m[1m WARNING [21m[0m] Keep producing negative values! Clipping negative solutions and moving on!
[[93m[1m WARNING [21m[0m] Element conservation is violated too large
[[93m[1m WARNING [21m[0m] at step: 29
[[93m[1m WARNING [21m[0m] -----------------------------------------------------------------
[[93m[1m WARNING [21m[0m] Element conservation is violated too large
[[93m[1m WARNING [21m[0m] at step: 29
[[93m[1m WARNING [21m[0m] -----------------------------------------------------------------
[[93m[1m WARNING [21m[0m] Keep producing negative values! Clipping negative solutions and moving on!
[[93m[1m WARNING [21m[0m] Element conservation is violated too large
[[93m[1m WARNING [21m[0m] at step: 30
[[93m[1m WARNING [21m[0m] -----------------------------------------------------------------
[[93m[1m WARNING [21m[0m] Element conservation is violated too large
[[93m[1m WARNING [21m[0m] at step: 30
[[93m[1m WARNING [21m[0m] -----------------------------------------------------------------
[[93m[1m WARNING [21m[0m] Keep producing negative values! Clipping negative solutions and moving on!
[[93m[1m WARNING [21m[0m] Element conservation is violated too large
[[93m[1m WARNING [21m[0m] at step: 31
[[93m[1m WARNING [21m[0m] -----------------------------------------------------------------
[[93m[1m WARNING [21m[0m] Element conservation is violated too large
[[93m[1m WARNING [21m[0m] at step: 31
[[93m[1m WARNING [21m[0m] -----------------------------------------------------------------
[[93m[1m WARNING [21m[0m] Keep producing negative values! Clipping negative solutions and moving on!
[[93m[1m WARNING [21m[0m] Element conservation is violated too large
[[93m[1m WARNING [21m[0m] at step: 32
[[93m[1m WARNING [21m[0m] -----------------------------------------------------------------
[[93m[1m WARNING [21m[0m] Element conservation is violated too large
[[93m[1m WARNING [21m[0m] at step: 32
[[93m[1m WARNING [21m[0m] -----------------------------------------------------------------
[[93m[1m WARNING [21m[0m] Keep producing negative values! Clipping negative solutions and moving on!
[[93m[1m WARNING [21m[0m] Element conservation is violated too large
[[93m[1m WARNING [21m[0m] at step: 33
[[93m[1m WARNING [21m[0m] -----------------------------------------------------------------
[[93m[1m WARNING [21m[0m] Element conservation is violated too large
[[93m[1m WARNING [21m[0m] at step: 33
[[93m[1m WARNING [21m[0m] -----------------------------------------------------------------
[[93m[1m WARNING [21m[0m] Keep producing negative values! Clipping negative solutions and moving on!
[[93m[1m WARNING [21m[0m] Element conservation is violated too large
[[93m[1m WARNING [21m[0m] at step: 34
[[93m[1m WARNING [21m[0m] -----------------------------------------------------------------
[[93m[1m WARNING [21m[0m] Element conservation is violated too large
[[93m[1m WARNING [21m[0m] at step: 34
[[93m[1m WARNING [21m[0m] -----------------------------------------------------------------
[[93m[1m WARNING [21m[0m] Keep producing negative values! Clipping negative solutions and moving on!
[[93m[1m WARNING [21m[0m] Element conservation is violated too large
[[93m[1m WARNING [21m[0m] at step: 35
[[93m[1m WARNING [21m[0m] -----------------------------------------------------------------
[[93m[1m WARNING [21m[0m] Element conservation is violated too large
[[93m[1m WARNING [21m[0m] at step: 35
[[93m[1m WARNING [21m[0m] -----------------------------------------------------------------
[[93m[1m WARNING [21m[0m] Keep producing negative values! Clipping negative solutions and moving on!
[[93m[1m WARNING [21m[0m] Element conservation is violated too large
[[93m[1m WARNING [21m[0m] at step: 36
[[93m[1m WARNING [21m[0m] -----------------------------------------------------------------
[[93m[1m WARNING [21m[0m] Element conservation is violated too large
[[93m[1m WARNING [21m[0m] at step: 36
[[93m[1m WARNING [21m[0m] -----------------------------------------------------------------
[[93m[1m WARNING [21m[0m] Keep producing negative values! Clipping negative solutions and moving on!
[[93m[1m WARNING [21m[0m] Element conservation is violated too large
[[93m[1m WARNING [21m[0m] at step: 37
[[93m[1m WARNING [21m[0m] -----------------------------------------------------------------
[[93m[1m WARNING [21m[0m] Element conservation is violated too large
[[93m[1m WARNING [21m[0m] at step: 37
[[93m[1m WARNING [21m[0m] -----------------------------------------------------------------
[[93m[1m WARNING [21m[0m] Keep producing negative values! Clipping negative solutions and moving on!
[[93m[1m WARNING [21m[0m] Element conservation is violated too large
[[93m[1m WARNING [21m[0m] at step: 38
[[93m[1m WARNING [21m[0m] -----------------------------------------------------------------
[[93m[1m WARNING [21m[0m] Element conservation is violated too large
[[93m[1m WARNING [21m[0m] at step: 38
[[93m[1m WARNING [21m[0m] -----------------------------------------------------------------
[[93m[1m WARNING [21m[0m] Keep producing negative values! Clipping negative solutions and moving on!
[[93m[1m WARNING [21m[0m] Element conservation is violated too large
[[93m[1m WARNING [21m[0m] at step: 39
[[93m[1m WARNING [21m[0m] -----------------------------------------------------------------
[[93m[1m WARNING [21m[0m] Element conservation is violated too large
[[93m[1m WARNING [21m[0m] at step: 39
[[93m[1m WARNING [21m[0m] -----------------------------------------------------------------
[[93m[1m WARNING [21m[0m] Keep producing negative values! Clipping negative solutions and moving on!
[[93m[1m WARNING [21m[0m] Element conservation is violated too large
[[93m[1m WARNING [21m[0m] at step: 40
[[93m[1m WARNING [21m[0m] -----------------------------------------------------------------
[[93m[1m WARNING [21m[0m] Element conservation is violated too large
[[93m[1m WARNING [21m[0m] at step: 40
[[93m[1m WARNING [21m[0m] -----------------------------------------------------------------
[[93m[1m WARNING [21m[0m] Keep producing negative values! Clipping negative solutions and moving on!
[[93m[1m WARNING [21m[0m] Element conservation is violated too large
[[93m[1m WARNING [21m[0m] at step: 41
[[93m[1m WARNING [21m[0m] -----------------------------------------------------------------
[[93m[1m WARNING [21m[0m] Element conservation is violated too large
[[93m[1m WARNING [21m[0m] at step: 41
[[93m[1m WARNING [21m[0m] -----------------------------------------------------------------
[[93m[1m WARNING [21m[0m] Keep producing negative values! Clipping negative solutions and moving on!
[[93m[1m WARNING [21m[0m] Element conservation is violated too large
[[93m[1m WARNING [21m[0m] at step: 42
[[93m[1m WARNING [21m[0m] -----------------------------------------------------------------
[[93m[1m WARNING [21m[0m] Element conservation is violated too large
[[93m[1m WARNING [21m[0m] at step: 42
[[93m[1m WARNING [21m[0m] -----------------------------------------------------------------
[[93m[1m WARNING [21m[0m] Keep producing negative values! Clipping negative solutions and moving on!
[[93m[1m WARNING [21m[0m] Element conservation is violated too large
[[93m[1m WARNING [21m[0m] at step: 43
[[93m[1m WARNING [21m[0m] -----------------------------------------------------------------
[[93m[1m WARNING [21m[0m] Element conservation is violated too large
[[93m[1m WARNING [21m[0m] at step: 43
[[93m[1m WARNING [21m[0m] -----------------------------------------------------------------
[[93m[1m WARNING [21m[0m] Keep producing negative values! Clipping negative solutions and moving on!
[[93m[1m WARNING [21m[0m] Element conservation is violated too large
[[93m[1m WARNING [21m[0m] at step: 44
[[93m[1m WARNING [21m[0m] -----------------------------------------------------------------
[[93m[1m WARNING [21m[0m] Element conservation is violated too large
[[93m[1m WARNING [21m[0m] at step: 44
[[93m[1m WARNING [21m[0m] -----------------------------------------------------------------
[[93m[1m WARNING [21m[0m] Keep producing negative values! Clipping negative solutions and moving on!
[[93m[1m WARNING [21m[0m] Element conservation is violated too large
[[93m[1m WARNING [21m[0m] at step: 45
[[93m[1m WARNING [21m[0m] -----------------------------------------------------------------
[[93m[1m WARNING [21m[0m] Element conservation is violated too large
[[93m[1m WARNING [21m[0m] at step: 45
[[93m[1m WARNING [21m[0m] -----------------------------------------------------------------
[[93m[1m WARNING [21m[0m] Keep producing negative values! Clipping negative solutions and moving on!
[[93m[1m WARNING [21m[0m] Element conservation is violated too large
[[93m[1m WARNING [21m[0m] at step: 46
[[93m[1m WARNING [21m[0m] -----------------------------------------------------------------
[[93m[1m WARNING [21m[0m] Element conservation is violated too large
[[93m[1m WARNING [21m[0m] at step: 46
[[93m[1m WARNING [21m[0m] -----------------------------------------------------------------
[[93m[1m WARNING [21m[0m] Keep producing negative values! Clipping negative solutions and moving on!
[[93m[1m WARNING [21m[0m] Element conservation is violated too large
[[93m[1m WARNING [21m[0m] at step: 47
[[93m[1m WARNING [21m[0m] -----------------------------------------------------------------
[[93m[1m WARNING [21m[0m] Element conservation is violated too large
[[93m[1m WARNING [21m[0m] at step: 47
[[93m[1m WARNING [21m[0m] -----------------------------------------------------------------
[[93m[1m WARNING [21m[0m] Keep producing negative values! Clipping negative solutions and moving on!
[[93m[1m WARNING [21m[0m] Element conservation is violated too large
[[93m[1m WARNING [21m[0m] at step: 48
[[93m[1m WARNING [21m[0m] -----------------------------------------------------------------
[[93m[1m WARNING [21m[0m] Element conservation is violated too large
[[93m[1m WARNING [21m[0m] at step: 48
[[93m[1m WARNING [21m[0m] -----------------------------------------------------------------
[[93m[1m WARNING [21m[0m] Keep producing negative values! Clipping negative solutions and moving on!
[[93m[1m WARNING [21m[0m] Element conservation is violated too large
[[93m[1m WARNING [21m[0m] at step: 49
[[93m[1m WARNING [21m[0m] -----------------------------------------------------------------
[[93m[1m WARNING [21m[0m] Element conservation is violated too large
[[93m[1m WARNING [21m[0m] at step: 49
[[93m[1m WARNING [21m[0m] -----------------------------------------------------------------
[[93m[1m WARNING [21m[0m] Keep producing negative values! Clipping negative solutions and moving on!
[[93m[1m WARNING [21m[0m] Element conservation is violated too large
[[93m[1m WARNING [21m[0m] at step: 50
[[93m[1m WARNING [21m[0m] -----------------------------------------------------------------
[[93m[1m WARNING [21m[0m] Element conservation is violated too large
[[93m[1m WARNING [21m[0m] at step: 50
[[93m[1m WARNING [21m[0m] -----------------------------------------------------------------
[[93m[1m WARNING [21m[0m] Keep producing negative values! Clipping negative solutions and moving on!
[[93m[1m WARNING [21m[0m] Element conservation is violated too large
[[93m[1m WARNING [21m[0m] at step: 51
[[93m[1m WARNING [21m[0m] -----------------------------------------------------------------
[[93m[1m WARNING [21m[0m] Element conservation is violated too large
[[93m[1m WARNING [21m[0m] at step: 51
[[93m[1m WARNING [21m[0m] -----------------------------------------------------------------
[[93m[1m WARNING [21m[0m] Keep producing negative values! Clipping negative solutions and moving on!
[[93m[1m WARNING [21m[0m] Element conservation is violated too large
[[93m[1m WARNING [21m[0m] at step: 52
[[93m[1m WARNING [21m[0m] -----------------------------------------------------------------
[[93m[1m WARNING [21m[0m] Element conservation is violated too large
[[93m[1m WARNING [21m[0m] at step: 53
[[93m[1m WARNING [21m[0m] -----------------------------------------------------------------
[[93m[1m WARNING [21m[0m] Element conservation is violated too large
[[93m[1m WARNING [21m[0m] at step: 53
[[93m[1m WARNING [21m[0m] -----------------------------------------------------------------
[[93m[1m WARNING [21m[0m] Keep producing negative values! Clipping negative solutions and moving on!
[[93m[1m WARNING [21m[0m] Element conservation is violated too large
[[93m[1m WARNING [21m[0m] at step: 54
[[93m[1m WARNING [21m[0m] -----------------------------------------------------------------
[[93m[1m WARNING [21m[0m] Element conservation is violated too large
[[93m[1m WARNING [21m[0m] at step: 54
[[93m[1m WARNING [21m[0m] -----------------------------------------------------------------
[[93m[1m WARNING [21m[0m] Keep producing negative values! Clipping negative solutions and moving on!
[[93m[1m WARNING [21m[0m] Element conservation is violated too large
[[93m[1m WARNING [21m[0m] at step: 55
[[93m[1m WARNING [21m[0m] -----------------------------------------------------------------
[[93m[1m WARNING [21m[0m] Element conservation is violated too large
[[93m[1m WARNING [21m[0m] at step: 55
[[93m[1m WARNING [21m[0m] -----------------------------------------------------------------
[[93m[1m WARNING [21m[0m] Keep producing negative values! Clipping negative solutions and moving on!
[[93m[1m WARNING [21m[0m] Element conservation is violated too large
[[93m[1m WARNING [21m[0m] at step: 56
[[93m[1m WARNING [21m[0m] -----------------------------------------------------------------
[[93m[1m WARNING [21m[0m] Element conservation is violated too large
[[93m[1m WARNING [21m[0m] at step: 56
[[93m[1m WARNING [21m[0m] -----------------------------------------------------------------
[[93m[1m WARNING [21m[0m] Keep producing negative values! Clipping negative solutions and moving on!
[[93m[1m WARNING [21m[0m] Element conservation is violated too large
[[93m[1m WARNING [21m[0m] at step: 57
[[93m[1m WARNING [21m[0m] -----------------------------------------------------------------
[[93m[1m WARNING [21m[0m] Element conservation is violated too large
[[93m[1m WARNING [21m[0m] at step: 57
[[93m[1m WARNING [21m[0m] -----------------------------------------------------------------
[[93m[1m WARNING [21m[0m] Keep producing negative values! Clipping negative solutions and moving on!
[[93m[1m WARNING [21m[0m] Element conservation is violated too large
[[93m[1m WARNING [21m[0m] at step: 58
[[93m[1m WARNING [21m[0m] -----------------------------------------------------------------
[[93m[1m WARNING [21m[0m] Element conservation is violated too large
[[93m[1m WARNING [21m[0m] at step: 58
[[93m[1m WARNING [21m[0m] -----------------------------------------------------------------
[[93m[1m WARNING [21m[0m] Keep producing negative values! Clipping negative solutions and moving on!
[[93m[1m WARNING [21m[0m] Element conservation is violated too large
[[93m[1m WARNING [21m[0m] at step: 59
[[93m[1m WARNING [21m[0m] -----------------------------------------------------------------
[[93m[1m WARNING [21m[0m] Element conservation is violated too large
[[93m[1m WARNING [21m[0m] at step: 59
[[93m[1m WARNING [21m[0m] -----------------------------------------------------------------
[[93m[1m WARNING [21m[0m] Keep producing negative values! Clipping negative solutions and moving on!
[[93m[1m WARNING [21m[0m] Element conservation is violated too large
[[93m[1m WARNING [21m[0m] at step: 60
[[93m[1m WARNING [21m[0m] -----------------------------------------------------------------
[[93m[1m WARNING [21m[0m] Element conservation is violated too large
[[93m[1m WARNING [21m[0m] at step: 60
[[93m[1m WARNING [21m[0m] -----------------------------------------------------------------
[[93m[1m WARNING [21m[0m] Keep producing negative values! Clipping negative solutions and moving on!
[[93m[1m WARNING [21m[0m] Element conservation is violated too large
[[93m[1m WARNING [21m[0m] at step: 61
[[93m[1m WARNING [21m[0m] -----------------------------------------------------------------
[[93m[1m WARNING [21m[0m] Element conservation is violated too large
[[93m[1m WARNING [21m[0m] at step: 61
[[93m[1m WARNING [21m[0m] -----------------------------------------------------------------
[[93m[1m WARNING [21m[0m] Keep producing negative values! Clipping negative solutions and moving on!
[[93m[1m WARNING [21m[0m] Element conservation is violated too large
[[93m[1m WARNING [21m[0m] at step: 62
[[93m[1m WARNING [21m[0m] -----------------------------------------------------------------
[[93m[1m WARNING [21m[0m] Element conservation is violated too large
[[93m[1m WARNING [21m[0m] at step: 62
[[93m[1m WARNING [21m[0m] -----------------------------------------------------------------
[[93m[1m WARNING [21m[0m] Keep producing negative values! Clipping negative solutions and moving on!
[[93m[1m WARNING [21m[0m] Element conservation is violated too large
[[93m[1m WARNING [21m[0m] at step: 63
[[93m[1m WARNING [21m[0m] -----------------------------------------------------------------
[[93m[1m WARNING [21m[0m] Element conservation is violated too large
[[93m[1m WARNING [21m[0m] at step: 63
[[93m[1m WARNING [21m[0m] -----------------------------------------------------------------
[[93m[1m WARNING [21m[0m] Keep producing negative values! Clipping negative solutions and moving on!
[[93m[1m WARNING [21m[0m] Element conservation is violated too large
[[93m[1m WARNING [21m[0m] at step: 64
[[93m[1m WARNING [21m[0m] -----------------------------------------------------------------
[[93m[1m WARNING [21m[0m] Element conservation is violated too large
[[93m[1m WARNING [21m[0m] at step: 64
[[93m[1m WARNING [21m[0m] -----------------------------------------------------------------
[[93m[1m WARNING [21m[0m] Keep producing negative values! Clipping negative solutions and moving on!
[[93m[1m WARNING [21m[0m] Element conservation is violated too large
[[93m[1m WARNING [21m[0m] at step: 65
[[93m[1m WARNING [21m[0m] -----------------------------------------------------------------
[[93m[1m WARNING [21m[0m] Element conservation is violated too large
[[93m[1m WARNING [21m[0m] at step: 65
[[93m[1m WARNING [21m[0m] -----------------------------------------------------------------
[[93m[1m WARNING [21m[0m] Keep producing negative values! Clipping negative solutions and moving on!
[[93m[1m WARNING [21m[0m] Element conservation is violated too large
[[93m[1m WARNING [21m[0m] at step: 66
[[93m[1m WARNING [21m[0m] -----------------------------------------------------------------
[[93m[1m WARNING [21m[0m] Element conservation is violated too large
[[93m[1m WARNING [21m[0m] at step: 66
[[93m[1m WARNING [21m[0m] -----------------------------------------------------------------
[[93m[1m WARNING [21m[0m] Keep producing negative values! Clipping negative solutions and moving on!
[[93m[1m WARNING [21m[0m] Element conservation is violated too large
[[93m[1m WARNING [21m[0m] at step: 67
[[93m[1m WARNING [21m[0m] -----------------------------------------------------------------
[[93m[1m WARNING [21m[0m] Element conservation is violated too large
[[93m[1m WARNING [21m[0m] at step: 67
[[93m[1m WARNING [21m[0m] -----------------------------------------------------------------
[[93m[1m WARNING [21m[0m] Keep producing negative values! Clipping negative solutions and moving on!
[[93m[1m WARNING [21m[0m] Element conservation is violated too large
[[93m[1m WARNING [21m[0m] at step: 68
[[93m[1m WARNING [21m[0m] -----------------------------------------------------------------
[[93m[1m WARNING [21m[0m] Element conservation is violated too large
[[93m[1m WARNING [21m[0m] at step: 68
[[93m[1m WARNING [21m[0m] -----------------------------------------------------------------
[[93m[1m WARNING [21m[0m] Keep producing negative values! Clipping negative solutions and moving on!
[[93m[1m WARNING [21m[0m] Element conservation is violated too large
[[93m[1m WARNING [21m[0m] at step: 69
[[93m[1m WARNING [21m[0m] -----------------------------------------------------------------
[[93m[1m WARNING [21m[0m] Element conservation is violated too large
[[93m[1m WARNING [21m[0m] at step: 69
[[93m[1m WARNING [21m[0m] -----------------------------------------------------------------
[[93m[1m WARNING [21m[0m] Keep producing negative values! Clipping negative solutions and moving on!
[[93m[1m WARNING [21m[0m] Element conservation is violated too large
[[93m[1m WARNING [21m[0m] at step: 70
[[93m[1m WARNING [21m[0m] -----------------------------------------------------------------
[[93m[1m WARNING [21m[0m] Element conservation is violated too large
[[93m[1m WARNING [21m[0m] at step: 70
[[93m[1m WARNING [21m[0m] -----------------------------------------------------------------
[[93m[1m WARNING [21m[0m] Keep producing negative values! Clipping negative solutions and moving on!
[[93m[1m WARNING [21m[0m] Element conservation is violated too large
[[93m[1m WARNING [21m[0m] at step: 71
[[93m[1m WARNING [21m[0m] -----------------------------------------------------------------
[[93m[1m WARNING [21m[0m] Element conservation is violated too large
[[93m[1m WARNING [21m[0m] at step: 71
[[93m[1m WARNING [21m[0m] -----------------------------------------------------------------
[[93m[1m WARNING [21m[0m] Keep producing negative values! Clipping negative solutions and moving on!
[[93m[1m WARNING [21m[0m] Element conservation is violated too large
[[93m[1m WARNING [21m[0m] at step: 72
[[93m[1m WARNING [21m[0m] -----------------------------------------------------------------
[[93m[1m WARNING [21m[0m] Element conservation is violated too large
[[93m[1m WARNING [21m[0m] at step: 72
[[93m[1m WARNING [21m[0m] -----------------------------------------------------------------
[[93m[1m WARNING [21m[0m] Keep producing negative values! Clipping negative solutions and moving on!
[[93m[1m WARNING [21m[0m] Element conservation is violated too large
[[93m[1m WARNING [21m[0m] at step: 73
[[93m[1m WARNING [21m[0m] -----------------------------------------------------------------
[[93m[1m WARNING [21m[0m] Element conservation is violated too large
[[93m[1m WARNING [21m[0m] at step: 73
[[93m[1m WARNING [21m[0m] -----------------------------------------------------------------
[[93m[1m WARNING [21m[0m] Keep producing negative values! Clipping negative solutions and moving on!
[[93m[1m WARNING [21m[0m] Element conservation is violated too large
[[93m[1m WARNING [21m[0m] at step: 74
[[93m[1m WARNING [21m[0m] -----------------------------------------------------------------
[[93m[1m WARNING [21m[0m] Element conservation is violated too large
[[93m[1m WARNING [21m[0m] at step: 74
[[93m[1m WARNING [21m[0m] -----------------------------------------------------------------
[[93m[1m WARNING [21m[0m] Keep producing negative values! Clipping negative solutions and moving on!
[[93m[1m WARNING [21m[0m] Element conservation is violated too large
[[93m[1m WARNING [21m[0m] at step: 75
[[93m[1m WARNING [21m[0m] -----------------------------------------------------------------
[[93m[1m WARNING [21m[0m] Element conservation is violated too large
[[93m[1m WARNING [21m[0m] at step: 75
[[93m[1m WARNING [21m[0m] -----------------------------------------------------------------
[[93m[1m WARNING [21m[0m] Keep producing negative values! Clipping negative solutions and moving on!
[[93m[1m WARNING [21m[0m] Element conservation is violated too large
[[93m[1m WARNING [21m[0m] at step: 76
[[93m[1m WARNING [21m[0m] -----------------------------------------------------------------
[[93m[1m WARNING [21m[0m] Element conservation is violated too large
[[93m[1m WARNING [21m[0m] at step: 76
[[93m[1m WARNING [21m[0m] -----------------------------------------------------------------
[[93m[1m WARNING [21m[0m] Keep producing negative values! Clipping negative solutions and moving on!
[[93m[1m WARNING [21m[0m] Element conservation is violated too large
[[93m[1m WARNING [21m[0m] at step: 77
[[93m[1m WARNING [21m[0m] -----------------------------------------------------------------
[[93m[1m WARNING [21m[0m] Element conservation is violated too large
[[93m[1m WARNING [21m[0m] at step: 77
[[93m[1m WARNING [21m[0m] -----------------------------------------------------------------
[[93m[1m WARNING [21m[0m] Keep producing negative values! Clipping negative solutions and moving on!
[[93m[1m WARNING [21m[0m] Element conservation is violated too large
[[93m[1m WARNING [21m[0m] at step: 78
[[93m[1m WARNING [21m[0m] -----------------------------------------------------------------
[[93m[1m WARNING [21m[0m] Element conservation is violated too large
[[93m[1m WARNING [21m[0m] at step: 78
[[93m[1m WARNING [21m[0m] -----------------------------------------------------------------
[[93m[1m WARNING [21m[0m] Keep producing negative values! Clipping negative solutions and moving on!
[[93m[1m WARNING [21m[0m] Element conservation is violated too large
[[93m[1m WARNING [21m[0m] at step: 79
[[93m[1m WARNING [21m[0m] -----------------------------------------------------------------
[[93m[1m WARNING [21m[0m] Element conservation is violated too large
[[93m[1m WARNING [21m[0m] at step: 79
[[93m[1m WARNING [21m[0m] -----------------------------------------------------------------
[[93m[1m WARNING [21m[0m] Keep producing negative values! Clipping negative solutions and moving on!
[[93m[1m WARNING [21m[0m] Element conservation is violated too large
[[93m[1m WARNING [21m[0m] at step: 80
[[93m[1m WARNING [21m[0m] -----------------------------------------------------------------
[[93m[1m WARNING [21m[0m] Element conservation is violated too large
[[93m[1m WARNING [21m[0m] at step: 80
[[93m[1m WARNING [21m[0m] -----------------------------------------------------------------
[[93m[1m WARNING [21m[0m] Keep producing negative values! Clipping negative solutions and moving on!
[[93m[1m WARNING [21m[0m] Element conservation is violated too large
[[93m[1m WARNING [21m[0m] at step: 81
[[93m[1m WARNING [21m[0m] -----------------------------------------------------------------
[[93m[1m WARNING [21m[0m] Element conservation is violated too large
[[93m[1m WARNING [21m[0m] at step: 81
[[93m[1m WARNING [21m[0m] -----------------------------------------------------------------
[[93m[1m WARNING [21m[0m] Keep producing negative values! Clipping negative solutions and moving on!
[[93m[1m WARNING [21m[0m] Element conservation is violated too large
[[93m[1m WARNING [21m[0m] at step: 82
[[93m[1m WARNING [21m[0m] -----------------------------------------------------------------
[[93m[1m WARNING [21m[0m] Element conservation is violated too large
[[93m[1m WARNING [21m[0m] at step: 82
[[93m[1m WARNING [21m[0m] -----------------------------------------------------------------
[[93m[1m WARNING [21m[0m] Keep producing negative values! Clipping negative solutions and moving on!
[[93m[1m WARNING [21m[0m] Element conservation is violated too large
[[93m[1m WARNING [21m[0m] at step: 83
[[93m[1m WARNING [21m[0m] -----------------------------------------------------------------
[[93m[1m WARNING [21m[0m] Element conservation is violated too large
[[93m[1m WARNING [21m[0m] at step: 83
[[93m[1m WARNING [21m[0m] -----------------------------------------------------------------
[[93m[1m WARNING [21m[0m] Keep producing negative values! Clipping negative solutions and moving on!
[[93m[1m WARNING [21m[0m] Element conservation is violated too large
[[93m[1m WARNING [21m[0m] at step: 84
[[93m[1m WARNING [21m[0m] -----------------------------------------------------------------
[[93m[1m WARNING [21m[0m] Element conservation is violated too large
[[93m[1m WARNING [21m[0m] at step: 84
[[93m[1m WARNING [21m[0m] -----------------------------------------------------------------
[[93m[1m WARNING [21m[0m] Keep producing negative values! Clipping negative solutions and moving on!
[[93m[1m WARNING [21m[0m] Element conservation is violated too large
[[93m[1m WARNING [21m[0m] at step: 85
[[93m[1m WARNING [21m[0m] -----------------------------------------------------------------
[[93m[1m WARNING [21m[0m] Element conservation is violated too large
[[93m[1m WARNING [21m[0m] at step: 85
[[93m[1m WARNING [21m[0m] -----------------------------------------------------------------
[[93m[1m WARNING [21m[0m] Keep producing negative values! Clipping negative solutions and moving on!
[[93m[1m WARNING [21m[0m] Element conservation is violated too large
[[93m[1m WARNING [21m[0m] at step: 86
[[93m[1m WARNING [21m[0m] -----------------------------------------------------------------
[[93m[1m WARNING [21m[0m] Element conservation is violated too large
[[93m[1m WARNING [21m[0m] at step: 86
[[93m[1m WARNING [21m[0m] -----------------------------------------------------------------
[[93m[1m WARNING [21m[0m] Keep producing negative values! Clipping negative solutions and moving on!
[[93m[1m WARNING [21m[0m] Element conservation is violated too large
[[93m[1m WARNING [21m[0m] at step: 87
[[93m[1m WARNING [21m[0m] -----------------------------------------------------------------
[[93m[1m WARNING [21m[0m] Element conservation is violated too large
[[93m[1m WARNING [21m[0m] at step: 87
[[93m[1m WARNING [21m[0m] -----------------------------------------------------------------
[[93m[1m WARNING [21m[0m] Keep producing negative values! Clipping negative solutions and moving on!
[[93m[1m WARNING [21m[0m] Element conservation is violated too large
[[93m[1m WARNING [21m[0m] at step: 88
[[93m[1m WARNING [21m[0m] -----------------------------------------------------------------
[[93m[1m WARNING [21m[0m] Element conservation is violated too large
[[93m[1m WARNING [21m[0m] at step: 88
[[93m[1m WARNING [21m[0m] -----------------------------------------------------------------
[[93m[1m WARNING [21m[0m] Keep producing negative values! Clipping negative solutions and moving on!
[[93m[1m WARNING [21m[0m] Element conservation is violated too large
[[93m[1m WARNING [21m[0m] at step: 89
[[93m[1m WARNING [21m[0m] -----------------------------------------------------------------
[[93m[1m WARNING [21m[0m] Element conservation is violated too large
[[93m[1m WARNING [21m[0m] at step: 89
[[93m[1m WARNING [21m[0m] -----------------------------------------------------------------
[[93m[1m WARNING [21m[0m] Keep producing negative values! Clipping negative solutions and moving on!
[[93m[1m WARNING [21m[0m] Element conservation is violated too large
[[93m[1m WARNING [21m[0m] at step: 90
[[93m[1m WARNING [21m[0m] -----------------------------------------------------------------
[[93m[1m WARNING [21m[0m] Element conservation is violated too large
[[93m[1m WARNING [21m[0m] at step: 90
[[93m[1m WARNING [21m[0m] -----------------------------------------------------------------
[[93m[1m WARNING [21m[0m] Keep producing negative values! Clipping negative solutions and moving on!
[[93m[1m WARNING [21m[0m] Element conservation is violated too large
[[93m[1m WARNING [21m[0m] at step: 91
[[93m[1m WARNING [21m[0m] -----------------------------------------------------------------
[[93m[1m WARNING [21m[0m] Element conservation is violated too large
[[93m[1m WARNING [21m[0m] at step: 91
[[93m[1m WARNING [21m[0m] -----------------------------------------------------------------
[[93m[1m WARNING [21m[0m] Keep producing negative values! Clipping negative solutions and moving on!
[[93m[1m WARNING [21m[0m] Element conservation is violated too large
[[93m[1m WARNING [21m[0m] at step: 92
[[93m[1m WARNING [21m[0m] -----------------------------------------------------------------
[[93m[1m WARNING [21m[0m] Element conservation is violated too large
[[93m[1m WARNING [21m[0m] at step: 92
[[93m[1m WARNING [21m[0m] -----------------------------------------------------------------
[[93m[1m WARNING [21m[0m] Keep producing negative values! Clipping negative solutions and moving on!
[[93m[1m WARNING [21m[0m] Element conservation is violated too large
[[93m[1m WARNING [21m[0m] at step: 93
[[93m[1m WARNING [21m[0m] -----------------------------------------------------------------
[[93m[1m WARNING [21m[0m] Element conservation is violated too large
[[93m[1m WARNING [21m[0m] at step: 93
[[93m[1m WARNING [21m[0m] -----------------------------------------------------------------
[[93m[1m WARNING [21m[0m] Keep producing negative values! Clipping negative solutions and moving on!
[[93m[1m WARNING [21m[0m] Element conservation is violated too large
[[93m[1m WARNING [21m[0m] at step: 94
[[93m[1m WARNING [21m[0m] -----------------------------------------------------------------
[[93m[1m WARNING [21m[0m] Element conservation is violated too large
[[93m[1m WARNING [21m[0m] at step: 94
[[93m[1m WARNING [21m[0m] -----------------------------------------------------------------
[[93m[1m WARNING [21m[0m] Keep producing negative values! Clipping negative solutions and moving on!
[[93m[1m WARNING [21m[0m] Element conservation is violated too large
[[93m[1m WARNING [21m[0m] at step: 95
[[93m[1m WARNING [21m[0m] -----------------------------------------------------------------
[[93m[1m WARNING [21m[0m] Element conservation is violated too large
[[93m[1m WARNING [21m[0m] at step: 95
[[93m[1m WARNING [21m[0m] -----------------------------------------------------------------
[[93m[1m WARNING [21m[0m] Keep producing negative values! Clipping negative solutions and moving on!
[[93m[1m WARNING [21m[0m] Element conservation is violated too large
[[93m[1m WARNING [21m[0m] at step: 96
[[93m[1m WARNING [21m[0m] -----------------------------------------------------------------
[[93m[1m WARNING [21m[0m] Element conservation is violated too large
[[93m[1m WARNING [21m[0m] at step: 96
[[93m[1m WARNING [21m[0m] -----------------------------------------------------------------
[[93m[1m WARNING [21m[0m] Keep producing negative values! Clipping negative solutions and moving on!
[[93m[1m WARNING [21m[0m] Element conservation is violated too large
[[93m[1m WARNING [21m[0m] at step: 97
[[93m[1m WARNING [21m[0m] -----------------------------------------------------------------
[[93m[1m WARNING [21m[0m] Element conservation is violated too large
[[93m[1m WARNING [21m[0m] at step: 97
[[93m[1m WARNING [21m[0m] -----------------------------------------------------------------
[[93m[1m WARNING [21m[0m] Keep producing negative values! Clipping negative solutions and moving on!
[[93m[1m WARNING [21m[0m] Element conservation is violated too large
[[93m[1m WARNING [21m[0m] at step: 98
[[93m[1m WARNING [21m[0m] -----------------------------------------------------------------
[[93m[1m WARNING [21m[0m] Element conservation is violated too large
[[93m[1m WARNING [21m[0m] at step: 98
[[93m[1m WARNING [21m[0m] -----------------------------------------------------------------
[[93m[1m WARNING [21m[0m] Keep producing negative values! Clipping negative solutions and moving on!
[[93m[1m WARNING [21m[0m] Element conservation is violated too large
[[93m[1m WARNING [21m[0m] at step: 99
[[93m[1m WARNING [21m[0m] -----------------------------------------------------------------
[[93m[1m WARNING [21m[0m] Element conservation is violated too large
[[93m[1m WARNING [21m[0m] at step: 99
[[93m[1m WARNING [21m[0m] -----------------------------------------------------------------
[[93m[1m WARNING [21m[0m] Keep producing negative values! Clipping negative solutions and moving on!
[[32m[1m INFO  [21m[0m] Elapsed time: 1.00e-06 || Step number: 100/30000
[[32m[1m INFO  [21m[0m] longdy = 1.00e+00      || longdy/dt = 1.00e+00  || dt = 2.00e-08
[[32m[1m INFO  [21m[0m] from nz = 0 and OH
[[32m[1m INFO  [21m[0m] -----------------------------------------------------------------
[[93m[1m WARNING [21m[0m] Element conservation is violated too large
[[93m[1m WARNING [21m[0m] at step: 100
[[93m[1m WARNING [21m[0m] -----------------------------------------------------------------
[[93m[1m WARNING [21m[0m] Element conservation is violated too large
[[93m[1m WARNING [21m[0m] at step: 100
[[93m[1m WARNING [21m[0m] -----------------------------------------------------------------
[[93m[1m WARNING [21m[0m] Keep producing negative values! Clipping negative solutions and moving on!
[[93m[1m WARNING [21m[0m] Element conservation is violated too large
[[93m[1m WARNING [21m[0m] at step: 101
[[93m[1m WARNING [21m[0m] -----------------------------------------------------------------
[[93m[1m WARNING [21m[0m] Element conservation is violated too large
[[93m[1m WARNING [21m[0m] at step: 101
[[93m[1m WARNING [21m[0m] -----------------------------------------------------------------
[[93m[1m WARNING [21m[0m] Keep producing negative values! Clipping negative solutions and moving on!
[[93m[1m WARNING [21m[0m] Element conservation is violated too large
[[93m[1m WARNING [21m[0m] at step: 102
[[93m[1m WARNING [21m[0m] -----------------------------------------------------------------
[[93m[1m WARNING [21m[0m] Element conservation is violated too large
[[93m[1m WARNING [21m[0m] at step: 102
[[93m[1m WARNING [21m[0m] -----------------------------------------------------------------
[[93m[1m WARNING [21m[0m] Keep producing negative values! Clipping negative solutions and moving on!
[[93m[1m WARNING [21m[0m] Element conservation is violated too large
[[93m[1m WARNING [21m[0m] at step: 103
[[93m[1m WARNING [21m[0m] -----------------------------------------------------------------
[[93m[1m WARNING [21m[0m] Element conservation is violated too large
[[93m[1m WARNING [21m[0m] at step: 104
[[93m[1m WARNING [21m[0m] -----------------------------------------------------------------
[[93m[1m WARNING [21m[0m] Element conservation is violated too large
[[93m[1m WARNING [21m[0m] at step: 105
[[93m[1m WARNING [21m[0m] -----------------------------------------------------------------
[[93m[1m WARNING [21m[0m] Element conservation is violated too large
[[93m[1m WARNING [21m[0m] at step: 106
[[93m[1m WARNING [21m[0m] -----------------------------------------------------------------
[[93m[1m WARNING [21m[0m] Element conservation is violated too large
[[93m[1m WARNING [21m[0m] at step: 107
[[93m[1m WARNING [21m[0m] -----------------------------------------------------------------
[[93m[1m WARNING [21m[0m] Element conservation is violated too large
[[93m[1m WARNING [21m[0m] at step: 107
[[93m[1m WARNING [21m[0m] -----------------------------------------------------------------
[[93m[1m WARNING [21m[0m] Keep producing negative values! Clipping negative solutions and moving on!
[[93m[1m WARNING [21m[0m] Element conservation is violated too large
[[93m[1m WARNING [21m[0m] at step: 108
[[93m[1m WARNING [21m[0m] -----------------------------------------------------------------
[[93m[1m WARNING [21m[0m] Element conservation is violated too large
[[93m[1m WARNING [21m[0m] at step: 108
[[93m[1m WARNING [21m[0m] -----------------------------------------------------------------
[[93m[1m WARNING [21m[0m] Keep producing negative values! Clipping negative solutions and moving on!
[[93m[1m WARNING [21m[0m] Element conservation is violated too large
[[93m[1m WARNING [21m[0m] at step: 109
[[93m[1m WARNING [21m[0m] -----------------------------------------------------------------
[[93m[1m WARNING [21m[0m] Element conservation is violated too large
[[93m[1m WARNING [21m[0m] at step: 109
[[93m[1m WARNING [21m[0m] -----------------------------------------------------------------
[[93m[1m WARNING [21m[0m] Keep producing negative values! Clipping negative solutions and moving on!
[[93m[1m WARNING [21m[0m] Element conservation is violated too large
[[93m[1m WARNING [21m[0m] at step: 110
[[93m[1m WARNING [21m[0m] -----------------------------------------------------------------
[[93m[1m WARNING [21m[0m] Element conservation is violated too large
[[93m[1m WARNING [21m[0m] at step: 110
[[93m[1m WARNING [21m[0m] -----------------------------------------------------------------
[[93m[1m WARNING [21m[0m] Keep producing negative values! Clipping negative solutions and moving on!
[[93m[1m WARNING [21m[0m] Element conservation is violated too large
[[93m[1m WARNING [21m[0m] at step: 112
[[93m[1m WARNING [21m[0m] -----------------------------------------------------------------
[[93m[1m WARNING [21m[0m] Element conservation is violated too large
[[93m[1m WARNING [21m[0m] at step: 112
[[93m[1m WARNING [21m[0m] -----------------------------------------------------------------
[[93m[1m WARNING [21m[0m] Keep producing negative values! Clipping negative solutions and moving on!
[[93m[1m WARNING [21m[0m] Element conservation is violated too large
[[93m[1m WARNING [21m[0m] at step: 113
[[93m[1m WARNING [21m[0m] -----------------------------------------------------------------
[[93m[1m WARNING [21m[0m] Keep producing negative values! Clipping negative solutions and moving on!
[[93m[1m WARNING [21m[0m] Element conservation is violated too large
[[93m[1m WARNING [21m[0m] at step: 114
[[93m[1m WARNING [21m[0m] -----------------------------------------------------------------
[[93m[1m WARNING [21m[0m] Keep producing negative values! Clipping negative solutions and moving on!
[[93m[1m WARNING [21m[0m] Element conservation is violated too large
[[93m[1m WARNING [21m[0m] at step: 115
[[93m[1m WARNING [21m[0m] -----------------------------------------------------------------
[[93m[1m WARNING [21m[0m] Keep producing negative values! Clipping negative solutions and moving on!
[[93m[1m WARNING [21m[0m] Element conservation is violated too large
[[93m[1m WARNING [21m[0m] at step: 116
[[93m[1m WARNING [21m[0m] -----------------------------------------------------------------
[[93m[1m WARNING [21m[0m] Keep producing negative values! Clipping negative solutions and moving on!
[[93m[1m WARNING [21m[0m] Element conservation is violated too large
[[93m[1m WARNING [21m[0m] at step: 117
[[93m[1m WARNING [21m[0m] -----------------------------------------------------------------
[[93m[1m WARNING [21m[0m] Keep producing negative values! Clipping negative solutions and moving on!
[[93m[1m WARNING [21m[0m] Element conservation is violated too large
[[93m[1m WARNING [21m[0m] at step: 118
[[93m[1m WARNING [21m[0m] -----------------------------------------------------------------
[[93m[1m WARNING [21m[0m] Keep producing negative values! Clipping negative solutions and moving on!
[[93m[1m WARNING [21m[0m] Element conservation is violated too large
[[93m[1m WARNING [21m[0m] at step: 119
[[93m[1m WARNING [21m[0m] -----------------------------------------------------------------
[[93m[1m WARNING [21m[0m] Keep producing negative values! Clipping negative solutions and moving on!
[[93m[1m WARNING [21m[0m] Element conservation is violated too large
[[93m[1m WARNING [21m[0m] at step: 120
[[93m[1m WARNING [21m[0m] -----------------------------------------------------------------
[[93m[1m WARNING [21m[0m] Keep producing negative values! Clipping negative solutions and moving on!
[[93m[1m WARNING [21m[0m] Element conservation is violated too large
[[93m[1m WARNING [21m[0m] at step: 121
[[93m[1m WARNING [21m[0m] -----------------------------------------------------------------
[[93m[1m WARNING [21m[0m] Keep producing negative values! Clipping negative solutions and moving on!
[[93m[1m WARNING [21m[0m] Element conservation is violated too large
[[93m[1m WARNING [21m[0m] at step: 122
[[93m[1m WARNING [21m[0m] -----------------------------------------------------------------
[[93m[1m WARNING [21m[0m] Keep producing negative values! Clipping negative solutions and moving on!
[[93m[1m WARNING [21m[0m] Element conservation is violated too large
[[93m[1m WARNING [21m[0m] at step: 124
[[93m[1m WARNING [21m[0m] -----------------------------------------------------------------
[[93m[1m WARNING [21m[0m] Keep producing negative values! Clipping negative solutions and moving on!
[[93m[1m WARNING [21m[0m] Element conservation is violated too large
[[93m[1m WARNING [21m[0m] at step: 126
[[93m[1m WARNING [21m[0m] -----------------------------------------------------------------
[[93m[1m WARNING [21m[0m] Keep producing negative values! Clipping negative solutions and moving on!
[[93m[1m WARNING [21m[0m] Element conservation is violated too large
[[93m[1m WARNING [21m[0m] at step: 127
[[93m[1m WARNING [21m[0m] -----------------------------------------------------------------
[[93m[1m WARNING [21m[0m] Keep producing negative values! Clipping negative solutions and moving on!
[[93m[1m WARNING [21m[0m] Element conservation is violated too large
[[93m[1m WARNING [21m[0m] at step: 128
[[93m[1m WARNING [21m[0m] -----------------------------------------------------------------
[[93m[1m WARNING [21m[0m] Keep producing negative values! Clipping negative solutions and moving on!
[[93m[1m WARNING [21m[0m] Element conservation is violated too large
[[93m[1m WARNING [21m[0m] at step: 129
[[93m[1m WARNING [21m[0m] -----------------------------------------------------------------
[[93m[1m WARNING [21m[0m] Keep producing negative values! Clipping negative solutions and moving on!
[[93m[1m WARNING [21m[0m] Element conservation is violated too large
[[93m[1m WARNING [21m[0m] at step: 130
[[93m[1m WARNING [21m[0m] -----------------------------------------------------------------
[[93m[1m WARNING [21m[0m] Keep producing negative values! Clipping negative solutions and moving on!
[[93m[1m WARNING [21m[0m] Element conservation is violated too large
[[93m[1m WARNING [21m[0m] at step: 131
[[93m[1m WARNING [21m[0m] -----------------------------------------------------------------
[[93m[1m WARNING [21m[0m] Keep producing negative values! Clipping negative solutions and moving on!
[[93m[1m WARNING [21m[0m] Element conservation is violated too large
[[93m[1m WARNING [21m[0m] at step: 132
[[93m[1m WARNING [21m[0m] -----------------------------------------------------------------
[[93m[1m WARNING [21m[0m] Keep producing negative values! Clipping negative solutions and moving on!
[[93m[1m WARNING [21m[0m] Element conservation is violated too large
[[93m[1m WARNING [21m[0m] at step: 133
[[93m[1m WARNING [21m[0m] -----------------------------------------------------------------
[[93m[1m WARNING [21m[0m] Keep producing negative values! Clipping negative solutions and moving on!
[[93m[1m WARNING [21m[0m] Element conservation is violated too large
[[93m[1m WARNING [21m[0m] at step: 134
[[93m[1m WARNING [21m[0m] -----------------------------------------------------------------
[[93m[1m WARNING [21m[0m] Keep producing negative values! Clipping negative solutions and moving on!
[[93m[1m WARNING [21m[0m] Element conservation is violated too large
[[93m[1m WARNING [21m[0m] at step: 135
[[93m[1m WARNING [21m[0m] -----------------------------------------------------------------
[[93m[1m WARNING [21m[0m] Keep producing negative values! Clipping negative solutions and moving on!
[[93m[1m WARNING [21m[0m] Element conservation is violated too large
[[93m[1m WARNING [21m[0m] at step: 136
[[93m[1m WARNING [21m[0m] -----------------------------------------------------------------
[[93m[1m WARNING [21m[0m] Keep producing negative values! Clipping negative solutions and moving on!
[[93m[1m WARNING [21m[0m] Element conservation is violated too large
[[93m[1m WARNING [21m[0m] at step: 138
[[93m[1m WARNING [21m[0m] -----------------------------------------------------------------
[[93m[1m WARNING [21m[0m] Element conservation is violated too large
[[93m[1m WARNING [21m[0m] at step: 138
[[93m[1m WARNING [21m[0m] -----------------------------------------------------------------
[[93m[1m WARNING [21m[0m] Keep producing negative values! Clipping negative solutions and moving on!
[[93m[1m WARNING [21m[0m] Element conservation is violated too large
[[93m[1m WARNING [21m[0m] at step: 139
[[93m[1m WARNING [21m[0m] -----------------------------------------------------------------
[[93m[1m WARNING [21m[0m] Element conservation is violated too large
[[93m[1m WARNING [21m[0m] at step: 139
[[93m[1m WARNING [21m[0m] -----------------------------------------------------------------
[[93m[1m WARNING [21m[0m] Keep producing negative values! Clipping negative solutions and moving on!
[[93m[1m WARNING [21m[0m] Element conservation is violated too large
[[93m[1m WARNING [21m[0m] at step: 140
[[93m[1m WARNING [21m[0m] -----------------------------------------------------------------
[[93m[1m WARNING [21m[0m] Element conservation is violated too large
[[93m[1m WARNING [21m[0m] at step: 140
[[93m[1m WARNING [21m[0m] -----------------------------------------------------------------
[[93m[1m WARNING [21m[0m] Keep producing negative values! Clipping negative solutions and moving on!
[[93m[1m WARNING [21m[0m] Element conservation is violated too large
[[93m[1m WARNING [21m[0m] at step: 141
[[93m[1m WARNING [21m[0m] -----------------------------------------------------------------
[[93m[1m WARNING [21m[0m] Element conservation is violated too large
[[93m[1m WARNING [21m[0m] at step: 141
[[93m[1m WARNING [21m[0m] -----------------------------------------------------------------
[[93m[1m WARNING [21m[0m] Keep producing negative values! Clipping negative solutions and moving on!
[[93m[1m WARNING [21m[0m] Element conservation is violated too large
[[93m[1m WARNING [21m[0m] at step: 142
[[93m[1m WARNING [21m[0m] -----------------------------------------------------------------
[[93m[1m WARNING [21m[0m] Element conservation is violated too large
[[93m[1m WARNING [21m[0m] at step: 142
[[93m[1m WARNING [21m[0m] -----------------------------------------------------------------
[[93m[1m WARNING [21m[0m] Keep producing negative values! Clipping negative solutions and moving on!
[[93m[1m WARNING [21m[0m] Element conservation is violated too large
[[93m[1m WARNING [21m[0m] at step: 144
[[93m[1m WARNING [21m[0m] -----------------------------------------------------------------
[[93m[1m WARNING [21m[0m] Element conservation is violated too large
[[93m[1m WARNING [21m[0m] at step: 144
[[93m[1m WARNING [21m[0m] -----------------------------------------------------------------
[[93m[1m WARNING [21m[0m] Keep producing negative values! Clipping negative solutions and moving on!
[[93m[1m WARNING [21m[0m] Element conservation is violated too large
[[93m[1m WARNING [21m[0m] at step: 146
[[93m[1m WARNING [21m[0m] -----------------------------------------------------------------
[[93m[1m WARNING [21m[0m] Element conservation is violated too large
[[93m[1m WARNING [21m[0m] at step: 146
[[93m[1m WARNING [21m[0m] -----------------------------------------------------------------
[[93m[1m WARNING [21m[0m] Keep producing negative values! Clipping negative solutions and moving on!
[[93m[1m WARNING [21m[0m] Element conservation is violated too large
[[93m[1m WARNING [21m[0m] at step: 147
[[93m[1m WARNING [21m[0m] -----------------------------------------------------------------
[[93m[1m WARNING [21m[0m] Element conservation is violated too large
[[93m[1m WARNING [21m[0m] at step: 147
[[93m[1m WARNING [21m[0m] -----------------------------------------------------------------
[[93m[1m WARNING [21m[0m] Keep producing negative values! Clipping negative solutions and moving on!
[[93m[1m WARNING [21m[0m] Element conservation is violated too large
[[93m[1m WARNING [21m[0m] at step: 148
[[93m[1m WARNING [21m[0m] -----------------------------------------------------------------
[[93m[1m WARNING [21m[0m] Element conservation is violated too large
[[93m[1m WARNING [21m[0m] at step: 148
[[93m[1m WARNING [21m[0m] -----------------------------------------------------------------
[[93m[1m WARNING [21m[0m] Keep producing negative values! Clipping negative solutions and moving on!
[[93m[1m WARNING [21m[0m] Element conservation is violated too large
[[93m[1m WARNING [21m[0m] at step: 149
[[93m[1m WARNING [21m[0m] -----------------------------------------------------------------
[[93m[1m WARNING [21m[0m] Element conservation is violated too large
[[93m[1m WARNING [21m[0m] at step: 149
[[93m[1m WARNING [21m[0m] -----------------------------------------------------------------
[[93m[1m WARNING [21m[0m] Keep producing negative values! Clipping negative solutions and moving on!
[[93m[1m WARNING [21m[0m] Element conservation is violated too large
[[93m[1m WARNING [21m[0m] at step: 150
[[93m[1m WARNING [21m[0m] -----------------------------------------------------------------
[[93m[1m WARNING [21m[0m] Element conservation is violated too large
[[93m[1m WARNING [21m[0m] at step: 150
[[93m[1m WARNING [21m[0m] -----------------------------------------------------------------
[[93m[1m WARNING [21m[0m] Keep producing negative values! Clipping negative solutions and moving on!
[[93m[1m WARNING [21m[0m] Element conservation is violated too large
[[93m[1m WARNING [21m[0m] at step: 151
[[93m[1m WARNING [21m[0m] -----------------------------------------------------------------
[[93m[1m WARNING [21m[0m] Element conservation is violated too large
[[93m[1m WARNING [21m[0m] at step: 151
[[93m[1m WARNING [21m[0m] -----------------------------------------------------------------
[[93m[1m WARNING [21m[0m] Keep producing negative values! Clipping negative solutions and moving on!
[[93m[1m WARNING [21m[0m] Element conservation is violated too large
[[93m[1m WARNING [21m[0m] at step: 152
[[93m[1m WARNING [21m[0m] -----------------------------------------------------------------
[[93m[1m WARNING [21m[0m] Element conservation is violated too large
[[93m[1m WARNING [21m[0m] at step: 152
[[93m[1m WARNING [21m[0m] -----------------------------------------------------------------
[[93m[1m WARNING [21m[0m] Keep producing negative values! Clipping negative solutions and moving on!
[[93m[1m WARNING [21m[0m] Element conservation is violated too large
[[93m[1m WARNING [21m[0m] at step: 153
[[93m[1m WARNING [21m[0m] -----------------------------------------------------------------
[[93m[1m WARNING [21m[0m] Element conservation is violated too large
[[93m[1m WARNING [21m[0m] at step: 153
[[93m[1m WARNING [21m[0m] -----------------------------------------------------------------
[[93m[1m WARNING [21m[0m] Keep producing negative values! Clipping negative solutions and moving on!
[[93m[1m WARNING [21m[0m] Element conservation is violated too large
[[93m[1m WARNING [21m[0m] at step: 155
[[93m[1m WARNING [21m[0m] -----------------------------------------------------------------
[[93m[1m WARNING [21m[0m] Element conservation is violated too large
[[93m[1m WARNING [21m[0m] at step: 155
[[93m[1m WARNING [21m[0m] -----------------------------------------------------------------
[[93m[1m WARNING [21m[0m] Element conservation is violated too large
[[93m[1m WARNING [21m[0m] at step: 155
[[93m[1m WARNING [21m[0m] -----------------------------------------------------------------
[[93m[1m WARNING [21m[0m] Keep producing negative values! Clipping negative solutions and moving on!
[[93m[1m WARNING [21m[0m] Element conservation is violated too large
[[93m[1m WARNING [21m[0m] at step: 156
[[93m[1m WARNING [21m[0m] -----------------------------------------------------------------
[[93m[1m WARNING [21m[0m] Element conservation is violated too large
[[93m[1m WARNING [21m[0m] at step: 156
[[93m[1m WARNING [21m[0m] -----------------------------------------------------------------
[[93m[1m WARNING [21m[0m] Keep producing negative values! Clipping negative solutions and moving on!
[[93m[1m WARNING [21m[0m] Element conservation is violated too large
[[93m[1m WARNING [21m[0m] at step: 157
[[93m[1m WARNING [21m[0m] -----------------------------------------------------------------
[[93m[1m WARNING [21m[0m] Element conservation is violated too large
[[93m[1m WARNING [21m[0m] at step: 157
[[93m[1m WARNING [21m[0m] -----------------------------------------------------------------
[[93m[1m WARNING [21m[0m] Keep producing negative values! Clipping negative solutions and moving on!
[[93m[1m WARNING [21m[0m] Element conservation is violated too large
[[93m[1m WARNING [21m[0m] at step: 158
[[93m[1m WARNING [21m[0m] -----------------------------------------------------------------
[[93m[1m WARNING [21m[0m] Element conservation is violated too large
[[93m[1m WARNING [21m[0m] at step: 158
[[93m[1m WARNING [21m[0m] -----------------------------------------------------------------
[[93m[1m WARNING [21m[0m] Keep producing negative values! Clipping negative solutions and moving on!
[[93m[1m WARNING [21m[0m] Element conservation is violated too large
[[93m[1m WARNING [21m[0m] at step: 159
[[93m[1m WARNING [21m[0m] -----------------------------------------------------------------
[[93m[1m WARNING [21m[0m] Element conservation is violated too large
[[93m[1m WARNING [21m[0m] at step: 159
[[93m[1m WARNING [21m[0m] -----------------------------------------------------------------
[[93m[1m WARNING [21m[0m] Keep producing negative values! Clipping negative solutions and moving on!
[[93m[1m WARNING [21m[0m] Element conservation is violated too large
[[93m[1m WARNING [21m[0m] at step: 160
[[93m[1m WARNING [21m[0m] -----------------------------------------------------------------
[[93m[1m WARNING [21m[0m] Element conservation is violated too large
[[93m[1m WARNING [21m[0m] at step: 160
[[93m[1m WARNING [21m[0m] -----------------------------------------------------------------
[[93m[1m WARNING [21m[0m] Keep producing negative values! Clipping negative solutions and moving on!
[[93m[1m WARNING [21m[0m] Element conservation is violated too large
[[93m[1m WARNING [21m[0m] at step: 161
[[93m[1m WARNING [21m[0m] -----------------------------------------------------------------
[[93m[1m WARNING [21m[0m] Element conservation is violated too large
[[93m[1m WARNING [21m[0m] at step: 161
[[93m[1m WARNING [21m[0m] -----------------------------------------------------------------
[[93m[1m WARNING [21m[0m] Keep producing negative values! Clipping negative solutions and moving on!
[[93m[1m WARNING [21m[0m] Element conservation is violated too large
[[93m[1m WARNING [21m[0m] at step: 162
[[93m[1m WARNING [21m[0m] -----------------------------------------------------------------
[[93m[1m WARNING [21m[0m] Element conservation is violated too large
[[93m[1m WARNING [21m[0m] at step: 162
[[93m[1m WARNING [21m[0m] -----------------------------------------------------------------
[[93m[1m WARNING [21m[0m] Keep producing negative values! Clipping negative solutions and moving on!
[[93m[1m WARNING [21m[0m] Element conservation is violated too large
[[93m[1m WARNING [21m[0m] at step: 163
[[93m[1m WARNING [21m[0m] -----------------------------------------------------------------
[[93m[1m WARNING [21m[0m] Element conservation is violated too large
[[93m[1m WARNING [21m[0m] at step: 163
[[93m[1m WARNING [21m[0m] -----------------------------------------------------------------
[[93m[1m WARNING [21m[0m] Keep producing negative values! Clipping negative solutions and moving on!
[[93m[1m WARNING [21m[0m] Element conservation is violated too large
[[93m[1m WARNING [21m[0m] at step: 164
[[93m[1m WARNING [21m[0m] -----------------------------------------------------------------
[[93m[1m WARNING [21m[0m] Element conservation is violated too large
[[93m[1m WARNING [21m[0m] at step: 164
[[93m[1m WARNING [21m[0m] -----------------------------------------------------------------
[[93m[1m WARNING [21m[0m] Keep producing negative values! Clipping negative solutions and moving on!
[[93m[1m WARNING [21m[0m] Element conservation is violated too large
[[93m[1m WARNING [21m[0m] at step: 165
[[93m[1m WARNING [21m[0m] -----------------------------------------------------------------
[[93m[1m WARNING [21m[0m] Element conservation is violated too large
[[93m[1m WARNING [21m[0m] at step: 165
[[93m[1m WARNING [21m[0m] -----------------------------------------------------------------
[[93m[1m WARNING [21m[0m] Keep producing negative values! Clipping negative solutions and moving on!
[[93m[1m WARNING [21m[0m] Element conservation is violated too large
[[93m[1m WARNING [21m[0m] at step: 166
[[93m[1m WARNING [21m[0m] -----------------------------------------------------------------
[[93m[1m WARNING [21m[0m] Element conservation is violated too large
[[93m[1m WARNING [21m[0m] at step: 166
[[93m[1m WARNING [21m[0m] -----------------------------------------------------------------
[[93m[1m WARNING [21m[0m] Keep producing negative values! Clipping negative solutions and moving on!
[[93m[1m WARNING [21m[0m] Element conservation is violated too large
[[93m[1m WARNING [21m[0m] at step: 167
[[93m[1m WARNING [21m[0m] -----------------------------------------------------------------
[[93m[1m WARNING [21m[0m] Element conservation is violated too large
[[93m[1m WARNING [21m[0m] at step: 168
[[93m[1m WARNING [21m[0m] -----------------------------------------------------------------
[[93m[1m WARNING [21m[0m] Element conservation is violated too large
[[93m[1m WARNING [21m[0m] at step: 168
[[93m[1m WARNING [21m[0m] -----------------------------------------------------------------
[[93m[1m WARNING [21m[0m] Keep producing negative values! Clipping negative solutions and moving on!
[[93m[1m WARNING [21m[0m] Element conservation is violated too large
[[93m[1m WARNING [21m[0m] at step: 169
[[93m[1m WARNING [21m[0m] -----------------------------------------------------------------
[[93m[1m WARNING [21m[0m] Element conservation is violated too large
[[93m[1m WARNING [21m[0m] at step: 169
[[93m[1m WARNING [21m[0m] -----------------------------------------------------------------
[[93m[1m WARNING [21m[0m] Keep producing negative values! Clipping negative solutions and moving on!
[[93m[1m WARNING [21m[0m] Element conservation is violated too large
[[93m[1m WARNING [21m[0m] at step: 170
[[93m[1m WARNING [21m[0m] -----------------------------------------------------------------
[[93m[1m WARNING [21m[0m] Element conservation is violated too large
[[93m[1m WARNING [21m[0m] at step: 170
[[93m[1m WARNING [21m[0m] -----------------------------------------------------------------
[[93m[1m WARNING [21m[0m] Keep producing negative values! Clipping negative solutions and moving on!
[[93m[1m WARNING [21m[0m] Element conservation is violated too large
[[93m[1m WARNING [21m[0m] at step: 171
[[93m[1m WARNING [21m[0m] -----------------------------------------------------------------
[[93m[1m WARNING [21m[0m] Element conservation is violated too large
[[93m[1m WARNING [21m[0m] at step: 172
[[93m[1m WARNING [21m[0m] -----------------------------------------------------------------
[[93m[1m WARNING [21m[0m] Element conservation is violated too large
[[93m[1m WARNING [21m[0m] at step: 172
[[93m[1m WARNING [21m[0m] -----------------------------------------------------------------
[[93m[1m WARNING [21m[0m] Keep producing negative values! Clipping negative solutions and moving on!
[[93m[1m WARNING [21m[0m] Element conservation is violated too large
[[93m[1m WARNING [21m[0m] at step: 173
[[93m[1m WARNING [21m[0m] -----------------------------------------------------------------
[[93m[1m WARNING [21m[0m] Element conservation is violated too large
[[93m[1m WARNING [21m[0m] at step: 173
[[93m[1m WARNING [21m[0m] -----------------------------------------------------------------
[[93m[1m WARNING [21m[0m] Keep producing negative values! Clipping negative solutions and moving on!
[[93m[1m WARNING [21m[0m] Element conservation is violated too large
[[93m[1m WARNING [21m[0m] at step: 174
[[93m[1m WARNING [21m[0m] -----------------------------------------------------------------
[[93m[1m WARNING [21m[0m] Element conservation is violated too large
[[93m[1m WARNING [21m[0m] at step: 174
[[93m[1m WARNING [21m[0m] -----------------------------------------------------------------
[[93m[1m WARNING [21m[0m] Keep producing negative values! Clipping negative solutions and moving on!
[[93m[1m WARNING [21m[0m] Element conservation is violated too large
[[93m[1m WARNING [21m[0m] at step: 175
[[93m[1m WARNING [21m[0m] -----------------------------------------------------------------
[[93m[1m WARNING [21m[0m] Element conservation is violated too large
[[93m[1m WARNING [21m[0m] at step: 175
[[93m[1m WARNING [21m[0m] -----------------------------------------------------------------
[[93m[1m WARNING [21m[0m] Keep producing negative values! Clipping negative solutions and moving on!
[[93m[1m WARNING [21m[0m] Element conservation is violated too large
[[93m[1m WARNING [21m[0m] at step: 176
[[93m[1m WARNING [21m[0m] -----------------------------------------------------------------
[[93m[1m WARNING [21m[0m] Element conservation is violated too large
[[93m[1m WARNING [21m[0m] at step: 176
[[93m[1m WARNING [21m[0m] -----------------------------------------------------------------
[[93m[1m WARNING [21m[0m] Keep producing negative values! Clipping negative solutions and moving on!
[[93m[1m WARNING [21m[0m] Element conservation is violated too large
[[93m[1m WARNING [21m[0m] at step: 177
[[93m[1m WARNING [21m[0m] -----------------------------------------------------------------
[[93m[1m WARNING [21m[0m] Element conservation is violated too large
[[93m[1m WARNING [21m[0m] at step: 177
[[93m[1m WARNING [21m[0m] -----------------------------------------------------------------
[[93m[1m WARNING [21m[0m] Keep producing negative values! Clipping negative solutions and moving on!
[[93m[1m WARNING [21m[0m] Element conservation is violated too large
[[93m[1m WARNING [21m[0m] at step: 178
[[93m[1m WARNING [21m[0m] -----------------------------------------------------------------
[[93m[1m WARNING [21m[0m] Element conservation is violated too large
[[93m[1m WARNING [21m[0m] at step: 178
[[93m[1m WARNING [21m[0m] -----------------------------------------------------------------
[[93m[1m WARNING [21m[0m] Keep producing negative values! Clipping negative solutions and moving on!
[[93m[1m WARNING [21m[0m] Element conservation is violated too large
[[93m[1m WARNING [21m[0m] at step: 179
[[93m[1m WARNING [21m[0m] -----------------------------------------------------------------
[[93m[1m WARNING [21m[0m] Element conservation is violated too large
[[93m[1m WARNING [21m[0m] at step: 179
[[93m[1m WARNING [21m[0m] -----------------------------------------------------------------
[[93m[1m WARNING [21m[0m] Keep producing negative values! Clipping negative solutions and moving on!
[[93m[1m WARNING [21m[0m] Element conservation is violated too large
[[93m[1m WARNING [21m[0m] at step: 180
[[93m[1m WARNING [21m[0m] -----------------------------------------------------------------
[[93m[1m WARNING [21m[0m] Element conservation is violated too large
[[93m[1m WARNING [21m[0m] at step: 181
[[93m[1m WARNING [21m[0m] -----------------------------------------------------------------
[[93m[1m WARNING [21m[0m] Element conservation is violated too large
[[93m[1m WARNING [21m[0m] at step: 181
[[93m[1m WARNING [21m[0m] -----------------------------------------------------------------
[[93m[1m WARNING [21m[0m] Keep producing negative values! Clipping negative solutions and moving on!
[[93m[1m WARNING [21m[0m] Element conservation is violated too large
[[93m[1m WARNING [21m[0m] at step: 182
[[93m[1m WARNING [21m[0m] -----------------------------------------------------------------
[[93m[1m WARNING [21m[0m] Element conservation is violated too large
[[93m[1m WARNING [21m[0m] at step: 182
[[93m[1m WARNING [21m[0m] -----------------------------------------------------------------
[[93m[1m WARNING [21m[0m] Keep producing negative values! Clipping negative solutions and moving on!
[[93m[1m WARNING [21m[0m] Element conservation is violated too large
[[93m[1m WARNING [21m[0m] at step: 183
[[93m[1m WARNING [21m[0m] -----------------------------------------------------------------
[[93m[1m WARNING [21m[0m] Element conservation is violated too large
[[93m[1m WARNING [21m[0m] at step: 183
[[93m[1m WARNING [21m[0m] -----------------------------------------------------------------
[[93m[1m WARNING [21m[0m] Keep producing negative values! Clipping negative solutions and moving on!
[[93m[1m WARNING [21m[0m] Element conservation is violated too large
[[93m[1m WARNING [21m[0m] at step: 184
[[93m[1m WARNING [21m[0m] -----------------------------------------------------------------
[[93m[1m WARNING [21m[0m] Element conservation is violated too large
[[93m[1m WARNING [21m[0m] at step: 184
[[93m[1m WARNING [21m[0m] -----------------------------------------------------------------
[[93m[1m WARNING [21m[0m] Keep producing negative values! Clipping negative solutions and moving on!
[[93m[1m WARNING [21m[0m] Element conservation is violated too large
[[93m[1m WARNING [21m[0m] at step: 185
[[93m[1m WARNING [21m[0m] -----------------------------------------------------------------
[[93m[1m WARNING [21m[0m] Element conservation is violated too large
[[93m[1m WARNING [21m[0m] at step: 185
[[93m[1m WARNING [21m[0m] -----------------------------------------------------------------
[[93m[1m WARNING [21m[0m] Keep producing negative values! Clipping negative solutions and moving on!
[[93m[1m WARNING [21m[0m] Element conservation is violated too large
[[93m[1m WARNING [21m[0m] at step: 186
[[93m[1m WARNING [21m[0m] -----------------------------------------------------------------
[[93m[1m WARNING [21m[0m] Element conservation is violated too large
[[93m[1m WARNING [21m[0m] at step: 186
[[93m[1m WARNING [21m[0m] -----------------------------------------------------------------
[[93m[1m WARNING [21m[0m] Keep producing negative values! Clipping negative solutions and moving on!
[[93m[1m WARNING [21m[0m] Element conservation is violated too large
[[93m[1m WARNING [21m[0m] at step: 187
[[93m[1m WARNING [21m[0m] -----------------------------------------------------------------
[[93m[1m WARNING [21m[0m] Element conservation is violated too large
[[93m[1m WARNING [21m[0m] at step: 187
[[93m[1m WARNING [21m[0m] -----------------------------------------------------------------
[[93m[1m WARNING [21m[0m] Keep producing negative values! Clipping negative solutions and moving on!
[[93m[1m WARNING [21m[0m] Element conservation is violated too large
[[93m[1m WARNING [21m[0m] at step: 188
[[93m[1m WARNING [21m[0m] -----------------------------------------------------------------
[[93m[1m WARNING [21m[0m] Element conservation is violated too large
[[93m[1m WARNING [21m[0m] at step: 188
[[93m[1m WARNING [21m[0m] -----------------------------------------------------------------
[[93m[1m WARNING [21m[0m] Keep producing negative values! Clipping negative solutions and moving on!
[[93m[1m WARNING [21m[0m] Element conservation is violated too large
[[93m[1m WARNING [21m[0m] at step: 190
[[93m[1m WARNING [21m[0m] -----------------------------------------------------------------
[[93m[1m WARNING [21m[0m] Element conservation is violated too large
[[93m[1m WARNING [21m[0m] at step: 190
[[93m[1m WARNING [21m[0m] -----------------------------------------------------------------
[[93m[1m WARNING [21m[0m] Element conservation is violated too large
[[93m[1m WARNING [21m[0m] at step: 190
[[93m[1m WARNING [21m[0m] -----------------------------------------------------------------
[[93m[1m WARNING [21m[0m] Keep producing negative values! Clipping negative solutions and moving on!
[[93m[1m WARNING [21m[0m] Element conservation is violated too large
[[93m[1m WARNING [21m[0m] at step: 191
[[93m[1m WARNING [21m[0m] -----------------------------------------------------------------
[[93m[1m WARNING [21m[0m] Element conservation is violated too large
[[93m[1m WARNING [21m[0m] at step: 191
[[93m[1m WARNING [21m[0m] -----------------------------------------------------------------
[[93m[1m WARNING [21m[0m] Keep producing negative values! Clipping negative solutions and moving on!
[[93m[1m WARNING [21m[0m] Element conservation is violated too large
[[93m[1m WARNING [21m[0m] at step: 192
[[93m[1m WARNING [21m[0m] -----------------------------------------------------------------
[[93m[1m WARNING [21m[0m] Element conservation is violated too large
[[93m[1m WARNING [21m[0m] at step: 192
[[93m[1m WARNING [21m[0m] -----------------------------------------------------------------
[[93m[1m WARNING [21m[0m] Keep producing negative values! Clipping negative solutions and moving on!
[[93m[1m WARNING [21m[0m] Element conservation is violated too large
[[93m[1m WARNING [21m[0m] at step: 193
[[93m[1m WARNING [21m[0m] -----------------------------------------------------------------
[[93m[1m WARNING [21m[0m] Element conservation is violated too large
[[93m[1m WARNING [21m[0m] at step: 193
[[93m[1m WARNING [21m[0m] -----------------------------------------------------------------
[[93m[1m WARNING [21m[0m] Keep producing negative values! Clipping negative solutions and moving on!
[[93m[1m WARNING [21m[0m] Element conservation is violated too large
[[93m[1m WARNING [21m[0m] at step: 194
[[93m[1m WARNING [21m[0m] -----------------------------------------------------------------
[[93m[1m WARNING [21m[0m] Element conservation is violated too large
[[93m[1m WARNING [21m[0m] at step: 194
[[93m[1m WARNING [21m[0m] -----------------------------------------------------------------
[[93m[1m WARNING [21m[0m] Keep producing negative values! Clipping negative solutions and moving on!
[[93m[1m WARNING [21m[0m] Element conservation is violated too large
[[93m[1m WARNING [21m[0m] at step: 195
[[93m[1m WARNING [21m[0m] -----------------------------------------------------------------
[[93m[1m WARNING [21m[0m] Element conservation is violated too large
[[93m[1m WARNING [21m[0m] at step: 195
[[93m[1m WARNING [21m[0m] -----------------------------------------------------------------
[[93m[1m WARNING [21m[0m] Keep producing negative values! Clipping negative solutions and moving on!
[[93m[1m WARNING [21m[0m] Element conservation is violated too large
[[93m[1m WARNING [21m[0m] at step: 196
[[93m[1m WARNING [21m[0m] -----------------------------------------------------------------
[[93m[1m WARNING [21m[0m] Element conservation is violated too large
[[93m[1m WARNING [21m[0m] at step: 197
[[93m[1m WARNING [21m[0m] -----------------------------------------------------------------
[[93m[1m WARNING [21m[0m] Element conservation is violated too large
[[93m[1m WARNING [21m[0m] at step: 197
[[93m[1m WARNING [21m[0m] -----------------------------------------------------------------
[[93m[1m WARNING [21m[0m] Keep producing negative values! Clipping negative solutions and moving on!
[[93m[1m WARNING [21m[0m] Element conservation is violated too large
[[93m[1m WARNING [21m[0m] at step: 198
[[93m[1m WARNING [21m[0m] -----------------------------------------------------------------
[[93m[1m WARNING [21m[0m] Element conservation is violated too large
[[93m[1m WARNING [21m[0m] at step: 198
[[93m[1m WARNING [21m[0m] -----------------------------------------------------------------
[[93m[1m WARNING [21m[0m] Keep producing negative values! Clipping negative solutions and moving on!
[[93m[1m WARNING [21m[0m] Element conservation is violated too large
[[93m[1m WARNING [21m[0m] at step: 199
[[93m[1m WARNING [21m[0m] -----------------------------------------------------------------
[[93m[1m WARNING [21m[0m] Element conservation is violated too large
[[93m[1m WARNING [21m[0m] at step: 199
[[93m[1m WARNING [21m[0m] -----------------------------------------------------------------
[[93m[1m WARNING [21m[0m] Keep producing negative values! Clipping negative solutions and moving on!
[[32m[1m INFO  [21m[0m] Elapsed time: 2.06e-06 || Step number: 200/30000
[[32m[1m INFO  [21m[0m] longdy = 1.00e+00      || longdy/dt = 1.00e+00  || dt = 2.00e-08
[[32m[1m INFO  [21m[0m] from nz = 0 and OH
[[32m[1m INFO  [21m[0m] -----------------------------------------------------------------
[[93m[1m WARNING [21m[0m] Element conservation is violated too large
[[93m[1m WARNING [21m[0m] at step: 200
[[93m[1m WARNING [21m[0m] -----------------------------------------------------------------
[[93m[1m WARNING [21m[0m] Element conservation is violated too large
[[93m[1m WARNING [21m[0m] at step: 200
[[93m[1m WARNING [21m[0m] -----------------------------------------------------------------
[[93m[1m WARNING [21m[0m] Keep producing negative values! Clipping negative solutions and moving on!
[[93m[1m WARNING [21m[0m] Element conservation is violated too large
[[93m[1m WARNING [21m[0m] at step: 201
[[93m[1m WARNING [21m[0m] -----------------------------------------------------------------
[[93m[1m WARNING [21m[0m] Element conservation is violated too large
[[93m[1m WARNING [21m[0m] at step: 201
[[93m[1m WARNING [21m[0m] -----------------------------------------------------------------
[[93m[1m WARNING [21m[0m] Keep producing negative values! Clipping negative solutions and moving on!
[[93m[1m WARNING [21m[0m] Element conservation is violated too large
[[93m[1m WARNING [21m[0m] at step: 202
[[93m[1m WARNING [21m[0m] -----------------------------------------------------------------
[[93m[1m WARNING [21m[0m] Element conservation is violated too large
[[93m[1m WARNING [21m[0m] at step: 202
[[93m[1m WARNING [21m[0m] -----------------------------------------------------------------
[[93m[1m WARNING [21m[0m] Keep producing negative values! Clipping negative solutions and moving on!
[[93m[1m WARNING [21m[0m] Element conservation is violated too large
[[93m[1m WARNING [21m[0m] at step: 203
[[93m[1m WARNING [21m[0m] -----------------------------------------------------------------
[[93m[1m WARNING [21m[0m] Element conservation is violated too large
[[93m[1m WARNING [21m[0m] at step: 204
[[93m[1m WARNING [21m[0m] -----------------------------------------------------------------
[[93m[1m WARNING [21m[0m] Element conservation is violated too large
[[93m[1m WARNING [21m[0m] at step: 204
[[93m[1m WARNING [21m[0m] -----------------------------------------------------------------
[[93m[1m WARNING [21m[0m] Keep producing negative values! Clipping negative solutions and moving on!
[[93m[1m WARNING [21m[0m] Element conservation is violated too large
[[93m[1m WARNING [21m[0m] at step: 206
[[93m[1m WARNING [21m[0m] -----------------------------------------------------------------
[[93m[1m WARNING [21m[0m] Element conservation is violated too large
[[93m[1m WARNING [21m[0m] at step: 206
[[93m[1m WARNING [21m[0m] -----------------------------------------------------------------
[[93m[1m WARNING [21m[0m] Element conservation is violated too large
[[93m[1m WARNING [21m[0m] at step: 206
[[93m[1m WARNING [21m[0m] -----------------------------------------------------------------
[[93m[1m WARNING [21m[0m] Keep producing negative values! Clipping negative solutions and moving on!
[[93m[1m WARNING [21m[0m] Element conservation is violated too large
[[93m[1m WARNING [21m[0m] at step: 207
[[93m[1m WARNING [21m[0m] -----------------------------------------------------------------
[[93m[1m WARNING [21m[0m] Element conservation is violated too large
[[93m[1m WARNING [21m[0m] at step: 207
[[93m[1m WARNING [21m[0m] -----------------------------------------------------------------
[[93m[1m WARNING [21m[0m] Keep producing negative values! Clipping negative solutions and moving on!
[[93m[1m WARNING [21m[0m] Element conservation is violated too large
[[93m[1m WARNING [21m[0m] at step: 208
[[93m[1m WARNING [21m[0m] -----------------------------------------------------------------
[[93m[1m WARNING [21m[0m] Element conservation is violated too large
[[93m[1m WARNING [21m[0m] at step: 208
[[93m[1m WARNING [21m[0m] -----------------------------------------------------------------
[[93m[1m WARNING [21m[0m] Keep producing negative values! Clipping negative solutions and moving on!
[[93m[1m WARNING [21m[0m] Element conservation is violated too large
[[93m[1m WARNING [21m[0m] at step: 209
[[93m[1m WARNING [21m[0m] -----------------------------------------------------------------
[[93m[1m WARNING [21m[0m] Element conservation is violated too large
[[93m[1m WARNING [21m[0m] at step: 209
[[93m[1m WARNING [21m[0m] -----------------------------------------------------------------
[[93m[1m WARNING [21m[0m] Keep producing negative values! Clipping negative solutions and moving on!
[[93m[1m WARNING [21m[0m] Element conservation is violated too large
[[93m[1m WARNING [21m[0m] at step: 210
[[93m[1m WARNING [21m[0m] -----------------------------------------------------------------
[[93m[1m WARNING [21m[0m] Element conservation is violated too large
[[93m[1m WARNING [21m[0m] at step: 210
[[93m[1m WARNING [21m[0m] -----------------------------------------------------------------
[[93m[1m WARNING [21m[0m] Keep producing negative values! Clipping negative solutions and moving on!
[[93m[1m WARNING [21m[0m] Element conservation is violated too large
[[93m[1m WARNING [21m[0m] at step: 211
[[93m[1m WARNING [21m[0m] -----------------------------------------------------------------
[[93m[1m WARNING [21m[0m] Element conservation is violated too large
[[93m[1m WARNING [21m[0m] at step: 211
[[93m[1m WARNING [21m[0m] -----------------------------------------------------------------
[[93m[1m WARNING [21m[0m] Keep producing negative values! Clipping negative solutions and moving on!
[[93m[1m WARNING [21m[0m] Element conservation is violated too large
[[93m[1m WARNING [21m[0m] at step: 212
[[93m[1m WARNING [21m[0m] -----------------------------------------------------------------
[[93m[1m WARNING [21m[0m] Element conservation is violated too large
[[93m[1m WARNING [21m[0m] at step: 212
[[93m[1m WARNING [21m[0m] -----------------------------------------------------------------
[[93m[1m WARNING [21m[0m] Keep producing negative values! Clipping negative solutions and moving on!
[[93m[1m WARNING [21m[0m] Element conservation is violated too large
[[93m[1m WARNING [21m[0m] at step: 213
[[93m[1m WARNING [21m[0m] -----------------------------------------------------------------
[[93m[1m WARNING [21m[0m] Element conservation is violated too large
[[93m[1m WARNING [21m[0m] at step: 213
[[93m[1m WARNING [21m[0m] -----------------------------------------------------------------
[[93m[1m WARNING [21m[0m] Keep producing negative values! Clipping negative solutions and moving on!
[[93m[1m WARNING [21m[0m] Element conservation is violated too large
[[93m[1m WARNING [21m[0m] at step: 214
[[93m[1m WARNING [21m[0m] -----------------------------------------------------------------
[[93m[1m WARNING [21m[0m] Element conservation is violated too large
[[93m[1m WARNING [21m[0m] at step: 214
[[93m[1m WARNING [21m[0m] -----------------------------------------------------------------
[[93m[1m WARNING [21m[0m] Keep producing negative values! Clipping negative solutions and moving on!
[[93m[1m WARNING [21m[0m] Element conservation is violated too large
[[93m[1m WARNING [21m[0m] at step: 215
[[93m[1m WARNING [21m[0m] -----------------------------------------------------------------
[[93m[1m WARNING [21m[0m] Element conservation is violated too large
[[93m[1m WARNING [21m[0m] at step: 216
[[93m[1m WARNING [21m[0m] -----------------------------------------------------------------
[[93m[1m WARNING [21m[0m] Element conservation is violated too large
[[93m[1m WARNING [21m[0m] at step: 216
[[93m[1m WARNING [21m[0m] -----------------------------------------------------------------
[[93m[1m WARNING [21m[0m] Keep producing negative values! Clipping negative solutions and moving on!
[[93m[1m WARNING [21m[0m] Element conservation is violated too large
[[93m[1m WARNING [21m[0m] at step: 218
[[93m[1m WARNING [21m[0m] -----------------------------------------------------------------
[[93m[1m WARNING [21m[0m] Element conservation is violated too large
[[93m[1m WARNING [21m[0m] at step: 218
[[93m[1m WARNING [21m[0m] -----------------------------------------------------------------
[[93m[1m WARNING [21m[0m] Element conservation is violated too large
[[93m[1m WARNING [21m[0m] at step: 218
[[93m[1m WARNING [21m[0m] -----------------------------------------------------------------
[[93m[1m WARNING [21m[0m] Keep producing negative values! Clipping negative solutions and moving on!
[[93m[1m WARNING [21m[0m] Element conservation is violated too large
[[93m[1m WARNING [21m[0m] at step: 219
[[93m[1m WARNING [21m[0m] -----------------------------------------------------------------
[[93m[1m WARNING [21m[0m] Element conservation is violated too large
[[93m[1m WARNING [21m[0m] at step: 219
[[93m[1m WARNING [21m[0m] -----------------------------------------------------------------
[[93m[1m WARNING [21m[0m] Keep producing negative values! Clipping negative solutions and moving on!
[[93m[1m WARNING [21m[0m] Element conservation is violated too large
[[93m[1m WARNING [21m[0m] at step: 220
[[93m[1m WARNING [21m[0m] -----------------------------------------------------------------
[[93m[1m WARNING [21m[0m] Element conservation is violated too large
[[93m[1m WARNING [21m[0m] at step: 220
[[93m[1m WARNING [21m[0m] -----------------------------------------------------------------
[[93m[1m WARNING [21m[0m] Keep producing negative values! Clipping negative solutions and moving on!
[[93m[1m WARNING [21m[0m] Element conservation is violated too large
[[93m[1m WARNING [21m[0m] at step: 221
[[93m[1m WARNING [21m[0m] -----------------------------------------------------------------
[[93m[1m WARNING [21m[0m] Element conservation is violated too large
[[93m[1m WARNING [21m[0m] at step: 222
[[93m[1m WARNING [21m[0m] -----------------------------------------------------------------
[[93m[1m WARNING [21m[0m] Element conservation is violated too large
[[93m[1m WARNING [21m[0m] at step: 224
[[93m[1m WARNING [21m[0m] -----------------------------------------------------------------
[[93m[1m WARNING [21m[0m] Element conservation is violated too large
[[93m[1m WARNING [21m[0m] at step: 224
[[93m[1m WARNING [21m[0m] -----------------------------------------------------------------
[[93m[1m WARNING [21m[0m] Element conservation is violated too large
[[93m[1m WARNING [21m[0m] at step: 224
[[93m[1m WARNING [21m[0m] -----------------------------------------------------------------
[[93m[1m WARNING [21m[0m] Keep producing negative values! Clipping negative solutions and moving on!
[[93m[1m WARNING [21m[0m] Element conservation is violated too large
[[93m[1m WARNING [21m[0m] at step: 225
[[93m[1m WARNING [21m[0m] -----------------------------------------------------------------
[[93m[1m WARNING [21m[0m] Element conservation is violated too large
[[93m[1m WARNING [21m[0m] at step: 225
[[93m[1m WARNING [21m[0m] -----------------------------------------------------------------
[[93m[1m WARNING [21m[0m] Keep producing negative values! Clipping negative solutions and moving on!
[[93m[1m WARNING [21m[0m] Element conservation is violated too large
[[93m[1m WARNING [21m[0m] at step: 226
[[93m[1m WARNING [21m[0m] -----------------------------------------------------------------
[[93m[1m WARNING [21m[0m] Element conservation is violated too large
[[93m[1m WARNING [21m[0m] at step: 226
[[93m[1m WARNING [21m[0m] -----------------------------------------------------------------
[[93m[1m WARNING [21m[0m] Keep producing negative values! Clipping negative solutions and moving on!
[[93m[1m WARNING [21m[0m] Element conservation is violated too large
[[93m[1m WARNING [21m[0m] at step: 228
[[93m[1m WARNING [21m[0m] -----------------------------------------------------------------
[[93m[1m WARNING [21m[0m] Element conservation is violated too large
[[93m[1m WARNING [21m[0m] at step: 228
[[93m[1m WARNING [21m[0m] -----------------------------------------------------------------
[[93m[1m WARNING [21m[0m] Element conservation is violated too large
[[93m[1m WARNING [21m[0m] at step: 228
[[93m[1m WARNING [21m[0m] -----------------------------------------------------------------
[[93m[1m WARNING [21m[0m] Keep producing negative values! Clipping negative solutions and moving on!
[[93m[1m WARNING [21m[0m] Element conservation is violated too large
[[93m[1m WARNING [21m[0m] at step: 230
[[93m[1m WARNING [21m[0m] -----------------------------------------------------------------
[[93m[1m WARNING [21m[0m] Element conservation is violated too large
[[93m[1m WARNING [21m[0m] at step: 230
[[93m[1m WARNING [21m[0m] -----------------------------------------------------------------
[[93m[1m WARNING [21m[0m] Element conservation is violated too large
[[93m[1m WARNING [21m[0m] at step: 230
[[93m[1m WARNING [21m[0m] -----------------------------------------------------------------
[[93m[1m WARNING [21m[0m] Keep producing negative values! Clipping negative solutions and moving on!
[[93m[1m WARNING [21m[0m] Element conservation is violated too large
[[93m[1m WARNING [21m[0m] at step: 231
[[93m[1m WARNING [21m[0m] -----------------------------------------------------------------
[[93m[1m WARNING [21m[0m] Element conservation is violated too large
[[93m[1m WARNING [21m[0m] at step: 231
[[93m[1m WARNING [21m[0m] -----------------------------------------------------------------
[[93m[1m WARNING [21m[0m] Keep producing negative values! Clipping negative solutions and moving on!
[[93m[1m WARNING [21m[0m] Element conservation is violated too large
[[93m[1m WARNING [21m[0m] at step: 232
[[93m[1m WARNING [21m[0m] -----------------------------------------------------------------
[[93m[1m WARNING [21m[0m] Element conservation is violated too large
[[93m[1m WARNING [21m[0m] at step: 233
[[93m[1m WARNING [21m[0m] -----------------------------------------------------------------
[[93m[1m WARNING [21m[0m] Element conservation is violated too large
[[93m[1m WARNING [21m[0m] at step: 233
[[93m[1m WARNING [21m[0m] -----------------------------------------------------------------
[[93m[1m WARNING [21m[0m] Keep producing negative values! Clipping negative solutions and moving on!
[[93m[1m WARNING [21m[0m] Element conservation is violated too large
[[93m[1m WARNING [21m[0m] at step: 234
[[93m[1m WARNING [21m[0m] -----------------------------------------------------------------
[[93m[1m WARNING [21m[0m] Element conservation is violated too large
[[93m[1m WARNING [21m[0m] at step: 234
[[93m[1m WARNING [21m[0m] -----------------------------------------------------------------
[[93m[1m WARNING [21m[0m] Keep producing negative values! Clipping negative solutions and moving on!
[[93m[1m WARNING [21m[0m] Element conservation is violated too large
[[93m[1m WARNING [21m[0m] at step: 235
[[93m[1m WARNING [21m[0m] -----------------------------------------------------------------
[[93m[1m WARNING [21m[0m] Element conservation is violated too large
[[93m[1m WARNING [21m[0m] at step: 236
[[93m[1m WARNING [21m[0m] -----------------------------------------------------------------
[[93m[1m WARNING [21m[0m] Element conservation is violated too large
[[93m[1m WARNING [21m[0m] at step: 236
[[93m[1m WARNING [21m[0m] -----------------------------------------------------------------
[[93m[1m WARNING [21m[0m] Keep producing negative values! Clipping negative solutions and moving on!
[[93m[1m WARNING [21m[0m] Element conservation is violated too large
[[93m[1m WARNING [21m[0m] at step: 237
[[93m[1m WARNING [21m[0m] -----------------------------------------------------------------
[[93m[1m WARNING [21m[0m] Element conservation is violated too large
[[93m[1m WARNING [21m[0m] at step: 237
[[93m[1m WARNING [21m[0m] -----------------------------------------------------------------
[[93m[1m WARNING [21m[0m] Keep producing negative values! Clipping negative solutions and moving on!
[[93m[1m WARNING [21m[0m] Element conservation is violated too large
[[93m[1m WARNING [21m[0m] at step: 238
[[93m[1m WARNING [21m[0m] -----------------------------------------------------------------
[[93m[1m WARNING [21m[0m] Element conservation is violated too large
[[93m[1m WARNING [21m[0m] at step: 238
[[93m[1m WARNING [21m[0m] -----------------------------------------------------------------
[[93m[1m WARNING [21m[0m] Keep producing negative values! Clipping negative solutions and moving on!
[[93m[1m WARNING [21m[0m] Element conservation is violated too large
[[93m[1m WARNING [21m[0m] at step: 239
[[93m[1m WARNING [21m[0m] -----------------------------------------------------------------
[[93m[1m WARNING [21m[0m] Element conservation is violated too large
[[93m[1m WARNING [21m[0m] at step: 239
[[93m[1m WARNING [21m[0m] -----------------------------------------------------------------
[[93m[1m WARNING [21m[0m] Keep producing negative values! Clipping negative solutions and moving on!
[[93m[1m WARNING [21m[0m] Element conservation is violated too large
[[93m[1m WARNING [21m[0m] at step: 240
[[93m[1m WARNING [21m[0m] -----------------------------------------------------------------
[[93m[1m WARNING [21m[0m] Element conservation is violated too large
[[93m[1m WARNING [21m[0m] at step: 240
[[93m[1m WARNING [21m[0m] -----------------------------------------------------------------
[[93m[1m WARNING [21m[0m] Keep producing negative values! Clipping negative solutions and moving on!
[[93m[1m WARNING [21m[0m] Element conservation is violated too large
[[93m[1m WARNING [21m[0m] at step: 241
[[93m[1m WARNING [21m[0m] -----------------------------------------------------------------
[[93m[1m WARNING [21m[0m] Element conservation is violated too large
[[93m[1m WARNING [21m[0m] at step: 242
[[93m[1m WARNING [21m[0m] -----------------------------------------------------------------
[[93m[1m WARNING [21m[0m] Element conservation is violated too large
[[93m[1m WARNING [21m[0m] at step: 243
[[93m[1m WARNING [21m[0m] -----------------------------------------------------------------
[[93m[1m WARNING [21m[0m] Element conservation is violated too large
[[93m[1m WARNING [21m[0m] at step: 243
[[93m[1m WARNING [21m[0m] -----------------------------------------------------------------
[[93m[1m WARNING [21m[0m] Keep producing negative values! Clipping negative solutions and moving on!
[[93m[1m WARNING [21m[0m] Element conservation is violated too large
[[93m[1m WARNING [21m[0m] at step: 244
[[93m[1m WARNING [21m[0m] -----------------------------------------------------------------
[[93m[1m WARNING [21m[0m] Element conservation is violated too large
[[93m[1m WARNING [21m[0m] at step: 245
[[93m[1m WARNING [21m[0m] -----------------------------------------------------------------
[[93m[1m WARNING [21m[0m] Element conservation is violated too large
[[93m[1m WARNING [21m[0m] at step: 245
[[93m[1m WARNING [21m[0m] -----------------------------------------------------------------
[[93m[1m WARNING [21m[0m] Keep producing negative values! Clipping negative solutions and moving on!
[[93m[1m WARNING [21m[0m] Element conservation is violated too large
[[93m[1m WARNING [21m[0m] at step: 246
[[93m[1m WARNING [21m[0m] -----------------------------------------------------------------
[[93m[1m WARNING [21m[0m] Element conservation is violated too large
[[93m[1m WARNING [21m[0m] at step: 246
[[93m[1m WARNING [21m[0m] -----------------------------------------------------------------
[[93m[1m WARNING [21m[0m] Keep producing negative values! Clipping negative solutions and moving on!
[[93m[1m WARNING [21m[0m] Element conservation is violated too large
[[93m[1m WARNING [21m[0m] at step: 247
[[93m[1m WARNING [21m[0m] -----------------------------------------------------------------
[[93m[1m WARNING [21m[0m] Element conservation is violated too large
[[93m[1m WARNING [21m[0m] at step: 248
[[93m[1m WARNING [21m[0m] -----------------------------------------------------------------
[[93m[1m WARNING [21m[0m] Element conservation is violated too large
[[93m[1m WARNING [21m[0m] at step: 248
[[93m[1m WARNING [21m[0m] -----------------------------------------------------------------
[[93m[1m WARNING [21m[0m] Keep producing negative values! Clipping negative solutions and moving on!
[[93m[1m WARNING [21m[0m] Element conservation is violated too large
[[93m[1m WARNING [21m[0m] at step: 249
[[93m[1m WARNING [21m[0m] -----------------------------------------------------------------
[[93m[1m WARNING [21m[0m] Element conservation is violated too large
[[93m[1m WARNING [21m[0m] at step: 249
[[93m[1m WARNING [21m[0m] -----------------------------------------------------------------
[[93m[1m WARNING [21m[0m] Keep producing negative values! Clipping negative solutions and moving on!
[[93m[1m WARNING [21m[0m] Element conservation is violated too large
[[93m[1m WARNING [21m[0m] at step: 250
[[93m[1m WARNING [21m[0m] -----------------------------------------------------------------
[[93m[1m WARNING [21m[0m] Element conservation is violated too large
[[93m[1m WARNING [21m[0m] at step: 250
[[93m[1m WARNING [21m[0m] -----------------------------------------------------------------
[[93m[1m WARNING [21m[0m] Keep producing negative values! Clipping negative solutions and moving on!
[[93m[1m WARNING [21m[0m] Element conservation is violated too large
[[93m[1m WARNING [21m[0m] at step: 251
[[93m[1m WARNING [21m[0m] -----------------------------------------------------------------
[[93m[1m WARNING [21m[0m] Element conservation is violated too large
[[93m[1m WARNING [21m[0m] at step: 252
[[93m[1m WARNING [21m[0m] -----------------------------------------------------------------
[[93m[1m WARNING [21m[0m] Element conservation is violated too large
[[93m[1m WARNING [21m[0m] at step: 252
[[93m[1m WARNING [21m[0m] -----------------------------------------------------------------
[[93m[1m WARNING [21m[0m] Keep producing negative values! Clipping negative solutions and moving on!
[[93m[1m WARNING [21m[0m] Element conservation is violated too large
[[93m[1m WARNING [21m[0m] at step: 253
[[93m[1m WARNING [21m[0m] -----------------------------------------------------------------
[[93m[1m WARNING [21m[0m] Element conservation is violated too large
[[93m[1m WARNING [21m[0m] at step: 253
[[93m[1m WARNING [21m[0m] -----------------------------------------------------------------
[[93m[1m WARNING [21m[0m] Keep producing negative values! Clipping negative solutions and moving on!
[[93m[1m WARNING [21m[0m] Element conservation is violated too large
[[93m[1m WARNING [21m[0m] at step: 254
[[93m[1m WARNING [21m[0m] -----------------------------------------------------------------
[[93m[1m WARNING [21m[0m] Element conservation is violated too large
[[93m[1m WARNING [21m[0m] at step: 254
[[93m[1m WARNING [21m[0m] -----------------------------------------------------------------
[[93m[1m WARNING [21m[0m] Keep producing negative values! Clipping negative solutions and moving on!
[[93m[1m WARNING [21m[0m] Element conservation is violated too large
[[93m[1m WARNING [21m[0m] at step: 255
[[93m[1m WARNING [21m[0m] -----------------------------------------------------------------
[[93m[1m WARNING [21m[0m] Element conservation is violated too large
[[93m[1m WARNING [21m[0m] at step: 255
[[93m[1m WARNING [21m[0m] -----------------------------------------------------------------
[[93m[1m WARNING [21m[0m] Keep producing negative values! Clipping negative solutions and moving on!
[[93m[1m WARNING [21m[0m] Element conservation is violated too large
[[93m[1m WARNING [21m[0m] at step: 257
[[93m[1m WARNING [21m[0m] -----------------------------------------------------------------
[[93m[1m WARNING [21m[0m] Element conservation is violated too large
[[93m[1m WARNING [21m[0m] at step: 257
[[93m[1m WARNING [21m[0m] -----------------------------------------------------------------
[[93m[1m WARNING [21m[0m] Element conservation is violated too large
[[93m[1m WARNING [21m[0m] at step: 257
[[93m[1m WARNING [21m[0m] -----------------------------------------------------------------
[[93m[1m WARNING [21m[0m] Keep producing negative values! Clipping negative solutions and moving on!
[[93m[1m WARNING [21m[0m] Element conservation is violated too large
[[93m[1m WARNING [21m[0m] at step: 258
[[93m[1m WARNING [21m[0m] -----------------------------------------------------------------
[[93m[1m WARNING [21m[0m] Element conservation is violated too large
[[93m[1m WARNING [21m[0m] at step: 258
[[93m[1m WARNING [21m[0m] -----------------------------------------------------------------
[[93m[1m WARNING [21m[0m] Keep producing negative values! Clipping negative solutions and moving on!
[[93m[1m WARNING [21m[0m] Element conservation is violated too large
[[93m[1m WARNING [21m[0m] at step: 260
[[93m[1m WARNING [21m[0m] -----------------------------------------------------------------
[[93m[1m WARNING [21m[0m] Element conservation is violated too large
[[93m[1m WARNING [21m[0m] at step: 260
[[93m[1m WARNING [21m[0m] -----------------------------------------------------------------
[[93m[1m WARNING [21m[0m] Element conservation is violated too large
[[93m[1m WARNING [21m[0m] at step: 260
[[93m[1m WARNING [21m[0m] -----------------------------------------------------------------
[[93m[1m WARNING [21m[0m] Keep producing negative values! Clipping negative solutions and moving on!
[[93m[1m WARNING [21m[0m] Element conservation is violated too large
[[93m[1m WARNING [21m[0m] at step: 261
[[93m[1m WARNING [21m[0m] -----------------------------------------------------------------
[[93m[1m WARNING [21m[0m] Element conservation is violated too large
[[93m[1m WARNING [21m[0m] at step: 262
[[93m[1m WARNING [21m[0m] -----------------------------------------------------------------
[[93m[1m WARNING [21m[0m] Element conservation is violated too large
[[93m[1m WARNING [21m[0m] at step: 263
[[93m[1m WARNING [21m[0m] -----------------------------------------------------------------
[[93m[1m WARNING [21m[0m] Element conservation is violated too large
[[93m[1m WARNING [21m[0m] at step: 263
[[93m[1m WARNING [21m[0m] -----------------------------------------------------------------
[[93m[1m WARNING [21m[0m] Keep producing negative values! Clipping negative solutions and moving on!
[[93m[1m WARNING [21m[0m] Element conservation is violated too large
[[93m[1m WARNING [21m[0m] at step: 264
[[93m[1m WARNING [21m[0m] -----------------------------------------------------------------
[[93m[1m WARNING [21m[0m] Element conservation is violated too large
[[93m[1m WARNING [21m[0m] at step: 264
[[93m[1m WARNING [21m[0m] -----------------------------------------------------------------
[[93m[1m WARNING [21m[0m] Keep producing negative values! Clipping negative solutions and moving on!
[[93m[1m WARNING [21m[0m] Element conservation is violated too large
[[93m[1m WARNING [21m[0m] at step: 265
[[93m[1m WARNING [21m[0m] -----------------------------------------------------------------
[[93m[1m WARNING [21m[0m] Element conservation is violated too large
[[93m[1m WARNING [21m[0m] at step: 265
[[93m[1m WARNING [21m[0m] -----------------------------------------------------------------
[[93m[1m WARNING [21m[0m] Keep producing negative values! Clipping negative solutions and moving on!
[[93m[1m WARNING [21m[0m] Element conservation is violated too large
[[93m[1m WARNING [21m[0m] at step: 266
[[93m[1m WARNING [21m[0m] -----------------------------------------------------------------
[[93m[1m WARNING [21m[0m] Element conservation is violated too large
[[93m[1m WARNING [21m[0m] at step: 267
[[93m[1m WARNING [21m[0m] -----------------------------------------------------------------
[[93m[1m WARNING [21m[0m] Element conservation is violated too large
[[93m[1m WARNING [21m[0m] at step: 267
[[93m[1m WARNING [21m[0m] -----------------------------------------------------------------
[[93m[1m WARNING [21m[0m] Keep producing negative values! Clipping negative solutions and moving on!
[[93m[1m WARNING [21m[0m] Element conservation is violated too large
[[93m[1m WARNING [21m[0m] at step: 268
[[93m[1m WARNING [21m[0m] -----------------------------------------------------------------
[[93m[1m WARNING [21m[0m] Element conservation is violated too large
[[93m[1m WARNING [21m[0m] at step: 269
[[93m[1m WARNING [21m[0m] -----------------------------------------------------------------
[[93m[1m WARNING [21m[0m] Element conservation is violated too large
[[93m[1m WARNING [21m[0m] at step: 270
[[93m[1m WARNING [21m[0m] -----------------------------------------------------------------
[[93m[1m WARNING [21m[0m] Element conservation is violated too large
[[93m[1m WARNING [21m[0m] at step: 270
[[93m[1m WARNING [21m[0m] -----------------------------------------------------------------
[[93m[1m WARNING [21m[0m] Keep producing negative values! Clipping negative solutions and moving on!
[[93m[1m WARNING [21m[0m] Element conservation is violated too large
[[93m[1m WARNING [21m[0m] at step: 272
[[93m[1m WARNING [21m[0m] -----------------------------------------------------------------
[[93m[1m WARNING [21m[0m] Element conservation is violated too large
[[93m[1m WARNING [21m[0m] at step: 272
[[93m[1m WARNING [21m[0m] -----------------------------------------------------------------
[[93m[1m WARNING [21m[0m] Element conservation is violated too large
[[93m[1m WARNING [21m[0m] at step: 272
[[93m[1m WARNING [21m[0m] -----------------------------------------------------------------
[[93m[1m WARNING [21m[0m] Keep producing negative values! Clipping negative solutions and moving on!
[[93m[1m WARNING [21m[0m] Element conservation is violated too large
[[93m[1m WARNING [21m[0m] at step: 273
[[93m[1m WARNING [21m[0m] -----------------------------------------------------------------
[[93m[1m WARNING [21m[0m] Element conservation is violated too large
[[93m[1m WARNING [21m[0m] at step: 273
[[93m[1m WARNING [21m[0m] -----------------------------------------------------------------
[[93m[1m WARNING [21m[0m] Keep producing negative values! Clipping negative solutions and moving on!
[[93m[1m WARNING [21m[0m] Element conservation is violated too large
[[93m[1m WARNING [21m[0m] at step: 274
[[93m[1m WARNING [21m[0m] -----------------------------------------------------------------
[[93m[1m WARNING [21m[0m] Element conservation is violated too large
[[93m[1m WARNING [21m[0m] at step: 275
[[93m[1m WARNING [21m[0m] -----------------------------------------------------------------
[[93m[1m WARNING [21m[0m] Element conservation is violated too large
[[93m[1m WARNING [21m[0m] at step: 275
[[93m[1m WARNING [21m[0m] -----------------------------------------------------------------
[[93m[1m WARNING [21m[0m] Keep producing negative values! Clipping negative solutions and moving on!
[[93m[1m WARNING [21m[0m] Element conservation is violated too large
[[93m[1m WARNING [21m[0m] at step: 276
[[93m[1m WARNING [21m[0m] -----------------------------------------------------------------
[[93m[1m WARNING [21m[0m] Element conservation is violated too large
[[93m[1m WARNING [21m[0m] at step: 277
[[93m[1m WARNING [21m[0m] -----------------------------------------------------------------
[[93m[1m WARNING [21m[0m] Element conservation is violated too large
[[93m[1m WARNING [21m[0m] at step: 277
[[93m[1m WARNING [21m[0m] -----------------------------------------------------------------
[[93m[1m WARNING [21m[0m] Keep producing negative values! Clipping negative solutions and moving on!
[[93m[1m WARNING [21m[0m] Element conservation is violated too large
[[93m[1m WARNING [21m[0m] at step: 279
[[93m[1m WARNING [21m[0m] -----------------------------------------------------------------
[[93m[1m WARNING [21m[0m] Element conservation is violated too large
[[93m[1m WARNING [21m[0m] at step: 280
[[93m[1m WARNING [21m[0m] -----------------------------------------------------------------
[[93m[1m WARNING [21m[0m] Element conservation is violated too large
[[93m[1m WARNING [21m[0m] at step: 280
[[93m[1m WARNING [21m[0m] -----------------------------------------------------------------
[[93m[1m WARNING [21m[0m] Element conservation is violated too large
[[93m[1m WARNING [21m[0m] at step: 280
[[93m[1m WARNING [21m[0m] -----------------------------------------------------------------
[[93m[1m WARNING [21m[0m] Keep producing negative values! Clipping negative solutions and moving on!
[[93m[1m WARNING [21m[0m] Element conservation is violated too large
[[93m[1m WARNING [21m[0m] at step: 281
[[93m[1m WARNING [21m[0m] -----------------------------------------------------------------
[[93m[1m WARNING [21m[0m] Element conservation is violated too large
[[93m[1m WARNING [21m[0m] at step: 282
[[93m[1m WARNING [21m[0m] -----------------------------------------------------------------
[[93m[1m WARNING [21m[0m] Element conservation is violated too large
[[93m[1m WARNING [21m[0m] at step: 282
[[93m[1m WARNING [21m[0m] -----------------------------------------------------------------
[[93m[1m WARNING [21m[0m] Keep producing negative values! Clipping negative solutions and moving on!
[[93m[1m WARNING [21m[0m] Element conservation is violated too large
[[93m[1m WARNING [21m[0m] at step: 283
[[93m[1m WARNING [21m[0m] -----------------------------------------------------------------
[[93m[1m WARNING [21m[0m] Element conservation is violated too large
[[93m[1m WARNING [21m[0m] at step: 283
[[93m[1m WARNING [21m[0m] -----------------------------------------------------------------
[[93m[1m WARNING [21m[0m] Keep producing negative values! Clipping negative solutions and moving on!
[[93m[1m WARNING [21m[0m] Element conservation is violated too large
[[93m[1m WARNING [21m[0m] at step: 284
[[93m[1m WARNING [21m[0m] -----------------------------------------------------------------
[[93m[1m WARNING [21m[0m] Element conservation is violated too large
[[93m[1m WARNING [21m[0m] at step: 285
[[93m[1m WARNING [21m[0m] -----------------------------------------------------------------
[[93m[1m WARNING [21m[0m] Element conservation is violated too large
[[93m[1m WARNING [21m[0m] at step: 285
[[93m[1m WARNING [21m[0m] -----------------------------------------------------------------
[[93m[1m WARNING [21m[0m] Keep producing negative values! Clipping negative solutions and moving on!
[[93m[1m WARNING [21m[0m] Element conservation is violated too large
[[93m[1m WARNING [21m[0m] at step: 286
[[93m[1m WARNING [21m[0m] -----------------------------------------------------------------
[[93m[1m WARNING [21m[0m] Element conservation is violated too large
[[93m[1m WARNING [21m[0m] at step: 287
[[93m[1m WARNING [21m[0m] -----------------------------------------------------------------
[[93m[1m WARNING [21m[0m] Element conservation is violated too large
[[93m[1m WARNING [21m[0m] at step: 287
[[93m[1m WARNING [21m[0m] -----------------------------------------------------------------
[[93m[1m WARNING [21m[0m] Keep producing negative values! Clipping negative solutions and moving on!
[[93m[1m WARNING [21m[0m] Element conservation is violated too large
[[93m[1m WARNING [21m[0m] at step: 288
[[93m[1m WARNING [21m[0m] -----------------------------------------------------------------
[[93m[1m WARNING [21m[0m] Element conservation is violated too large
[[93m[1m WARNING [21m[0m] at step: 289
[[93m[1m WARNING [21m[0m] -----------------------------------------------------------------
[[93m[1m WARNING [21m[0m] Element conservation is violated too large
[[93m[1m WARNING [21m[0m] at step: 290
[[93m[1m WARNING [21m[0m] -----------------------------------------------------------------
[[93m[1m WARNING [21m[0m] Element conservation is violated too large
[[93m[1m WARNING [21m[0m] at step: 291
[[93m[1m WARNING [21m[0m] -----------------------------------------------------------------
[[93m[1m WARNING [21m[0m] Element conservation is violated too large
[[93m[1m WARNING [21m[0m] at step: 291
[[93m[1m WARNING [21m[0m] -----------------------------------------------------------------
[[93m[1m WARNING [21m[0m] Keep producing negative values! Clipping negative solutions and moving on!
[[93m[1m WARNING [21m[0m] Element conservation is violated too large
[[93m[1m WARNING [21m[0m] at step: 292
[[93m[1m WARNING [21m[0m] -----------------------------------------------------------------
[[93m[1m WARNING [21m[0m] Element conservation is violated too large
[[93m[1m WARNING [21m[0m] at step: 292
[[93m[1m WARNING [21m[0m] -----------------------------------------------------------------
[[93m[1m WARNING [21m[0m] Keep producing negative values! Clipping negative solutions and moving on!
[[93m[1m WARNING [21m[0m] Element conservation is violated too large
[[93m[1m WARNING [21m[0m] at step: 293
[[93m[1m WARNING [21m[0m] -----------------------------------------------------------------
[[93m[1m WARNING [21m[0m] Element conservation is violated too large
[[93m[1m WARNING [21m[0m] at step: 294
[[93m[1m WARNING [21m[0m] -----------------------------------------------------------------
[[93m[1m WARNING [21m[0m] Element conservation is violated too large
[[93m[1m WARNING [21m[0m] at step: 295
[[93m[1m WARNING [21m[0m] -----------------------------------------------------------------
[[93m[1m WARNING [21m[0m] Element conservation is violated too large
[[93m[1m WARNING [21m[0m] at step: 296
[[93m[1m WARNING [21m[0m] -----------------------------------------------------------------
[[93m[1m WARNING [21m[0m] Element conservation is violated too large
[[93m[1m WARNING [21m[0m] at step: 296
[[93m[1m WARNING [21m[0m] -----------------------------------------------------------------
[[93m[1m WARNING [21m[0m] Keep producing negative values! Clipping negative solutions and moving on!
[[93m[1m WARNING [21m[0m] Element conservation is violated too large
[[93m[1m WARNING [21m[0m] at step: 297
[[93m[1m WARNING [21m[0m] -----------------------------------------------------------------
[[93m[1m WARNING [21m[0m] Element conservation is violated too large
[[93m[1m WARNING [21m[0m] at step: 297
[[93m[1m WARNING [21m[0m] -----------------------------------------------------------------
[[93m[1m WARNING [21m[0m] Keep producing negative values! Clipping negative solutions and moving on!
[[93m[1m WARNING [21m[0m] Element conservation is violated too large
[[93m[1m WARNING [21m[0m] at step: 298
[[93m[1m WARNING [21m[0m] -----------------------------------------------------------------
[[93m[1m WARNING [21m[0m] Element conservation is violated too large
[[93m[1m WARNING [21m[0m] at step: 299
[[93m[1m WARNING [21m[0m] -----------------------------------------------------------------
[[32m[1m INFO  [21m[0m] Elapsed time: 3.16e-06 || Step number: 300/30000
[[32m[1m INFO  [21m[0m] longdy = 1.00e+00      || longdy/dt = 1.00e+00  || dt = 2.00e-08
[[32m[1m INFO  [21m[0m] from nz = 0 and OH
[[32m[1m INFO  [21m[0m] -----------------------------------------------------------------
[[93m[1m WARNING [21m[0m] Element conservation is violated too large
[[93m[1m WARNING [21m[0m] at step: 301
[[93m[1m WARNING [21m[0m] -----------------------------------------------------------------
[[93m[1m WARNING [21m[0m] Element conservation is violated too large
[[93m[1m WARNING [21m[0m] at step: 301
[[93m[1m WARNING [21m[0m] -----------------------------------------------------------------
[[93m[1m WARNING [21m[0m] Element conservation is violated too large
[[93m[1m WARNING [21m[0m] at step: 301
[[93m[1m WARNING [21m[0m] -----------------------------------------------------------------
[[93m[1m WARNING [21m[0m] Keep producing negative values! Clipping negative solutions and moving on!
[[93m[1m WARNING [21m[0m] Element conservation is violated too large
[[93m[1m WARNING [21m[0m] at step: 302
[[93m[1m WARNING [21m[0m] -----------------------------------------------------------------
[[93m[1m WARNING [21m[0m] Element conservation is violated too large
[[93m[1m WARNING [21m[0m] at step: 302
[[93m[1m WARNING [21m[0m] -----------------------------------------------------------------
[[93m[1m WARNING [21m[0m] Keep producing negative values! Clipping negative solutions and moving on!
[[93m[1m WARNING [21m[0m] Element conservation is violated too large
[[93m[1m WARNING [21m[0m] at step: 303
[[93m[1m WARNING [21m[0m] -----------------------------------------------------------------
[[93m[1m WARNING [21m[0m] Element conservation is violated too large
[[93m[1m WARNING [21m[0m] at step: 304
[[93m[1m WARNING [21m[0m] -----------------------------------------------------------------
[[93m[1m WARNING [21m[0m] Element conservation is violated too large
[[93m[1m WARNING [21m[0m] at step: 305
[[93m[1m WARNING [21m[0m] -----------------------------------------------------------------
[[93m[1m WARNING [21m[0m] Element conservation is violated too large
[[93m[1m WARNING [21m[0m] at step: 306
[[93m[1m WARNING [21m[0m] -----------------------------------------------------------------
[[93m[1m WARNING [21m[0m] Element conservation is violated too large
[[93m[1m WARNING [21m[0m] at step: 307
[[93m[1m WARNING [21m[0m] -----------------------------------------------------------------
[[93m[1m WARNING [21m[0m] Element conservation is violated too large
[[93m[1m WARNING [21m[0m] at step: 308
[[93m[1m WARNING [21m[0m] -----------------------------------------------------------------
[[93m[1m WARNING [21m[0m] Element conservation is violated too large
[[93m[1m WARNING [21m[0m] at step: 308
[[93m[1m WARNING [21m[0m] -----------------------------------------------------------------
[[93m[1m WARNING [21m[0m] Keep producing negative values! Clipping negative solutions and moving on!
[[93m[1m WARNING [21m[0m] Element conservation is violated too large
[[93m[1m WARNING [21m[0m] at step: 309
[[93m[1m WARNING [21m[0m] -----------------------------------------------------------------
[[93m[1m WARNING [21m[0m] Element conservation is violated too large
[[93m[1m WARNING [21m[0m] at step: 310
[[93m[1m WARNING [21m[0m] -----------------------------------------------------------------
[[93m[1m WARNING [21m[0m] Element conservation is violated too large
[[93m[1m WARNING [21m[0m] at step: 311
[[93m[1m WARNING [21m[0m] -----------------------------------------------------------------
[[93m[1m WARNING [21m[0m] Element conservation is violated too large
[[93m[1m WARNING [21m[0m] at step: 311
[[93m[1m WARNING [21m[0m] -----------------------------------------------------------------
[[93m[1m WARNING [21m[0m] Keep producing negative values! Clipping negative solutions and moving on!
[[93m[1m WARNING [21m[0m] Element conservation is violated too large
[[93m[1m WARNING [21m[0m] at step: 312
[[93m[1m WARNING [21m[0m] -----------------------------------------------------------------
[[93m[1m WARNING [21m[0m] Element conservation is violated too large
[[93m[1m WARNING [21m[0m] at step: 313
[[93m[1m WARNING [21m[0m] -----------------------------------------------------------------
[[93m[1m WARNING [21m[0m] Element conservation is violated too large
[[93m[1m WARNING [21m[0m] at step: 313
[[93m[1m WARNING [21m[0m] -----------------------------------------------------------------
[[93m[1m WARNING [21m[0m] Keep producing negative values! Clipping negative solutions and moving on!
[[93m[1m WARNING [21m[0m] Element conservation is violated too large
[[93m[1m WARNING [21m[0m] at step: 314
[[93m[1m WARNING [21m[0m] -----------------------------------------------------------------
[[93m[1m WARNING [21m[0m] Element conservation is violated too large
[[93m[1m WARNING [21m[0m] at step: 315
[[93m[1m WARNING [21m[0m] -----------------------------------------------------------------
[[93m[1m WARNING [21m[0m] Element conservation is violated too large
[[93m[1m WARNING [21m[0m] at step: 316
[[93m[1m WARNING [21m[0m] -----------------------------------------------------------------
[[93m[1m WARNING [21m[0m] Element conservation is violated too large
[[93m[1m WARNING [21m[0m] at step: 316
[[93m[1m WARNING [21m[0m] -----------------------------------------------------------------
[[93m[1m WARNING [21m[0m] Keep producing negative values! Clipping negative solutions and moving on!
[[93m[1m WARNING [21m[0m] Element conservation is violated too large
[[93m[1m WARNING [21m[0m] at step: 317
[[93m[1m WARNING [21m[0m] -----------------------------------------------------------------
[[93m[1m WARNING [21m[0m] Element conservation is violated too large
[[93m[1m WARNING [21m[0m] at step: 318
[[93m[1m WARNING [21m[0m] -----------------------------------------------------------------
[[93m[1m WARNING [21m[0m] Element conservation is violated too large
[[93m[1m WARNING [21m[0m] at step: 320
[[93m[1m WARNING [21m[0m] -----------------------------------------------------------------
[[93m[1m WARNING [21m[0m] Element conservation is violated too large
[[93m[1m WARNING [21m[0m] at step: 320
[[93m[1m WARNING [21m[0m] -----------------------------------------------------------------
[[93m[1m WARNING [21m[0m] Element conservation is violated too large
[[93m[1m WARNING [21m[0m] at step: 321
[[93m[1m WARNING [21m[0m] -----------------------------------------------------------------
[[93m[1m WARNING [21m[0m] Element conservation is violated too large
[[93m[1m WARNING [21m[0m] at step: 323
[[93m[1m WARNING [21m[0m] -----------------------------------------------------------------
[[93m[1m WARNING [21m[0m] Element conservation is violated too large
[[93m[1m WARNING [21m[0m] at step: 323
[[93m[1m WARNING [21m[0m] -----------------------------------------------------------------
[[93m[1m WARNING [21m[0m] Element conservation is violated too large
[[93m[1m WARNING [21m[0m] at step: 324
[[93m[1m WARNING [21m[0m] -----------------------------------------------------------------
[[93m[1m WARNING [21m[0m] Element conservation is violated too large
[[93m[1m WARNING [21m[0m] at step: 325
[[93m[1m WARNING [21m[0m] -----------------------------------------------------------------
[[93m[1m WARNING [21m[0m] Element conservation is violated too large
[[93m[1m WARNING [21m[0m] at step: 326
[[93m[1m WARNING [21m[0m] -----------------------------------------------------------------
[[93m[1m WARNING [21m[0m] Element conservation is violated too large
[[93m[1m WARNING [21m[0m] at step: 327
[[93m[1m WARNING [21m[0m] -----------------------------------------------------------------
[[93m[1m WARNING [21m[0m] Element conservation is violated too large
[[93m[1m WARNING [21m[0m] at step: 328
[[93m[1m WARNING [21m[0m] -----------------------------------------------------------------
[[93m[1m WARNING [21m[0m] Element conservation is violated too large
[[93m[1m WARNING [21m[0m] at step: 330
[[93m[1m WARNING [21m[0m] -----------------------------------------------------------------
[[93m[1m WARNING [21m[0m] Element conservation is violated too large
[[93m[1m WARNING [21m[0m] at step: 331
[[93m[1m WARNING [21m[0m] -----------------------------------------------------------------
[[93m[1m WARNING [21m[0m] Element conservation is violated too large
[[93m[1m WARNING [21m[0m] at step: 331
[[93m[1m WARNING [21m[0m] -----------------------------------------------------------------
[[93m[1m WARNING [21m[0m] Element conservation is violated too large
[[93m[1m WARNING [21m[0m] at step: 333
[[93m[1m WARNING [21m[0m] -----------------------------------------------------------------
[[93m[1m WARNING [21m[0m] Element conservation is violated too large
[[93m[1m WARNING [21m[0m] at step: 333
[[93m[1m WARNING [21m[0m] -----------------------------------------------------------------
[[93m[1m WARNING [21m[0m] Element conservation is violated too large
[[93m[1m WARNING [21m[0m] at step: 335
[[93m[1m WARNING [21m[0m] -----------------------------------------------------------------
[[93m[1m WARNING [21m[0m] Element conservation is violated too large
[[93m[1m WARNING [21m[0m] at step: 336
[[93m[1m WARNING [21m[0m] -----------------------------------------------------------------
[[93m[1m WARNING [21m[0m] Element conservation is violated too large
[[93m[1m WARNING [21m[0m] at step: 336
[[93m[1m WARNING [21m[0m] -----------------------------------------------------------------
[[93m[1m WARNING [21m[0m] Element conservation is violated too large
[[93m[1m WARNING [21m[0m] at step: 336
[[93m[1m WARNING [21m[0m] -----------------------------------------------------------------
[[93m[1m WARNING [21m[0m] Keep producing negative values! Clipping negative solutions and moving on!
[[93m[1m WARNING [21m[0m] Element conservation is violated too large
[[93m[1m WARNING [21m[0m] at step: 337
[[93m[1m WARNING [21m[0m] -----------------------------------------------------------------
[[93m[1m WARNING [21m[0m] Element conservation is violated too large
[[93m[1m WARNING [21m[0m] at step: 337
[[93m[1m WARNING [21m[0m] -----------------------------------------------------------------
[[93m[1m WARNING [21m[0m] Keep producing negative values! Clipping negative solutions and moving on!
[[93m[1m WARNING [21m[0m] Element conservation is violated too large
[[93m[1m WARNING [21m[0m] at step: 338
[[93m[1m WARNING [21m[0m] -----------------------------------------------------------------
[[93m[1m WARNING [21m[0m] Element conservation is violated too large
[[93m[1m WARNING [21m[0m] at step: 338
[[93m[1m WARNING [21m[0m] -----------------------------------------------------------------
[[93m[1m WARNING [21m[0m] Keep producing negative values! Clipping negative solutions and moving on!
[[93m[1m WARNING [21m[0m] Element conservation is violated too large
[[93m[1m WARNING [21m[0m] at step: 339
[[93m[1m WARNING [21m[0m] -----------------------------------------------------------------
[[93m[1m WARNING [21m[0m] Element conservation is violated too large
[[93m[1m WARNING [21m[0m] at step: 340
[[93m[1m WARNING [21m[0m] -----------------------------------------------------------------
[[93m[1m WARNING [21m[0m] Element conservation is violated too large
[[93m[1m WARNING [21m[0m] at step: 341
[[93m[1m WARNING [21m[0m] -----------------------------------------------------------------
[[93m[1m WARNING [21m[0m] Element conservation is violated too large
[[93m[1m WARNING [21m[0m] at step: 343
[[93m[1m WARNING [21m[0m] -----------------------------------------------------------------
[[93m[1m WARNING [21m[0m] Element conservation is violated too large
[[93m[1m WARNING [21m[0m] at step: 343
[[93m[1m WARNING [21m[0m] -----------------------------------------------------------------
[[93m[1m WARNING [21m[0m] Element conservation is violated too large
[[93m[1m WARNING [21m[0m] at step: 344
[[93m[1m WARNING [21m[0m] -----------------------------------------------------------------
[[93m[1m WARNING [21m[0m] Element conservation is violated too large
[[93m[1m WARNING [21m[0m] at step: 345
[[93m[1m WARNING [21m[0m] -----------------------------------------------------------------
[[93m[1m WARNING [21m[0m] Element conservation is violated too large
[[93m[1m WARNING [21m[0m] at step: 346
[[93m[1m WARNING [21m[0m] -----------------------------------------------------------------
[[93m[1m WARNING [21m[0m] Element conservation is violated too large
[[93m[1m WARNING [21m[0m] at step: 348
[[93m[1m WARNING [21m[0m] -----------------------------------------------------------------
[[93m[1m WARNING [21m[0m] Element conservation is violated too large
[[93m[1m WARNING [21m[0m] at step: 348
[[93m[1m WARNING [21m[0m] -----------------------------------------------------------------
[[93m[1m WARNING [21m[0m] Element conservation is violated too large
[[93m[1m WARNING [21m[0m] at step: 349
[[93m[1m WARNING [21m[0m] -----------------------------------------------------------------
[[93m[1m WARNING [21m[0m] Element conservation is violated too large
[[93m[1m WARNING [21m[0m] at step: 350
[[93m[1m WARNING [21m[0m] -----------------------------------------------------------------
[[93m[1m WARNING [21m[0m] Element conservation is violated too large
[[93m[1m WARNING [21m[0m] at step: 352
[[93m[1m WARNING [21m[0m] -----------------------------------------------------------------
[[93m[1m WARNING [21m[0m] Element conservation is violated too large
[[93m[1m WARNING [21m[0m] at step: 352
[[93m[1m WARNING [21m[0m] -----------------------------------------------------------------
[[93m[1m WARNING [21m[0m] Element conservation is violated too large
[[93m[1m WARNING [21m[0m] at step: 353
[[93m[1m WARNING [21m[0m] -----------------------------------------------------------------
[[93m[1m WARNING [21m[0m] Element conservation is violated too large
[[93m[1m WARNING [21m[0m] at step: 354
[[93m[1m WARNING [21m[0m] -----------------------------------------------------------------
[[93m[1m WARNING [21m[0m] Element conservation is violated too large
[[93m[1m WARNING [21m[0m] at step: 355
[[93m[1m WARNING [21m[0m] -----------------------------------------------------------------
[[93m[1m WARNING [21m[0m] Element conservation is violated too large
[[93m[1m WARNING [21m[0m] at step: 357
[[93m[1m WARNING [21m[0m] -----------------------------------------------------------------
[[93m[1m WARNING [21m[0m] Element conservation is violated too large
[[93m[1m WARNING [21m[0m] at step: 357
[[93m[1m WARNING [21m[0m] -----------------------------------------------------------------
[[93m[1m WARNING [21m[0m] Element conservation is violated too large
[[93m[1m WARNING [21m[0m] at step: 357
[[93m[1m WARNING [21m[0m] -----------------------------------------------------------------
[[93m[1m WARNING [21m[0m] Keep producing negative values! Clipping negative solutions and moving on!
[[93m[1m WARNING [21m[0m] Element conservation is violated too large
[[93m[1m WARNING [21m[0m] at step: 358
[[93m[1m WARNING [21m[0m] -----------------------------------------------------------------
[[93m[1m WARNING [21m[0m] Element conservation is violated too large
[[93m[1m WARNING [21m[0m] at step: 359
[[93m[1m WARNING [21m[0m] -----------------------------------------------------------------
[[93m[1m WARNING [21m[0m] Element conservation is violated too large
[[93m[1m WARNING [21m[0m] at step: 360
[[93m[1m WARNING [21m[0m] -----------------------------------------------------------------
[[93m[1m WARNING [21m[0m] Element conservation is violated too large
[[93m[1m WARNING [21m[0m] at step: 361
[[93m[1m WARNING [21m[0m] -----------------------------------------------------------------
[[93m[1m WARNING [21m[0m] Element conservation is violated too large
[[93m[1m WARNING [21m[0m] at step: 362
[[93m[1m WARNING [21m[0m] -----------------------------------------------------------------
[[93m[1m WARNING [21m[0m] Element conservation is violated too large
[[93m[1m WARNING [21m[0m] at step: 363
[[93m[1m WARNING [21m[0m] -----------------------------------------------------------------
[[93m[1m WARNING [21m[0m] Element conservation is violated too large
[[93m[1m WARNING [21m[0m] at step: 364
[[93m[1m WARNING [21m[0m] -----------------------------------------------------------------
[[93m[1m WARNING [21m[0m] Element conservation is violated too large
[[93m[1m WARNING [21m[0m] at step: 364
[[93m[1m WARNING [21m[0m] -----------------------------------------------------------------
[[93m[1m WARNING [21m[0m] Keep producing negative values! Clipping negative solutions and moving on!
[[93m[1m WARNING [21m[0m] Element conservation is violated too large
[[93m[1m WARNING [21m[0m] at step: 366
[[93m[1m WARNING [21m[0m] -----------------------------------------------------------------
[[93m[1m WARNING [21m[0m] Element conservation is violated too large
[[93m[1m WARNING [21m[0m] at step: 367
[[93m[1m WARNING [21m[0m] -----------------------------------------------------------------
[[93m[1m WARNING [21m[0m] Element conservation is violated too large
[[93m[1m WARNING [21m[0m] at step: 369
[[93m[1m WARNING [21m[0m] -----------------------------------------------------------------
[[93m[1m WARNING [21m[0m] Element conservation is violated too large
[[93m[1m WARNING [21m[0m] at step: 369
[[93m[1m WARNING [21m[0m] -----------------------------------------------------------------
[[93m[1m WARNING [21m[0m] Element conservation is violated too large
[[93m[1m WARNING [21m[0m] at step: 371
[[93m[1m WARNING [21m[0m] -----------------------------------------------------------------
[[93m[1m WARNING [21m[0m] Element conservation is violated too large
[[93m[1m WARNING [21m[0m] at step: 372
[[93m[1m WARNING [21m[0m] -----------------------------------------------------------------
[[93m[1m WARNING [21m[0m] Element conservation is violated too large
[[93m[1m WARNING [21m[0m] at step: 372
[[93m[1m WARNING [21m[0m] -----------------------------------------------------------------
[[93m[1m WARNING [21m[0m] Element conservation is violated too large
[[93m[1m WARNING [21m[0m] at step: 373
[[93m[1m WARNING [21m[0m] -----------------------------------------------------------------
[[93m[1m WARNING [21m[0m] Element conservation is violated too large
[[93m[1m WARNING [21m[0m] at step: 373
[[93m[1m WARNING [21m[0m] -----------------------------------------------------------------
[[93m[1m WARNING [21m[0m] Keep producing negative values! Clipping negative solutions and moving on!
[[93m[1m WARNING [21m[0m] Element conservation is violated too large
[[93m[1m WARNING [21m[0m] at step: 375
[[93m[1m WARNING [21m[0m] -----------------------------------------------------------------
[[93m[1m WARNING [21m[0m] Element conservation is violated too large
[[93m[1m WARNING [21m[0m] at step: 375
[[93m[1m WARNING [21m[0m] -----------------------------------------------------------------
[[93m[1m WARNING [21m[0m] Element conservation is violated too large
[[93m[1m WARNING [21m[0m] at step: 377
[[93m[1m WARNING [21m[0m] -----------------------------------------------------------------
[[93m[1m WARNING [21m[0m] Element conservation is violated too large
[[93m[1m WARNING [21m[0m] at step: 377
[[93m[1m WARNING [21m[0m] -----------------------------------------------------------------
[[93m[1m WARNING [21m[0m] Element conservation is violated too large
[[93m[1m WARNING [21m[0m] at step: 380
[[93m[1m WARNING [21m[0m] -----------------------------------------------------------------
[[93m[1m WARNING [21m[0m] Element conservation is violated too large
[[93m[1m WARNING [21m[0m] at step: 381
[[93m[1m WARNING [21m[0m] -----------------------------------------------------------------
[[93m[1m WARNING [21m[0m] Element conservation is violated too large
[[93m[1m WARNING [21m[0m] at step: 381
[[93m[1m WARNING [21m[0m] -----------------------------------------------------------------
[[93m[1m WARNING [21m[0m] Element conservation is violated too large
[[93m[1m WARNING [21m[0m] at step: 381
[[93m[1m WARNING [21m[0m] -----------------------------------------------------------------
[[93m[1m WARNING [21m[0m] Keep producing negative values! Clipping negative solutions and moving on!
[[93m[1m WARNING [21m[0m] Element conservation is violated too large
[[93m[1m WARNING [21m[0m] at step: 383
[[93m[1m WARNING [21m[0m] -----------------------------------------------------------------
[[93m[1m WARNING [21m[0m] Element conservation is violated too large
[[93m[1m WARNING [21m[0m] at step: 384
[[93m[1m WARNING [21m[0m] -----------------------------------------------------------------
[[93m[1m WARNING [21m[0m] Element conservation is violated too large
[[93m[1m WARNING [21m[0m] at step: 386
[[93m[1m WARNING [21m[0m] -----------------------------------------------------------------
[[93m[1m WARNING [21m[0m] Element conservation is violated too large
[[93m[1m WARNING [21m[0m] at step: 386
[[93m[1m WARNING [21m[0m] -----------------------------------------------------------------
[[93m[1m WARNING [21m[0m] Element conservation is violated too large
[[93m[1m WARNING [21m[0m] at step: 387
[[93m[1m WARNING [21m[0m] -----------------------------------------------------------------
[[93m[1m WARNING [21m[0m] Element conservation is violated too large
[[93m[1m WARNING [21m[0m] at step: 389
[[93m[1m WARNING [21m[0m] -----------------------------------------------------------------
[[93m[1m WARNING [21m[0m] Element conservation is violated too large
[[93m[1m WARNING [21m[0m] at step: 390
[[93m[1m WARNING [21m[0m] -----------------------------------------------------------------
[[93m[1m WARNING [21m[0m] Element conservation is violated too large
[[93m[1m WARNING [21m[0m] at step: 391
[[93m[1m WARNING [21m[0m] -----------------------------------------------------------------
[[93m[1m WARNING [21m[0m] Element conservation is violated too large
[[93m[1m WARNING [21m[0m] at step: 391
[[93m[1m WARNING [21m[0m] -----------------------------------------------------------------
[[93m[1m WARNING [21m[0m] Element conservation is violated too large
[[93m[1m WARNING [21m[0m] at step: 393
[[93m[1m WARNING [21m[0m] -----------------------------------------------------------------
[[93m[1m WARNING [21m[0m] Element conservation is violated too large
[[93m[1m WARNING [21m[0m] at step: 394
[[93m[1m WARNING [21m[0m] -----------------------------------------------------------------
[[93m[1m WARNING [21m[0m] Element conservation is violated too large
[[93m[1m WARNING [21m[0m] at step: 395
[[93m[1m WARNING [21m[0m] -----------------------------------------------------------------
[[93m[1m WARNING [21m[0m] Element conservation is violated too large
[[93m[1m WARNING [21m[0m] at step: 395
[[93m[1m WARNING [21m[0m] -----------------------------------------------------------------
[[93m[1m WARNING [21m[0m] Element conservation is violated too large
[[93m[1m WARNING [21m[0m] at step: 396
[[93m[1m WARNING [21m[0m] -----------------------------------------------------------------
[[93m[1m WARNING [21m[0m] Element conservation is violated too large
[[93m[1m WARNING [21m[0m] at step: 397
[[93m[1m WARNING [21m[0m] -----------------------------------------------------------------
[[93m[1m WARNING [21m[0m] Element conservation is violated too large
[[93m[1m WARNING [21m[0m] at step: 398
[[93m[1m WARNING [21m[0m] -----------------------------------------------------------------
[[32m[1m INFO  [21m[0m] Elapsed time: 4.69e-06 || Step number: 400/30000
[[32m[1m INFO  [21m[0m] longdy = 1.00e+00      || longdy/dt = 1.00e+00  || dt = 5.78e-08
[[32m[1m INFO  [21m[0m] from nz = 0 and OH
[[32m[1m INFO  [21m[0m] -----------------------------------------------------------------
[[93m[1m WARNING [21m[0m] Element conservation is violated too large
[[93m[1m WARNING [21m[0m] at step: 400
[[93m[1m WARNING [21m[0m] -----------------------------------------------------------------
[[93m[1m WARNING [21m[0m] Element conservation is violated too large
[[93m[1m WARNING [21m[0m] at step: 400
[[93m[1m WARNING [21m[0m] -----------------------------------------------------------------
[[93m[1m WARNING [21m[0m] Element conservation is violated too large
[[93m[1m WARNING [21m[0m] at step: 401
[[93m[1m WARNING [21m[0m] -----------------------------------------------------------------
[[93m[1m WARNING [21m[0m] Element conservation is violated too large
[[93m[1m WARNING [21m[0m] at step: 401
[[93m[1m WARNING [21m[0m] -----------------------------------------------------------------
[[93m[1m WARNING [21m[0m] Keep producing negative values! Clipping negative solutions and moving on!
[[93m[1m WARNING [21m[0m] Element conservation is violated too large
[[93m[1m WARNING [21m[0m] at step: 403
[[93m[1m WARNING [21m[0m] -----------------------------------------------------------------
[[93m[1m WARNING [21m[0m] Element conservation is violated too large
[[93m[1m WARNING [21m[0m] at step: 404
[[93m[1m WARNING [21m[0m] -----------------------------------------------------------------
[[93m[1m WARNING [21m[0m] Element conservation is violated too large
[[93m[1m WARNING [21m[0m] at step: 404
[[93m[1m WARNING [21m[0m] -----------------------------------------------------------------
[[93m[1m WARNING [21m[0m] Element conservation is violated too large
[[93m[1m WARNING [21m[0m] at step: 408
[[93m[1m WARNING [21m[0m] -----------------------------------------------------------------
[[93m[1m WARNING [21m[0m] Element conservation is violated too large
[[93m[1m WARNING [21m[0m] at step: 408
[[93m[1m WARNING [21m[0m] -----------------------------------------------------------------
[[93m[1m WARNING [21m[0m] Element conservation is violated too large
[[93m[1m WARNING [21m[0m] at step: 409
[[93m[1m WARNING [21m[0m] -----------------------------------------------------------------
[[93m[1m WARNING [21m[0m] Element conservation is violated too large
[[93m[1m WARNING [21m[0m] at step: 410
[[93m[1m WARNING [21m[0m] -----------------------------------------------------------------
[[93m[1m WARNING [21m[0m] Element conservation is violated too large
[[93m[1m WARNING [21m[0m] at step: 411
[[93m[1m WARNING [21m[0m] -----------------------------------------------------------------
[[93m[1m WARNING [21m[0m] Element conservation is violated too large
[[93m[1m WARNING [21m[0m] at step: 413
[[93m[1m WARNING [21m[0m] -----------------------------------------------------------------
[[93m[1m WARNING [21m[0m] Element conservation is violated too large
[[93m[1m WARNING [21m[0m] at step: 415
[[93m[1m WARNING [21m[0m] -----------------------------------------------------------------
[[93m[1m WARNING [21m[0m] Element conservation is violated too large
[[93m[1m WARNING [21m[0m] at step: 416
[[93m[1m WARNING [21m[0m] -----------------------------------------------------------------
[[93m[1m WARNING [21m[0m] Element conservation is violated too large
[[93m[1m WARNING [21m[0m] at step: 417
[[93m[1m WARNING [21m[0m] -----------------------------------------------------------------
[[93m[1m WARNING [21m[0m] Element conservation is violated too large
[[93m[1m WARNING [21m[0m] at step: 417
[[93m[1m WARNING [21m[0m] -----------------------------------------------------------------
[[93m[1m WARNING [21m[0m] Element conservation is violated too large
[[93m[1m WARNING [21m[0m] at step: 419
[[93m[1m WARNING [21m[0m] -----------------------------------------------------------------
[[93m[1m WARNING [21m[0m] Element conservation is violated too large
[[93m[1m WARNING [21m[0m] at step: 420
[[93m[1m WARNING [21m[0m] -----------------------------------------------------------------
[[93m[1m WARNING [21m[0m] Element conservation is violated too large
[[93m[1m WARNING [21m[0m] at step: 421
[[93m[1m WARNING [21m[0m] -----------------------------------------------------------------
[[93m[1m WARNING [21m[0m] Element conservation is violated too large
[[93m[1m WARNING [21m[0m] at step: 422
[[93m[1m WARNING [21m[0m] -----------------------------------------------------------------
[[93m[1m WARNING [21m[0m] Element conservation is violated too large
[[93m[1m WARNING [21m[0m] at step: 422
[[93m[1m WARNING [21m[0m] -----------------------------------------------------------------
[[93m[1m WARNING [21m[0m] Element conservation is violated too large
[[93m[1m WARNING [21m[0m] at step: 425
[[93m[1m WARNING [21m[0m] -----------------------------------------------------------------
[[93m[1m WARNING [21m[0m] Element conservation is violated too large
[[93m[1m WARNING [21m[0m] at step: 426
[[93m[1m WARNING [21m[0m] -----------------------------------------------------------------
[[93m[1m WARNING [21m[0m] Element conservation is violated too large
[[93m[1m WARNING [21m[0m] at step: 426
[[93m[1m WARNING [21m[0m] -----------------------------------------------------------------
[[93m[1m WARNING [21m[0m] Element conservation is violated too large
[[93m[1m WARNING [21m[0m] at step: 427
[[93m[1m WARNING [21m[0m] -----------------------------------------------------------------
[[93m[1m WARNING [21m[0m] Element conservation is violated too large
[[93m[1m WARNING [21m[0m] at step: 429
[[93m[1m WARNING [21m[0m] -----------------------------------------------------------------
[[93m[1m WARNING [21m[0m] Element conservation is violated too large
[[93m[1m WARNING [21m[0m] at step: 430
[[93m[1m WARNING [21m[0m] -----------------------------------------------------------------
[[93m[1m WARNING [21m[0m] Element conservation is violated too large
[[93m[1m WARNING [21m[0m] at step: 432
[[93m[1m WARNING [21m[0m] -----------------------------------------------------------------
[[93m[1m WARNING [21m[0m] Element conservation is violated too large
[[93m[1m WARNING [21m[0m] at step: 433
[[93m[1m WARNING [21m[0m] -----------------------------------------------------------------
[[93m[1m WARNING [21m[0m] Element conservation is violated too large
[[93m[1m WARNING [21m[0m] at step: 433
[[93m[1m WARNING [21m[0m] -----------------------------------------------------------------
[[93m[1m WARNING [21m[0m] Element conservation is violated too large
[[93m[1m WARNING [21m[0m] at step: 434
[[93m[1m WARNING [21m[0m] -----------------------------------------------------------------
[[93m[1m WARNING [21m[0m] Element conservation is violated too large
[[93m[1m WARNING [21m[0m] at step: 436
[[93m[1m WARNING [21m[0m] -----------------------------------------------------------------
[[93m[1m WARNING [21m[0m] Element conservation is violated too large
[[93m[1m WARNING [21m[0m] at step: 436
[[93m[1m WARNING [21m[0m] -----------------------------------------------------------------
[[93m[1m WARNING [21m[0m] Element conservation is violated too large
[[93m[1m WARNING [21m[0m] at step: 437
[[93m[1m WARNING [21m[0m] -----------------------------------------------------------------
[[93m[1m WARNING [21m[0m] Element conservation is violated too large
[[93m[1m WARNING [21m[0m] at step: 438
[[93m[1m WARNING [21m[0m] -----------------------------------------------------------------
[[93m[1m WARNING [21m[0m] Element conservation is violated too large
[[93m[1m WARNING [21m[0m] at step: 439
[[93m[1m WARNING [21m[0m] -----------------------------------------------------------------
[[93m[1m WARNING [21m[0m] Element conservation is violated too large
[[93m[1m WARNING [21m[0m] at step: 441
[[93m[1m WARNING [21m[0m] -----------------------------------------------------------------
[[93m[1m WARNING [21m[0m] Element conservation is violated too large
[[93m[1m WARNING [21m[0m] at step: 441
[[93m[1m WARNING [21m[0m] -----------------------------------------------------------------
[[93m[1m WARNING [21m[0m] Element conservation is violated too large
[[93m[1m WARNING [21m[0m] at step: 443
[[93m[1m WARNING [21m[0m] -----------------------------------------------------------------
[[93m[1m WARNING [21m[0m] Element conservation is violated too large
[[93m[1m WARNING [21m[0m] at step: 443
[[93m[1m WARNING [21m[0m] -----------------------------------------------------------------
[[93m[1m WARNING [21m[0m] Element conservation is violated too large
[[93m[1m WARNING [21m[0m] at step: 445
[[93m[1m WARNING [21m[0m] -----------------------------------------------------------------
[[93m[1m WARNING [21m[0m] Element conservation is violated too large
[[93m[1m WARNING [21m[0m] at step: 446
[[93m[1m WARNING [21m[0m] -----------------------------------------------------------------
[[93m[1m WARNING [21m[0m] Element conservation is violated too large
[[93m[1m WARNING [21m[0m] at step: 447
[[93m[1m WARNING [21m[0m] -----------------------------------------------------------------
[[93m[1m WARNING [21m[0m] Element conservation is violated too large
[[93m[1m WARNING [21m[0m] at step: 447
[[93m[1m WARNING [21m[0m] -----------------------------------------------------------------
[[93m[1m WARNING [21m[0m] Element conservation is violated too large
[[93m[1m WARNING [21m[0m] at step: 448
[[93m[1m WARNING [21m[0m] -----------------------------------------------------------------
[[93m[1m WARNING [21m[0m] Element conservation is violated too large
[[93m[1m WARNING [21m[0m] at step: 449
[[93m[1m WARNING [21m[0m] -----------------------------------------------------------------
[[93m[1m WARNING [21m[0m] Element conservation is violated too large
[[93m[1m WARNING [21m[0m] at step: 451
[[93m[1m WARNING [21m[0m] -----------------------------------------------------------------
[[93m[1m WARNING [21m[0m] Element conservation is violated too large
[[93m[1m WARNING [21m[0m] at step: 451
[[93m[1m WARNING [21m[0m] -----------------------------------------------------------------
[[93m[1m WARNING [21m[0m] Element conservation is violated too large
[[93m[1m WARNING [21m[0m] at step: 453
[[93m[1m WARNING [21m[0m] -----------------------------------------------------------------
[[93m[1m WARNING [21m[0m] Element conservation is violated too large
[[93m[1m WARNING [21m[0m] at step: 454
[[93m[1m WARNING [21m[0m] -----------------------------------------------------------------
[[93m[1m WARNING [21m[0m] Element conservation is violated too large
[[93m[1m WARNING [21m[0m] at step: 455
[[93m[1m WARNING [21m[0m] -----------------------------------------------------------------
[[93m[1m WARNING [21m[0m] Element conservation is violated too large
[[93m[1m WARNING [21m[0m] at step: 456
[[93m[1m WARNING [21m[0m] -----------------------------------------------------------------
[[93m[1m WARNING [21m[0m] Element conservation is violated too large
[[93m[1m WARNING [21m[0m] at step: 457
[[93m[1m WARNING [21m[0m] -----------------------------------------------------------------
[[93m[1m WARNING [21m[0m] Element conservation is violated too large
[[93m[1m WARNING [21m[0m] at step: 458
[[93m[1m WARNING [21m[0m] -----------------------------------------------------------------
[[93m[1m WARNING [21m[0m] Element conservation is violated too large
[[93m[1m WARNING [21m[0m] at step: 458
[[93m[1m WARNING [21m[0m] -----------------------------------------------------------------
[[93m[1m WARNING [21m[0m] Element conservation is violated too large
[[93m[1m WARNING [21m[0m] at step: 460
[[93m[1m WARNING [21m[0m] -----------------------------------------------------------------
[[93m[1m WARNING [21m[0m] Element conservation is violated too large
[[93m[1m WARNING [21m[0m] at step: 461
[[93m[1m WARNING [21m[0m] -----------------------------------------------------------------
[[93m[1m WARNING [21m[0m] Element conservation is violated too large
[[93m[1m WARNING [21m[0m] at step: 463
[[93m[1m WARNING [21m[0m] -----------------------------------------------------------------
[[93m[1m WARNING [21m[0m] Element conservation is violated too large
[[93m[1m WARNING [21m[0m] at step: 465
[[93m[1m WARNING [21m[0m] -----------------------------------------------------------------
[[93m[1m WARNING [21m[0m] Element conservation is violated too large
[[93m[1m WARNING [21m[0m] at step: 467
[[93m[1m WARNING [21m[0m] -----------------------------------------------------------------
[[93m[1m WARNING [21m[0m] Element conservation is violated too large
[[93m[1m WARNING [21m[0m] at step: 468
[[93m[1m WARNING [21m[0m] -----------------------------------------------------------------
[[93m[1m WARNING [21m[0m] Element conservation is violated too large
[[93m[1m WARNING [21m[0m] at step: 470
[[93m[1m WARNING [21m[0m] -----------------------------------------------------------------
[[93m[1m WARNING [21m[0m] Element conservation is violated too large
[[93m[1m WARNING [21m[0m] at step: 471
[[93m[1m WARNING [21m[0m] -----------------------------------------------------------------
[[93m[1m WARNING [21m[0m] Element conservation is violated too large
[[93m[1m WARNING [21m[0m] at step: 472
[[93m[1m WARNING [21m[0m] -----------------------------------------------------------------
[[93m[1m WARNING [21m[0m] Element conservation is violated too large
[[93m[1m WARNING [21m[0m] at step: 473
[[93m[1m WARNING [21m[0m] -----------------------------------------------------------------
[[93m[1m WARNING [21m[0m] Element conservation is violated too large
[[93m[1m WARNING [21m[0m] at step: 475
[[93m[1m WARNING [21m[0m] -----------------------------------------------------------------
[[93m[1m WARNING [21m[0m] Element conservation is violated too large
[[93m[1m WARNING [21m[0m] at step: 476
[[93m[1m WARNING [21m[0m] -----------------------------------------------------------------
[[93m[1m WARNING [21m[0m] Element conservation is violated too large
[[93m[1m WARNING [21m[0m] at step: 477
[[93m[1m WARNING [21m[0m] -----------------------------------------------------------------
[[93m[1m WARNING [21m[0m] Element conservation is violated too large
[[93m[1m WARNING [21m[0m] at step: 478
[[93m[1m WARNING [21m[0m] -----------------------------------------------------------------
[[93m[1m WARNING [21m[0m] Element conservation is violated too large
[[93m[1m WARNING [21m[0m] at step: 479
[[93m[1m WARNING [21m[0m] -----------------------------------------------------------------
[[93m[1m WARNING [21m[0m] Element conservation is violated too large
[[93m[1m WARNING [21m[0m] at step: 480
[[93m[1m WARNING [21m[0m] -----------------------------------------------------------------
[[93m[1m WARNING [21m[0m] Element conservation is violated too large
[[93m[1m WARNING [21m[0m] at step: 481
[[93m[1m WARNING [21m[0m] -----------------------------------------------------------------
[[93m[1m WARNING [21m[0m] Element conservation is violated too large
[[93m[1m WARNING [21m[0m] at step: 482
[[93m[1m WARNING [21m[0m] -----------------------------------------------------------------
[[93m[1m WARNING [21m[0m] Element conservation is violated too large
[[93m[1m WARNING [21m[0m] at step: 483
[[93m[1m WARNING [21m[0m] -----------------------------------------------------------------
[[93m[1m WARNING [21m[0m] Element conservation is violated too large
[[93m[1m WARNING [21m[0m] at step: 485
[[93m[1m WARNING [21m[0m] -----------------------------------------------------------------
[[93m[1m WARNING [21m[0m] Element conservation is violated too large
[[93m[1m WARNING [21m[0m] at step: 487
[[93m[1m WARNING [21m[0m] -----------------------------------------------------------------
[[93m[1m WARNING [21m[0m] Element conservation is violated too large
[[93m[1m WARNING [21m[0m] at step: 491
[[93m[1m WARNING [21m[0m] -----------------------------------------------------------------
[[93m[1m WARNING [21m[0m] Element conservation is violated too large
[[93m[1m WARNING [21m[0m] at step: 492
[[93m[1m WARNING [21m[0m] -----------------------------------------------------------------
[[93m[1m WARNING [21m[0m] Element conservation is violated too large
[[93m[1m WARNING [21m[0m] at step: 496
[[93m[1m WARNING [21m[0m] -----------------------------------------------------------------
[[93m[1m WARNING [21m[0m] Element conservation is violated too large
[[93m[1m WARNING [21m[0m] at step: 498
[[93m[1m WARNING [21m[0m] -----------------------------------------------------------------
[[32m[1m INFO  [21m[0m] Elapsed time: 9.08e-06 || Step number: 500/30000
[[32m[1m INFO  [21m[0m] longdy = 1.00e+00      || longdy/dt = 1.00e+00  || dt = 1.61e-07
[[32m[1m INFO  [21m[0m] from nz = 0 and OH
[[32m[1m INFO  [21m[0m] -----------------------------------------------------------------
[[93m[1m WARNING [21m[0m] Element conservation is violated too large
[[93m[1m WARNING [21m[0m] at step: 502
[[93m[1m WARNING [21m[0m] -----------------------------------------------------------------
[[93m[1m WARNING [21m[0m] Element conservation is violated too large
[[93m[1m WARNING [21m[0m] at step: 503
[[93m[1m WARNING [21m[0m] -----------------------------------------------------------------
[[93m[1m WARNING [21m[0m] Element conservation is violated too large
[[93m[1m WARNING [21m[0m] at step: 504
[[93m[1m WARNING [21m[0m] -----------------------------------------------------------------
[[93m[1m WARNING [21m[0m] Element conservation is violated too large
[[93m[1m WARNING [21m[0m] at step: 505
[[93m[1m WARNING [21m[0m] -----------------------------------------------------------------
[[93m[1m WARNING [21m[0m] Element conservation is violated too large
[[93m[1m WARNING [21m[0m] at step: 506
[[93m[1m WARNING [21m[0m] -----------------------------------------------------------------
[[93m[1m WARNING [21m[0m] Element conservation is violated too large
[[93m[1m WARNING [21m[0m] at step: 507
[[93m[1m WARNING [21m[0m] -----------------------------------------------------------------
[[93m[1m WARNING [21m[0m] Element conservation is violated too large
[[93m[1m WARNING [21m[0m] at step: 508
[[93m[1m WARNING [21m[0m] -----------------------------------------------------------------
[[93m[1m WARNING [21m[0m] Element conservation is violated too large
[[93m[1m WARNING [21m[0m] at step: 509
[[93m[1m WARNING [21m[0m] -----------------------------------------------------------------
[[93m[1m WARNING [21m[0m] Element conservation is violated too large
[[93m[1m WARNING [21m[0m] at step: 510
[[93m[1m WARNING [21m[0m] -----------------------------------------------------------------
[[93m[1m WARNING [21m[0m] Element conservation is violated too large
[[93m[1m WARNING [21m[0m] at step: 511
[[93m[1m WARNING [21m[0m] -----------------------------------------------------------------
[[93m[1m WARNING [21m[0m] Element conservation is violated too large
[[93m[1m WARNING [21m[0m] at step: 513
[[93m[1m WARNING [21m[0m] -----------------------------------------------------------------
[[93m[1m WARNING [21m[0m] Element conservation is violated too large
[[93m[1m WARNING [21m[0m] at step: 516
[[93m[1m WARNING [21m[0m] -----------------------------------------------------------------
[[93m[1m WARNING [21m[0m] Element conservation is violated too large
[[93m[1m WARNING [21m[0m] at step: 518
[[93m[1m WARNING [21m[0m] -----------------------------------------------------------------
[[93m[1m WARNING [21m[0m] Element conservation is violated too large
[[93m[1m WARNING [21m[0m] at step: 519
[[93m[1m WARNING [21m[0m] -----------------------------------------------------------------
[[93m[1m WARNING [21m[0m] Element conservation is violated too large
[[93m[1m WARNING [21m[0m] at step: 523
[[93m[1m WARNING [21m[0m] -----------------------------------------------------------------
[[93m[1m WARNING [21m[0m] Element conservation is violated too large
[[93m[1m WARNING [21m[0m] at step: 524
[[93m[1m WARNING [21m[0m] -----------------------------------------------------------------
[[93m[1m WARNING [21m[0m] Element conservation is violated too large
[[93m[1m WARNING [21m[0m] at step: 525
[[93m[1m WARNING [21m[0m] -----------------------------------------------------------------
[[93m[1m WARNING [21m[0m] Element conservation is violated too large
[[93m[1m WARNING [21m[0m] at step: 525
[[93m[1m WARNING [21m[0m] -----------------------------------------------------------------
[[93m[1m WARNING [21m[0m] Element conservation is violated too large
[[93m[1m WARNING [21m[0m] at step: 526
[[93m[1m WARNING [21m[0m] -----------------------------------------------------------------
[[93m[1m WARNING [21m[0m] Element conservation is violated too large
[[93m[1m WARNING [21m[0m] at step: 527
[[93m[1m WARNING [21m[0m] -----------------------------------------------------------------
[[93m[1m WARNING [21m[0m] Element conservation is violated too large
[[93m[1m WARNING [21m[0m] at step: 529
[[93m[1m WARNING [21m[0m] -----------------------------------------------------------------
[[93m[1m WARNING [21m[0m] Element conservation is violated too large
[[93m[1m WARNING [21m[0m] at step: 530
[[93m[1m WARNING [21m[0m] -----------------------------------------------------------------
[[93m[1m WARNING [21m[0m] Element conservation is violated too large
[[93m[1m WARNING [21m[0m] at step: 530
[[93m[1m WARNING [21m[0m] -----------------------------------------------------------------
[[93m[1m WARNING [21m[0m] Element conservation is violated too large
[[93m[1m WARNING [21m[0m] at step: 531
[[93m[1m WARNING [21m[0m] -----------------------------------------------------------------
[[93m[1m WARNING [21m[0m] Element conservation is violated too large
[[93m[1m WARNING [21m[0m] at step: 532
[[93m[1m WARNING [21m[0m] -----------------------------------------------------------------
[[93m[1m WARNING [21m[0m] Element conservation is violated too large
[[93m[1m WARNING [21m[0m] at step: 534
[[93m[1m WARNING [21m[0m] -----------------------------------------------------------------
[[93m[1m WARNING [21m[0m] Element conservation is violated too large
[[93m[1m WARNING [21m[0m] at step: 534
[[93m[1m WARNING [21m[0m] -----------------------------------------------------------------
[[93m[1m WARNING [21m[0m] Element conservation is violated too large
[[93m[1m WARNING [21m[0m] at step: 536
[[93m[1m WARNING [21m[0m] -----------------------------------------------------------------
[[93m[1m WARNING [21m[0m] Element conservation is violated too large
[[93m[1m WARNING [21m[0m] at step: 536
[[93m[1m WARNING [21m[0m] -----------------------------------------------------------------
[[93m[1m WARNING [21m[0m] Element conservation is violated too large
[[93m[1m WARNING [21m[0m] at step: 537
[[93m[1m WARNING [21m[0m] -----------------------------------------------------------------
[[93m[1m WARNING [21m[0m] Element conservation is violated too large
[[93m[1m WARNING [21m[0m] at step: 538
[[93m[1m WARNING [21m[0m] -----------------------------------------------------------------
[[93m[1m WARNING [21m[0m] Element conservation is violated too large
[[93m[1m WARNING [21m[0m] at step: 539
[[93m[1m WARNING [21m[0m] -----------------------------------------------------------------
[[93m[1m WARNING [21m[0m] Element conservation is violated too large
[[93m[1m WARNING [21m[0m] at step: 540
[[93m[1m WARNING [21m[0m] -----------------------------------------------------------------
[[93m[1m WARNING [21m[0m] Element conservation is violated too large
[[93m[1m WARNING [21m[0m] at step: 542
[[93m[1m WARNING [21m[0m] -----------------------------------------------------------------
[[93m[1m WARNING [21m[0m] Element conservation is violated too large
[[93m[1m WARNING [21m[0m] at step: 543
[[93m[1m WARNING [21m[0m] -----------------------------------------------------------------
[[93m[1m WARNING [21m[0m] Element conservation is violated too large
[[93m[1m WARNING [21m[0m] at step: 544
[[93m[1m WARNING [21m[0m] -----------------------------------------------------------------
[[93m[1m WARNING [21m[0m] Element conservation is violated too large
[[93m[1m WARNING [21m[0m] at step: 545
[[93m[1m WARNING [21m[0m] -----------------------------------------------------------------
[[93m[1m WARNING [21m[0m] Element conservation is violated too large
[[93m[1m WARNING [21m[0m] at step: 546
[[93m[1m WARNING [21m[0m] -----------------------------------------------------------------
[[93m[1m WARNING [21m[0m] Element conservation is violated too large
[[93m[1m WARNING [21m[0m] at step: 546
[[93m[1m WARNING [21m[0m] -----------------------------------------------------------------
[[93m[1m WARNING [21m[0m] Element conservation is violated too large
[[93m[1m WARNING [21m[0m] at step: 547
[[93m[1m WARNING [21m[0m] -----------------------------------------------------------------
[[93m[1m WARNING [21m[0m] Element conservation is violated too large
[[93m[1m WARNING [21m[0m] at step: 548
[[93m[1m WARNING [21m[0m] -----------------------------------------------------------------
[[93m[1m WARNING [21m[0m] Element conservation is violated too large
[[93m[1m WARNING [21m[0m] at step: 550
[[93m[1m WARNING [21m[0m] -----------------------------------------------------------------
[[93m[1m WARNING [21m[0m] Element conservation is violated too large
[[93m[1m WARNING [21m[0m] at step: 550
[[93m[1m WARNING [21m[0m] -----------------------------------------------------------------
[[93m[1m WARNING [21m[0m] Element conservation is violated too large
[[93m[1m WARNING [21m[0m] at step: 551
[[93m[1m WARNING [21m[0m] -----------------------------------------------------------------
[[93m[1m WARNING [21m[0m] Element conservation is violated too large
[[93m[1m WARNING [21m[0m] at step: 553
[[93m[1m WARNING [21m[0m] -----------------------------------------------------------------
[[93m[1m WARNING [21m[0m] Element conservation is violated too large
[[93m[1m WARNING [21m[0m] at step: 554
[[93m[1m WARNING [21m[0m] -----------------------------------------------------------------
[[93m[1m WARNING [21m[0m] Element conservation is violated too large
[[93m[1m WARNING [21m[0m] at step: 556
[[93m[1m WARNING [21m[0m] -----------------------------------------------------------------
[[93m[1m WARNING [21m[0m] Element conservation is violated too large
[[93m[1m WARNING [21m[0m] at step: 558
[[93m[1m WARNING [21m[0m] -----------------------------------------------------------------
[[93m[1m WARNING [21m[0m] Element conservation is violated too large
[[93m[1m WARNING [21m[0m] at step: 558
[[93m[1m WARNING [21m[0m] -----------------------------------------------------------------
[[93m[1m WARNING [21m[0m] Element conservation is violated too large
[[93m[1m WARNING [21m[0m] at step: 559
[[93m[1m WARNING [21m[0m] -----------------------------------------------------------------
[[93m[1m WARNING [21m[0m] Element conservation is violated too large
[[93m[1m WARNING [21m[0m] at step: 562
[[93m[1m WARNING [21m[0m] -----------------------------------------------------------------
[[93m[1m WARNING [21m[0m] Element conservation is violated too large
[[93m[1m WARNING [21m[0m] at step: 562
[[93m[1m WARNING [21m[0m] -----------------------------------------------------------------
[[93m[1m WARNING [21m[0m] Element conservation is violated too large
[[93m[1m WARNING [21m[0m] at step: 564
[[93m[1m WARNING [21m[0m] -----------------------------------------------------------------
[[93m[1m WARNING [21m[0m] Element conservation is violated too large
[[93m[1m WARNING [21m[0m] at step: 564
[[93m[1m WARNING [21m[0m] -----------------------------------------------------------------
[[93m[1m WARNING [21m[0m] Element conservation is violated too large
[[93m[1m WARNING [21m[0m] at step: 566
[[93m[1m WARNING [21m[0m] -----------------------------------------------------------------
[[93m[1m WARNING [21m[0m] Element conservation is violated too large
[[93m[1m WARNING [21m[0m] at step: 567
[[93m[1m WARNING [21m[0m] -----------------------------------------------------------------
[[93m[1m WARNING [21m[0m] Element conservation is violated too large
[[93m[1m WARNING [21m[0m] at step: 567
[[93m[1m WARNING [21m[0m] -----------------------------------------------------------------
[[93m[1m WARNING [21m[0m] Element conservation is violated too large
[[93m[1m WARNING [21m[0m] at step: 568
[[93m[1m WARNING [21m[0m] -----------------------------------------------------------------
[[93m[1m WARNING [21m[0m] Element conservation is violated too large
[[93m[1m WARNING [21m[0m] at step: 569
[[93m[1m WARNING [21m[0m] -----------------------------------------------------------------
[[93m[1m WARNING [21m[0m] Element conservation is violated too large
[[93m[1m WARNING [21m[0m] at step: 570
[[93m[1m WARNING [21m[0m] -----------------------------------------------------------------
[[93m[1m WARNING [21m[0m] Element conservation is violated too large
[[93m[1m WARNING [21m[0m] at step: 571
[[93m[1m WARNING [21m[0m] -----------------------------------------------------------------
[[93m[1m WARNING [21m[0m] Element conservation is violated too large
[[93m[1m WARNING [21m[0m] at step: 573
[[93m[1m WARNING [21m[0m] -----------------------------------------------------------------
[[93m[1m WARNING [21m[0m] Element conservation is violated too large
[[93m[1m WARNING [21m[0m] at step: 575
[[93m[1m WARNING [21m[0m] -----------------------------------------------------------------
[[93m[1m WARNING [21m[0m] Element conservation is violated too large
[[93m[1m WARNING [21m[0m] at step: 577
[[93m[1m WARNING [21m[0m] -----------------------------------------------------------------
[[93m[1m WARNING [21m[0m] Element conservation is violated too large
[[93m[1m WARNING [21m[0m] at step: 578
[[93m[1m WARNING [21m[0m] -----------------------------------------------------------------
[[93m[1m WARNING [21m[0m] Element conservation is violated too large
[[93m[1m WARNING [21m[0m] at step: 580
[[93m[1m WARNING [21m[0m] -----------------------------------------------------------------
[[93m[1m WARNING [21m[0m] Element conservation is violated too large
[[93m[1m WARNING [21m[0m] at step: 580
[[93m[1m WARNING [21m[0m] -----------------------------------------------------------------
[[93m[1m WARNING [21m[0m] Element conservation is violated too large
[[93m[1m WARNING [21m[0m] at step: 582
[[93m[1m WARNING [21m[0m] -----------------------------------------------------------------
[[93m[1m WARNING [21m[0m] Element conservation is violated too large
[[93m[1m WARNING [21m[0m] at step: 582
[[93m[1m WARNING [21m[0m] -----------------------------------------------------------------
[[93m[1m WARNING [21m[0m] Element conservation is violated too large
[[93m[1m WARNING [21m[0m] at step: 583
[[93m[1m WARNING [21m[0m] -----------------------------------------------------------------
[[93m[1m WARNING [21m[0m] Element conservation is violated too large
[[93m[1m WARNING [21m[0m] at step: 584
[[93m[1m WARNING [21m[0m] -----------------------------------------------------------------
[[93m[1m WARNING [21m[0m] Element conservation is violated too large
[[93m[1m WARNING [21m[0m] at step: 588
[[93m[1m WARNING [21m[0m] -----------------------------------------------------------------
[[93m[1m WARNING [21m[0m] Element conservation is violated too large
[[93m[1m WARNING [21m[0m] at step: 590
[[93m[1m WARNING [21m[0m] -----------------------------------------------------------------
[[93m[1m WARNING [21m[0m] Element conservation is violated too large
[[93m[1m WARNING [21m[0m] at step: 590
[[93m[1m WARNING [21m[0m] -----------------------------------------------------------------
[[93m[1m WARNING [21m[0m] Element conservation is violated too large
[[93m[1m WARNING [21m[0m] at step: 592
[[93m[1m WARNING [21m[0m] -----------------------------------------------------------------
[[93m[1m WARNING [21m[0m] Element conservation is violated too large
[[93m[1m WARNING [21m[0m] at step: 593
[[93m[1m WARNING [21m[0m] -----------------------------------------------------------------
[[93m[1m WARNING [21m[0m] Element conservation is violated too large
[[93m[1m WARNING [21m[0m] at step: 593
[[93m[1m WARNING [21m[0m] -----------------------------------------------------------------
[[93m[1m WARNING [21m[0m] Element conservation is violated too large
[[93m[1m WARNING [21m[0m] at step: 595
[[93m[1m WARNING [21m[0m] -----------------------------------------------------------------
[[93m[1m WARNING [21m[0m] Element conservation is violated too large
[[93m[1m WARNING [21m[0m] at step: 596
[[93m[1m WARNING [21m[0m] -----------------------------------------------------------------
[[93m[1m WARNING [21m[0m] Element conservation is violated too large
[[93m[1m WARNING [21m[0m] at step: 597
[[93m[1m WARNING [21m[0m] -----------------------------------------------------------------
[[93m[1m WARNING [21m[0m] Element conservation is violated too large
[[93m[1m WARNING [21m[0m] at step: 599
[[93m[1m WARNING [21m[0m] -----------------------------------------------------------------
[[32m[1m INFO  [21m[0m] Elapsed time: 1.77e-05 || Step number: 600/30000
[[32m[1m INFO  [21m[0m] longdy = 1.00e+00      || longdy/dt = 1.00e+00  || dt = 2.06e-07
[[32m[1m INFO  [21m[0m] from nz = 0 and OH
[[32m[1m INFO  [21m[0m] -----------------------------------------------------------------
[[93m[1m WARNING [21m[0m] Element conservation is violated too large
[[93m[1m WARNING [21m[0m] at step: 600
[[93m[1m WARNING [21m[0m] -----------------------------------------------------------------
[[93m[1m WARNING [21m[0m] Element conservation is violated too large
[[93m[1m WARNING [21m[0m] at step: 601
[[93m[1m WARNING [21m[0m] -----------------------------------------------------------------
[[93m[1m WARNING [21m[0m] Element conservation is violated too large
[[93m[1m WARNING [21m[0m] at step: 601
[[93m[1m WARNING [21m[0m] -----------------------------------------------------------------
[[93m[1m WARNING [21m[0m] Element conservation is violated too large
[[93m[1m WARNING [21m[0m] at step: 603
[[93m[1m WARNING [21m[0m] -----------------------------------------------------------------
[[93m[1m WARNING [21m[0m] Element conservation is violated too large
[[93m[1m WARNING [21m[0m] at step: 604
[[93m[1m WARNING [21m[0m] -----------------------------------------------------------------
[[93m[1m WARNING [21m[0m] Element conservation is violated too large
[[93m[1m WARNING [21m[0m] at step: 605
[[93m[1m WARNING [21m[0m] -----------------------------------------------------------------
[[93m[1m WARNING [21m[0m] Element conservation is violated too large
[[93m[1m WARNING [21m[0m] at step: 607
[[93m[1m WARNING [21m[0m] -----------------------------------------------------------------
[[93m[1m WARNING [21m[0m] Element conservation is violated too large
[[93m[1m WARNING [21m[0m] at step: 608
[[93m[1m WARNING [21m[0m] -----------------------------------------------------------------
[[93m[1m WARNING [21m[0m] Element conservation is violated too large
[[93m[1m WARNING [21m[0m] at step: 609
[[93m[1m WARNING [21m[0m] -----------------------------------------------------------------
[[93m[1m WARNING [21m[0m] Element conservation is violated too large
[[93m[1m WARNING [21m[0m] at step: 611
[[93m[1m WARNING [21m[0m] -----------------------------------------------------------------
[[93m[1m WARNING [21m[0m] Element conservation is violated too large
[[93m[1m WARNING [21m[0m] at step: 611
[[93m[1m WARNING [21m[0m] -----------------------------------------------------------------
[[93m[1m WARNING [21m[0m] Element conservation is violated too large
[[93m[1m WARNING [21m[0m] at step: 613
[[93m[1m WARNING [21m[0m] -----------------------------------------------------------------
[[93m[1m WARNING [21m[0m] Element conservation is violated too large
[[93m[1m WARNING [21m[0m] at step: 616
[[93m[1m WARNING [21m[0m] -----------------------------------------------------------------
[[93m[1m WARNING [21m[0m] Element conservation is violated too large
[[93m[1m WARNING [21m[0m] at step: 617
[[93m[1m WARNING [21m[0m] -----------------------------------------------------------------
[[93m[1m WARNING [21m[0m] Element conservation is violated too large
[[93m[1m WARNING [21m[0m] at step: 617
[[93m[1m WARNING [21m[0m] -----------------------------------------------------------------
[[93m[1m WARNING [21m[0m] Element conservation is violated too large
[[93m[1m WARNING [21m[0m] at step: 619
[[93m[1m WARNING [21m[0m] -----------------------------------------------------------------
[[93m[1m WARNING [21m[0m] Element conservation is violated too large
[[93m[1m WARNING [21m[0m] at step: 620
[[93m[1m WARNING [21m[0m] -----------------------------------------------------------------
[[93m[1m WARNING [21m[0m] Element conservation is violated too large
[[93m[1m WARNING [21m[0m] at step: 621
[[93m[1m WARNING [21m[0m] -----------------------------------------------------------------
[[93m[1m WARNING [21m[0m] Element conservation is violated too large
[[93m[1m WARNING [21m[0m] at step: 622
[[93m[1m WARNING [21m[0m] -----------------------------------------------------------------
[[93m[1m WARNING [21m[0m] Element conservation is violated too large
[[93m[1m WARNING [21m[0m] at step: 623
[[93m[1m WARNING [21m[0m] -----------------------------------------------------------------
[[93m[1m WARNING [21m[0m] Element conservation is violated too large
[[93m[1m WARNING [21m[0m] at step: 625
[[93m[1m WARNING [21m[0m] -----------------------------------------------------------------
[[93m[1m WARNING [21m[0m] Element conservation is violated too large
[[93m[1m WARNING [21m[0m] at step: 625
[[93m[1m WARNING [21m[0m] -----------------------------------------------------------------
[[93m[1m WARNING [21m[0m] Element conservation is violated too large
[[93m[1m WARNING [21m[0m] at step: 628
[[93m[1m WARNING [21m[0m] -----------------------------------------------------------------
[[93m[1m WARNING [21m[0m] Element conservation is violated too large
[[93m[1m WARNING [21m[0m] at step: 630
[[93m[1m WARNING [21m[0m] -----------------------------------------------------------------
[[93m[1m WARNING [21m[0m] Element conservation is violated too large
[[93m[1m WARNING [21m[0m] at step: 631
[[93m[1m WARNING [21m[0m] -----------------------------------------------------------------
[[93m[1m WARNING [21m[0m] Element conservation is violated too large
[[93m[1m WARNING [21m[0m] at step: 632
[[93m[1m WARNING [21m[0m] -----------------------------------------------------------------
[[93m[1m WARNING [21m[0m] Element conservation is violated too large
[[93m[1m WARNING [21m[0m] at step: 633
[[93m[1m WARNING [21m[0m] -----------------------------------------------------------------
[[93m[1m WARNING [21m[0m] Element conservation is violated too large
[[93m[1m WARNING [21m[0m] at step: 633
[[93m[1m WARNING [21m[0m] -----------------------------------------------------------------
[[93m[1m WARNING [21m[0m] Element conservation is violated too large
[[93m[1m WARNING [21m[0m] at step: 635
[[93m[1m WARNING [21m[0m] -----------------------------------------------------------------
[[93m[1m WARNING [21m[0m] Element conservation is violated too large
[[93m[1m WARNING [21m[0m] at step: 636
[[93m[1m WARNING [21m[0m] -----------------------------------------------------------------
[[93m[1m WARNING [21m[0m] Element conservation is violated too large
[[93m[1m WARNING [21m[0m] at step: 636
[[93m[1m WARNING [21m[0m] -----------------------------------------------------------------
[[93m[1m WARNING [21m[0m] Element conservation is violated too large
[[93m[1m WARNING [21m[0m] at step: 637
[[93m[1m WARNING [21m[0m] -----------------------------------------------------------------
[[93m[1m WARNING [21m[0m] Element conservation is violated too large
[[93m[1m WARNING [21m[0m] at step: 639
[[93m[1m WARNING [21m[0m] -----------------------------------------------------------------
[[93m[1m WARNING [21m[0m] Element conservation is violated too large
[[93m[1m WARNING [21m[0m] at step: 639
[[93m[1m WARNING [21m[0m] -----------------------------------------------------------------
[[93m[1m WARNING [21m[0m] Element conservation is violated too large
[[93m[1m WARNING [21m[0m] at step: 640
[[93m[1m WARNING [21m[0m] -----------------------------------------------------------------
[[93m[1m WARNING [21m[0m] Element conservation is violated too large
[[93m[1m WARNING [21m[0m] at step: 642
[[93m[1m WARNING [21m[0m] -----------------------------------------------------------------
[[93m[1m WARNING [21m[0m] Element conservation is violated too large
[[93m[1m WARNING [21m[0m] at step: 646
[[93m[1m WARNING [21m[0m] -----------------------------------------------------------------
[[93m[1m WARNING [21m[0m] Element conservation is violated too large
[[93m[1m WARNING [21m[0m] at step: 651
[[93m[1m WARNING [21m[0m] -----------------------------------------------------------------
[[93m[1m WARNING [21m[0m] Element conservation is violated too large
[[93m[1m WARNING [21m[0m] at step: 652
[[93m[1m WARNING [21m[0m] -----------------------------------------------------------------
[[93m[1m WARNING [21m[0m] Element conservation is violated too large
[[93m[1m WARNING [21m[0m] at step: 653
[[93m[1m WARNING [21m[0m] -----------------------------------------------------------------
[[93m[1m WARNING [21m[0m] Element conservation is violated too large
[[93m[1m WARNING [21m[0m] at step: 655
[[93m[1m WARNING [21m[0m] -----------------------------------------------------------------
[[93m[1m WARNING [21m[0m] Element conservation is violated too large
[[93m[1m WARNING [21m[0m] at step: 656
[[93m[1m WARNING [21m[0m] -----------------------------------------------------------------
[[93m[1m WARNING [21m[0m] Element conservation is violated too large
[[93m[1m WARNING [21m[0m] at step: 656
[[93m[1m WARNING [21m[0m] -----------------------------------------------------------------
[[93m[1m WARNING [21m[0m] Element conservation is violated too large
[[93m[1m WARNING [21m[0m] at step: 658
[[93m[1m WARNING [21m[0m] -----------------------------------------------------------------
[[93m[1m WARNING [21m[0m] Element conservation is violated too large
[[93m[1m WARNING [21m[0m] at step: 658
[[93m[1m WARNING [21m[0m] -----------------------------------------------------------------
[[93m[1m WARNING [21m[0m] Element conservation is violated too large
[[93m[1m WARNING [21m[0m] at step: 658
[[93m[1m WARNING [21m[0m] -----------------------------------------------------------------
[[93m[1m WARNING [21m[0m] Element conservation is violated too large
[[93m[1m WARNING [21m[0m] at step: 660
[[93m[1m WARNING [21m[0m] -----------------------------------------------------------------
[[93m[1m WARNING [21m[0m] Element conservation is violated too large
[[93m[1m WARNING [21m[0m] at step: 662
[[93m[1m WARNING [21m[0m] -----------------------------------------------------------------
[[93m[1m WARNING [21m[0m] Element conservation is violated too large
[[93m[1m WARNING [21m[0m] at step: 662
[[93m[1m WARNING [21m[0m] -----------------------------------------------------------------
[[93m[1m WARNING [21m[0m] Element conservation is violated too large
[[93m[1m WARNING [21m[0m] at step: 663
[[93m[1m WARNING [21m[0m] -----------------------------------------------------------------
[[93m[1m WARNING [21m[0m] Element conservation is violated too large
[[93m[1m WARNING [21m[0m] at step: 664
[[93m[1m WARNING [21m[0m] -----------------------------------------------------------------
[[93m[1m WARNING [21m[0m] Element conservation is violated too large
[[93m[1m WARNING [21m[0m] at step: 666
[[93m[1m WARNING [21m[0m] -----------------------------------------------------------------
[[93m[1m WARNING [21m[0m] Element conservation is violated too large
[[93m[1m WARNING [21m[0m] at step: 666
[[93m[1m WARNING [21m[0m] -----------------------------------------------------------------
[[93m[1m WARNING [21m[0m] Element conservation is violated too large
[[93m[1m WARNING [21m[0m] at step: 668
[[93m[1m WARNING [21m[0m] -----------------------------------------------------------------
[[93m[1m WARNING [21m[0m] Element conservation is violated too large
[[93m[1m WARNING [21m[0m] at step: 669
[[93m[1m WARNING [21m[0m] -----------------------------------------------------------------
[[93m[1m WARNING [21m[0m] Element conservation is violated too large
[[93m[1m WARNING [21m[0m] at step: 670
[[93m[1m WARNING [21m[0m] -----------------------------------------------------------------
[[93m[1m WARNING [21m[0m] Element conservation is violated too large
[[93m[1m WARNING [21m[0m] at step: 671
[[93m[1m WARNING [21m[0m] -----------------------------------------------------------------
[[93m[1m WARNING [21m[0m] Element conservation is violated too large
[[93m[1m WARNING [21m[0m] at step: 671
[[93m[1m WARNING [21m[0m] -----------------------------------------------------------------
[[93m[1m WARNING [21m[0m] Element conservation is violated too large
[[93m[1m WARNING [21m[0m] at step: 672
[[93m[1m WARNING [21m[0m] -----------------------------------------------------------------
[[93m[1m WARNING [21m[0m] Element conservation is violated too large
[[93m[1m WARNING [21m[0m] at step: 673
[[93m[1m WARNING [21m[0m] -----------------------------------------------------------------
[[93m[1m WARNING [21m[0m] Element conservation is violated too large
[[93m[1m WARNING [21m[0m] at step: 673
[[93m[1m WARNING [21m[0m] -----------------------------------------------------------------
[[93m[1m WARNING [21m[0m] Element conservation is violated too large
[[93m[1m WARNING [21m[0m] at step: 675
[[93m[1m WARNING [21m[0m] -----------------------------------------------------------------
[[93m[1m WARNING [21m[0m] Element conservation is violated too large
[[93m[1m WARNING [21m[0m] at step: 676
[[93m[1m WARNING [21m[0m] -----------------------------------------------------------------
[[93m[1m WARNING [21m[0m] Element conservation is violated too large
[[93m[1m WARNING [21m[0m] at step: 679
[[93m[1m WARNING [21m[0m] -----------------------------------------------------------------
[[93m[1m WARNING [21m[0m] Element conservation is violated too large
[[93m[1m WARNING [21m[0m] at step: 679
[[93m[1m WARNING [21m[0m] -----------------------------------------------------------------
[[93m[1m WARNING [21m[0m] Element conservation is violated too large
[[93m[1m WARNING [21m[0m] at step: 679
[[93m[1m WARNING [21m[0m] -----------------------------------------------------------------
[[93m[1m WARNING [21m[0m] Element conservation is violated too large
[[93m[1m WARNING [21m[0m] at step: 680
[[93m[1m WARNING [21m[0m] -----------------------------------------------------------------
[[93m[1m WARNING [21m[0m] Element conservation is violated too large
[[93m[1m WARNING [21m[0m] at step: 681
[[93m[1m WARNING [21m[0m] -----------------------------------------------------------------
[[93m[1m WARNING [21m[0m] Element conservation is violated too large
[[93m[1m WARNING [21m[0m] at step: 684
[[93m[1m WARNING [21m[0m] -----------------------------------------------------------------
[[93m[1m WARNING [21m[0m] Element conservation is violated too large
[[93m[1m WARNING [21m[0m] at step: 685
[[93m[1m WARNING [21m[0m] -----------------------------------------------------------------
[[93m[1m WARNING [21m[0m] Element conservation is violated too large
[[93m[1m WARNING [21m[0m] at step: 686
[[93m[1m WARNING [21m[0m] -----------------------------------------------------------------
[[93m[1m WARNING [21m[0m] Element conservation is violated too large
[[93m[1m WARNING [21m[0m] at step: 687
[[93m[1m WARNING [21m[0m] -----------------------------------------------------------------
[[93m[1m WARNING [21m[0m] Element conservation is violated too large
[[93m[1m WARNING [21m[0m] at step: 687
[[93m[1m WARNING [21m[0m] -----------------------------------------------------------------
[[93m[1m WARNING [21m[0m] Element conservation is violated too large
[[93m[1m WARNING [21m[0m] at step: 689
[[93m[1m WARNING [21m[0m] -----------------------------------------------------------------
[[93m[1m WARNING [21m[0m] Element conservation is violated too large
[[93m[1m WARNING [21m[0m] at step: 690
[[93m[1m WARNING [21m[0m] -----------------------------------------------------------------
[[93m[1m WARNING [21m[0m] Element conservation is violated too large
[[93m[1m WARNING [21m[0m] at step: 691
[[93m[1m WARNING [21m[0m] -----------------------------------------------------------------
[[93m[1m WARNING [21m[0m] Element conservation is violated too large
[[93m[1m WARNING [21m[0m] at step: 691
[[93m[1m WARNING [21m[0m] -----------------------------------------------------------------
[[93m[1m WARNING [21m[0m] Element conservation is violated too large
[[93m[1m WARNING [21m[0m] at step: 692
[[93m[1m WARNING [21m[0m] -----------------------------------------------------------------
[[93m[1m WARNING [21m[0m] Element conservation is violated too large
[[93m[1m WARNING [21m[0m] at step: 694
[[93m[1m WARNING [21m[0m] -----------------------------------------------------------------
[[93m[1m WARNING [21m[0m] Element conservation is violated too large
[[93m[1m WARNING [21m[0m] at step: 696
[[93m[1m WARNING [21m[0m] -----------------------------------------------------------------
[[93m[1m WARNING [21m[0m] Element conservation is violated too large
[[93m[1m WARNING [21m[0m] at step: 697
[[93m[1m WARNING [21m[0m] -----------------------------------------------------------------
[[93m[1m WARNING [21m[0m] Element conservation is violated too large
[[93m[1m WARNING [21m[0m] at step: 697
[[93m[1m WARNING [21m[0m] -----------------------------------------------------------------
[[93m[1m WARNING [21m[0m] Element conservation is violated too large
[[93m[1m WARNING [21m[0m] at step: 698
[[93m[1m WARNING [21m[0m] -----------------------------------------------------------------
[[93m[1m WARNING [21m[0m] Element conservation is violated too large
[[93m[1m WARNING [21m[0m] at step: 699
[[93m[1m WARNING [21m[0m] -----------------------------------------------------------------
[[93m[1m WARNING [21m[0m] Element conservation is violated too large
[[93m[1m WARNING [21m[0m] at step: 699
[[93m[1m WARNING [21m[0m] -----------------------------------------------------------------
[[32m[1m INFO  [21m[0m] Elapsed time: 3.06e-05 || Step number: 700/30000
[[32m[1m INFO  [21m[0m] longdy = 1.00e+00      || longdy/dt = 1.00e+00  || dt = 1.35e-07
[[32m[1m INFO  [21m[0m] from nz = 0 and OH
[[32m[1m INFO  [21m[0m] -----------------------------------------------------------------
[[93m[1m WARNING [21m[0m] Element conservation is violated too large
[[93m[1m WARNING [21m[0m] at step: 700
[[93m[1m WARNING [21m[0m] -----------------------------------------------------------------
[[93m[1m WARNING [21m[0m] Element conservation is violated too large
[[93m[1m WARNING [21m[0m] at step: 702
[[93m[1m WARNING [21m[0m] -----------------------------------------------------------------
[[93m[1m WARNING [21m[0m] Element conservation is violated too large
[[93m[1m WARNING [21m[0m] at step: 704
[[93m[1m WARNING [21m[0m] -----------------------------------------------------------------
[[93m[1m WARNING [21m[0m] Element conservation is violated too large
[[93m[1m WARNING [21m[0m] at step: 704
[[93m[1m WARNING [21m[0m] -----------------------------------------------------------------
[[93m[1m WARNING [21m[0m] Element conservation is violated too large
[[93m[1m WARNING [21m[0m] at step: 706
[[93m[1m WARNING [21m[0m] -----------------------------------------------------------------
[[93m[1m WARNING [21m[0m] Element conservation is violated too large
[[93m[1m WARNING [21m[0m] at step: 707
[[93m[1m WARNING [21m[0m] -----------------------------------------------------------------
[[93m[1m WARNING [21m[0m] Element conservation is violated too large
[[93m[1m WARNING [21m[0m] at step: 708
[[93m[1m WARNING [21m[0m] -----------------------------------------------------------------
[[93m[1m WARNING [21m[0m] Element conservation is violated too large
[[93m[1m WARNING [21m[0m] at step: 716
[[93m[1m WARNING [21m[0m] -----------------------------------------------------------------
[[93m[1m WARNING [21m[0m] Element conservation is violated too large
[[93m[1m WARNING [21m[0m] at step: 723
[[93m[1m WARNING [21m[0m] -----------------------------------------------------------------
[[93m[1m WARNING [21m[0m] Element conservation is violated too large
[[93m[1m WARNING [21m[0m] at step: 724
[[93m[1m WARNING [21m[0m] -----------------------------------------------------------------
[[93m[1m WARNING [21m[0m] Element conservation is violated too large
[[93m[1m WARNING [21m[0m] at step: 724
[[93m[1m WARNING [21m[0m] -----------------------------------------------------------------
[[93m[1m WARNING [21m[0m] Element conservation is violated too large
[[93m[1m WARNING [21m[0m] at step: 726
[[93m[1m WARNING [21m[0m] -----------------------------------------------------------------
[[93m[1m WARNING [21m[0m] Element conservation is violated too large
[[93m[1m WARNING [21m[0m] at step: 727
[[93m[1m WARNING [21m[0m] -----------------------------------------------------------------
[[93m[1m WARNING [21m[0m] Element conservation is violated too large
[[93m[1m WARNING [21m[0m] at step: 731
[[93m[1m WARNING [21m[0m] -----------------------------------------------------------------
[[93m[1m WARNING [21m[0m] Element conservation is violated too large
[[93m[1m WARNING [21m[0m] at step: 731
[[93m[1m WARNING [21m[0m] -----------------------------------------------------------------
[[93m[1m WARNING [21m[0m] Element conservation is violated too large
[[93m[1m WARNING [21m[0m] at step: 732
[[93m[1m WARNING [21m[0m] -----------------------------------------------------------------
[[93m[1m WARNING [21m[0m] Element conservation is violated too large
[[93m[1m WARNING [21m[0m] at step: 734
[[93m[1m WARNING [21m[0m] -----------------------------------------------------------------
[[93m[1m WARNING [21m[0m] Element conservation is violated too large
[[93m[1m WARNING [21m[0m] at step: 734
[[93m[1m WARNING [21m[0m] -----------------------------------------------------------------
[[93m[1m WARNING [21m[0m] Element conservation is violated too large
[[93m[1m WARNING [21m[0m] at step: 736
[[93m[1m WARNING [21m[0m] -----------------------------------------------------------------
[[93m[1m WARNING [21m[0m] Element conservation is violated too large
[[93m[1m WARNING [21m[0m] at step: 736
[[93m[1m WARNING [21m[0m] -----------------------------------------------------------------
[[93m[1m WARNING [21m[0m] Element conservation is violated too large
[[93m[1m WARNING [21m[0m] at step: 738
[[93m[1m WARNING [21m[0m] -----------------------------------------------------------------
[[93m[1m WARNING [21m[0m] Element conservation is violated too large
[[93m[1m WARNING [21m[0m] at step: 739
[[93m[1m WARNING [21m[0m] -----------------------------------------------------------------
[[93m[1m WARNING [21m[0m] Element conservation is violated too large
[[93m[1m WARNING [21m[0m] at step: 740
[[93m[1m WARNING [21m[0m] -----------------------------------------------------------------
[[93m[1m WARNING [21m[0m] Element conservation is violated too large
[[93m[1m WARNING [21m[0m] at step: 741
[[93m[1m WARNING [21m[0m] -----------------------------------------------------------------
[[93m[1m WARNING [21m[0m] Element conservation is violated too large
[[93m[1m WARNING [21m[0m] at step: 741
[[93m[1m WARNING [21m[0m] -----------------------------------------------------------------
[[93m[1m WARNING [21m[0m] Element conservation is violated too large
[[93m[1m WARNING [21m[0m] at step: 743
[[93m[1m WARNING [21m[0m] -----------------------------------------------------------------
[[93m[1m WARNING [21m[0m] Element conservation is violated too large
[[93m[1m WARNING [21m[0m] at step: 745
[[93m[1m WARNING [21m[0m] -----------------------------------------------------------------
[[93m[1m WARNING [21m[0m] Element conservation is violated too large
[[93m[1m WARNING [21m[0m] at step: 745
[[93m[1m WARNING [21m[0m] -----------------------------------------------------------------
[[93m[1m WARNING [21m[0m] Element conservation is violated too large
[[93m[1m WARNING [21m[0m] at step: 746
[[93m[1m WARNING [21m[0m] -----------------------------------------------------------------
[[93m[1m WARNING [21m[0m] Element conservation is violated too large
[[93m[1m WARNING [21m[0m] at step: 747
[[93m[1m WARNING [21m[0m] -----------------------------------------------------------------
[[93m[1m WARNING [21m[0m] Element conservation is violated too large
[[93m[1m WARNING [21m[0m] at step: 747
[[93m[1m WARNING [21m[0m] -----------------------------------------------------------------
[[93m[1m WARNING [21m[0m] Element conservation is violated too large
[[93m[1m WARNING [21m[0m] at step: 750
[[93m[1m WARNING [21m[0m] -----------------------------------------------------------------
[[93m[1m WARNING [21m[0m] Element conservation is violated too large
[[93m[1m WARNING [21m[0m] at step: 751
[[93m[1m WARNING [21m[0m] -----------------------------------------------------------------
[[93m[1m WARNING [21m[0m] Element conservation is violated too large
[[93m[1m WARNING [21m[0m] at step: 752
[[93m[1m WARNING [21m[0m] -----------------------------------------------------------------
[[93m[1m WARNING [21m[0m] Element conservation is violated too large
[[93m[1m WARNING [21m[0m] at step: 753
[[93m[1m WARNING [21m[0m] -----------------------------------------------------------------
[[93m[1m WARNING [21m[0m] Element conservation is violated too large
[[93m[1m WARNING [21m[0m] at step: 753
[[93m[1m WARNING [21m[0m] -----------------------------------------------------------------
[[93m[1m WARNING [21m[0m] Element conservation is violated too large
[[93m[1m WARNING [21m[0m] at step: 757
[[93m[1m WARNING [21m[0m] -----------------------------------------------------------------
[[93m[1m WARNING [21m[0m] Element conservation is violated too large
[[93m[1m WARNING [21m[0m] at step: 757
[[93m[1m WARNING [21m[0m] -----------------------------------------------------------------
[[93m[1m WARNING [21m[0m] Element conservation is violated too large
[[93m[1m WARNING [21m[0m] at step: 758
[[93m[1m WARNING [21m[0m] -----------------------------------------------------------------
[[93m[1m WARNING [21m[0m] Element conservation is violated too large
[[93m[1m WARNING [21m[0m] at step: 759
[[93m[1m WARNING [21m[0m] -----------------------------------------------------------------
[[93m[1m WARNING [21m[0m] Element conservation is violated too large
[[93m[1m WARNING [21m[0m] at step: 759
[[93m[1m WARNING [21m[0m] -----------------------------------------------------------------
[[93m[1m WARNING [21m[0m] Element conservation is violated too large
[[93m[1m WARNING [21m[0m] at step: 760
[[93m[1m WARNING [21m[0m] -----------------------------------------------------------------
[[93m[1m WARNING [21m[0m] Element conservation is violated too large
[[93m[1m WARNING [21m[0m] at step: 763
[[93m[1m WARNING [21m[0m] -----------------------------------------------------------------
[[93m[1m WARNING [21m[0m] Element conservation is violated too large
[[93m[1m WARNING [21m[0m] at step: 763
[[93m[1m WARNING [21m[0m] -----------------------------------------------------------------
[[93m[1m WARNING [21m[0m] Element conservation is violated too large
[[93m[1m WARNING [21m[0m] at step: 764
[[93m[1m WARNING [21m[0m] -----------------------------------------------------------------
[[93m[1m WARNING [21m[0m] Element conservation is violated too large
[[93m[1m WARNING [21m[0m] at step: 765
[[93m[1m WARNING [21m[0m] -----------------------------------------------------------------
[[93m[1m WARNING [21m[0m] Element conservation is violated too large
[[93m[1m WARNING [21m[0m] at step: 766
[[93m[1m WARNING [21m[0m] -----------------------------------------------------------------
[[93m[1m WARNING [21m[0m] Element conservation is violated too large
[[93m[1m WARNING [21m[0m] at step: 767
[[93m[1m WARNING [21m[0m] -----------------------------------------------------------------
[[93m[1m WARNING [21m[0m] Element conservation is violated too large
[[93m[1m WARNING [21m[0m] at step: 768
[[93m[1m WARNING [21m[0m] -----------------------------------------------------------------
[[93m[1m WARNING [21m[0m] Element conservation is violated too large
[[93m[1m WARNING [21m[0m] at step: 769
[[93m[1m WARNING [21m[0m] -----------------------------------------------------------------
[[93m[1m WARNING [21m[0m] Element conservation is violated too large
[[93m[1m WARNING [21m[0m] at step: 770
[[93m[1m WARNING [21m[0m] -----------------------------------------------------------------
[[93m[1m WARNING [21m[0m] Element conservation is violated too large
[[93m[1m WARNING [21m[0m] at step: 771
[[93m[1m WARNING [21m[0m] -----------------------------------------------------------------
[[93m[1m WARNING [21m[0m] Element conservation is violated too large
[[93m[1m WARNING [21m[0m] at step: 772
[[93m[1m WARNING [21m[0m] -----------------------------------------------------------------
[[93m[1m WARNING [21m[0m] Element conservation is violated too large
[[93m[1m WARNING [21m[0m] at step: 773
[[93m[1m WARNING [21m[0m] -----------------------------------------------------------------
[[93m[1m WARNING [21m[0m] Element conservation is violated too large
[[93m[1m WARNING [21m[0m] at step: 775
[[93m[1m WARNING [21m[0m] -----------------------------------------------------------------
[[93m[1m WARNING [21m[0m] Element conservation is violated too large
[[93m[1m WARNING [21m[0m] at step: 776
[[93m[1m WARNING [21m[0m] -----------------------------------------------------------------
[[93m[1m WARNING [21m[0m] Element conservation is violated too large
[[93m[1m WARNING [21m[0m] at step: 776
[[93m[1m WARNING [21m[0m] -----------------------------------------------------------------
[[93m[1m WARNING [21m[0m] Element conservation is violated too large
[[93m[1m WARNING [21m[0m] at step: 777
[[93m[1m WARNING [21m[0m] -----------------------------------------------------------------
[[93m[1m WARNING [21m[0m] Element conservation is violated too large
[[93m[1m WARNING [21m[0m] at step: 778
[[93m[1m WARNING [21m[0m] -----------------------------------------------------------------
[[93m[1m WARNING [21m[0m] Element conservation is violated too large
[[93m[1m WARNING [21m[0m] at step: 780
[[93m[1m WARNING [21m[0m] -----------------------------------------------------------------
[[93m[1m WARNING [21m[0m] Element conservation is violated too large
[[93m[1m WARNING [21m[0m] at step: 780
[[93m[1m WARNING [21m[0m] -----------------------------------------------------------------
[[93m[1m WARNING [21m[0m] Element conservation is violated too large
[[93m[1m WARNING [21m[0m] at step: 781
[[93m[1m WARNING [21m[0m] -----------------------------------------------------------------
[[93m[1m WARNING [21m[0m] Element conservation is violated too large
[[93m[1m WARNING [21m[0m] at step: 782
[[93m[1m WARNING [21m[0m] -----------------------------------------------------------------
[[93m[1m WARNING [21m[0m] Element conservation is violated too large
[[93m[1m WARNING [21m[0m] at step: 784
[[93m[1m WARNING [21m[0m] -----------------------------------------------------------------
[[93m[1m WARNING [21m[0m] Element conservation is violated too large
[[93m[1m WARNING [21m[0m] at step: 784
[[93m[1m WARNING [21m[0m] -----------------------------------------------------------------
[[93m[1m WARNING [21m[0m] Element conservation is violated too large
[[93m[1m WARNING [21m[0m] at step: 786
[[93m[1m WARNING [21m[0m] -----------------------------------------------------------------
[[93m[1m WARNING [21m[0m] Element conservation is violated too large
[[93m[1m WARNING [21m[0m] at step: 786
[[93m[1m WARNING [21m[0m] -----------------------------------------------------------------
[[93m[1m WARNING [21m[0m] Element conservation is violated too large
[[93m[1m WARNING [21m[0m] at step: 788
[[93m[1m WARNING [21m[0m] -----------------------------------------------------------------
[[93m[1m WARNING [21m[0m] Element conservation is violated too large
[[93m[1m WARNING [21m[0m] at step: 789
[[93m[1m WARNING [21m[0m] -----------------------------------------------------------------
[[93m[1m WARNING [21m[0m] Element conservation is violated too large
[[93m[1m WARNING [21m[0m] at step: 789
[[93m[1m WARNING [21m[0m] -----------------------------------------------------------------
[[93m[1m WARNING [21m[0m] Element conservation is violated too large
[[93m[1m WARNING [21m[0m] at step: 790
[[93m[1m WARNING [21m[0m] -----------------------------------------------------------------
[[93m[1m WARNING [21m[0m] Element conservation is violated too large
[[93m[1m WARNING [21m[0m] at step: 792
[[93m[1m WARNING [21m[0m] -----------------------------------------------------------------
[[93m[1m WARNING [21m[0m] Element conservation is violated too large
[[93m[1m WARNING [21m[0m] at step: 792
[[93m[1m WARNING [21m[0m] -----------------------------------------------------------------
[[93m[1m WARNING [21m[0m] Element conservation is violated too large
[[93m[1m WARNING [21m[0m] at step: 793
[[93m[1m WARNING [21m[0m] -----------------------------------------------------------------
[[93m[1m WARNING [21m[0m] Element conservation is violated too large
[[93m[1m WARNING [21m[0m] at step: 794
[[93m[1m WARNING [21m[0m] -----------------------------------------------------------------
[[93m[1m WARNING [21m[0m] Element conservation is violated too large
[[93m[1m WARNING [21m[0m] at step: 795
[[93m[1m WARNING [21m[0m] -----------------------------------------------------------------
[[93m[1m WARNING [21m[0m] Element conservation is violated too large
[[93m[1m WARNING [21m[0m] at step: 797
[[93m[1m WARNING [21m[0m] -----------------------------------------------------------------
[[93m[1m WARNING [21m[0m] Element conservation is violated too large
[[93m[1m WARNING [21m[0m] at step: 799
[[93m[1m WARNING [21m[0m] -----------------------------------------------------------------
[[93m[1m WARNING [21m[0m] Element conservation is violated too large
[[93m[1m WARNING [21m[0m] at step: 799
[[93m[1m WARNING [21m[0m] -----------------------------------------------------------------
[[32m[1m INFO  [21m[0m] Elapsed time: 4.94e-05 || Step number: 800/30000
[[32m[1m INFO  [21m[0m] longdy = 1.00e+00      || longdy/dt = 1.00e+00  || dt = 2.67e-07
[[32m[1m INFO  [21m[0m] from nz = 0 and OH
[[32m[1m INFO  [21m[0m] -----------------------------------------------------------------
[[93m[1m WARNING [21m[0m] Element conservation is violated too large
[[93m[1m WARNING [21m[0m] at step: 802
[[93m[1m WARNING [21m[0m] -----------------------------------------------------------------
[[93m[1m WARNING [21m[0m] Element conservation is violated too large
[[93m[1m WARNING [21m[0m] at step: 802
[[93m[1m WARNING [21m[0m] -----------------------------------------------------------------
[[93m[1m WARNING [21m[0m] Element conservation is violated too large
[[93m[1m WARNING [21m[0m] at step: 805
[[93m[1m WARNING [21m[0m] -----------------------------------------------------------------
[[93m[1m WARNING [21m[0m] Element conservation is violated too large
[[93m[1m WARNING [21m[0m] at step: 806
[[93m[1m WARNING [21m[0m] -----------------------------------------------------------------
[[93m[1m WARNING [21m[0m] Element conservation is violated too large
[[93m[1m WARNING [21m[0m] at step: 807
[[93m[1m WARNING [21m[0m] -----------------------------------------------------------------
[[93m[1m WARNING [21m[0m] Element conservation is violated too large
[[93m[1m WARNING [21m[0m] at step: 807
[[93m[1m WARNING [21m[0m] -----------------------------------------------------------------
[[93m[1m WARNING [21m[0m] Element conservation is violated too large
[[93m[1m WARNING [21m[0m] at step: 809
[[93m[1m WARNING [21m[0m] -----------------------------------------------------------------
[[93m[1m WARNING [21m[0m] Element conservation is violated too large
[[93m[1m WARNING [21m[0m] at step: 810
[[93m[1m WARNING [21m[0m] -----------------------------------------------------------------
[[93m[1m WARNING [21m[0m] Element conservation is violated too large
[[93m[1m WARNING [21m[0m] at step: 811
[[93m[1m WARNING [21m[0m] -----------------------------------------------------------------
[[93m[1m WARNING [21m[0m] Element conservation is violated too large
[[93m[1m WARNING [21m[0m] at step: 813
[[93m[1m WARNING [21m[0m] -----------------------------------------------------------------
[[93m[1m WARNING [21m[0m] Element conservation is violated too large
[[93m[1m WARNING [21m[0m] at step: 815
[[93m[1m WARNING [21m[0m] -----------------------------------------------------------------
[[93m[1m WARNING [21m[0m] Element conservation is violated too large
[[93m[1m WARNING [21m[0m] at step: 815
[[93m[1m WARNING [21m[0m] -----------------------------------------------------------------
[[93m[1m WARNING [21m[0m] Element conservation is violated too large
[[93m[1m WARNING [21m[0m] at step: 816
[[93m[1m WARNING [21m[0m] -----------------------------------------------------------------
[[93m[1m WARNING [21m[0m] Element conservation is violated too large
[[93m[1m WARNING [21m[0m] at step: 818
[[93m[1m WARNING [21m[0m] -----------------------------------------------------------------
[[93m[1m WARNING [21m[0m] Element conservation is violated too large
[[93m[1m WARNING [21m[0m] at step: 818
[[93m[1m WARNING [21m[0m] -----------------------------------------------------------------
[[93m[1m WARNING [21m[0m] Element conservation is violated too large
[[93m[1m WARNING [21m[0m] at step: 819
[[93m[1m WARNING [21m[0m] -----------------------------------------------------------------
[[93m[1m WARNING [21m[0m] Element conservation is violated too large
[[93m[1m WARNING [21m[0m] at step: 820
[[93m[1m WARNING [21m[0m] -----------------------------------------------------------------
[[93m[1m WARNING [21m[0m] Element conservation is violated too large
[[93m[1m WARNING [21m[0m] at step: 821
[[93m[1m WARNING [21m[0m] -----------------------------------------------------------------
[[93m[1m WARNING [21m[0m] Element conservation is violated too large
[[93m[1m WARNING [21m[0m] at step: 822
[[93m[1m WARNING [21m[0m] -----------------------------------------------------------------
[[93m[1m WARNING [21m[0m] Element conservation is violated too large
[[93m[1m WARNING [21m[0m] at step: 824
[[93m[1m WARNING [21m[0m] -----------------------------------------------------------------
[[93m[1m WARNING [21m[0m] Element conservation is violated too large
[[93m[1m WARNING [21m[0m] at step: 826
[[93m[1m WARNING [21m[0m] -----------------------------------------------------------------
[[93m[1m WARNING [21m[0m] Element conservation is violated too large
[[93m[1m WARNING [21m[0m] at step: 827
[[93m[1m WARNING [21m[0m] -----------------------------------------------------------------
[[93m[1m WARNING [21m[0m] Element conservation is violated too large
[[93m[1m WARNING [21m[0m] at step: 827
[[93m[1m WARNING [21m[0m] -----------------------------------------------------------------
[[93m[1m WARNING [21m[0m] Element conservation is violated too large
[[93m[1m WARNING [21m[0m] at step: 829
[[93m[1m WARNING [21m[0m] -----------------------------------------------------------------
[[93m[1m WARNING [21m[0m] Element conservation is violated too large
[[93m[1m WARNING [21m[0m] at step: 829
[[93m[1m WARNING [21m[0m] -----------------------------------------------------------------
[[93m[1m WARNING [21m[0m] Element conservation is violated too large
[[93m[1m WARNING [21m[0m] at step: 831
[[93m[1m WARNING [21m[0m] -----------------------------------------------------------------
[[93m[1m WARNING [21m[0m] Element conservation is violated too large
[[93m[1m WARNING [21m[0m] at step: 831
[[93m[1m WARNING [21m[0m] -----------------------------------------------------------------
[[93m[1m WARNING [21m[0m] Element conservation is violated too large
[[93m[1m WARNING [21m[0m] at step: 833
[[93m[1m WARNING [21m[0m] -----------------------------------------------------------------
[[93m[1m WARNING [21m[0m] Element conservation is violated too large
[[93m[1m WARNING [21m[0m] at step: 834
[[93m[1m WARNING [21m[0m] -----------------------------------------------------------------
[[93m[1m WARNING [21m[0m] Element conservation is violated too large
[[93m[1m WARNING [21m[0m] at step: 834
[[93m[1m WARNING [21m[0m] -----------------------------------------------------------------
[[93m[1m WARNING [21m[0m] Element conservation is violated too large
[[93m[1m WARNING [21m[0m] at step: 836
[[93m[1m WARNING [21m[0m] -----------------------------------------------------------------
[[93m[1m WARNING [21m[0m] Element conservation is violated too large
[[93m[1m WARNING [21m[0m] at step: 836
[[93m[1m WARNING [21m[0m] -----------------------------------------------------------------
[[93m[1m WARNING [21m[0m] Element conservation is violated too large
[[93m[1m WARNING [21m[0m] at step: 837
[[93m[1m WARNING [21m[0m] -----------------------------------------------------------------
[[93m[1m WARNING [21m[0m] Element conservation is violated too large
[[93m[1m WARNING [21m[0m] at step: 839
[[93m[1m WARNING [21m[0m] -----------------------------------------------------------------
[[93m[1m WARNING [21m[0m] Element conservation is violated too large
[[93m[1m WARNING [21m[0m] at step: 840
[[93m[1m WARNING [21m[0m] -----------------------------------------------------------------
[[93m[1m WARNING [21m[0m] Element conservation is violated too large
[[93m[1m WARNING [21m[0m] at step: 841
[[93m[1m WARNING [21m[0m] -----------------------------------------------------------------
[[93m[1m WARNING [21m[0m] Element conservation is violated too large
[[93m[1m WARNING [21m[0m] at step: 842
[[93m[1m WARNING [21m[0m] -----------------------------------------------------------------
[[93m[1m WARNING [21m[0m] Element conservation is violated too large
[[93m[1m WARNING [21m[0m] at step: 842
[[93m[1m WARNING [21m[0m] -----------------------------------------------------------------
[[93m[1m WARNING [21m[0m] Element conservation is violated too large
[[93m[1m WARNING [21m[0m] at step: 843
[[93m[1m WARNING [21m[0m] -----------------------------------------------------------------
[[93m[1m WARNING [21m[0m] Element conservation is violated too large
[[93m[1m WARNING [21m[0m] at step: 844
[[93m[1m WARNING [21m[0m] -----------------------------------------------------------------
[[93m[1m WARNING [21m[0m] Element conservation is violated too large
[[93m[1m WARNING [21m[0m] at step: 845
[[93m[1m WARNING [21m[0m] -----------------------------------------------------------------
[[93m[1m WARNING [21m[0m] Element conservation is violated too large
[[93m[1m WARNING [21m[0m] at step: 846
[[93m[1m WARNING [21m[0m] -----------------------------------------------------------------
[[93m[1m WARNING [21m[0m] Element conservation is violated too large
[[93m[1m WARNING [21m[0m] at step: 847
[[93m[1m WARNING [21m[0m] -----------------------------------------------------------------
[[93m[1m WARNING [21m[0m] Element conservation is violated too large
[[93m[1m WARNING [21m[0m] at step: 848
[[93m[1m WARNING [21m[0m] -----------------------------------------------------------------
[[93m[1m WARNING [21m[0m] Element conservation is violated too large
[[93m[1m WARNING [21m[0m] at step: 849
[[93m[1m WARNING [21m[0m] -----------------------------------------------------------------
[[93m[1m WARNING [21m[0m] Element conservation is violated too large
[[93m[1m WARNING [21m[0m] at step: 850
[[93m[1m WARNING [21m[0m] -----------------------------------------------------------------
[[93m[1m WARNING [21m[0m] Element conservation is violated too large
[[93m[1m WARNING [21m[0m] at step: 852
[[93m[1m WARNING [21m[0m] -----------------------------------------------------------------
[[93m[1m WARNING [21m[0m] Element conservation is violated too large
[[93m[1m WARNING [21m[0m] at step: 853
[[93m[1m WARNING [21m[0m] -----------------------------------------------------------------
[[93m[1m WARNING [21m[0m] Element conservation is violated too large
[[93m[1m WARNING [21m[0m] at step: 854
[[93m[1m WARNING [21m[0m] -----------------------------------------------------------------
[[93m[1m WARNING [21m[0m] Element conservation is violated too large
[[93m[1m WARNING [21m[0m] at step: 854
[[93m[1m WARNING [21m[0m] -----------------------------------------------------------------
[[93m[1m WARNING [21m[0m] Element conservation is violated too large
[[93m[1m WARNING [21m[0m] at step: 855
[[93m[1m WARNING [21m[0m] -----------------------------------------------------------------
[[93m[1m WARNING [21m[0m] Element conservation is violated too large
[[93m[1m WARNING [21m[0m] at step: 856
[[93m[1m WARNING [21m[0m] -----------------------------------------------------------------
[[93m[1m WARNING [21m[0m] Element conservation is violated too large
[[93m[1m WARNING [21m[0m] at step: 857
[[93m[1m WARNING [21m[0m] -----------------------------------------------------------------
[[93m[1m WARNING [21m[0m] Element conservation is violated too large
[[93m[1m WARNING [21m[0m] at step: 859
[[93m[1m WARNING [21m[0m] -----------------------------------------------------------------
[[93m[1m WARNING [21m[0m] Element conservation is violated too large
[[93m[1m WARNING [21m[0m] at step: 860
[[93m[1m WARNING [21m[0m] -----------------------------------------------------------------
[[93m[1m WARNING [21m[0m] Element conservation is violated too large
[[93m[1m WARNING [21m[0m] at step: 861
[[93m[1m WARNING [21m[0m] -----------------------------------------------------------------
[[93m[1m WARNING [21m[0m] Element conservation is violated too large
[[93m[1m WARNING [21m[0m] at step: 862
[[93m[1m WARNING [21m[0m] -----------------------------------------------------------------
[[93m[1m WARNING [21m[0m] Element conservation is violated too large
[[93m[1m WARNING [21m[0m] at step: 862
[[93m[1m WARNING [21m[0m] -----------------------------------------------------------------
[[93m[1m WARNING [21m[0m] Element conservation is violated too large
[[93m[1m WARNING [21m[0m] at step: 863
[[93m[1m WARNING [21m[0m] -----------------------------------------------------------------
[[93m[1m WARNING [21m[0m] Element conservation is violated too large
[[93m[1m WARNING [21m[0m] at step: 865
[[93m[1m WARNING [21m[0m] -----------------------------------------------------------------
[[93m[1m WARNING [21m[0m] Element conservation is violated too large
[[93m[1m WARNING [21m[0m] at step: 866
[[93m[1m WARNING [21m[0m] -----------------------------------------------------------------
[[93m[1m WARNING [21m[0m] Element conservation is violated too large
[[93m[1m WARNING [21m[0m] at step: 867
[[93m[1m WARNING [21m[0m] -----------------------------------------------------------------
[[93m[1m WARNING [21m[0m] Element conservation is violated too large
[[93m[1m WARNING [21m[0m] at step: 868
[[93m[1m WARNING [21m[0m] -----------------------------------------------------------------
[[93m[1m WARNING [21m[0m] Element conservation is violated too large
[[93m[1m WARNING [21m[0m] at step: 868
[[93m[1m WARNING [21m[0m] -----------------------------------------------------------------
[[93m[1m WARNING [21m[0m] Element conservation is violated too large
[[93m[1m WARNING [21m[0m] at step: 871
[[93m[1m WARNING [21m[0m] -----------------------------------------------------------------
[[93m[1m WARNING [21m[0m] Element conservation is violated too large
[[93m[1m WARNING [21m[0m] at step: 871
[[93m[1m WARNING [21m[0m] -----------------------------------------------------------------
[[93m[1m WARNING [21m[0m] Element conservation is violated too large
[[93m[1m WARNING [21m[0m] at step: 873
[[93m[1m WARNING [21m[0m] -----------------------------------------------------------------
[[93m[1m WARNING [21m[0m] Element conservation is violated too large
[[93m[1m WARNING [21m[0m] at step: 873
[[93m[1m WARNING [21m[0m] -----------------------------------------------------------------
[[93m[1m WARNING [21m[0m] Element conservation is violated too large
[[93m[1m WARNING [21m[0m] at step: 874
[[93m[1m WARNING [21m[0m] -----------------------------------------------------------------
[[93m[1m WARNING [21m[0m] Element conservation is violated too large
[[93m[1m WARNING [21m[0m] at step: 875
[[93m[1m WARNING [21m[0m] -----------------------------------------------------------------
[[93m[1m WARNING [21m[0m] Element conservation is violated too large
[[93m[1m WARNING [21m[0m] at step: 876
[[93m[1m WARNING [21m[0m] -----------------------------------------------------------------
[[93m[1m WARNING [21m[0m] Element conservation is violated too large
[[93m[1m WARNING [21m[0m] at step: 877
[[93m[1m WARNING [21m[0m] -----------------------------------------------------------------
[[93m[1m WARNING [21m[0m] Element conservation is violated too large
[[93m[1m WARNING [21m[0m] at step: 878
[[93m[1m WARNING [21m[0m] -----------------------------------------------------------------
[[93m[1m WARNING [21m[0m] Element conservation is violated too large
[[93m[1m WARNING [21m[0m] at step: 879
[[93m[1m WARNING [21m[0m] -----------------------------------------------------------------
[[93m[1m WARNING [21m[0m] Element conservation is violated too large
[[93m[1m WARNING [21m[0m] at step: 881
[[93m[1m WARNING [21m[0m] -----------------------------------------------------------------
[[93m[1m WARNING [21m[0m] Element conservation is violated too large
[[93m[1m WARNING [21m[0m] at step: 885
[[93m[1m WARNING [21m[0m] -----------------------------------------------------------------
[[93m[1m WARNING [21m[0m] Element conservation is violated too large
[[93m[1m WARNING [21m[0m] at step: 885
[[93m[1m WARNING [21m[0m] -----------------------------------------------------------------
[[93m[1m WARNING [21m[0m] Element conservation is violated too large
[[93m[1m WARNING [21m[0m] at step: 887
[[93m[1m WARNING [21m[0m] -----------------------------------------------------------------
[[93m[1m WARNING [21m[0m] Element conservation is violated too large
[[93m[1m WARNING [21m[0m] at step: 887
[[93m[1m WARNING [21m[0m] -----------------------------------------------------------------
[[93m[1m WARNING [21m[0m] Element conservation is violated too large
[[93m[1m WARNING [21m[0m] at step: 888
[[93m[1m WARNING [21m[0m] -----------------------------------------------------------------
[[93m[1m WARNING [21m[0m] Element conservation is violated too large
[[93m[1m WARNING [21m[0m] at step: 892
[[93m[1m WARNING [21m[0m] -----------------------------------------------------------------
[[93m[1m WARNING [21m[0m] Element conservation is violated too large
[[93m[1m WARNING [21m[0m] at step: 893
[[93m[1m WARNING [21m[0m] -----------------------------------------------------------------
[[93m[1m WARNING [21m[0m] Element conservation is violated too large
[[93m[1m WARNING [21m[0m] at step: 897
[[93m[1m WARNING [21m[0m] -----------------------------------------------------------------
[[93m[1m WARNING [21m[0m] Element conservation is violated too large
[[93m[1m WARNING [21m[0m] at step: 897
[[93m[1m WARNING [21m[0m] -----------------------------------------------------------------
[[93m[1m WARNING [21m[0m] Element conservation is violated too large
[[93m[1m WARNING [21m[0m] at step: 898
[[93m[1m WARNING [21m[0m] -----------------------------------------------------------------
[[93m[1m WARNING [21m[0m] Element conservation is violated too large
[[93m[1m WARNING [21m[0m] at step: 899
[[93m[1m WARNING [21m[0m] -----------------------------------------------------------------
[[32m[1m INFO  [21m[0m] Elapsed time: 7.28e-05 || Step number: 900/30000
[[32m[1m INFO  [21m[0m] longdy = 1.00e+00      || longdy/dt = 1.00e+00  || dt = 3.73e-07
[[32m[1m INFO  [21m[0m] from nz = 0 and OH
[[32m[1m INFO  [21m[0m] -----------------------------------------------------------------
[[93m[1m WARNING [21m[0m] Element conservation is violated too large
[[93m[1m WARNING [21m[0m] at step: 900
[[93m[1m WARNING [21m[0m] -----------------------------------------------------------------
[[93m[1m WARNING [21m[0m] Element conservation is violated too large
[[93m[1m WARNING [21m[0m] at step: 901
[[93m[1m WARNING [21m[0m] -----------------------------------------------------------------
[[93m[1m WARNING [21m[0m] Element conservation is violated too large
[[93m[1m WARNING [21m[0m] at step: 905
[[93m[1m WARNING [21m[0m] -----------------------------------------------------------------
[[93m[1m WARNING [21m[0m] Element conservation is violated too large
[[93m[1m WARNING [21m[0m] at step: 906
[[93m[1m WARNING [21m[0m] -----------------------------------------------------------------
[[93m[1m WARNING [21m[0m] Element conservation is violated too large
[[93m[1m WARNING [21m[0m] at step: 909
[[93m[1m WARNING [21m[0m] -----------------------------------------------------------------
[[93m[1m WARNING [21m[0m] Element conservation is violated too large
[[93m[1m WARNING [21m[0m] at step: 912
[[93m[1m WARNING [21m[0m] -----------------------------------------------------------------
[[93m[1m WARNING [21m[0m] Element conservation is violated too large
[[93m[1m WARNING [21m[0m] at step: 912
[[93m[1m WARNING [21m[0m] -----------------------------------------------------------------
[[93m[1m WARNING [21m[0m] Element conservation is violated too large
[[93m[1m WARNING [21m[0m] at step: 913
[[93m[1m WARNING [21m[0m] -----------------------------------------------------------------
[[93m[1m WARNING [21m[0m] Element conservation is violated too large
[[93m[1m WARNING [21m[0m] at step: 914
[[93m[1m WARNING [21m[0m] -----------------------------------------------------------------
[[93m[1m WARNING [21m[0m] Element conservation is violated too large
[[93m[1m WARNING [21m[0m] at step: 916
[[93m[1m WARNING [21m[0m] -----------------------------------------------------------------
[[93m[1m WARNING [21m[0m] Element conservation is violated too large
[[93m[1m WARNING [21m[0m] at step: 919
[[93m[1m WARNING [21m[0m] -----------------------------------------------------------------
[[93m[1m WARNING [21m[0m] Element conservation is violated too large
[[93m[1m WARNING [21m[0m] at step: 919
[[93m[1m WARNING [21m[0m] -----------------------------------------------------------------
[[93m[1m WARNING [21m[0m] Element conservation is violated too large
[[93m[1m WARNING [21m[0m] at step: 919
[[93m[1m WARNING [21m[0m] -----------------------------------------------------------------
[[93m[1m WARNING [21m[0m] Element conservation is violated too large
[[93m[1m WARNING [21m[0m] at step: 923
[[93m[1m WARNING [21m[0m] -----------------------------------------------------------------
[[93m[1m WARNING [21m[0m] Element conservation is violated too large
[[93m[1m WARNING [21m[0m] at step: 924
[[93m[1m WARNING [21m[0m] -----------------------------------------------------------------
[[93m[1m WARNING [21m[0m] Element conservation is violated too large
[[93m[1m WARNING [21m[0m] at step: 924
[[93m[1m WARNING [21m[0m] -----------------------------------------------------------------
[[93m[1m WARNING [21m[0m] Element conservation is violated too large
[[93m[1m WARNING [21m[0m] at step: 927
[[93m[1m WARNING [21m[0m] -----------------------------------------------------------------
[[93m[1m WARNING [21m[0m] Element conservation is violated too large
[[93m[1m WARNING [21m[0m] at step: 928
[[93m[1m WARNING [21m[0m] -----------------------------------------------------------------
[[93m[1m WARNING [21m[0m] Element conservation is violated too large
[[93m[1m WARNING [21m[0m] at step: 929
[[93m[1m WARNING [21m[0m] -----------------------------------------------------------------
[[93m[1m WARNING [21m[0m] Element conservation is violated too large
[[93m[1m WARNING [21m[0m] at step: 930
[[93m[1m WARNING [21m[0m] -----------------------------------------------------------------
[[93m[1m WARNING [21m[0m] Element conservation is violated too large
[[93m[1m WARNING [21m[0m] at step: 931
[[93m[1m WARNING [21m[0m] -----------------------------------------------------------------
[[93m[1m WARNING [21m[0m] Element conservation is violated too large
[[93m[1m WARNING [21m[0m] at step: 932
[[93m[1m WARNING [21m[0m] -----------------------------------------------------------------
[[93m[1m WARNING [21m[0m] Element conservation is violated too large
[[93m[1m WARNING [21m[0m] at step: 934
[[93m[1m WARNING [21m[0m] -----------------------------------------------------------------
[[93m[1m WARNING [21m[0m] Element conservation is violated too large
[[93m[1m WARNING [21m[0m] at step: 935
[[93m[1m WARNING [21m[0m] -----------------------------------------------------------------
[[93m[1m WARNING [21m[0m] Element conservation is violated too large
[[93m[1m WARNING [21m[0m] at step: 936
[[93m[1m WARNING [21m[0m] -----------------------------------------------------------------
[[93m[1m WARNING [21m[0m] Element conservation is violated too large
[[93m[1m WARNING [21m[0m] at step: 937
[[93m[1m WARNING [21m[0m] -----------------------------------------------------------------
[[93m[1m WARNING [21m[0m] Element conservation is violated too large
[[93m[1m WARNING [21m[0m] at step: 939
[[93m[1m WARNING [21m[0m] -----------------------------------------------------------------
[[93m[1m WARNING [21m[0m] Element conservation is violated too large
[[93m[1m WARNING [21m[0m] at step: 939
[[93m[1m WARNING [21m[0m] -----------------------------------------------------------------
[[93m[1m WARNING [21m[0m] Element conservation is violated too large
[[93m[1m WARNING [21m[0m] at step: 940
[[93m[1m WARNING [21m[0m] -----------------------------------------------------------------
[[93m[1m WARNING [21m[0m] Element conservation is violated too large
[[93m[1m WARNING [21m[0m] at step: 942
[[93m[1m WARNING [21m[0m] -----------------------------------------------------------------
[[93m[1m WARNING [21m[0m] Element conservation is violated too large
[[93m[1m WARNING [21m[0m] at step: 944
[[93m[1m WARNING [21m[0m] -----------------------------------------------------------------
[[93m[1m WARNING [21m[0m] Element conservation is violated too large
[[93m[1m WARNING [21m[0m] at step: 944
[[93m[1m WARNING [21m[0m] -----------------------------------------------------------------
[[93m[1m WARNING [21m[0m] Element conservation is violated too large
[[93m[1m WARNING [21m[0m] at step: 945
[[93m[1m WARNING [21m[0m] -----------------------------------------------------------------
[[93m[1m WARNING [21m[0m] Element conservation is violated too large
[[93m[1m WARNING [21m[0m] at step: 947
[[93m[1m WARNING [21m[0m] -----------------------------------------------------------------
[[93m[1m WARNING [21m[0m] Element conservation is violated too large
[[93m[1m WARNING [21m[0m] at step: 948
[[93m[1m WARNING [21m[0m] -----------------------------------------------------------------
[[93m[1m WARNING [21m[0m] Element conservation is violated too large
[[93m[1m WARNING [21m[0m] at step: 949
[[93m[1m WARNING [21m[0m] -----------------------------------------------------------------
[[93m[1m WARNING [21m[0m] Element conservation is violated too large
[[93m[1m WARNING [21m[0m] at step: 949
[[93m[1m WARNING [21m[0m] -----------------------------------------------------------------
[[93m[1m WARNING [21m[0m] Element conservation is violated too large
[[93m[1m WARNING [21m[0m] at step: 952
[[93m[1m WARNING [21m[0m] -----------------------------------------------------------------
[[93m[1m WARNING [21m[0m] Element conservation is violated too large
[[93m[1m WARNING [21m[0m] at step: 954
[[93m[1m WARNING [21m[0m] -----------------------------------------------------------------
[[93m[1m WARNING [21m[0m] Element conservation is violated too large
[[93m[1m WARNING [21m[0m] at step: 955
[[93m[1m WARNING [21m[0m] -----------------------------------------------------------------
[[93m[1m WARNING [21m[0m] Element conservation is violated too large
[[93m[1m WARNING [21m[0m] at step: 957
[[93m[1m WARNING [21m[0m] -----------------------------------------------------------------
[[93m[1m WARNING [21m[0m] Element conservation is violated too large
[[93m[1m WARNING [21m[0m] at step: 958
[[93m[1m WARNING [21m[0m] -----------------------------------------------------------------
[[93m[1m WARNING [21m[0m] Element conservation is violated too large
[[93m[1m WARNING [21m[0m] at step: 959
[[93m[1m WARNING [21m[0m] -----------------------------------------------------------------
[[93m[1m WARNING [21m[0m] Element conservation is violated too large
[[93m[1m WARNING [21m[0m] at step: 961
[[93m[1m WARNING [21m[0m] -----------------------------------------------------------------
[[93m[1m WARNING [21m[0m] Element conservation is violated too large
[[93m[1m WARNING [21m[0m] at step: 963
[[93m[1m WARNING [21m[0m] -----------------------------------------------------------------
[[93m[1m WARNING [21m[0m] Element conservation is violated too large
[[93m[1m WARNING [21m[0m] at step: 965
[[93m[1m WARNING [21m[0m] -----------------------------------------------------------------
[[93m[1m WARNING [21m[0m] Element conservation is violated too large
[[93m[1m WARNING [21m[0m] at step: 968
[[93m[1m WARNING [21m[0m] -----------------------------------------------------------------
[[93m[1m WARNING [21m[0m] Element conservation is violated too large
[[93m[1m WARNING [21m[0m] at step: 969
[[93m[1m WARNING [21m[0m] -----------------------------------------------------------------
[[93m[1m WARNING [21m[0m] Element conservation is violated too large
[[93m[1m WARNING [21m[0m] at step: 972
[[93m[1m WARNING [21m[0m] -----------------------------------------------------------------
[[93m[1m WARNING [21m[0m] Element conservation is violated too large
[[93m[1m WARNING [21m[0m] at step: 972
[[93m[1m WARNING [21m[0m] -----------------------------------------------------------------
[[93m[1m WARNING [21m[0m] Element conservation is violated too large
[[93m[1m WARNING [21m[0m] at step: 973
[[93m[1m WARNING [21m[0m] -----------------------------------------------------------------
[[93m[1m WARNING [21m[0m] Element conservation is violated too large
[[93m[1m WARNING [21m[0m] at step: 974
[[93m[1m WARNING [21m[0m] -----------------------------------------------------------------
[[93m[1m WARNING [21m[0m] Element conservation is violated too large
[[93m[1m WARNING [21m[0m] at step: 976
[[93m[1m WARNING [21m[0m] -----------------------------------------------------------------
[[93m[1m WARNING [21m[0m] Element conservation is violated too large
[[93m[1m WARNING [21m[0m] at step: 977
[[93m[1m WARNING [21m[0m] -----------------------------------------------------------------
[[93m[1m WARNING [21m[0m] Element conservation is violated too large
[[93m[1m WARNING [21m[0m] at step: 978
[[93m[1m WARNING [21m[0m] -----------------------------------------------------------------
[[93m[1m WARNING [21m[0m] Element conservation is violated too large
[[93m[1m WARNING [21m[0m] at step: 979
[[93m[1m WARNING [21m[0m] -----------------------------------------------------------------
[[93m[1m WARNING [21m[0m] Element conservation is violated too large
[[93m[1m WARNING [21m[0m] at step: 979
[[93m[1m WARNING [21m[0m] -----------------------------------------------------------------
[[93m[1m WARNING [21m[0m] Element conservation is violated too large
[[93m[1m WARNING [21m[0m] at step: 982
[[93m[1m WARNING [21m[0m] -----------------------------------------------------------------
[[93m[1m WARNING [21m[0m] Element conservation is violated too large
[[93m[1m WARNING [21m[0m] at step: 984
[[93m[1m WARNING [21m[0m] -----------------------------------------------------------------
[[93m[1m WARNING [21m[0m] Element conservation is violated too large
[[93m[1m WARNING [21m[0m] at step: 987
[[93m[1m WARNING [21m[0m] -----------------------------------------------------------------
[[93m[1m WARNING [21m[0m] Element conservation is violated too large
[[93m[1m WARNING [21m[0m] at step: 987
[[93m[1m WARNING [21m[0m] -----------------------------------------------------------------
[[93m[1m WARNING [21m[0m] Element conservation is violated too large
[[93m[1m WARNING [21m[0m] at step: 989
[[93m[1m WARNING [21m[0m] -----------------------------------------------------------------
[[93m[1m WARNING [21m[0m] Element conservation is violated too large
[[93m[1m WARNING [21m[0m] at step: 993
[[93m[1m WARNING [21m[0m] -----------------------------------------------------------------
[[93m[1m WARNING [21m[0m] Element conservation is violated too large
[[93m[1m WARNING [21m[0m] at step: 994
[[93m[1m WARNING [21m[0m] -----------------------------------------------------------------
[[93m[1m WARNING [21m[0m] Element conservation is violated too large
[[93m[1m WARNING [21m[0m] at step: 998
[[93m[1m WARNING [21m[0m] -----------------------------------------------------------------
[[32m[1m INFO  [21m[0m] Elapsed time: 1.05e-04 || Step number: 1000/30000
[[32m[1m INFO  [21m[0m] longdy = 1.00e+00      || longdy/dt = 1.00e+00  || dt = 9.49e-07
[[32m[1m INFO  [21m[0m] from nz = 0 and OH
[[32m[1m INFO  [21m[0m] -----------------------------------------------------------------
[[93m[1m WARNING [21m[0m] Element conservation is violated too large
[[93m[1m WARNING [21m[0m] at step: 1000
[[93m[1m WARNING [21m[0m] -----------------------------------------------------------------
[[93m[1m WARNING [21m[0m] Element conservation is violated too large
[[93m[1m WARNING [21m[0m] at step: 1001
[[93m[1m WARNING [21m[0m] -----------------------------------------------------------------
[[93m[1m WARNING [21m[0m] Element conservation is violated too large
[[93m[1m WARNING [21m[0m] at step: 1002
[[93m[1m WARNING [21m[0m] -----------------------------------------------------------------
[[93m[1m WARNING [21m[0m] Element conservation is violated too large
[[93m[1m WARNING [21m[0m] at step: 1003
[[93m[1m WARNING [21m[0m] -----------------------------------------------------------------
[[93m[1m WARNING [21m[0m] Element conservation is violated too large
[[93m[1m WARNING [21m[0m] at step: 1004
[[93m[1m WARNING [21m[0m] -----------------------------------------------------------------
[[93m[1m WARNING [21m[0m] Element conservation is violated too large
[[93m[1m WARNING [21m[0m] at step: 1006
[[93m[1m WARNING [21m[0m] -----------------------------------------------------------------
[[93m[1m WARNING [21m[0m] Element conservation is violated too large
[[93m[1m WARNING [21m[0m] at step: 1006
[[93m[1m WARNING [21m[0m] -----------------------------------------------------------------
[[93m[1m WARNING [21m[0m] Element conservation is violated too large
[[93m[1m WARNING [21m[0m] at step: 1007
[[93m[1m WARNING [21m[0m] -----------------------------------------------------------------
[[93m[1m WARNING [21m[0m] Element conservation is violated too large
[[93m[1m WARNING [21m[0m] at step: 1008
[[93m[1m WARNING [21m[0m] -----------------------------------------------------------------
[[93m[1m WARNING [21m[0m] Element conservation is violated too large
[[93m[1m WARNING [21m[0m] at step: 1010
[[93m[1m WARNING [21m[0m] -----------------------------------------------------------------
[[93m[1m WARNING [21m[0m] Element conservation is violated too large
[[93m[1m WARNING [21m[0m] at step: 1010
[[93m[1m WARNING [21m[0m] -----------------------------------------------------------------
[[93m[1m WARNING [21m[0m] Element conservation is violated too large
[[93m[1m WARNING [21m[0m] at step: 1013
[[93m[1m WARNING [21m[0m] -----------------------------------------------------------------
[[93m[1m WARNING [21m[0m] Element conservation is violated too large
[[93m[1m WARNING [21m[0m] at step: 1014
[[93m[1m WARNING [21m[0m] -----------------------------------------------------------------
[[93m[1m WARNING [21m[0m] Element conservation is violated too large
[[93m[1m WARNING [21m[0m] at step: 1015
[[93m[1m WARNING [21m[0m] -----------------------------------------------------------------
[[93m[1m WARNING [21m[0m] Element conservation is violated too large
[[93m[1m WARNING [21m[0m] at step: 1015
[[93m[1m WARNING [21m[0m] -----------------------------------------------------------------
[[93m[1m WARNING [21m[0m] Element conservation is violated too large
[[93m[1m WARNING [21m[0m] at step: 1017
[[93m[1m WARNING [21m[0m] -----------------------------------------------------------------
[[93m[1m WARNING [21m[0m] Element conservation is violated too large
[[93m[1m WARNING [21m[0m] at step: 1018
[[93m[1m WARNING [21m[0m] -----------------------------------------------------------------
[[93m[1m WARNING [21m[0m] Element conservation is violated too large
[[93m[1m WARNING [21m[0m] at step: 1020
[[93m[1m WARNING [21m[0m] -----------------------------------------------------------------
[[93m[1m WARNING [21m[0m] Element conservation is violated too large
[[93m[1m WARNING [21m[0m] at step: 1021
[[93m[1m WARNING [21m[0m] -----------------------------------------------------------------
[[93m[1m WARNING [21m[0m] Element conservation is violated too large
[[93m[1m WARNING [21m[0m] at step: 1022
[[93m[1m WARNING [21m[0m] -----------------------------------------------------------------
[[93m[1m WARNING [21m[0m] Element conservation is violated too large
[[93m[1m WARNING [21m[0m] at step: 1023
[[93m[1m WARNING [21m[0m] -----------------------------------------------------------------
[[93m[1m WARNING [21m[0m] Element conservation is violated too large
[[93m[1m WARNING [21m[0m] at step: 1024
[[93m[1m WARNING [21m[0m] -----------------------------------------------------------------
[[93m[1m WARNING [21m[0m] Element conservation is violated too large
[[93m[1m WARNING [21m[0m] at step: 1025
[[93m[1m WARNING [21m[0m] -----------------------------------------------------------------
[[93m[1m WARNING [21m[0m] Element conservation is violated too large
[[93m[1m WARNING [21m[0m] at step: 1026
[[93m[1m WARNING [21m[0m] -----------------------------------------------------------------
[[93m[1m WARNING [21m[0m] Element conservation is violated too large
[[93m[1m WARNING [21m[0m] at step: 1027
[[93m[1m WARNING [21m[0m] -----------------------------------------------------------------
[[93m[1m WARNING [21m[0m] Element conservation is violated too large
[[93m[1m WARNING [21m[0m] at step: 1028
[[93m[1m WARNING [21m[0m] -----------------------------------------------------------------
[[93m[1m WARNING [21m[0m] Element conservation is violated too large
[[93m[1m WARNING [21m[0m] at step: 1029
[[93m[1m WARNING [21m[0m] -----------------------------------------------------------------
[[93m[1m WARNING [21m[0m] Element conservation is violated too large
[[93m[1m WARNING [21m[0m] at step: 1030
[[93m[1m WARNING [21m[0m] -----------------------------------------------------------------
[[93m[1m WARNING [21m[0m] Element conservation is violated too large
[[93m[1m WARNING [21m[0m] at step: 1033
[[93m[1m WARNING [21m[0m] -----------------------------------------------------------------
[[93m[1m WARNING [21m[0m] Element conservation is violated too large
[[93m[1m WARNING [21m[0m] at step: 1035
[[93m[1m WARNING [21m[0m] -----------------------------------------------------------------
[[93m[1m WARNING [21m[0m] Element conservation is violated too large
[[93m[1m WARNING [21m[0m] at step: 1036
[[93m[1m WARNING [21m[0m] -----------------------------------------------------------------
[[93m[1m WARNING [21m[0m] Element conservation is violated too large
[[93m[1m WARNING [21m[0m] at step: 1037
[[93m[1m WARNING [21m[0m] -----------------------------------------------------------------
[[93m[1m WARNING [21m[0m] Element conservation is violated too large
[[93m[1m WARNING [21m[0m] at step: 1039
[[93m[1m WARNING [21m[0m] -----------------------------------------------------------------
[[93m[1m WARNING [21m[0m] Element conservation is violated too large
[[93m[1m WARNING [21m[0m] at step: 1043
[[93m[1m WARNING [21m[0m] -----------------------------------------------------------------
[[93m[1m WARNING [21m[0m] Element conservation is violated too large
[[93m[1m WARNING [21m[0m] at step: 1047
[[93m[1m WARNING [21m[0m] -----------------------------------------------------------------
[[93m[1m WARNING [21m[0m] Element conservation is violated too large
[[93m[1m WARNING [21m[0m] at step: 1049
[[93m[1m WARNING [21m[0m] -----------------------------------------------------------------
[[93m[1m WARNING [21m[0m] Element conservation is violated too large
[[93m[1m WARNING [21m[0m] at step: 1050
[[93m[1m WARNING [21m[0m] -----------------------------------------------------------------
[[93m[1m WARNING [21m[0m] Element conservation is violated too large
[[93m[1m WARNING [21m[0m] at step: 1052
[[93m[1m WARNING [21m[0m] -----------------------------------------------------------------
[[93m[1m WARNING [21m[0m] Element conservation is violated too large
[[93m[1m WARNING [21m[0m] at step: 1053
[[93m[1m WARNING [21m[0m] -----------------------------------------------------------------
[[93m[1m WARNING [21m[0m] Element conservation is violated too large
[[93m[1m WARNING [21m[0m] at step: 1053
[[93m[1m WARNING [21m[0m] -----------------------------------------------------------------
[[93m[1m WARNING [21m[0m] Element conservation is violated too large
[[93m[1m WARNING [21m[0m] at step: 1055
[[93m[1m WARNING [21m[0m] -----------------------------------------------------------------
[[93m[1m WARNING [21m[0m] Element conservation is violated too large
[[93m[1m WARNING [21m[0m] at step: 1057
[[93m[1m WARNING [21m[0m] -----------------------------------------------------------------
[[93m[1m WARNING [21m[0m] Element conservation is violated too large
[[93m[1m WARNING [21m[0m] at step: 1058
[[93m[1m WARNING [21m[0m] -----------------------------------------------------------------
[[93m[1m WARNING [21m[0m] Element conservation is violated too large
[[93m[1m WARNING [21m[0m] at step: 1059
[[93m[1m WARNING [21m[0m] -----------------------------------------------------------------
[[93m[1m WARNING [21m[0m] Element conservation is violated too large
[[93m[1m WARNING [21m[0m] at step: 1060
[[93m[1m WARNING [21m[0m] -----------------------------------------------------------------
[[93m[1m WARNING [21m[0m] Element conservation is violated too large
[[93m[1m WARNING [21m[0m] at step: 1061
[[93m[1m WARNING [21m[0m] -----------------------------------------------------------------
[[93m[1m WARNING [21m[0m] Element conservation is violated too large
[[93m[1m WARNING [21m[0m] at step: 1062
[[93m[1m WARNING [21m[0m] -----------------------------------------------------------------
[[93m[1m WARNING [21m[0m] Element conservation is violated too large
[[93m[1m WARNING [21m[0m] at step: 1064
[[93m[1m WARNING [21m[0m] -----------------------------------------------------------------
[[93m[1m WARNING [21m[0m] Element conservation is violated too large
[[93m[1m WARNING [21m[0m] at step: 1065
[[93m[1m WARNING [21m[0m] -----------------------------------------------------------------
[[93m[1m WARNING [21m[0m] Element conservation is violated too large
[[93m[1m WARNING [21m[0m] at step: 1066
[[93m[1m WARNING [21m[0m] -----------------------------------------------------------------
[[93m[1m WARNING [21m[0m] Element conservation is violated too large
[[93m[1m WARNING [21m[0m] at step: 1067
[[93m[1m WARNING [21m[0m] -----------------------------------------------------------------
[[93m[1m WARNING [21m[0m] Element conservation is violated too large
[[93m[1m WARNING [21m[0m] at step: 1067
[[93m[1m WARNING [21m[0m] -----------------------------------------------------------------
[[93m[1m WARNING [21m[0m] Element conservation is violated too large
[[93m[1m WARNING [21m[0m] at step: 1070
[[93m[1m WARNING [21m[0m] -----------------------------------------------------------------
[[93m[1m WARNING [21m[0m] Element conservation is violated too large
[[93m[1m WARNING [21m[0m] at step: 1072
[[93m[1m WARNING [21m[0m] -----------------------------------------------------------------
[[93m[1m WARNING [21m[0m] Element conservation is violated too large
[[93m[1m WARNING [21m[0m] at step: 1074
[[93m[1m WARNING [21m[0m] -----------------------------------------------------------------
[[93m[1m WARNING [21m[0m] Element conservation is violated too large
[[93m[1m WARNING [21m[0m] at step: 1077
[[93m[1m WARNING [21m[0m] -----------------------------------------------------------------
[[93m[1m WARNING [21m[0m] Element conservation is violated too large
[[93m[1m WARNING [21m[0m] at step: 1078
[[93m[1m WARNING [21m[0m] -----------------------------------------------------------------
[[93m[1m WARNING [21m[0m] Element conservation is violated too large
[[93m[1m WARNING [21m[0m] at step: 1079
[[93m[1m WARNING [21m[0m] -----------------------------------------------------------------
[[93m[1m WARNING [21m[0m] Element conservation is violated too large
[[93m[1m WARNING [21m[0m] at step: 1080
[[93m[1m WARNING [21m[0m] -----------------------------------------------------------------
[[93m[1m WARNING [21m[0m] Element conservation is violated too large
[[93m[1m WARNING [21m[0m] at step: 1081
[[93m[1m WARNING [21m[0m] -----------------------------------------------------------------
[[93m[1m WARNING [21m[0m] Element conservation is violated too large
[[93m[1m WARNING [21m[0m] at step: 1082
[[93m[1m WARNING [21m[0m] -----------------------------------------------------------------
[[93m[1m WARNING [21m[0m] Element conservation is violated too large
[[93m[1m WARNING [21m[0m] at step: 1083
[[93m[1m WARNING [21m[0m] -----------------------------------------------------------------
[[93m[1m WARNING [21m[0m] Element conservation is violated too large
[[93m[1m WARNING [21m[0m] at step: 1084
[[93m[1m WARNING [21m[0m] -----------------------------------------------------------------
[[93m[1m WARNING [21m[0m] Element conservation is violated too large
[[93m[1m WARNING [21m[0m] at step: 1086
[[93m[1m WARNING [21m[0m] -----------------------------------------------------------------
[[93m[1m WARNING [21m[0m] Element conservation is violated too large
[[93m[1m WARNING [21m[0m] at step: 1086
[[93m[1m WARNING [21m[0m] -----------------------------------------------------------------
[[93m[1m WARNING [21m[0m] Element conservation is violated too large
[[93m[1m WARNING [21m[0m] at step: 1088
[[93m[1m WARNING [21m[0m] -----------------------------------------------------------------
[[93m[1m WARNING [21m[0m] Element conservation is violated too large
[[93m[1m WARNING [21m[0m] at step: 1090
[[93m[1m WARNING [21m[0m] -----------------------------------------------------------------
[[93m[1m WARNING [21m[0m] Element conservation is violated too large
[[93m[1m WARNING [21m[0m] at step: 1091
[[93m[1m WARNING [21m[0m] -----------------------------------------------------------------
[[93m[1m WARNING [21m[0m] Element conservation is violated too large
[[93m[1m WARNING [21m[0m] at step: 1093
[[93m[1m WARNING [21m[0m] -----------------------------------------------------------------
[[93m[1m WARNING [21m[0m] Element conservation is violated too large
[[93m[1m WARNING [21m[0m] at step: 1095
[[93m[1m WARNING [21m[0m] -----------------------------------------------------------------
[[93m[1m WARNING [21m[0m] Element conservation is violated too large
[[93m[1m WARNING [21m[0m] at step: 1096
[[93m[1m WARNING [21m[0m] -----------------------------------------------------------------
[[32m[1m INFO  [21m[0m] Elapsed time: 1.42e-04 || Step number: 1100/30000
[[32m[1m INFO  [21m[0m] longdy = 1.00e+00      || longdy/dt = 1.00e+00  || dt = 7.39e-07
[[32m[1m INFO  [21m[0m] from nz = 0 and OH
[[32m[1m INFO  [21m[0m] -----------------------------------------------------------------
[[93m[1m WARNING [21m[0m] Element conservation is violated too large
[[93m[1m WARNING [21m[0m] at step: 1102
[[93m[1m WARNING [21m[0m] -----------------------------------------------------------------
[[93m[1m WARNING [21m[0m] Element conservation is violated too large
[[93m[1m WARNING [21m[0m] at step: 1104
[[93m[1m WARNING [21m[0m] -----------------------------------------------------------------
[[93m[1m WARNING [21m[0m] Element conservation is violated too large
[[93m[1m WARNING [21m[0m] at step: 1110
[[93m[1m WARNING [21m[0m] -----------------------------------------------------------------
[[93m[1m WARNING [21m[0m] Element conservation is violated too large
[[93m[1m WARNING [21m[0m] at step: 1111
[[93m[1m WARNING [21m[0m] -----------------------------------------------------------------
[[93m[1m WARNING [21m[0m] Element conservation is violated too large
[[93m[1m WARNING [21m[0m] at step: 1112
[[93m[1m WARNING [21m[0m] -----------------------------------------------------------------
[[93m[1m WARNING [21m[0m] Element conservation is violated too large
[[93m[1m WARNING [21m[0m] at step: 1114
[[93m[1m WARNING [21m[0m] -----------------------------------------------------------------
[[93m[1m WARNING [21m[0m] Element conservation is violated too large
[[93m[1m WARNING [21m[0m] at step: 1116
[[93m[1m WARNING [21m[0m] -----------------------------------------------------------------
[[93m[1m WARNING [21m[0m] Element conservation is violated too large
[[93m[1m WARNING [21m[0m] at step: 1117
[[93m[1m WARNING [21m[0m] -----------------------------------------------------------------
[[93m[1m WARNING [21m[0m] Element conservation is violated too large
[[93m[1m WARNING [21m[0m] at step: 1121
[[93m[1m WARNING [21m[0m] -----------------------------------------------------------------
[[93m[1m WARNING [21m[0m] Element conservation is violated too large
[[93m[1m WARNING [21m[0m] at step: 1123
[[93m[1m WARNING [21m[0m] -----------------------------------------------------------------
[[93m[1m WARNING [21m[0m] Element conservation is violated too large
[[93m[1m WARNING [21m[0m] at step: 1124
[[93m[1m WARNING [21m[0m] -----------------------------------------------------------------
[[93m[1m WARNING [21m[0m] Element conservation is violated too large
[[93m[1m WARNING [21m[0m] at step: 1125
[[93m[1m WARNING [21m[0m] -----------------------------------------------------------------
[[93m[1m WARNING [21m[0m] Element conservation is violated too large
[[93m[1m WARNING [21m[0m] at step: 1127
[[93m[1m WARNING [21m[0m] -----------------------------------------------------------------
[[93m[1m WARNING [21m[0m] Element conservation is violated too large
[[93m[1m WARNING [21m[0m] at step: 1128
[[93m[1m WARNING [21m[0m] -----------------------------------------------------------------
[[93m[1m WARNING [21m[0m] Element conservation is violated too large
[[93m[1m WARNING [21m[0m] at step: 1129
[[93m[1m WARNING [21m[0m] -----------------------------------------------------------------
[[93m[1m WARNING [21m[0m] Element conservation is violated too large
[[93m[1m WARNING [21m[0m] at step: 1130
[[93m[1m WARNING [21m[0m] -----------------------------------------------------------------
[[93m[1m WARNING [21m[0m] Element conservation is violated too large
[[93m[1m WARNING [21m[0m] at step: 1131
[[93m[1m WARNING [21m[0m] -----------------------------------------------------------------
[[93m[1m WARNING [21m[0m] Element conservation is violated too large
[[93m[1m WARNING [21m[0m] at step: 1134
[[93m[1m WARNING [21m[0m] -----------------------------------------------------------------
[[93m[1m WARNING [21m[0m] Element conservation is violated too large
[[93m[1m WARNING [21m[0m] at step: 1137
[[93m[1m WARNING [21m[0m] -----------------------------------------------------------------
[[93m[1m WARNING [21m[0m] Element conservation is violated too large
[[93m[1m WARNING [21m[0m] at step: 1139
[[93m[1m WARNING [21m[0m] -----------------------------------------------------------------
[[93m[1m WARNING [21m[0m] Element conservation is violated too large
[[93m[1m WARNING [21m[0m] at step: 1140
[[93m[1m WARNING [21m[0m] -----------------------------------------------------------------
[[93m[1m WARNING [21m[0m] Element conservation is violated too large
[[93m[1m WARNING [21m[0m] at step: 1141
[[93m[1m WARNING [21m[0m] -----------------------------------------------------------------
[[93m[1m WARNING [21m[0m] Element conservation is violated too large
[[93m[1m WARNING [21m[0m] at step: 1144
[[93m[1m WARNING [21m[0m] -----------------------------------------------------------------
[[93m[1m WARNING [21m[0m] Element conservation is violated too large
[[93m[1m WARNING [21m[0m] at step: 1146
[[93m[1m WARNING [21m[0m] -----------------------------------------------------------------
[[93m[1m WARNING [21m[0m] Element conservation is violated too large
[[93m[1m WARNING [21m[0m] at step: 1147
[[93m[1m WARNING [21m[0m] -----------------------------------------------------------------
[[93m[1m WARNING [21m[0m] Element conservation is violated too large
[[93m[1m WARNING [21m[0m] at step: 1148
[[93m[1m WARNING [21m[0m] -----------------------------------------------------------------
[[93m[1m WARNING [21m[0m] Element conservation is violated too large
[[93m[1m WARNING [21m[0m] at step: 1149
[[93m[1m WARNING [21m[0m] -----------------------------------------------------------------
[[93m[1m WARNING [21m[0m] Element conservation is violated too large
[[93m[1m WARNING [21m[0m] at step: 1151
[[93m[1m WARNING [21m[0m] -----------------------------------------------------------------
[[93m[1m WARNING [21m[0m] Element conservation is violated too large
[[93m[1m WARNING [21m[0m] at step: 1153
[[93m[1m WARNING [21m[0m] -----------------------------------------------------------------
[[93m[1m WARNING [21m[0m] Element conservation is violated too large
[[93m[1m WARNING [21m[0m] at step: 1154
[[93m[1m WARNING [21m[0m] -----------------------------------------------------------------
[[93m[1m WARNING [21m[0m] Element conservation is violated too large
[[93m[1m WARNING [21m[0m] at step: 1155
[[93m[1m WARNING [21m[0m] -----------------------------------------------------------------
[[93m[1m WARNING [21m[0m] Element conservation is violated too large
[[93m[1m WARNING [21m[0m] at step: 1157
[[93m[1m WARNING [21m[0m] -----------------------------------------------------------------
[[93m[1m WARNING [21m[0m] Element conservation is violated too large
[[93m[1m WARNING [21m[0m] at step: 1160
[[93m[1m WARNING [21m[0m] -----------------------------------------------------------------
[[93m[1m WARNING [21m[0m] Element conservation is violated too large
[[93m[1m WARNING [21m[0m] at step: 1165
[[93m[1m WARNING [21m[0m] -----------------------------------------------------------------
[[93m[1m WARNING [21m[0m] Element conservation is violated too large
[[93m[1m WARNING [21m[0m] at step: 1166
[[93m[1m WARNING [21m[0m] -----------------------------------------------------------------
[[93m[1m WARNING [21m[0m] Element conservation is violated too large
[[93m[1m WARNING [21m[0m] at step: 1167
[[93m[1m WARNING [21m[0m] -----------------------------------------------------------------
[[93m[1m WARNING [21m[0m] Element conservation is violated too large
[[93m[1m WARNING [21m[0m] at step: 1168
[[93m[1m WARNING [21m[0m] -----------------------------------------------------------------
[[93m[1m WARNING [21m[0m] Element conservation is violated too large
[[93m[1m WARNING [21m[0m] at step: 1169
[[93m[1m WARNING [21m[0m] -----------------------------------------------------------------
[[93m[1m WARNING [21m[0m] Element conservation is violated too large
[[93m[1m WARNING [21m[0m] at step: 1176
[[93m[1m WARNING [21m[0m] -----------------------------------------------------------------
[[93m[1m WARNING [21m[0m] Element conservation is violated too large
[[93m[1m WARNING [21m[0m] at step: 1176
[[93m[1m WARNING [21m[0m] -----------------------------------------------------------------
[[93m[1m WARNING [21m[0m] Element conservation is violated too large
[[93m[1m WARNING [21m[0m] at step: 1177
[[93m[1m WARNING [21m[0m] -----------------------------------------------------------------
[[93m[1m WARNING [21m[0m] Element conservation is violated too large
[[93m[1m WARNING [21m[0m] at step: 1178
[[93m[1m WARNING [21m[0m] -----------------------------------------------------------------
[[93m[1m WARNING [21m[0m] Element conservation is violated too large
[[93m[1m WARNING [21m[0m] at step: 1179
[[93m[1m WARNING [21m[0m] -----------------------------------------------------------------
[[93m[1m WARNING [21m[0m] Element conservation is violated too large
[[93m[1m WARNING [21m[0m] at step: 1180
[[93m[1m WARNING [21m[0m] -----------------------------------------------------------------
[[93m[1m WARNING [21m[0m] Element conservation is violated too large
[[93m[1m WARNING [21m[0m] at step: 1188
[[93m[1m WARNING [21m[0m] -----------------------------------------------------------------
[[93m[1m WARNING [21m[0m] Element conservation is violated too large
[[93m[1m WARNING [21m[0m] at step: 1195
[[93m[1m WARNING [21m[0m] -----------------------------------------------------------------
[[93m[1m WARNING [21m[0m] Element conservation is violated too large
[[93m[1m WARNING [21m[0m] at step: 1196
[[93m[1m WARNING [21m[0m] -----------------------------------------------------------------
[[32m[1m INFO  [21m[0m] Elapsed time: 1.87e-04 || Step number: 1200/30000
[[32m[1m INFO  [21m[0m] longdy = 1.00e+00      || longdy/dt = 1.00e+00  || dt = 6.68e-07
[[32m[1m INFO  [21m[0m] from nz = 0 and OH
[[32m[1m INFO  [21m[0m] -----------------------------------------------------------------
[[93m[1m WARNING [21m[0m] Element conservation is violated too large
[[93m[1m WARNING [21m[0m] at step: 1200
[[93m[1m WARNING [21m[0m] -----------------------------------------------------------------
[[93m[1m WARNING [21m[0m] Element conservation is violated too large
[[93m[1m WARNING [21m[0m] at step: 1201
[[93m[1m WARNING [21m[0m] -----------------------------------------------------------------
[[93m[1m WARNING [21m[0m] Element conservation is violated too large
[[93m[1m WARNING [21m[0m] at step: 1202
[[93m[1m WARNING [21m[0m] -----------------------------------------------------------------
[[93m[1m WARNING [21m[0m] Element conservation is violated too large
[[93m[1m WARNING [21m[0m] at step: 1212
[[93m[1m WARNING [21m[0m] -----------------------------------------------------------------
[[93m[1m WARNING [21m[0m] Element conservation is violated too large
[[93m[1m WARNING [21m[0m] at step: 1213
[[93m[1m WARNING [21m[0m] -----------------------------------------------------------------
[[93m[1m WARNING [21m[0m] Element conservation is violated too large
[[93m[1m WARNING [21m[0m] at step: 1215
[[93m[1m WARNING [21m[0m] -----------------------------------------------------------------
[[93m[1m WARNING [21m[0m] Element conservation is violated too large
[[93m[1m WARNING [21m[0m] at step: 1216
[[93m[1m WARNING [21m[0m] -----------------------------------------------------------------
[[93m[1m WARNING [21m[0m] Element conservation is violated too large
[[93m[1m WARNING [21m[0m] at step: 1217
[[93m[1m WARNING [21m[0m] -----------------------------------------------------------------
[[93m[1m WARNING [21m[0m] Element conservation is violated too large
[[93m[1m WARNING [21m[0m] at step: 1219
[[93m[1m WARNING [21m[0m] -----------------------------------------------------------------
[[93m[1m WARNING [21m[0m] Element conservation is violated too large
[[93m[1m WARNING [21m[0m] at step: 1224
[[93m[1m WARNING [21m[0m] -----------------------------------------------------------------
[[93m[1m WARNING [21m[0m] Element conservation is violated too large
[[93m[1m WARNING [21m[0m] at step: 1230
[[93m[1m WARNING [21m[0m] -----------------------------------------------------------------
[[93m[1m WARNING [21m[0m] Element conservation is violated too large
[[93m[1m WARNING [21m[0m] at step: 1231
[[93m[1m WARNING [21m[0m] -----------------------------------------------------------------
[[93m[1m WARNING [21m[0m] Element conservation is violated too large
[[93m[1m WARNING [21m[0m] at step: 1232
[[93m[1m WARNING [21m[0m] -----------------------------------------------------------------
[[93m[1m WARNING [21m[0m] Element conservation is violated too large
[[93m[1m WARNING [21m[0m] at step: 1233
[[93m[1m WARNING [21m[0m] -----------------------------------------------------------------
[[93m[1m WARNING [21m[0m] Element conservation is violated too large
[[93m[1m WARNING [21m[0m] at step: 1234
[[93m[1m WARNING [21m[0m] -----------------------------------------------------------------
[[93m[1m WARNING [21m[0m] Element conservation is violated too large
[[93m[1m WARNING [21m[0m] at step: 1235
[[93m[1m WARNING [21m[0m] -----------------------------------------------------------------
[[93m[1m WARNING [21m[0m] Element conservation is violated too large
[[93m[1m WARNING [21m[0m] at step: 1236
[[93m[1m WARNING [21m[0m] -----------------------------------------------------------------
[[93m[1m WARNING [21m[0m] Element conservation is violated too large
[[93m[1m WARNING [21m[0m] at step: 1237
[[93m[1m WARNING [21m[0m] -----------------------------------------------------------------
[[93m[1m WARNING [21m[0m] Element conservation is violated too large
[[93m[1m WARNING [21m[0m] at step: 1239
[[93m[1m WARNING [21m[0m] -----------------------------------------------------------------
[[93m[1m WARNING [21m[0m] Element conservation is violated too large
[[93m[1m WARNING [21m[0m] at step: 1240
[[93m[1m WARNING [21m[0m] -----------------------------------------------------------------
[[93m[1m WARNING [21m[0m] Element conservation is violated too large
[[93m[1m WARNING [21m[0m] at step: 1242
[[93m[1m WARNING [21m[0m] -----------------------------------------------------------------
[[93m[1m WARNING [21m[0m] Element conservation is violated too large
[[93m[1m WARNING [21m[0m] at step: 1242
[[93m[1m WARNING [21m[0m] -----------------------------------------------------------------
[[93m[1m WARNING [21m[0m] Element conservation is violated too large
[[93m[1m WARNING [21m[0m] at step: 1243
[[93m[1m WARNING [21m[0m] -----------------------------------------------------------------
[[93m[1m WARNING [21m[0m] Element conservation is violated too large
[[93m[1m WARNING [21m[0m] at step: 1246
[[93m[1m WARNING [21m[0m] -----------------------------------------------------------------
[[93m[1m WARNING [21m[0m] Element conservation is violated too large
[[93m[1m WARNING [21m[0m] at step: 1247
[[93m[1m WARNING [21m[0m] -----------------------------------------------------------------
[[93m[1m WARNING [21m[0m] Element conservation is violated too large
[[93m[1m WARNING [21m[0m] at step: 1248
[[93m[1m WARNING [21m[0m] -----------------------------------------------------------------
[[93m[1m WARNING [21m[0m] Element conservation is violated too large
[[93m[1m WARNING [21m[0m] at step: 1250
[[93m[1m WARNING [21m[0m] -----------------------------------------------------------------
[[93m[1m WARNING [21m[0m] Element conservation is violated too large
[[93m[1m WARNING [21m[0m] at step: 1259
[[93m[1m WARNING [21m[0m] -----------------------------------------------------------------
[[93m[1m WARNING [21m[0m] Element conservation is violated too large
[[93m[1m WARNING [21m[0m] at step: 1262
[[93m[1m WARNING [21m[0m] -----------------------------------------------------------------
[[93m[1m WARNING [21m[0m] Element conservation is violated too large
[[93m[1m WARNING [21m[0m] at step: 1263
[[93m[1m WARNING [21m[0m] -----------------------------------------------------------------
[[93m[1m WARNING [21m[0m] Element conservation is violated too large
[[93m[1m WARNING [21m[0m] at step: 1264
[[93m[1m WARNING [21m[0m] -----------------------------------------------------------------
[[93m[1m WARNING [21m[0m] Element conservation is violated too large
[[93m[1m WARNING [21m[0m] at step: 1267
[[93m[1m WARNING [21m[0m] -----------------------------------------------------------------
[[93m[1m WARNING [21m[0m] Element conservation is violated too large
[[93m[1m WARNING [21m[0m] at step: 1268
[[93m[1m WARNING [21m[0m] -----------------------------------------------------------------
[[93m[1m WARNING [21m[0m] Element conservation is violated too large
[[93m[1m WARNING [21m[0m] at step: 1269
[[93m[1m WARNING [21m[0m] -----------------------------------------------------------------
[[93m[1m WARNING [21m[0m] Element conservation is violated too large
[[93m[1m WARNING [21m[0m] at step: 1271
[[93m[1m WARNING [21m[0m] -----------------------------------------------------------------
[[93m[1m WARNING [21m[0m] Element conservation is violated too large
[[93m[1m WARNING [21m[0m] at step: 1272
[[93m[1m WARNING [21m[0m] -----------------------------------------------------------------
[[93m[1m WARNING [21m[0m] Element conservation is violated too large
[[93m[1m WARNING [21m[0m] at step: 1273
[[93m[1m WARNING [21m[0m] -----------------------------------------------------------------
[[93m[1m WARNING [21m[0m] Element conservation is violated too large
[[93m[1m WARNING [21m[0m] at step: 1276
[[93m[1m WARNING [21m[0m] -----------------------------------------------------------------
[[93m[1m WARNING [21m[0m] Element conservation is violated too large
[[93m[1m WARNING [21m[0m] at step: 1276
[[93m[1m WARNING [21m[0m] -----------------------------------------------------------------
[[93m[1m WARNING [21m[0m] Element conservation is violated too large
[[93m[1m WARNING [21m[0m] at step: 1280
[[93m[1m WARNING [21m[0m] -----------------------------------------------------------------
[[93m[1m WARNING [21m[0m] Element conservation is violated too large
[[93m[1m WARNING [21m[0m] at step: 1282
[[93m[1m WARNING [21m[0m] -----------------------------------------------------------------
[[93m[1m WARNING [21m[0m] Element conservation is violated too large
[[93m[1m WARNING [21m[0m] at step: 1284
[[93m[1m WARNING [21m[0m] -----------------------------------------------------------------
[[93m[1m WARNING [21m[0m] Element conservation is violated too large
[[93m[1m WARNING [21m[0m] at step: 1288
[[93m[1m WARNING [21m[0m] -----------------------------------------------------------------
[[93m[1m WARNING [21m[0m] Element conservation is violated too large
[[93m[1m WARNING [21m[0m] at step: 1291
[[93m[1m WARNING [21m[0m] -----------------------------------------------------------------
[[93m[1m WARNING [21m[0m] Element conservation is violated too large
[[93m[1m WARNING [21m[0m] at step: 1293
[[93m[1m WARNING [21m[0m] -----------------------------------------------------------------
[[93m[1m WARNING [21m[0m] Element conservation is violated too large
[[93m[1m WARNING [21m[0m] at step: 1295
[[93m[1m WARNING [21m[0m] -----------------------------------------------------------------
[[93m[1m WARNING [21m[0m] Element conservation is violated too large
[[93m[1m WARNING [21m[0m] at step: 1298
[[93m[1m WARNING [21m[0m] -----------------------------------------------------------------
[[32m[1m INFO  [21m[0m] Elapsed time: 2.36e-04 || Step number: 1300/30000
[[32m[1m INFO  [21m[0m] longdy = 1.00e+00      || longdy/dt = 1.00e+00  || dt = 9.03e-07
[[32m[1m INFO  [21m[0m] from nz = 0 and OH
[[32m[1m INFO  [21m[0m] -----------------------------------------------------------------
[[93m[1m WARNING [21m[0m] Element conservation is violated too large
[[93m[1m WARNING [21m[0m] at step: 1300
[[93m[1m WARNING [21m[0m] -----------------------------------------------------------------
[[93m[1m WARNING [21m[0m] Element conservation is violated too large
[[93m[1m WARNING [21m[0m] at step: 1301
[[93m[1m WARNING [21m[0m] -----------------------------------------------------------------
[[93m[1m WARNING [21m[0m] Element conservation is violated too large
[[93m[1m WARNING [21m[0m] at step: 1303
[[93m[1m WARNING [21m[0m] -----------------------------------------------------------------
[[93m[1m WARNING [21m[0m] Element conservation is violated too large
[[93m[1m WARNING [21m[0m] at step: 1304
[[93m[1m WARNING [21m[0m] -----------------------------------------------------------------
[[93m[1m WARNING [21m[0m] Element conservation is violated too large
[[93m[1m WARNING [21m[0m] at step: 1306
[[93m[1m WARNING [21m[0m] -----------------------------------------------------------------
[[93m[1m WARNING [21m[0m] Element conservation is violated too large
[[93m[1m WARNING [21m[0m] at step: 1309
[[93m[1m WARNING [21m[0m] -----------------------------------------------------------------
[[93m[1m WARNING [21m[0m] Element conservation is violated too large
[[93m[1m WARNING [21m[0m] at step: 1311
[[93m[1m WARNING [21m[0m] -----------------------------------------------------------------
[[93m[1m WARNING [21m[0m] Element conservation is violated too large
[[93m[1m WARNING [21m[0m] at step: 1313
[[93m[1m WARNING [21m[0m] -----------------------------------------------------------------
[[93m[1m WARNING [21m[0m] Element conservation is violated too large
[[93m[1m WARNING [21m[0m] at step: 1318
[[93m[1m WARNING [21m[0m] -----------------------------------------------------------------
[[93m[1m WARNING [21m[0m] Element conservation is violated too large
[[93m[1m WARNING [21m[0m] at step: 1321
[[93m[1m WARNING [21m[0m] -----------------------------------------------------------------
[[93m[1m WARNING [21m[0m] Element conservation is violated too large
[[93m[1m WARNING [21m[0m] at step: 1324
[[93m[1m WARNING [21m[0m] -----------------------------------------------------------------
[[93m[1m WARNING [21m[0m] Element conservation is violated too large
[[93m[1m WARNING [21m[0m] at step: 1327
[[93m[1m WARNING [21m[0m] -----------------------------------------------------------------
[[93m[1m WARNING [21m[0m] Element conservation is violated too large
[[93m[1m WARNING [21m[0m] at step: 1328
[[93m[1m WARNING [21m[0m] -----------------------------------------------------------------
[[93m[1m WARNING [21m[0m] Element conservation is violated too large
[[93m[1m WARNING [21m[0m] at step: 1335
[[93m[1m WARNING [21m[0m] -----------------------------------------------------------------
[[93m[1m WARNING [21m[0m] Element conservation is violated too large
[[93m[1m WARNING [21m[0m] at step: 1336
[[93m[1m WARNING [21m[0m] -----------------------------------------------------------------
[[93m[1m WARNING [21m[0m] Element conservation is violated too large
[[93m[1m WARNING [21m[0m] at step: 1341
[[93m[1m WARNING [21m[0m] -----------------------------------------------------------------
[[93m[1m WARNING [21m[0m] Element conservation is violated too large
[[93m[1m WARNING [21m[0m] at step: 1344
[[93m[1m WARNING [21m[0m] -----------------------------------------------------------------
[[93m[1m WARNING [21m[0m] Element conservation is violated too large
[[93m[1m WARNING [21m[0m] at step: 1345
[[93m[1m WARNING [21m[0m] -----------------------------------------------------------------
[[93m[1m WARNING [21m[0m] Element conservation is violated too large
[[93m[1m WARNING [21m[0m] at step: 1346
[[93m[1m WARNING [21m[0m] -----------------------------------------------------------------
[[93m[1m WARNING [21m[0m] Element conservation is violated too large
[[93m[1m WARNING [21m[0m] at step: 1349
[[93m[1m WARNING [21m[0m] -----------------------------------------------------------------
[[93m[1m WARNING [21m[0m] Element conservation is violated too large
[[93m[1m WARNING [21m[0m] at step: 1355
[[93m[1m WARNING [21m[0m] -----------------------------------------------------------------
[[93m[1m WARNING [21m[0m] Element conservation is violated too large
[[93m[1m WARNING [21m[0m] at step: 1357
[[93m[1m WARNING [21m[0m] -----------------------------------------------------------------
[[93m[1m WARNING [21m[0m] Element conservation is violated too large
[[93m[1m WARNING [21m[0m] at step: 1358
[[93m[1m WARNING [21m[0m] -----------------------------------------------------------------
[[93m[1m WARNING [21m[0m] Element conservation is violated too large
[[93m[1m WARNING [21m[0m] at step: 1364
[[93m[1m WARNING [21m[0m] -----------------------------------------------------------------
[[93m[1m WARNING [21m[0m] Element conservation is violated too large
[[93m[1m WARNING [21m[0m] at step: 1369
[[93m[1m WARNING [21m[0m] -----------------------------------------------------------------
[[93m[1m WARNING [21m[0m] Element conservation is violated too large
[[93m[1m WARNING [21m[0m] at step: 1378
[[93m[1m WARNING [21m[0m] -----------------------------------------------------------------
[[93m[1m WARNING [21m[0m] Element conservation is violated too large
[[93m[1m WARNING [21m[0m] at step: 1384
[[93m[1m WARNING [21m[0m] -----------------------------------------------------------------
[[93m[1m WARNING [21m[0m] Element conservation is violated too large
[[93m[1m WARNING [21m[0m] at step: 1387
[[93m[1m WARNING [21m[0m] -----------------------------------------------------------------
[[93m[1m WARNING [21m[0m] Element conservation is violated too large
[[93m[1m WARNING [21m[0m] at step: 1388
[[93m[1m WARNING [21m[0m] -----------------------------------------------------------------
[[93m[1m WARNING [21m[0m] Element conservation is violated too large
[[93m[1m WARNING [21m[0m] at step: 1390
[[93m[1m WARNING [21m[0m] -----------------------------------------------------------------
[[93m[1m WARNING [21m[0m] Element conservation is violated too large
[[93m[1m WARNING [21m[0m] at step: 1391
[[93m[1m WARNING [21m[0m] -----------------------------------------------------------------
[[93m[1m WARNING [21m[0m] Element conservation is violated too large
[[93m[1m WARNING [21m[0m] at step: 1399
[[93m[1m WARNING [21m[0m] -----------------------------------------------------------------
[[32m[1m INFO  [21m[0m] Elapsed time: 2.95e-04 || Step number: 1400/30000
[[32m[1m INFO  [21m[0m] longdy = 1.00e+00      || longdy/dt = 1.00e+00  || dt = 6.82e-07
[[32m[1m INFO  [21m[0m] from nz = 0 and OH
[[32m[1m INFO  [21m[0m] -----------------------------------------------------------------
[[93m[1m WARNING [21m[0m] Element conservation is violated too large
[[93m[1m WARNING [21m[0m] at step: 1401
[[93m[1m WARNING [21m[0m] -----------------------------------------------------------------
[[93m[1m WARNING [21m[0m] Element conservation is violated too large
[[93m[1m WARNING [21m[0m] at step: 1402
[[93m[1m WARNING [21m[0m] -----------------------------------------------------------------
[[93m[1m WARNING [21m[0m] Element conservation is violated too large
[[93m[1m WARNING [21m[0m] at step: 1403
[[93m[1m WARNING [21m[0m] -----------------------------------------------------------------
[[93m[1m WARNING [21m[0m] Element conservation is violated too large
[[93m[1m WARNING [21m[0m] at step: 1404
[[93m[1m WARNING [21m[0m] -----------------------------------------------------------------
[[93m[1m WARNING [21m[0m] Element conservation is violated too large
[[93m[1m WARNING [21m[0m] at step: 1405
[[93m[1m WARNING [21m[0m] -----------------------------------------------------------------
[[93m[1m WARNING [21m[0m] Element conservation is violated too large
[[93m[1m WARNING [21m[0m] at step: 1406
[[93m[1m WARNING [21m[0m] -----------------------------------------------------------------
[[93m[1m WARNING [21m[0m] Element conservation is violated too large
[[93m[1m WARNING [21m[0m] at step: 1407
[[93m[1m WARNING [21m[0m] -----------------------------------------------------------------
[[93m[1m WARNING [21m[0m] Element conservation is violated too large
[[93m[1m WARNING [21m[0m] at step: 1408
[[93m[1m WARNING [21m[0m] -----------------------------------------------------------------
[[93m[1m WARNING [21m[0m] Element conservation is violated too large
[[93m[1m WARNING [21m[0m] at step: 1409
[[93m[1m WARNING [21m[0m] -----------------------------------------------------------------
[[93m[1m WARNING [21m[0m] Element conservation is violated too large
[[93m[1m WARNING [21m[0m] at step: 1410
[[93m[1m WARNING [21m[0m] -----------------------------------------------------------------
[[93m[1m WARNING [21m[0m] Element conservation is violated too large
[[93m[1m WARNING [21m[0m] at step: 1417
[[93m[1m WARNING [21m[0m] -----------------------------------------------------------------
[[93m[1m WARNING [21m[0m] Element conservation is violated too large
[[93m[1m WARNING [21m[0m] at step: 1418
[[93m[1m WARNING [21m[0m] -----------------------------------------------------------------
[[93m[1m WARNING [21m[0m] Element conservation is violated too large
[[93m[1m WARNING [21m[0m] at step: 1419
[[93m[1m WARNING [21m[0m] -----------------------------------------------------------------
[[93m[1m WARNING [21m[0m] Element conservation is violated too large
[[93m[1m WARNING [21m[0m] at step: 1422
[[93m[1m WARNING [21m[0m] -----------------------------------------------------------------
[[93m[1m WARNING [21m[0m] Element conservation is violated too large
[[93m[1m WARNING [21m[0m] at step: 1424
[[93m[1m WARNING [21m[0m] -----------------------------------------------------------------
[[93m[1m WARNING [21m[0m] Element conservation is violated too large
[[93m[1m WARNING [21m[0m] at step: 1429
[[93m[1m WARNING [21m[0m] -----------------------------------------------------------------
[[93m[1m WARNING [21m[0m] Element conservation is violated too large
[[93m[1m WARNING [21m[0m] at step: 1432
[[93m[1m WARNING [21m[0m] -----------------------------------------------------------------
[[93m[1m WARNING [21m[0m] Element conservation is violated too large
[[93m[1m WARNING [21m[0m] at step: 1437
[[93m[1m WARNING [21m[0m] -----------------------------------------------------------------
[[93m[1m WARNING [21m[0m] Element conservation is violated too large
[[93m[1m WARNING [21m[0m] at step: 1440
[[93m[1m WARNING [21m[0m] -----------------------------------------------------------------
[[93m[1m WARNING [21m[0m] Element conservation is violated too large
[[93m[1m WARNING [21m[0m] at step: 1441
[[93m[1m WARNING [21m[0m] -----------------------------------------------------------------
[[93m[1m WARNING [21m[0m] Element conservation is violated too large
[[93m[1m WARNING [21m[0m] at step: 1442
[[93m[1m WARNING [21m[0m] -----------------------------------------------------------------
[[93m[1m WARNING [21m[0m] Element conservation is violated too large
[[93m[1m WARNING [21m[0m] at step: 1444
[[93m[1m WARNING [21m[0m] -----------------------------------------------------------------
[[93m[1m WARNING [21m[0m] Element conservation is violated too large
[[93m[1m WARNING [21m[0m] at step: 1445
[[93m[1m WARNING [21m[0m] -----------------------------------------------------------------
[[93m[1m WARNING [21m[0m] Element conservation is violated too large
[[93m[1m WARNING [21m[0m] at step: 1448
[[93m[1m WARNING [21m[0m] -----------------------------------------------------------------
[[93m[1m WARNING [21m[0m] Element conservation is violated too large
[[93m[1m WARNING [21m[0m] at step: 1457
[[93m[1m WARNING [21m[0m] -----------------------------------------------------------------
[[93m[1m WARNING [21m[0m] Element conservation is violated too large
[[93m[1m WARNING [21m[0m] at step: 1457
[[93m[1m WARNING [21m[0m] -----------------------------------------------------------------
[[93m[1m WARNING [21m[0m] Element conservation is violated too large
[[93m[1m WARNING [21m[0m] at step: 1462
[[93m[1m WARNING [21m[0m] -----------------------------------------------------------------
[[93m[1m WARNING [21m[0m] Element conservation is violated too large
[[93m[1m WARNING [21m[0m] at step: 1465
[[93m[1m WARNING [21m[0m] -----------------------------------------------------------------
[[93m[1m WARNING [21m[0m] Element conservation is violated too large
[[93m[1m WARNING [21m[0m] at step: 1472
[[93m[1m WARNING [21m[0m] -----------------------------------------------------------------
[[93m[1m WARNING [21m[0m] Element conservation is violated too large
[[93m[1m WARNING [21m[0m] at step: 1486
[[93m[1m WARNING [21m[0m] -----------------------------------------------------------------
[[93m[1m WARNING [21m[0m] Element conservation is violated too large
[[93m[1m WARNING [21m[0m] at step: 1493
[[93m[1m WARNING [21m[0m] -----------------------------------------------------------------
[[93m[1m WARNING [21m[0m] Element conservation is violated too large
[[93m[1m WARNING [21m[0m] at step: 1497
[[93m[1m WARNING [21m[0m] -----------------------------------------------------------------
[[32m[1m INFO  [21m[0m] Elapsed time: 3.55e-04 || Step number: 1500/30000
[[32m[1m INFO  [21m[0m] longdy = 1.00e+00      || longdy/dt = 1.00e+00  || dt = 8.45e-07
[[32m[1m INFO  [21m[0m] from nz = 0 and OH
[[32m[1m INFO  [21m[0m] -----------------------------------------------------------------
[[93m[1m WARNING [21m[0m] Element conservation is violated too large
[[93m[1m WARNING [21m[0m] at step: 1500
[[93m[1m WARNING [21m[0m] -----------------------------------------------------------------
[[93m[1m WARNING [21m[0m] Element conservation is violated too large
[[93m[1m WARNING [21m[0m] at step: 1506
[[93m[1m WARNING [21m[0m] -----------------------------------------------------------------
[[93m[1m WARNING [21m[0m] Element conservation is violated too large
[[93m[1m WARNING [21m[0m] at step: 1515
[[93m[1m WARNING [21m[0m] -----------------------------------------------------------------
[[93m[1m WARNING [21m[0m] Element conservation is violated too large
[[93m[1m WARNING [21m[0m] at step: 1524
[[93m[1m WARNING [21m[0m] -----------------------------------------------------------------
[[93m[1m WARNING [21m[0m] Element conservation is violated too large
[[93m[1m WARNING [21m[0m] at step: 1530
[[93m[1m WARNING [21m[0m] -----------------------------------------------------------------
[[93m[1m WARNING [21m[0m] Element conservation is violated too large
[[93m[1m WARNING [21m[0m] at step: 1532
[[93m[1m WARNING [21m[0m] -----------------------------------------------------------------
[[93m[1m WARNING [21m[0m] Element conservation is violated too large
[[93m[1m WARNING [21m[0m] at step: 1536
[[93m[1m WARNING [21m[0m] -----------------------------------------------------------------
[[93m[1m WARNING [21m[0m] Element conservation is violated too large
[[93m[1m WARNING [21m[0m] at step: 1540
[[93m[1m WARNING [21m[0m] -----------------------------------------------------------------
[[93m[1m WARNING [21m[0m] Element conservation is violated too large
[[93m[1m WARNING [21m[0m] at step: 1544
[[93m[1m WARNING [21m[0m] -----------------------------------------------------------------
[[93m[1m WARNING [21m[0m] Element conservation is violated too large
[[93m[1m WARNING [21m[0m] at step: 1550
[[93m[1m WARNING [21m[0m] -----------------------------------------------------------------
[[93m[1m WARNING [21m[0m] Element conservation is violated too large
[[93m[1m WARNING [21m[0m] at step: 1551
[[93m[1m WARNING [21m[0m] -----------------------------------------------------------------
[[93m[1m WARNING [21m[0m] Element conservation is violated too large
[[93m[1m WARNING [21m[0m] at step: 1563
[[93m[1m WARNING [21m[0m] -----------------------------------------------------------------
[[93m[1m WARNING [21m[0m] Element conservation is violated too large
[[93m[1m WARNING [21m[0m] at step: 1581
[[93m[1m WARNING [21m[0m] -----------------------------------------------------------------
[[93m[1m WARNING [21m[0m] Element conservation is violated too large
[[93m[1m WARNING [21m[0m] at step: 1584
[[93m[1m WARNING [21m[0m] -----------------------------------------------------------------
[[93m[1m WARNING [21m[0m] Element conservation is violated too large
[[93m[1m WARNING [21m[0m] at step: 1588
[[93m[1m WARNING [21m[0m] -----------------------------------------------------------------
[[93m[1m WARNING [21m[0m] Element conservation is violated too large
[[93m[1m WARNING [21m[0m] at step: 1591
[[93m[1m WARNING [21m[0m] -----------------------------------------------------------------
[[93m[1m WARNING [21m[0m] Element conservation is violated too large
[[93m[1m WARNING [21m[0m] at step: 1595
[[93m[1m WARNING [21m[0m] -----------------------------------------------------------------
[[93m[1m WARNING [21m[0m] Element conservation is violated too large
[[93m[1m WARNING [21m[0m] at step: 1595
[[93m[1m WARNING [21m[0m] -----------------------------------------------------------------
[[93m[1m WARNING [21m[0m] Element conservation is violated too large
[[93m[1m WARNING [21m[0m] at step: 1597
[[93m[1m WARNING [21m[0m] -----------------------------------------------------------------
[[32m[1m INFO  [21m[0m] Elapsed time: 4.22e-04 || Step number: 1600/30000
[[32m[1m INFO  [21m[0m] longdy = 1.00e+00      || longdy/dt = 1.00e+00  || dt = 1.20e-06
[[32m[1m INFO  [21m[0m] from nz = 0 and OH
[[32m[1m INFO  [21m[0m] -----------------------------------------------------------------
[[93m[1m WARNING [21m[0m] Element conservation is violated too large
[[93m[1m WARNING [21m[0m] at step: 1601
[[93m[1m WARNING [21m[0m] -----------------------------------------------------------------
[[93m[1m WARNING [21m[0m] Element conservation is violated too large
[[93m[1m WARNING [21m[0m] at step: 1608
[[93m[1m WARNING [21m[0m] -----------------------------------------------------------------
[[93m[1m WARNING [21m[0m] Element conservation is violated too large
[[93m[1m WARNING [21m[0m] at step: 1611
[[93m[1m WARNING [21m[0m] -----------------------------------------------------------------
[[93m[1m WARNING [21m[0m] Element conservation is violated too large
[[93m[1m WARNING [21m[0m] at step: 1617
[[93m[1m WARNING [21m[0m] -----------------------------------------------------------------
[[93m[1m WARNING [21m[0m] Element conservation is violated too large
[[93m[1m WARNING [21m[0m] at step: 1632
[[93m[1m WARNING [21m[0m] -----------------------------------------------------------------
[[93m[1m WARNING [21m[0m] Element conservation is violated too large
[[93m[1m WARNING [21m[0m] at step: 1634
[[93m[1m WARNING [21m[0m] -----------------------------------------------------------------
[[93m[1m WARNING [21m[0m] Element conservation is violated too large
[[93m[1m WARNING [21m[0m] at step: 1647
[[93m[1m WARNING [21m[0m] -----------------------------------------------------------------
[[93m[1m WARNING [21m[0m] Element conservation is violated too large
[[93m[1m WARNING [21m[0m] at step: 1653
[[93m[1m WARNING [21m[0m] -----------------------------------------------------------------
[[93m[1m WARNING [21m[0m] Element conservation is violated too large
[[93m[1m WARNING [21m[0m] at step: 1654
[[93m[1m WARNING [21m[0m] -----------------------------------------------------------------
[[93m[1m WARNING [21m[0m] Element conservation is violated too large
[[93m[1m WARNING [21m[0m] at step: 1660
[[93m[1m WARNING [21m[0m] -----------------------------------------------------------------
[[93m[1m WARNING [21m[0m] Element conservation is violated too large
[[93m[1m WARNING [21m[0m] at step: 1687
[[93m[1m WARNING [21m[0m] -----------------------------------------------------------------
[[93m[1m WARNING [21m[0m] Element conservation is violated too large
[[93m[1m WARNING [21m[0m] at step: 1687
[[93m[1m WARNING [21m[0m] -----------------------------------------------------------------
[[32m[1m INFO  [21m[0m] Elapsed time: 4.94e-04 || Step number: 1700/30000
[[32m[1m INFO  [21m[0m] longdy = 1.00e+00      || longdy/dt = 1.00e+00  || dt = 1.34e-06
[[32m[1m INFO  [21m[0m] from nz = 0 and OH
[[32m[1m INFO  [21m[0m] -----------------------------------------------------------------
[[93m[1m WARNING [21m[0m] Element conservation is violated too large
[[93m[1m WARNING [21m[0m] at step: 1707
[[93m[1m WARNING [21m[0m] -----------------------------------------------------------------
[[93m[1m WARNING [21m[0m] Element conservation is violated too large
[[93m[1m WARNING [21m[0m] at step: 1712
[[93m[1m WARNING [21m[0m] -----------------------------------------------------------------
[[93m[1m WARNING [21m[0m] Element conservation is violated too large
[[93m[1m WARNING [21m[0m] at step: 1713
[[93m[1m WARNING [21m[0m] -----------------------------------------------------------------
[[93m[1m WARNING [21m[0m] Element conservation is violated too large
[[93m[1m WARNING [21m[0m] at step: 1725
[[93m[1m WARNING [21m[0m] -----------------------------------------------------------------
[[93m[1m WARNING [21m[0m] Element conservation is violated too large
[[93m[1m WARNING [21m[0m] at step: 1728
[[93m[1m WARNING [21m[0m] -----------------------------------------------------------------
[[93m[1m WARNING [21m[0m] Element conservation is violated too large
[[93m[1m WARNING [21m[0m] at step: 1746
[[93m[1m WARNING [21m[0m] -----------------------------------------------------------------
