Atmodeller initialized with double precision (float64)
[[93m[1m WARNING [21m[0m] The archive tar file does not exist: /data/rdc49-2/K218b_project/simulation_data/grid_H3_C0_N0_S2_fO23__from_batch15_case_000034__7_crash_atmos_chem_step_vulcan_chem_funs_race_syntax_error/data/data.tar
[[32m[1m INFO  [21m[0m] Running atmospheric chemistry...
[[32m[1m INFO  [21m[0m]     Using vulcan module, offline
[[32m[1m INFO  [21m[0m] Elements conserved in the network.
[[32m[1m INFO  [21m[0m] No duplicates in the network.
[[32m[1m INFO  [21m[0m] Elements conserved in the network.
[[32m[1m INFO  [21m[0m] No duplicates in the network.
[[32m[1m INFO  [21m[0m] Running VULCAN
[[32m[1m INFO  [21m[0m] Initializing with compositions from ASCII file /data/rdc49-2/K218b_project/simulation_data/grid_H3_C0_N0_S2_fO23__from_batch15_case_000034__7_crash_atmos_chem_step_vulcan_chem_funs_race_syntax_error/offchem/vmrs.dat
[[32m[1m INFO  [21m[0m] Input stellar spectrum from 2.0 to 700.0
[[32m[1m INFO  [21m[0m] Using wavelength bins from 2.0 to 655.5
[[32m[1m INFO  [21m[0m] Include molecular diffusion.
[[32m[1m INFO  [21m[0m] Starting VULCAN integration with 1 threads...
[[93m[1m WARNING [21m[0m] Keep producing negative values! Clipping negative solutions and moving on!
[[93m[1m WARNING [21m[0m] Keep producing negative values! Clipping negative solutions and moving on!
[[93m[1m WARNING [21m[0m] Keep producing negative values! Clipping negative solutions and moving on!
[[93m[1m WARNING [21m[0m] Keep producing negative values! Clipping negative solutions and moving on!
[[93m[1m WARNING [21m[0m] Keep producing negative values! Clipping negative solutions and moving on!
[[93m[1m WARNING [21m[0m] Keep producing negative values! Clipping negative solutions and moving on!
[[93m[1m WARNING [21m[0m] Keep producing negative values! Clipping negative solutions and moving on!
[[93m[1m WARNING [21m[0m] Keep producing negative values! Clipping negative solutions and moving on!
[[93m[1m WARNING [21m[0m] Keep producing negative values! Clipping negative solutions and moving on!
[[93m[1m WARNING [21m[0m] Keep producing negative values! Clipping negative solutions and moving on!
[[93m[1m WARNING [21m[0m] Keep producing negative values! Clipping negative solutions and moving on!
[[93m[1m WARNING [21m[0m] Keep producing negative values! Clipping negative solutions and moving on!
[[93m[1m WARNING [21m[0m] Keep producing negative values! Clipping negative solutions and moving on!
[[32m[1m INFO  [21m[0m] Elapsed time: 1.27e-05 || Step number: 100/30000
[[32m[1m INFO  [21m[0m] longdy = 1.00e+00      || longdy/dt = 1.00e+00  || dt = 5.78e-07
[[32m[1m INFO  [21m[0m] from nz = 0 and OH
[[32m[1m INFO  [21m[0m] -----------------------------------------------------------------
[[32m[1m INFO  [21m[0m] Elapsed time: 4.81e-05 || Step number: 200/30000
[[32m[1m INFO  [21m[0m] longdy = 1.00e+00      || longdy/dt = 1.00e+00  || dt = 4.32e-07
[[32m[1m INFO  [21m[0m] from nz = 0 and OH
[[32m[1m INFO  [21m[0m] -----------------------------------------------------------------
[[32m[1m INFO  [21m[0m] Elapsed time: 9.17e-05 || Step number: 300/30000
[[32m[1m INFO  [21m[0m] longdy = 1.00e+00      || longdy/dt = 1.00e+00  || dt = 6.29e-07
[[32m[1m INFO  [21m[0m] from nz = 0 and OH
[[32m[1m INFO  [21m[0m] -----------------------------------------------------------------
[[32m[1m INFO  [21m[0m] Elapsed time: 1.38e-04 || Step number: 400/30000
[[32m[1m INFO  [21m[0m] longdy = 1.00e+00      || longdy/dt = 1.00e+00  || dt = 4.50e-07
[[32m[1m INFO  [21m[0m] from nz = 0 and OH
[[32m[1m INFO  [21m[0m] -----------------------------------------------------------------
[[32m[1m INFO  [21m[0m] Elapsed time: 1.82e-04 || Step number: 500/30000
[[32m[1m INFO  [21m[0m] longdy = 1.00e+00      || longdy/dt = 1.00e+00  || dt = 6.59e-07
[[32m[1m INFO  [21m[0m] from nz = 0 and OH
[[32m[1m INFO  [21m[0m] -----------------------------------------------------------------
[[32m[1m INFO  [21m[0m] Elapsed time: 2.24e-04 || Step number: 600/30000
[[32m[1m INFO  [21m[0m] longdy = 1.00e+00      || longdy/dt = 1.00e+00  || dt = 3.83e-07
[[32m[1m INFO  [21m[0m] from nz = 0 and OH
[[32m[1m INFO  [21m[0m] -----------------------------------------------------------------
[[32m[1m INFO  [21m[0m] Elapsed time: 2.76e-04 || Step number: 700/30000
[[32m[1m INFO  [21m[0m] longdy = 1.00e+00      || longdy/dt = 1.00e+00  || dt = 1.50e-06
[[32m[1m INFO  [21m[0m] from nz = 0 and OH
[[32m[1m INFO  [21m[0m] -----------------------------------------------------------------
[[32m[1m INFO  [21m[0m] Elapsed time: 3.40e-04 || Step number: 800/30000
[[32m[1m INFO  [21m[0m] longdy = 1.00e+00      || longdy/dt = 1.00e+00  || dt = 1.63e-06
[[32m[1m INFO  [21m[0m] from nz = 0 and OH
[[32m[1m INFO  [21m[0m] -----------------------------------------------------------------
[[32m[1m INFO  [21m[0m] Elapsed time: 3.94e-04 || Step number: 900/30000
[[32m[1m INFO  [21m[0m] longdy = 1.00e+00      || longdy/dt = 1.00e+00  || dt = 5.33e-07
[[32m[1m INFO  [21m[0m] from nz = 0 and OH
[[32m[1m INFO  [21m[0m] -----------------------------------------------------------------
[[32m[1m INFO  [21m[0m] Elapsed time: 4.49e-04 || Step number: 1000/30000
[[32m[1m INFO  [21m[0m] longdy = 1.00e+00      || longdy/dt = 1.00e+00  || dt = 1.11e-06
[[32m[1m INFO  [21m[0m] from nz = 0 and OH
[[32m[1m INFO  [21m[0m] -----------------------------------------------------------------
[[32m[1m INFO  [21m[0m] Elapsed time: 5.07e-04 || Step number: 1100/30000
[[32m[1m INFO  [21m[0m] longdy = 1.00e+00      || longdy/dt = 1.00e+00  || dt = 3.98e-07
[[32m[1m INFO  [21m[0m] from nz = 0 and OH
[[32m[1m INFO  [21m[0m] -----------------------------------------------------------------
[[32m[1m INFO  [21m[0m] Elapsed time: 5.73e-04 || Step number: 1200/30000
[[32m[1m INFO  [21m[0m] longdy = 1.00e+00      || longdy/dt = 1.00e+00  || dt = 6.89e-07
[[32m[1m INFO  [21m[0m] from nz = 0 and OH
[[32m[1m INFO  [21m[0m] -----------------------------------------------------------------
[[32m[1m INFO  [21m[0m] Elapsed time: 6.51e-04 || Step number: 1300/30000
[[32m[1m INFO  [21m[0m] longdy = 1.00e+00      || longdy/dt = 1.00e+00  || dt = 6.00e-07
[[32m[1m INFO  [21m[0m] from nz = 0 and OH
[[32m[1m INFO  [21m[0m] -----------------------------------------------------------------
[[32m[1m INFO  [21m[0m] Elapsed time: 7.32e-04 || Step number: 1400/30000
[[32m[1m INFO  [21m[0m] longdy = 1.00e+00      || longdy/dt = 1.00e+00  || dt = 1.54e-06
[[32m[1m INFO  [21m[0m] from nz = 0 and OH
[[32m[1m INFO  [21m[0m] -----------------------------------------------------------------
[[32m[1m INFO  [21m[0m] Elapsed time: 8.26e-04 || Step number: 1500/30000
[[32m[1m INFO  [21m[0m] longdy = 1.00e+00      || longdy/dt = 1.00e+00  || dt = 9.44e-07
[[32m[1m INFO  [21m[0m] from nz = 0 and OH
[[32m[1m INFO  [21m[0m] -----------------------------------------------------------------
[[32m[1m INFO  [21m[0m] Elapsed time: 9.14e-04 || Step number: 1600/30000
[[32m[1m INFO  [21m[0m] longdy = 1.00e+00      || longdy/dt = 1.00e+00  || dt = 2.92e-06
[[32m[1m INFO  [21m[0m] from nz = 0 and OH
[[32m[1m INFO  [21m[0m] -----------------------------------------------------------------
[[32m[1m INFO  [21m[0m] Elapsed time: 1.03e-03 || Step number: 1700/30000
[[32m[1m INFO  [21m[0m] longdy = 1.00e+00      || longdy/dt = 1.00e+00  || dt = 1.14e-06
[[32m[1m INFO  [21m[0m] from nz = 0 and OH
[[32m[1m INFO  [21m[0m] -----------------------------------------------------------------
[[32m[1m INFO  [21m[0m] Elapsed time: 1.13e-03 || Step number: 1800/30000
[[32m[1m INFO  [21m[0m] longdy = 1.00e+00      || longdy/dt = 1.00e+00  || dt = 2.03e-06
[[32m[1m INFO  [21m[0m] from nz = 0 and OH
[[32m[1m INFO  [21m[0m] -----------------------------------------------------------------
[[32m[1m INFO  [21m[0m] Elapsed time: 1.24e-03 || Step number: 1900/30000
[[32m[1m INFO  [21m[0m] longdy = 1.00e+00      || longdy/dt = 1.00e+00  || dt = 8.17e-07
[[32m[1m INFO  [21m[0m] from nz = 0 and OH
[[32m[1m INFO  [21m[0m] -----------------------------------------------------------------
[[32m[1m INFO  [21m[0m] Elapsed time: 1.37e-03 || Step number: 2000/30000
[[32m[1m INFO  [21m[0m] longdy = 1.00e+00      || longdy/dt = 1.00e+00  || dt = 2.15e-06
[[32m[1m INFO  [21m[0m] from nz = 0 and OH
[[32m[1m INFO  [21m[0m] -----------------------------------------------------------------
[[32m[1m INFO  [21m[0m] Elapsed time: 1.51e-03 || Step number: 2100/30000
[[32m[1m INFO  [21m[0m] longdy = 1.00e+00      || longdy/dt = 1.00e+00  || dt = 1.16e-06
[[32m[1m INFO  [21m[0m] from nz = 0 and OH
[[32m[1m INFO  [21m[0m] -----------------------------------------------------------------
[[32m[1m INFO  [21m[0m] Elapsed time: 1.63e-03 || Step number: 2200/30000
[[32m[1m INFO  [21m[0m] longdy = 1.00e+00      || longdy/dt = 1.00e+00  || dt = 1.36e-06
[[32m[1m INFO  [21m[0m] from nz = 0 and OH
[[32m[1m INFO  [21m[0m] -----------------------------------------------------------------
[[32m[1m INFO  [21m[0m] Elapsed time: 1.76e-03 || Step number: 2300/30000
[[32m[1m INFO  [21m[0m] longdy = 1.00e+00      || longdy/dt = 1.00e+00  || dt = 1.35e-06
[[32m[1m INFO  [21m[0m] from nz = 0 and OH
[[32m[1m INFO  [21m[0m] -----------------------------------------------------------------
[[32m[1m INFO  [21m[0m] Elapsed time: 1.89e-03 || Step number: 2400/30000
[[32m[1m INFO  [21m[0m] longdy = 1.00e+00      || longdy/dt = 1.00e+00  || dt = 1.77e-06
[[32m[1m INFO  [21m[0m] from nz = 0 and OH
[[32m[1m INFO  [21m[0m] -----------------------------------------------------------------
[[32m[1m INFO  [21m[0m] Elapsed time: 2.05e-03 || Step number: 2500/30000
[[32m[1m INFO  [21m[0m] longdy = 1.00e+00      || longdy/dt = 1.00e+00  || dt = 1.34e-06
[[32m[1m INFO  [21m[0m] from nz = 0 and OH
[[32m[1m INFO  [21m[0m] -----------------------------------------------------------------
[[32m[1m INFO  [21m[0m] Elapsed time: 2.21e-03 || Step number: 2600/30000
[[32m[1m INFO  [21m[0m] longdy = 1.00e+00      || longdy/dt = 1.00e+00  || dt = 1.47e-06
[[32m[1m INFO  [21m[0m] from nz = 0 and OH
[[32m[1m INFO  [21m[0m] -----------------------------------------------------------------
[[32m[1m INFO  [21m[0m] Elapsed time: 2.39e-03 || Step number: 2700/30000
[[32m[1m INFO  [21m[0m] longdy = 1.00e+00      || longdy/dt = 1.00e+00  || dt = 4.79e-06
[[32m[1m INFO  [21m[0m] from nz = 0 and OH
[[32m[1m INFO  [21m[0m] -----------------------------------------------------------------
[[32m[1m INFO  [21m[0m] Elapsed time: 2.54e-03 || Step number: 2800/30000
[[32m[1m INFO  [21m[0m] longdy = 1.00e+00      || longdy/dt = 1.00e+00  || dt = 8.16e-07
[[32m[1m INFO  [21m[0m] from nz = 0 and OH
[[32m[1m INFO  [21m[0m] -----------------------------------------------------------------
[[32m[1m INFO  [21m[0m] Elapsed time: 2.73e-03 || Step number: 2900/30000
[[32m[1m INFO  [21m[0m] longdy = 1.00e+00      || longdy/dt = 1.00e+00  || dt = 2.75e-06
[[32m[1m INFO  [21m[0m] from nz = 0 and OH
[[32m[1m INFO  [21m[0m] -----------------------------------------------------------------
[[32m[1m INFO  [21m[0m] Elapsed time: 2.94e-03 || Step number: 3000/30000
[[32m[1m INFO  [21m[0m] longdy = 1.00e+00      || longdy/dt = 1.00e+00  || dt = 1.75e-06
[[32m[1m INFO  [21m[0m] from nz = 0 and OH
[[32m[1m INFO  [21m[0m] -----------------------------------------------------------------
[[32m[1m INFO  [21m[0m] Elapsed time: 3.14e-03 || Step number: 3100/30000
[[32m[1m INFO  [21m[0m] longdy = 1.00e+00      || longdy/dt = 1.00e+00  || dt = 2.76e-06
[[32m[1m INFO  [21m[0m] from nz = 0 and OH
[[32m[1m INFO  [21m[0m] -----------------------------------------------------------------
[[32m[1m INFO  [21m[0m] Elapsed time: 3.39e-03 || Step number: 3200/30000
[[32m[1m INFO  [21m[0m] longdy = 1.00e+00      || longdy/dt = 1.00e+00  || dt = 2.34e-06
[[32m[1m INFO  [21m[0m] from nz = 0 and OH
[[32m[1m INFO  [21m[0m] -----------------------------------------------------------------
[[32m[1m INFO  [21m[0m] Elapsed time: 3.61e-03 || Step number: 3300/30000
[[32m[1m INFO  [21m[0m] longdy = 1.00e+00      || longdy/dt = 1.00e+00  || dt = 2.89e-06
[[32m[1m INFO  [21m[0m] from nz = 0 and OH
[[32m[1m INFO  [21m[0m] -----------------------------------------------------------------
[[32m[1m INFO  [21m[0m] Elapsed time: 3.83e-03 || Step number: 3400/30000
[[32m[1m INFO  [21m[0m] longdy = 1.00e+00      || longdy/dt = 1.00e+00  || dt = 5.00e-06
[[32m[1m INFO  [21m[0m] from nz = 0 and OH
[[32m[1m INFO  [21m[0m] -----------------------------------------------------------------
[[32m[1m INFO  [21m[0m] Elapsed time: 4.11e-03 || Step number: 3500/30000
[[32m[1m INFO  [21m[0m] longdy = 1.00e+00      || longdy/dt = 1.00e+00  || dt = 6.39e-06
[[32m[1m INFO  [21m[0m] from nz = 0 and OH
[[32m[1m INFO  [21m[0m] -----------------------------------------------------------------
[[32m[1m INFO  [21m[0m] Elapsed time: 4.34e-03 || Step number: 3600/30000
[[32m[1m INFO  [21m[0m] longdy = 1.00e+00      || longdy/dt = 1.00e+00  || dt = 2.22e-06
[[32m[1m INFO  [21m[0m] from nz = 0 and OH
[[32m[1m INFO  [21m[0m] -----------------------------------------------------------------
[[32m[1m INFO  [21m[0m] Elapsed time: 4.61e-03 || Step number: 3700/30000
[[32m[1m INFO  [21m[0m] longdy = 1.00e+00      || longdy/dt = 1.00e+00  || dt = 4.76e-06
[[32m[1m INFO  [21m[0m] from nz = 0 and OH
[[32m[1m INFO  [21m[0m] -----------------------------------------------------------------
[[32m[1m INFO  [21m[0m] Elapsed time: 4.88e-03 || Step number: 3800/30000
[[32m[1m INFO  [21m[0m] longdy = 1.00e+00      || longdy/dt = 1.00e+00  || dt = 3.09e-06
[[32m[1m INFO  [21m[0m] from nz = 0 and OH
[[32m[1m INFO  [21m[0m] -----------------------------------------------------------------
[[32m[1m INFO  [21m[0m] Elapsed time: 5.17e-03 || Step number: 3900/30000
[[32m[1m INFO  [21m[0m] longdy = 1.00e+00      || longdy/dt = 1.00e+00  || dt = 4.64e-06
[[32m[1m INFO  [21m[0m] from nz = 0 and OH
[[32m[1m INFO  [21m[0m] -----------------------------------------------------------------
[[32m[1m INFO  [21m[0m] Elapsed time: 5.47e-03 || Step number: 4000/30000
[[32m[1m INFO  [21m[0m] longdy = 1.00e+00      || longdy/dt = 1.00e+00  || dt = 2.45e-06
[[32m[1m INFO  [21m[0m] from nz = 0 and OH
[[32m[1m INFO  [21m[0m] -----------------------------------------------------------------
[[32m[1m INFO  [21m[0m] Elapsed time: 5.81e-03 || Step number: 4100/30000
[[32m[1m INFO  [21m[0m] longdy = 1.00e+00      || longdy/dt = 1.00e+00  || dt = 3.62e-06
[[32m[1m INFO  [21m[0m] from nz = 0 and OH
[[32m[1m INFO  [21m[0m] -----------------------------------------------------------------
[[32m[1m INFO  [21m[0m] Elapsed time: 6.15e-03 || Step number: 4200/30000
[[32m[1m INFO  [21m[0m] longdy = 1.00e+00      || longdy/dt = 1.00e+00  || dt = 4.10e-06
[[32m[1m INFO  [21m[0m] from nz = 0 and OH
[[32m[1m INFO  [21m[0m] -----------------------------------------------------------------
[[32m[1m INFO  [21m[0m] Elapsed time: 6.46e-03 || Step number: 4300/30000
[[32m[1m INFO  [21m[0m] longdy = 1.00e+00      || longdy/dt = 1.00e+00  || dt = 4.14e-06
[[32m[1m INFO  [21m[0m] from nz = 0 and OH
[[32m[1m INFO  [21m[0m] -----------------------------------------------------------------
[[32m[1m INFO  [21m[0m] Elapsed time: 6.81e-03 || Step number: 4400/30000
[[32m[1m INFO  [21m[0m] longdy = 1.00e+00      || longdy/dt = 1.00e+00  || dt = 9.06e-06
[[32m[1m INFO  [21m[0m] from nz = 0 and OH
[[32m[1m INFO  [21m[0m] -----------------------------------------------------------------
[[32m[1m INFO  [21m[0m] Elapsed time: 7.18e-03 || Step number: 4500/30000
[[32m[1m INFO  [21m[0m] longdy = 1.00e+00      || longdy/dt = 1.00e+00  || dt = 4.25e-06
[[32m[1m INFO  [21m[0m] from nz = 0 and OH
[[32m[1m INFO  [21m[0m] -----------------------------------------------------------------
[[32m[1m INFO  [21m[0m] Elapsed time: 7.54e-03 || Step number: 4600/30000
[[32m[1m INFO  [21m[0m] longdy = 1.00e+00      || longdy/dt = 1.00e+00  || dt = 3.23e-06
[[32m[1m INFO  [21m[0m] from nz = 0 and OH
[[32m[1m INFO  [21m[0m] -----------------------------------------------------------------
[[32m[1m INFO  [21m[0m] Elapsed time: 8.00e-03 || Step number: 4700/30000
[[32m[1m INFO  [21m[0m] longdy = 1.00e+00      || longdy/dt = 1.00e+00  || dt = 4.13e-06
[[32m[1m INFO  [21m[0m] from nz = 0 and OH
[[32m[1m INFO  [21m[0m] -----------------------------------------------------------------
[[32m[1m INFO  [21m[0m] Elapsed time: 8.41e-03 || Step number: 4800/30000
[[32m[1m INFO  [21m[0m] longdy = 1.00e+00      || longdy/dt = 1.00e+00  || dt = 3.82e-06
[[32m[1m INFO  [21m[0m] from nz = 0 and OH
[[32m[1m INFO  [21m[0m] -----------------------------------------------------------------
[[32m[1m INFO  [21m[0m] Elapsed time: 8.77e-03 || Step number: 4900/30000
[[32m[1m INFO  [21m[0m] longdy = 1.00e+00      || longdy/dt = 1.00e+00  || dt = 3.58e-06
[[32m[1m INFO  [21m[0m] from nz = 0 and OH
[[32m[1m INFO  [21m[0m] -----------------------------------------------------------------
[[32m[1m INFO  [21m[0m] Elapsed time: 9.20e-03 || Step number: 5000/30000
[[32m[1m INFO  [21m[0m] longdy = 1.00e+00      || longdy/dt = 1.00e+00  || dt = 4.20e-06
[[32m[1m INFO  [21m[0m] from nz = 0 and OH
[[32m[1m INFO  [21m[0m] -----------------------------------------------------------------
[[32m[1m INFO  [21m[0m] Elapsed time: 9.56e-03 || Step number: 5100/30000
[[32m[1m INFO  [21m[0m] longdy = 1.00e+00      || longdy/dt = 1.00e+00  || dt = 6.08e-06
[[32m[1m INFO  [21m[0m] from nz = 0 and OH
[[32m[1m INFO  [21m[0m] -----------------------------------------------------------------
[[32m[1m INFO  [21m[0m] Elapsed time: 9.96e-03 || Step number: 5200/30000
[[32m[1m INFO  [21m[0m] longdy = 1.00e+00      || longdy/dt = 1.00e+00  || dt = 3.72e-06
[[32m[1m INFO  [21m[0m] from nz = 0 and OH
[[32m[1m INFO  [21m[0m] -----------------------------------------------------------------
[[32m[1m INFO  [21m[0m] Elapsed time: 1.04e-02 || Step number: 5300/30000
[[32m[1m INFO  [21m[0m] longdy = 1.00e+00      || longdy/dt = 1.00e+00  || dt = 7.94e-06
[[32m[1m INFO  [21m[0m] from nz = 0 and OH
[[32m[1m INFO  [21m[0m] -----------------------------------------------------------------
[[32m[1m INFO  [21m[0m] Elapsed time: 1.08e-02 || Step number: 5400/30000
[[32m[1m INFO  [21m[0m] longdy = 1.00e+00      || longdy/dt = 1.00e+00  || dt = 5.15e-06
[[32m[1m INFO  [21m[0m] from nz = 0 and OH
[[32m[1m INFO  [21m[0m] -----------------------------------------------------------------
[[32m[1m INFO  [21m[0m] Elapsed time: 1.11e-02 || Step number: 5500/30000
[[32m[1m INFO  [21m[0m] longdy = 1.00e+00      || longdy/dt = 1.00e+00  || dt = 4.40e-06
[[32m[1m INFO  [21m[0m] from nz = 0 and OH
[[32m[1m INFO  [21m[0m] -----------------------------------------------------------------
[[32m[1m INFO  [21m[0m] Elapsed time: 1.16e-02 || Step number: 5600/30000
[[32m[1m INFO  [21m[0m] longdy = 1.00e+00      || longdy/dt = 1.00e+00  || dt = 3.06e-06
[[32m[1m INFO  [21m[0m] from nz = 0 and OH
[[32m[1m INFO  [21m[0m] -----------------------------------------------------------------
[[32m[1m INFO  [21m[0m] Elapsed time: 1.20e-02 || Step number: 5700/30000
[[32m[1m INFO  [21m[0m] longdy = 1.00e+00      || longdy/dt = 1.00e+00  || dt = 4.60e-06
[[32m[1m INFO  [21m[0m] from nz = 0 and OH
[[32m[1m INFO  [21m[0m] -----------------------------------------------------------------
[[32m[1m INFO  [21m[0m] Elapsed time: 1.25e-02 || Step number: 5800/30000
[[32m[1m INFO  [21m[0m] longdy = 1.00e+00      || longdy/dt = 1.00e+00  || dt = 4.39e-06
[[32m[1m INFO  [21m[0m] from nz = 0 and OH
[[32m[1m INFO  [21m[0m] -----------------------------------------------------------------
[[32m[1m INFO  [21m[0m] Elapsed time: 1.30e-02 || Step number: 5900/30000
[[32m[1m INFO  [21m[0m] longdy = 1.00e+00      || longdy/dt = 1.00e+00  || dt = 1.02e-05
[[32m[1m INFO  [21m[0m] from nz = 0 and OH
[[32m[1m INFO  [21m[0m] -----------------------------------------------------------------
[[32m[1m INFO  [21m[0m] Elapsed time: 1.35e-02 || Step number: 6000/30000
[[32m[1m INFO  [21m[0m] longdy = 1.00e+00      || longdy/dt = 1.00e+00  || dt = 5.28e-06
[[32m[1m INFO  [21m[0m] from nz = 0 and OH
[[32m[1m INFO  [21m[0m] -----------------------------------------------------------------
[[32m[1m INFO  [21m[0m] Elapsed time: 1.39e-02 || Step number: 6100/30000
[[32m[1m INFO  [21m[0m] longdy = 1.00e+00      || longdy/dt = 1.00e+00  || dt = 3.39e-06
[[32m[1m INFO  [21m[0m] from nz = 0 and OH
[[32m[1m INFO  [21m[0m] -----------------------------------------------------------------
[[32m[1m INFO  [21m[0m] Elapsed time: 1.46e-02 || Step number: 6200/30000
[[32m[1m INFO  [21m[0m] longdy = 1.00e+00      || longdy/dt = 1.00e+00  || dt = 5.45e-06
[[32m[1m INFO  [21m[0m] from nz = 0 and OH
[[32m[1m INFO  [21m[0m] -----------------------------------------------------------------
[[32m[1m INFO  [21m[0m] Elapsed time: 1.51e-02 || Step number: 6300/30000
[[32m[1m INFO  [21m[0m] longdy = 1.00e+00      || longdy/dt = 1.00e+00  || dt = 6.04e-06
[[32m[1m INFO  [21m[0m] from nz = 0 and OH
[[32m[1m INFO  [21m[0m] -----------------------------------------------------------------
[[32m[1m INFO  [21m[0m] Elapsed time: 1.57e-02 || Step number: 6400/30000
[[32m[1m INFO  [21m[0m] longdy = 1.00e+00      || longdy/dt = 1.00e+00  || dt = 9.24e-06
[[32m[1m INFO  [21m[0m] from nz = 0 and OH
[[32m[1m INFO  [21m[0m] -----------------------------------------------------------------
[[32m[1m INFO  [21m[0m] Elapsed time: 1.62e-02 || Step number: 6500/30000
[[32m[1m INFO  [21m[0m] longdy = 1.00e+00      || longdy/dt = 1.00e+00  || dt = 1.14e-05
[[32m[1m INFO  [21m[0m] from nz = 0 and OH
[[32m[1m INFO  [21m[0m] -----------------------------------------------------------------
[[32m[1m INFO  [21m[0m] Elapsed time: 1.69e-02 || Step number: 6600/30000
[[32m[1m INFO  [21m[0m] longdy = 1.00e+00      || longdy/dt = 1.00e+00  || dt = 3.69e-06
[[32m[1m INFO  [21m[0m] from nz = 0 and OH
[[32m[1m INFO  [21m[0m] -----------------------------------------------------------------
[[32m[1m INFO  [21m[0m] Elapsed time: 1.75e-02 || Step number: 6700/30000
[[32m[1m INFO  [21m[0m] longdy = 1.00e+00      || longdy/dt = 1.00e+00  || dt = 4.92e-06
[[32m[1m INFO  [21m[0m] from nz = 0 and OH
[[32m[1m INFO  [21m[0m] -----------------------------------------------------------------
[[32m[1m INFO  [21m[0m] Elapsed time: 1.80e-02 || Step number: 6800/30000
[[32m[1m INFO  [21m[0m] longdy = 1.00e+00      || longdy/dt = 1.00e+00  || dt = 5.22e-06
[[32m[1m INFO  [21m[0m] from nz = 0 and OH
[[32m[1m INFO  [21m[0m] -----------------------------------------------------------------
[[32m[1m INFO  [21m[0m] Elapsed time: 1.86e-02 || Step number: 6900/30000
[[32m[1m INFO  [21m[0m] longdy = 1.00e+00      || longdy/dt = 1.00e+00  || dt = 1.08e-05
[[32m[1m INFO  [21m[0m] from nz = 0 and OH
[[32m[1m INFO  [21m[0m] -----------------------------------------------------------------
[[32m[1m INFO  [21m[0m] Elapsed time: 1.92e-02 || Step number: 7000/30000
[[32m[1m INFO  [21m[0m] longdy = 1.00e+00      || longdy/dt = 1.00e+00  || dt = 5.05e-06
[[32m[1m INFO  [21m[0m] from nz = 0 and OH
[[32m[1m INFO  [21m[0m] -----------------------------------------------------------------
[[32m[1m INFO  [21m[0m] Elapsed time: 1.98e-02 || Step number: 7100/30000
[[32m[1m INFO  [21m[0m] longdy = 1.00e+00      || longdy/dt = 1.00e+00  || dt = 1.65e-05
[[32m[1m INFO  [21m[0m] from nz = 0 and OH
[[32m[1m INFO  [21m[0m] -----------------------------------------------------------------
[[32m[1m INFO  [21m[0m] Elapsed time: 2.05e-02 || Step number: 7200/30000
[[32m[1m INFO  [21m[0m] longdy = 1.00e+00      || longdy/dt = 1.00e+00  || dt = 8.17e-06
[[32m[1m INFO  [21m[0m] from nz = 0 and OH
[[32m[1m INFO  [21m[0m] -----------------------------------------------------------------
[[32m[1m INFO  [21m[0m] Elapsed time: 2.12e-02 || Step number: 7300/30000
[[32m[1m INFO  [21m[0m] longdy = 1.00e+00      || longdy/dt = 1.00e+00  || dt = 9.28e-06
[[32m[1m INFO  [21m[0m] from nz = 0 and OH
[[32m[1m INFO  [21m[0m] -----------------------------------------------------------------
[[32m[1m INFO  [21m[0m] Elapsed time: 2.19e-02 || Step number: 7400/30000
[[32m[1m INFO  [21m[0m] longdy = 1.00e+00      || longdy/dt = 1.00e+00  || dt = 5.07e-06
[[32m[1m INFO  [21m[0m] from nz = 0 and OH
[[32m[1m INFO  [21m[0m] -----------------------------------------------------------------
[[32m[1m INFO  [21m[0m] Elapsed time: 2.25e-02 || Step number: 7500/30000
[[32m[1m INFO  [21m[0m] longdy = 1.00e+00      || longdy/dt = 1.00e+00  || dt = 5.85e-06
[[32m[1m INFO  [21m[0m] from nz = 0 and OH
[[32m[1m INFO  [21m[0m] -----------------------------------------------------------------
[[32m[1m INFO  [21m[0m] Elapsed time: 2.33e-02 || Step number: 7600/30000
[[32m[1m INFO  [21m[0m] longdy = 1.00e+00      || longdy/dt = 1.00e+00  || dt = 1.89e-05
[[32m[1m INFO  [21m[0m] from nz = 0 and OH
[[32m[1m INFO  [21m[0m] -----------------------------------------------------------------
[[32m[1m INFO  [21m[0m] Elapsed time: 2.41e-02 || Step number: 7700/30000
[[32m[1m INFO  [21m[0m] longdy = 1.00e+00      || longdy/dt = 1.00e+00  || dt = 4.99e-06
[[32m[1m INFO  [21m[0m] from nz = 0 and OH
[[32m[1m INFO  [21m[0m] -----------------------------------------------------------------
[[32m[1m INFO  [21m[0m] Elapsed time: 2.50e-02 || Step number: 7800/30000
[[32m[1m INFO  [21m[0m] longdy = 1.00e+00      || longdy/dt = 1.00e+00  || dt = 1.63e-05
[[32m[1m INFO  [21m[0m] from nz = 0 and OH
[[32m[1m INFO  [21m[0m] -----------------------------------------------------------------
[[32m[1m INFO  [21m[0m] Elapsed time: 2.59e-02 || Step number: 7900/30000
[[32m[1m INFO  [21m[0m] longdy = 1.00e+00      || longdy/dt = 1.00e+00  || dt = 3.92e-06
[[32m[1m INFO  [21m[0m] from nz = 0 and OH
[[32m[1m INFO  [21m[0m] -----------------------------------------------------------------
[[32m[1m INFO  [21m[0m] Elapsed time: 2.68e-02 || Step number: 8000/30000
[[32m[1m INFO  [21m[0m] longdy = 1.00e+00      || longdy/dt = 1.00e+00  || dt = 4.90e-05
[[32m[1m INFO  [21m[0m] from nz = 0 and OH
[[32m[1m INFO  [21m[0m] -----------------------------------------------------------------
[[32m[1m INFO  [21m[0m] Elapsed time: 2.80e-02 || Step number: 8100/30000
[[32m[1m INFO  [21m[0m] longdy = 1.00e+00      || longdy/dt = 1.00e+00  || dt = 4.73e-06
[[32m[1m INFO  [21m[0m] from nz = 0 and OH
[[32m[1m INFO  [21m[0m] -----------------------------------------------------------------
[[32m[1m INFO  [21m[0m] Elapsed time: 2.91e-02 || Step number: 8200/30000
[[32m[1m INFO  [21m[0m] longdy = 1.00e+00      || longdy/dt = 1.00e+00  || dt = 1.69e-05
[[32m[1m INFO  [21m[0m] from nz = 0 and OH
[[32m[1m INFO  [21m[0m] -----------------------------------------------------------------
[[32m[1m INFO  [21m[0m] Elapsed time: 3.03e-02 || Step number: 8300/30000
[[32m[1m INFO  [21m[0m] longdy = 1.00e+00      || longdy/dt = 1.00e+00  || dt = 1.50e-05
[[32m[1m INFO  [21m[0m] from nz = 0 and OH
[[32m[1m INFO  [21m[0m] -----------------------------------------------------------------
[[32m[1m INFO  [21m[0m] Elapsed time: 3.16e-02 || Step number: 8400/30000
[[32m[1m INFO  [21m[0m] longdy = 1.00e+00      || longdy/dt = 1.00e+00  || dt = 2.91e-05
[[32m[1m INFO  [21m[0m] from nz = 0 and OH
[[32m[1m INFO  [21m[0m] -----------------------------------------------------------------
[[32m[1m INFO  [21m[0m] Elapsed time: 3.30e-02 || Step number: 8500/30000
[[32m[1m INFO  [21m[0m] longdy = 1.00e+00      || longdy/dt = 1.00e+00  || dt = 2.11e-05
[[32m[1m INFO  [21m[0m] from nz = 0 and OH
[[32m[1m INFO  [21m[0m] -----------------------------------------------------------------
[[32m[1m INFO  [21m[0m] Elapsed time: 3.45e-02 || Step number: 8600/30000
[[32m[1m INFO  [21m[0m] longdy = 1.00e+00      || longdy/dt = 1.00e+00  || dt = 2.23e-05
[[32m[1m INFO  [21m[0m] from nz = 0 and OH
[[32m[1m INFO  [21m[0m] -----------------------------------------------------------------
[[32m[1m INFO  [21m[0m] Elapsed time: 3.61e-02 || Step number: 8700/30000
[[32m[1m INFO  [21m[0m] longdy = 1.00e+00      || longdy/dt = 1.00e+00  || dt = 3.17e-05
[[32m[1m INFO  [21m[0m] from nz = 0 and OH
[[32m[1m INFO  [21m[0m] -----------------------------------------------------------------
[[32m[1m INFO  [21m[0m] Elapsed time: 3.77e-02 || Step number: 8800/30000
[[32m[1m INFO  [21m[0m] longdy = 1.00e+00      || longdy/dt = 1.00e+00  || dt = 4.53e-05
[[32m[1m INFO  [21m[0m] from nz = 0 and OH
[[32m[1m INFO  [21m[0m] -----------------------------------------------------------------
[[32m[1m INFO  [21m[0m] Elapsed time: 3.94e-02 || Step number: 8900/30000
[[32m[1m INFO  [21m[0m] longdy = 1.00e+00      || longdy/dt = 1.00e+00  || dt = 3.06e-05
[[32m[1m INFO  [21m[0m] from nz = 0 and OH
[[32m[1m INFO  [21m[0m] -----------------------------------------------------------------
[[32m[1m INFO  [21m[0m] Elapsed time: 4.12e-02 || Step number: 9000/30000
[[32m[1m INFO  [21m[0m] longdy = 1.00e+00      || longdy/dt = 1.00e+00  || dt = 1.94e-05
[[32m[1m INFO  [21m[0m] from nz = 0 and OH
[[32m[1m INFO  [21m[0m] -----------------------------------------------------------------
[[32m[1m INFO  [21m[0m] Elapsed time: 4.29e-02 || Step number: 9100/30000
[[32m[1m INFO  [21m[0m] longdy = 1.00e+00      || longdy/dt = 1.00e+00  || dt = 1.99e-05
[[32m[1m INFO  [21m[0m] from nz = 0 and OH
[[32m[1m INFO  [21m[0m] -----------------------------------------------------------------
[[32m[1m INFO  [21m[0m] Elapsed time: 4.47e-02 || Step number: 9200/30000
[[32m[1m INFO  [21m[0m] longdy = 1.00e+00      || longdy/dt = 1.00e+00  || dt = 3.53e-05
[[32m[1m INFO  [21m[0m] from nz = 0 and OH
[[32m[1m INFO  [21m[0m] -----------------------------------------------------------------
[[32m[1m INFO  [21m[0m] Elapsed time: 4.66e-02 || Step number: 9300/30000
[[32m[1m INFO  [21m[0m] longdy = 1.00e+00      || longdy/dt = 1.00e+00  || dt = 3.21e-05
[[32m[1m INFO  [21m[0m] from nz = 0 and OH
[[32m[1m INFO  [21m[0m] -----------------------------------------------------------------
[[32m[1m INFO  [21m[0m] Elapsed time: 4.85e-02 || Step number: 9400/30000
[[32m[1m INFO  [21m[0m] longdy = 1.00e+00      || longdy/dt = 1.00e+00  || dt = 2.55e-05
[[32m[1m INFO  [21m[0m] from nz = 0 and OH
[[32m[1m INFO  [21m[0m] -----------------------------------------------------------------
[[32m[1m INFO  [21m[0m] Elapsed time: 5.03e-02 || Step number: 9500/30000
[[32m[1m INFO  [21m[0m] longdy = 1.00e+00      || longdy/dt = 1.00e+00  || dt = 4.01e-05
[[32m[1m INFO  [21m[0m] from nz = 0 and OH
[[32m[1m INFO  [21m[0m] -----------------------------------------------------------------
[[32m[1m INFO  [21m[0m] Elapsed time: 5.24e-02 || Step number: 9600/30000
[[32m[1m INFO  [21m[0m] longdy = 1.00e+00      || longdy/dt = 1.00e+00  || dt = 2.71e-05
[[32m[1m INFO  [21m[0m] from nz = 0 and OH
[[32m[1m INFO  [21m[0m] -----------------------------------------------------------------
[[32m[1m INFO  [21m[0m] Elapsed time: 5.44e-02 || Step number: 9700/30000
[[32m[1m INFO  [21m[0m] longdy = 1.00e+00      || longdy/dt = 1.00e+00  || dt = 2.83e-05
[[32m[1m INFO  [21m[0m] from nz = 0 and OH
[[32m[1m INFO  [21m[0m] -----------------------------------------------------------------
[[32m[1m INFO  [21m[0m] Elapsed time: 5.63e-02 || Step number: 9800/30000
[[32m[1m INFO  [21m[0m] longdy = 1.00e+00      || longdy/dt = 1.00e+00  || dt = 2.69e-05
[[32m[1m INFO  [21m[0m] from nz = 0 and OH
[[32m[1m INFO  [21m[0m] -----------------------------------------------------------------
[[32m[1m INFO  [21m[0m] Elapsed time: 5.83e-02 || Step number: 9900/30000
[[32m[1m INFO  [21m[0m] longdy = 1.00e+00      || longdy/dt = 1.00e+00  || dt = 2.49e-05
[[32m[1m INFO  [21m[0m] from nz = 0 and OH
[[32m[1m INFO  [21m[0m] -----------------------------------------------------------------
[[32m[1m INFO  [21m[0m] Elapsed time: 6.03e-02 || Step number: 10000/30000
[[32m[1m INFO  [21m[0m] longdy = 1.00e+00      || longdy/dt = 1.00e+00  || dt = 4.35e-05
[[32m[1m INFO  [21m[0m] from nz = 0 and OH
[[32m[1m INFO  [21m[0m] -----------------------------------------------------------------
[[32m[1m INFO  [21m[0m] Elapsed time: 6.22e-02 || Step number: 10100/30000
[[32m[1m INFO  [21m[0m] longdy = 1.00e+00      || longdy/dt = 1.00e+00  || dt = 1.42e-05
[[32m[1m INFO  [21m[0m] from nz = 0 and OH
[[32m[1m INFO  [21m[0m] -----------------------------------------------------------------
[[32m[1m INFO  [21m[0m] Elapsed time: 6.41e-02 || Step number: 10200/30000
[[32m[1m INFO  [21m[0m] longdy = 1.00e+00      || longdy/dt = 1.00e+00  || dt = 3.65e-05
[[32m[1m INFO  [21m[0m] from nz = 0 and OH
[[32m[1m INFO  [21m[0m] -----------------------------------------------------------------
[[32m[1m INFO  [21m[0m] Elapsed time: 6.59e-02 || Step number: 10300/30000
[[32m[1m INFO  [21m[0m] longdy = 1.00e+00      || longdy/dt = 1.00e+00  || dt = 4.32e-05
[[32m[1m INFO  [21m[0m] from nz = 0 and OH
[[32m[1m INFO  [21m[0m] -----------------------------------------------------------------
[[32m[1m INFO  [21m[0m] Elapsed time: 6.78e-02 || Step number: 10400/30000
[[32m[1m INFO  [21m[0m] longdy = 1.00e+00      || longdy/dt = 1.00e+00  || dt = 2.89e-05
[[32m[1m INFO  [21m[0m] from nz = 0 and OH
[[32m[1m INFO  [21m[0m] -----------------------------------------------------------------
[[32m[1m INFO  [21m[0m] Elapsed time: 6.99e-02 || Step number: 10500/30000
[[32m[1m INFO  [21m[0m] longdy = 1.00e+00      || longdy/dt = 1.00e+00  || dt = 4.27e-05
[[32m[1m INFO  [21m[0m] from nz = 0 and OH
[[32m[1m INFO  [21m[0m] -----------------------------------------------------------------
[[32m[1m INFO  [21m[0m] Elapsed time: 7.17e-02 || Step number: 10600/30000
[[32m[1m INFO  [21m[0m] longdy = 1.00e+00      || longdy/dt = 1.00e+00  || dt = 3.14e-05
[[32m[1m INFO  [21m[0m] from nz = 0 and OH
[[32m[1m INFO  [21m[0m] -----------------------------------------------------------------
[[32m[1m INFO  [21m[0m] Elapsed time: 7.35e-02 || Step number: 10700/30000
[[32m[1m INFO  [21m[0m] longdy = 1.00e+00      || longdy/dt = 1.00e+00  || dt = 3.29e-05
[[32m[1m INFO  [21m[0m] from nz = 0 and OH
[[32m[1m INFO  [21m[0m] -----------------------------------------------------------------
[[32m[1m INFO  [21m[0m] Elapsed time: 7.56e-02 || Step number: 10800/30000
[[32m[1m INFO  [21m[0m] longdy = 1.00e+00      || longdy/dt = 1.00e+00  || dt = 3.52e-05
[[32m[1m INFO  [21m[0m] from nz = 0 and OH
[[32m[1m INFO  [21m[0m] -----------------------------------------------------------------
[[32m[1m INFO  [21m[0m] Elapsed time: 7.75e-02 || Step number: 10900/30000
[[32m[1m INFO  [21m[0m] longdy = 1.00e+00      || longdy/dt = 1.00e+00  || dt = 3.88e-05
[[32m[1m INFO  [21m[0m] from nz = 0 and OH
[[32m[1m INFO  [21m[0m] -----------------------------------------------------------------
[[32m[1m INFO  [21m[0m] Elapsed time: 7.96e-02 || Step number: 11000/30000
[[32m[1m INFO  [21m[0m] longdy = 1.00e+00      || longdy/dt = 1.00e+00  || dt = 4.38e-05
[[32m[1m INFO  [21m[0m] from nz = 0 and OH
[[32m[1m INFO  [21m[0m] -----------------------------------------------------------------
[[32m[1m INFO  [21m[0m] Elapsed time: 8.17e-02 || Step number: 11100/30000
[[32m[1m INFO  [21m[0m] longdy = 1.00e+00      || longdy/dt = 1.00e+00  || dt = 2.61e-05
[[32m[1m INFO  [21m[0m] from nz = 0 and OH
[[32m[1m INFO  [21m[0m] -----------------------------------------------------------------
[[32m[1m INFO  [21m[0m] Elapsed time: 8.38e-02 || Step number: 11200/30000
[[32m[1m INFO  [21m[0m] longdy = 1.00e+00      || longdy/dt = 1.00e+00  || dt = 3.98e-05
[[32m[1m INFO  [21m[0m] from nz = 0 and OH
[[32m[1m INFO  [21m[0m] -----------------------------------------------------------------
[[32m[1m INFO  [21m[0m] Elapsed time: 8.57e-02 || Step number: 11300/30000
[[32m[1m INFO  [21m[0m] longdy = 1.00e+00      || longdy/dt = 1.00e+00  || dt = 1.59e-05
[[32m[1m INFO  [21m[0m] from nz = 0 and OH
[[32m[1m INFO  [21m[0m] -----------------------------------------------------------------
[[32m[1m INFO  [21m[0m] Elapsed time: 8.78e-02 || Step number: 11400/30000
[[32m[1m INFO  [21m[0m] longdy = 1.00e+00      || longdy/dt = 1.00e+00  || dt = 2.66e-05
[[32m[1m INFO  [21m[0m] from nz = 0 and OH
[[32m[1m INFO  [21m[0m] -----------------------------------------------------------------
[[32m[1m INFO  [21m[0m] Elapsed time: 8.99e-02 || Step number: 11500/30000
[[32m[1m INFO  [21m[0m] longdy = 1.00e+00      || longdy/dt = 1.00e+00  || dt = 5.75e-05
[[32m[1m INFO  [21m[0m] from nz = 0 and OH
[[32m[1m INFO  [21m[0m] -----------------------------------------------------------------
[[32m[1m INFO  [21m[0m] Elapsed time: 9.21e-02 || Step number: 11600/30000
[[32m[1m INFO  [21m[0m] longdy = 1.00e+00      || longdy/dt = 1.00e+00  || dt = 3.83e-05
[[32m[1m INFO  [21m[0m] from nz = 0 and OH
[[32m[1m INFO  [21m[0m] -----------------------------------------------------------------
[[32m[1m INFO  [21m[0m] Elapsed time: 9.40e-02 || Step number: 11700/30000
[[32m[1m INFO  [21m[0m] longdy = 1.00e+00      || longdy/dt = 1.00e+00  || dt = 3.98e-05
[[32m[1m INFO  [21m[0m] from nz = 0 and OH
[[32m[1m INFO  [21m[0m] -----------------------------------------------------------------
[[32m[1m INFO  [21m[0m] Elapsed time: 9.64e-02 || Step number: 11800/30000
[[32m[1m INFO  [21m[0m] longdy = 1.00e+00      || longdy/dt = 1.00e+00  || dt = 3.64e-05
[[32m[1m INFO  [21m[0m] from nz = 0 and OH
[[32m[1m INFO  [21m[0m] -----------------------------------------------------------------
[[32m[1m INFO  [21m[0m] Elapsed time: 9.85e-02 || Step number: 11900/30000
[[32m[1m INFO  [21m[0m] longdy = 1.00e+00      || longdy/dt = 1.00e+00  || dt = 3.59e-05
[[32m[1m INFO  [21m[0m] from nz = 0 and OH
[[32m[1m INFO  [21m[0m] -----------------------------------------------------------------
[[32m[1m INFO  [21m[0m] Elapsed time: 1.01e-01 || Step number: 12000/30000
[[32m[1m INFO  [21m[0m] longdy = 1.00e+00      || longdy/dt = 1.00e+00  || dt = 3.52e-05
[[32m[1m INFO  [21m[0m] from nz = 0 and OH
[[32m[1m INFO  [21m[0m] -----------------------------------------------------------------
[[32m[1m INFO  [21m[0m] Elapsed time: 1.03e-01 || Step number: 12100/30000
[[32m[1m INFO  [21m[0m] longdy = 1.00e+00      || longdy/dt = 1.00e+00  || dt = 3.02e-05
[[32m[1m INFO  [21m[0m] from nz = 0 and OH
[[32m[1m INFO  [21m[0m] -----------------------------------------------------------------
[[32m[1m INFO  [21m[0m] Elapsed time: 1.05e-01 || Step number: 12200/30000
[[32m[1m INFO  [21m[0m] longdy = 1.00e+00      || longdy/dt = 1.00e+00  || dt = 3.24e-05
[[32m[1m INFO  [21m[0m] from nz = 0 and OH
[[32m[1m INFO  [21m[0m] -----------------------------------------------------------------
[[32m[1m INFO  [21m[0m] Elapsed time: 1.08e-01 || Step number: 12300/30000
[[32m[1m INFO  [21m[0m] longdy = 1.00e+00      || longdy/dt = 1.00e+00  || dt = 2.61e-05
[[32m[1m INFO  [21m[0m] from nz = 0 and OH
[[32m[1m INFO  [21m[0m] -----------------------------------------------------------------
[[32m[1m INFO  [21m[0m] Elapsed time: 1.10e-01 || Step number: 12400/30000
[[32m[1m INFO  [21m[0m] longdy = 1.00e+00      || longdy/dt = 1.00e+00  || dt = 2.49e-05
[[32m[1m INFO  [21m[0m] from nz = 0 and OH
[[32m[1m INFO  [21m[0m] -----------------------------------------------------------------
[[32m[1m INFO  [21m[0m] Elapsed time: 1.13e-01 || Step number: 12500/30000
[[32m[1m INFO  [21m[0m] longdy = 1.00e+00      || longdy/dt = 1.00e+00  || dt = 6.13e-05
[[32m[1m INFO  [21m[0m] from nz = 0 and OH
[[32m[1m INFO  [21m[0m] -----------------------------------------------------------------
[[32m[1m INFO  [21m[0m] Elapsed time: 1.15e-01 || Step number: 12600/30000
[[32m[1m INFO  [21m[0m] longdy = 1.00e+00      || longdy/dt = 1.00e+00  || dt = 4.37e-05
[[32m[1m INFO  [21m[0m] from nz = 0 and OH
[[32m[1m INFO  [21m[0m] -----------------------------------------------------------------
[[32m[1m INFO  [21m[0m] Elapsed time: 1.17e-01 || Step number: 12700/30000
[[32m[1m INFO  [21m[0m] longdy = 1.00e+00      || longdy/dt = 1.00e+00  || dt = 4.84e-05
[[32m[1m INFO  [21m[0m] from nz = 0 and OH
[[32m[1m INFO  [21m[0m] -----------------------------------------------------------------
[[32m[1m INFO  [21m[0m] Elapsed time: 1.20e-01 || Step number: 12800/30000
[[32m[1m INFO  [21m[0m] longdy = 1.00e+00      || longdy/dt = 1.00e+00  || dt = 4.44e-05
[[32m[1m INFO  [21m[0m] from nz = 0 and OH
[[32m[1m INFO  [21m[0m] -----------------------------------------------------------------
[[32m[1m INFO  [21m[0m] Elapsed time: 1.22e-01 || Step number: 12900/30000
[[32m[1m INFO  [21m[0m] longdy = 1.00e+00      || longdy/dt = 1.00e+00  || dt = 1.70e-04
[[32m[1m INFO  [21m[0m] from nz = 0 and OH
[[32m[1m INFO  [21m[0m] -----------------------------------------------------------------
[[32m[1m INFO  [21m[0m] Elapsed time: 1.25e-01 || Step number: 13000/30000
[[32m[1m INFO  [21m[0m] longdy = 1.00e+00      || longdy/dt = 1.00e+00  || dt = 3.34e-05
[[32m[1m INFO  [21m[0m] from nz = 0 and OH
[[32m[1m INFO  [21m[0m] -----------------------------------------------------------------
[[32m[1m INFO  [21m[0m] Elapsed time: 1.27e-01 || Step number: 13100/30000
[[32m[1m INFO  [21m[0m] longdy = 1.00e+00      || longdy/dt = 1.00e+00  || dt = 4.04e-05
[[32m[1m INFO  [21m[0m] from nz = 0 and OH
[[32m[1m INFO  [21m[0m] -----------------------------------------------------------------
[[32m[1m INFO  [21m[0m] Elapsed time: 1.30e-01 || Step number: 13200/30000
[[32m[1m INFO  [21m[0m] longdy = 1.00e+00      || longdy/dt = 1.00e+00  || dt = 2.59e-05
[[32m[1m INFO  [21m[0m] from nz = 0 and OH
[[32m[1m INFO  [21m[0m] -----------------------------------------------------------------
[[32m[1m INFO  [21m[0m] Elapsed time: 1.32e-01 || Step number: 13300/30000
[[32m[1m INFO  [21m[0m] longdy = 1.00e+00      || longdy/dt = 1.00e+00  || dt = 2.89e-05
[[32m[1m INFO  [21m[0m] from nz = 0 and OH
[[32m[1m INFO  [21m[0m] -----------------------------------------------------------------
[[32m[1m INFO  [21m[0m] Elapsed time: 1.35e-01 || Step number: 13400/30000
[[32m[1m INFO  [21m[0m] longdy = 1.00e+00      || longdy/dt = 1.00e+00  || dt = 1.58e-04
[[32m[1m INFO  [21m[0m] from nz = 0 and OH
[[32m[1m INFO  [21m[0m] -----------------------------------------------------------------
[[32m[1m INFO  [21m[0m] Elapsed time: 1.38e-01 || Step number: 13500/30000
[[32m[1m INFO  [21m[0m] longdy = 1.00e+00      || longdy/dt = 1.00e+00  || dt = 4.60e-05
[[32m[1m INFO  [21m[0m] from nz = 0 and OH
[[32m[1m INFO  [21m[0m] -----------------------------------------------------------------
[[32m[1m INFO  [21m[0m] Elapsed time: 1.40e-01 || Step number: 13600/30000
[[32m[1m INFO  [21m[0m] longdy = 1.00e+00      || longdy/dt = 1.00e+00  || dt = 2.77e-05
[[32m[1m INFO  [21m[0m] from nz = 0 and OH
[[32m[1m INFO  [21m[0m] -----------------------------------------------------------------
[[32m[1m INFO  [21m[0m] Elapsed time: 1.43e-01 || Step number: 13700/30000
[[32m[1m INFO  [21m[0m] longdy = 1.00e+00      || longdy/dt = 1.00e+00  || dt = 3.07e-05
[[32m[1m INFO  [21m[0m] from nz = 0 and OH
[[32m[1m INFO  [21m[0m] -----------------------------------------------------------------
[[32m[1m INFO  [21m[0m] Elapsed time: 1.46e-01 || Step number: 13800/30000
[[32m[1m INFO  [21m[0m] longdy = 1.00e+00      || longdy/dt = 1.00e+00  || dt = 7.48e-05
[[32m[1m INFO  [21m[0m] from nz = 0 and OH
[[32m[1m INFO  [21m[0m] -----------------------------------------------------------------
[[32m[1m INFO  [21m[0m] Elapsed time: 1.49e-01 || Step number: 13900/30000
[[32m[1m INFO  [21m[0m] longdy = 1.00e+00      || longdy/dt = 1.00e+00  || dt = 3.34e-05
[[32m[1m INFO  [21m[0m] from nz = 0 and OH
[[32m[1m INFO  [21m[0m] -----------------------------------------------------------------
[[32m[1m INFO  [21m[0m] Elapsed time: 1.53e-01 || Step number: 14000/30000
[[32m[1m INFO  [21m[0m] longdy = 1.00e+00      || longdy/dt = 1.00e+00  || dt = 3.06e-05
[[32m[1m INFO  [21m[0m] from nz = 0 and OH
[[32m[1m INFO  [21m[0m] -----------------------------------------------------------------
[[32m[1m INFO  [21m[0m] Elapsed time: 1.56e-01 || Step number: 14100/30000
[[32m[1m INFO  [21m[0m] longdy = 1.00e+00      || longdy/dt = 1.00e+00  || dt = 5.38e-05
[[32m[1m INFO  [21m[0m] from nz = 0 and OH
[[32m[1m INFO  [21m[0m] -----------------------------------------------------------------
[[32m[1m INFO  [21m[0m] Elapsed time: 1.60e-01 || Step number: 14200/30000
[[32m[1m INFO  [21m[0m] longdy = 1.00e+00      || longdy/dt = 1.00e+00  || dt = 2.00e-04
[[32m[1m INFO  [21m[0m] from nz = 0 and OH
[[32m[1m INFO  [21m[0m] -----------------------------------------------------------------
[[32m[1m INFO  [21m[0m] Elapsed time: 1.64e-01 || Step number: 14300/30000
[[32m[1m INFO  [21m[0m] longdy = 1.00e+00      || longdy/dt = 1.00e+00  || dt = 3.27e-05
[[32m[1m INFO  [21m[0m] from nz = 0 and OH
[[32m[1m INFO  [21m[0m] -----------------------------------------------------------------
[[32m[1m INFO  [21m[0m] Elapsed time: 1.69e-01 || Step number: 14400/30000
[[32m[1m INFO  [21m[0m] longdy = 1.00e+00      || longdy/dt = 1.00e+00  || dt = 2.80e-05
[[32m[1m INFO  [21m[0m] from nz = 0 and OH
[[32m[1m INFO  [21m[0m] -----------------------------------------------------------------
[[32m[1m INFO  [21m[0m] Elapsed time: 1.73e-01 || Step number: 14500/30000
[[32m[1m INFO  [21m[0m] longdy = 1.00e+00      || longdy/dt = 1.00e+00  || dt = 5.06e-05
[[32m[1m INFO  [21m[0m] from nz = 0 and OH
[[32m[1m INFO  [21m[0m] -----------------------------------------------------------------
[[32m[1m INFO  [21m[0m] Elapsed time: 1.79e-01 || Step number: 14600/30000
[[32m[1m INFO  [21m[0m] longdy = 1.00e+00      || longdy/dt = 1.00e+00  || dt = 3.71e-05
[[32m[1m INFO  [21m[0m] from nz = 0 and OH
[[32m[1m INFO  [21m[0m] -----------------------------------------------------------------
[[32m[1m INFO  [21m[0m] Elapsed time: 1.83e-01 || Step number: 14700/30000
[[32m[1m INFO  [21m[0m] longdy = 1.00e+00      || longdy/dt = 1.00e+00  || dt = 3.88e-05
[[32m[1m INFO  [21m[0m] from nz = 0 and OH
[[32m[1m INFO  [21m[0m] -----------------------------------------------------------------
[[32m[1m INFO  [21m[0m] Elapsed time: 1.90e-01 || Step number: 14800/30000
[[32m[1m INFO  [21m[0m] longdy = 1.00e+00      || longdy/dt = 1.00e+00  || dt = 4.65e-05
[[32m[1m INFO  [21m[0m] from nz = 0 and OH
[[32m[1m INFO  [21m[0m] -----------------------------------------------------------------
[[32m[1m INFO  [21m[0m] Elapsed time: 1.97e-01 || Step number: 14900/30000
[[32m[1m INFO  [21m[0m] longdy = 1.00e+00      || longdy/dt = 1.00e+00  || dt = 4.13e-05
[[32m[1m INFO  [21m[0m] from nz = 0 and OH
[[32m[1m INFO  [21m[0m] -----------------------------------------------------------------
[[32m[1m INFO  [21m[0m] Elapsed time: 2.05e-01 || Step number: 15000/30000
[[32m[1m INFO  [21m[0m] longdy = 1.00e+00      || longdy/dt = 1.00e+00  || dt = 1.19e-04
[[32m[1m INFO  [21m[0m] from nz = 0 and OH
[[32m[1m INFO  [21m[0m] -----------------------------------------------------------------
[[32m[1m INFO  [21m[0m] Elapsed time: 2.16e-01 || Step number: 15100/30000
[[32m[1m INFO  [21m[0m] longdy = 1.00e+00      || longdy/dt = 1.00e+00  || dt = 1.51e-04
[[32m[1m INFO  [21m[0m] from nz = 0 and OH
[[32m[1m INFO  [21m[0m] -----------------------------------------------------------------
[[32m[1m INFO  [21m[0m] Elapsed time: 2.28e-01 || Step number: 15200/30000
[[32m[1m INFO  [21m[0m] longdy = 1.00e+00      || longdy/dt = 1.00e+00  || dt = 1.05e-04
[[32m[1m INFO  [21m[0m] from nz = 0 and OH
[[32m[1m INFO  [21m[0m] -----------------------------------------------------------------
[[32m[1m INFO  [21m[0m] Elapsed time: 2.42e-01 || Step number: 15300/30000
[[32m[1m INFO  [21m[0m] longdy = 1.00e+00      || longdy/dt = 1.00e+00  || dt = 1.81e-04
[[32m[1m INFO  [21m[0m] from nz = 0 and OH
[[32m[1m INFO  [21m[0m] -----------------------------------------------------------------
[[32m[1m INFO  [21m[0m] Elapsed time: 2.57e-01 || Step number: 15400/30000
[[32m[1m INFO  [21m[0m] longdy = 1.00e+00      || longdy/dt = 1.00e+00  || dt = 4.49e-04
[[32m[1m INFO  [21m[0m] from nz = 0 and OH
[[32m[1m INFO  [21m[0m] -----------------------------------------------------------------
[[32m[1m INFO  [21m[0m] Elapsed time: 2.71e-01 || Step number: 15500/30000
[[32m[1m INFO  [21m[0m] longdy = 1.00e+00      || longdy/dt = 1.00e+00  || dt = 7.36e-05
[[32m[1m INFO  [21m[0m] from nz = 0 and OH
[[32m[1m INFO  [21m[0m] -----------------------------------------------------------------
[[32m[1m INFO  [21m[0m] Elapsed time: 2.83e-01 || Step number: 15600/30000
[[32m[1m INFO  [21m[0m] longdy = 1.00e+00      || longdy/dt = 1.00e+00  || dt = 4.60e-04
[[32m[1m INFO  [21m[0m] from nz = 0 and OH
[[32m[1m INFO  [21m[0m] -----------------------------------------------------------------
[[32m[1m INFO  [21m[0m] Elapsed time: 2.96e-01 || Step number: 15700/30000
[[32m[1m INFO  [21m[0m] longdy = 1.00e+00      || longdy/dt = 1.00e+00  || dt = 2.84e-04
[[32m[1m INFO  [21m[0m] from nz = 0 and OH
[[32m[1m INFO  [21m[0m] -----------------------------------------------------------------
[[32m[1m INFO  [21m[0m] Elapsed time: 3.10e-01 || Step number: 15800/30000
[[32m[1m INFO  [21m[0m] longdy = 1.00e+00      || longdy/dt = 1.00e+00  || dt = 3.33e-05
[[32m[1m INFO  [21m[0m] from nz = 0 and OH
[[32m[1m INFO  [21m[0m] -----------------------------------------------------------------
[[32m[1m INFO  [21m[0m] Elapsed time: 3.24e-01 || Step number: 15900/30000
[[32m[1m INFO  [21m[0m] longdy = 1.00e+00      || longdy/dt = 1.00e+00  || dt = 2.88e-04
[[32m[1m INFO  [21m[0m] from nz = 0 and OH
[[32m[1m INFO  [21m[0m] -----------------------------------------------------------------
[[32m[1m INFO  [21m[0m] Elapsed time: 3.44e-01 || Step number: 16000/30000
[[32m[1m INFO  [21m[0m] longdy = 1.00e+00      || longdy/dt = 1.00e+00  || dt = 1.89e-04
[[32m[1m INFO  [21m[0m] from nz = 0 and OH
[[32m[1m INFO  [21m[0m] -----------------------------------------------------------------
[[32m[1m INFO  [21m[0m] Elapsed time: 3.60e-01 || Step number: 16100/30000
[[32m[1m INFO  [21m[0m] longdy = 1.00e+00      || longdy/dt = 1.00e+00  || dt = 3.57e-04
[[32m[1m INFO  [21m[0m] from nz = 0 and OH
[[32m[1m INFO  [21m[0m] -----------------------------------------------------------------
[[32m[1m INFO  [21m[0m] Elapsed time: 4.00e-01 || Step number: 16200/30000
[[32m[1m INFO  [21m[0m] longdy = 1.00e+00      || longdy/dt = 1.00e+00  || dt = 2.31e-04
[[32m[1m INFO  [21m[0m] from nz = 0 and OH
[[32m[1m INFO  [21m[0m] -----------------------------------------------------------------
[[32m[1m INFO  [21m[0m] Elapsed time: 4.16e-01 || Step number: 16300/30000
[[32m[1m INFO  [21m[0m] longdy = 1.00e+00      || longdy/dt = 1.00e+00  || dt = 2.41e-04
[[32m[1m INFO  [21m[0m] from nz = 0 and OH
[[32m[1m INFO  [21m[0m] -----------------------------------------------------------------
[[32m[1m INFO  [21m[0m] Elapsed time: 4.29e-01 || Step number: 16400/30000
[[32m[1m INFO  [21m[0m] longdy = 1.00e+00      || longdy/dt = 1.00e+00  || dt = 3.77e-04
[[32m[1m INFO  [21m[0m] from nz = 0 and OH
[[32m[1m INFO  [21m[0m] -----------------------------------------------------------------
[[32m[1m INFO  [21m[0m] Elapsed time: 4.47e-01 || Step number: 16500/30000
[[32m[1m INFO  [21m[0m] longdy = 1.00e+00      || longdy/dt = 1.00e+00  || dt = 6.76e-05
[[32m[1m INFO  [21m[0m] from nz = 0 and OH
[[32m[1m INFO  [21m[0m] -----------------------------------------------------------------
[[32m[1m INFO  [21m[0m] Elapsed time: 4.84e-01 || Step number: 16600/30000
[[32m[1m INFO  [21m[0m] longdy = 1.00e+00      || longdy/dt = 1.00e+00  || dt = 2.49e-05
[[32m[1m INFO  [21m[0m] from nz = 0 and OH
[[32m[1m INFO  [21m[0m] -----------------------------------------------------------------
[[32m[1m INFO  [21m[0m] Elapsed time: 4.97e-01 || Step number: 16700/30000
[[32m[1m INFO  [21m[0m] longdy = 1.00e+00      || longdy/dt = 1.00e+00  || dt = 2.38e-04
[[32m[1m INFO  [21m[0m] from nz = 0 and OH
[[32m[1m INFO  [21m[0m] -----------------------------------------------------------------
[[32m[1m INFO  [21m[0m] Elapsed time: 5.14e-01 || Step number: 16800/30000
[[32m[1m INFO  [21m[0m] longdy = 1.00e+00      || longdy/dt = 1.00e+00  || dt = 3.82e-04
[[32m[1m INFO  [21m[0m] from nz = 0 and OH
[[32m[1m INFO  [21m[0m] -----------------------------------------------------------------
[[32m[1m INFO  [21m[0m] Elapsed time: 5.26e-01 || Step number: 16900/30000
[[32m[1m INFO  [21m[0m] longdy = 1.00e+00      || longdy/dt = 1.00e+00  || dt = 2.50e-04
[[32m[1m INFO  [21m[0m] from nz = 0 and OH
[[32m[1m INFO  [21m[0m] -----------------------------------------------------------------
[[32m[1m INFO  [21m[0m] Elapsed time: 5.52e-01 || Step number: 17000/30000
[[32m[1m INFO  [21m[0m] longdy = 1.00e+00      || longdy/dt = 1.00e+00  || dt = 2.12e-04
[[32m[1m INFO  [21m[0m] from nz = 0 and OH
[[32m[1m INFO  [21m[0m] -----------------------------------------------------------------
[[32m[1m INFO  [21m[0m] Elapsed time: 5.67e-01 || Step number: 17100/30000
[[32m[1m INFO  [21m[0m] longdy = 1.00e+00      || longdy/dt = 1.00e+00  || dt = 2.44e-04
[[32m[1m INFO  [21m[0m] from nz = 0 and OH
[[32m[1m INFO  [21m[0m] -----------------------------------------------------------------
[[32m[1m INFO  [21m[0m] Elapsed time: 5.86e-01 || Step number: 17200/30000
[[32m[1m INFO  [21m[0m] longdy = 1.00e+00      || longdy/dt = 1.00e+00  || dt = 2.75e-05
[[32m[1m INFO  [21m[0m] from nz = 0 and OH
[[32m[1m INFO  [21m[0m] -----------------------------------------------------------------
[[32m[1m INFO  [21m[0m] Elapsed time: 6.00e-01 || Step number: 17300/30000
[[32m[1m INFO  [21m[0m] longdy = 1.00e+00      || longdy/dt = 1.00e+00  || dt = 2.14e-04
[[32m[1m INFO  [21m[0m] from nz = 0 and OH
[[32m[1m INFO  [21m[0m] -----------------------------------------------------------------
[[32m[1m INFO  [21m[0m] Elapsed time: 6.14e-01 || Step number: 17400/30000
[[32m[1m INFO  [21m[0m] longdy = 1.00e+00      || longdy/dt = 1.00e+00  || dt = 9.35e-05
[[32m[1m INFO  [21m[0m] from nz = 0 and OH
[[32m[1m INFO  [21m[0m] -----------------------------------------------------------------
[[32m[1m INFO  [21m[0m] Elapsed time: 6.29e-01 || Step number: 17500/30000
[[32m[1m INFO  [21m[0m] longdy = 1.00e+00      || longdy/dt = 1.00e+00  || dt = 6.76e-05
[[32m[1m INFO  [21m[0m] from nz = 0 and OH
[[32m[1m INFO  [21m[0m] -----------------------------------------------------------------
[[32m[1m INFO  [21m[0m] Elapsed time: 6.69e-01 || Step number: 17600/30000
[[32m[1m INFO  [21m[0m] longdy = 1.00e+00      || longdy/dt = 1.00e+00  || dt = 1.45e-04
[[32m[1m INFO  [21m[0m] from nz = 0 and OH
[[32m[1m INFO  [21m[0m] -----------------------------------------------------------------
[[32m[1m INFO  [21m[0m] Elapsed time: 6.82e-01 || Step number: 17700/30000
[[32m[1m INFO  [21m[0m] longdy = 1.00e+00      || longdy/dt = 1.00e+00  || dt = 2.34e-04
[[32m[1m INFO  [21m[0m] from nz = 0 and OH
[[32m[1m INFO  [21m[0m] -----------------------------------------------------------------
[[32m[1m INFO  [21m[0m] Elapsed time: 6.97e-01 || Step number: 17800/30000
[[32m[1m INFO  [21m[0m] longdy = 1.00e+00      || longdy/dt = 1.00e+00  || dt = 2.84e-04
[[32m[1m INFO  [21m[0m] from nz = 0 and OH
[[32m[1m INFO  [21m[0m] -----------------------------------------------------------------
[[32m[1m INFO  [21m[0m] Elapsed time: 7.13e-01 || Step number: 17900/30000
[[32m[1m INFO  [21m[0m] longdy = 1.00e+00      || longdy/dt = 1.00e+00  || dt = 2.46e-04
[[32m[1m INFO  [21m[0m] from nz = 0 and OH
[[32m[1m INFO  [21m[0m] -----------------------------------------------------------------
[[32m[1m INFO  [21m[0m] Elapsed time: 7.29e-01 || Step number: 18000/30000
[[32m[1m INFO  [21m[0m] longdy = 1.00e+00      || longdy/dt = 1.00e+00  || dt = 3.85e-04
[[32m[1m INFO  [21m[0m] from nz = 0 and OH
[[32m[1m INFO  [21m[0m] -----------------------------------------------------------------
[[32m[1m INFO  [21m[0m] Elapsed time: 7.45e-01 || Step number: 18100/30000
[[32m[1m INFO  [21m[0m] longdy = 1.00e+00      || longdy/dt = 1.00e+00  || dt = 5.24e-04
[[32m[1m INFO  [21m[0m] from nz = 0 and OH
[[32m[1m INFO  [21m[0m] -----------------------------------------------------------------
[[32m[1m INFO  [21m[0m] Elapsed time: 7.60e-01 || Step number: 18200/30000
[[32m[1m INFO  [21m[0m] longdy = 1.00e+00      || longdy/dt = 1.00e+00  || dt = 1.53e-04
[[32m[1m INFO  [21m[0m] from nz = 0 and OH
[[32m[1m INFO  [21m[0m] -----------------------------------------------------------------
[[32m[1m INFO  [21m[0m] Elapsed time: 7.78e-01 || Step number: 18300/30000
[[32m[1m INFO  [21m[0m] longdy = 1.00e+00      || longdy/dt = 1.00e+00  || dt = 4.45e-04
[[32m[1m INFO  [21m[0m] from nz = 0 and OH
[[32m[1m INFO  [21m[0m] -----------------------------------------------------------------
[[32m[1m INFO  [21m[0m] Elapsed time: 7.96e-01 || Step number: 18400/30000
[[32m[1m INFO  [21m[0m] longdy = 1.00e+00      || longdy/dt = 1.00e+00  || dt = 8.80e-05
[[32m[1m INFO  [21m[0m] from nz = 0 and OH
[[32m[1m INFO  [21m[0m] -----------------------------------------------------------------
[[32m[1m INFO  [21m[0m] Elapsed time: 8.14e-01 || Step number: 18500/30000
[[32m[1m INFO  [21m[0m] longdy = 1.00e+00      || longdy/dt = 1.00e+00  || dt = 4.49e-04
[[32m[1m INFO  [21m[0m] from nz = 0 and OH
[[32m[1m INFO  [21m[0m] -----------------------------------------------------------------
[[32m[1m INFO  [21m[0m] Elapsed time: 8.31e-01 || Step number: 18600/30000
[[32m[1m INFO  [21m[0m] longdy = 1.00e+00      || longdy/dt = 1.00e+00  || dt = 3.55e-04
[[32m[1m INFO  [21m[0m] from nz = 0 and OH
[[32m[1m INFO  [21m[0m] -----------------------------------------------------------------
[[32m[1m INFO  [21m[0m] Elapsed time: 8.46e-01 || Step number: 18700/30000
[[32m[1m INFO  [21m[0m] longdy = 1.00e+00      || longdy/dt = 1.00e+00  || dt = 2.09e-04
[[32m[1m INFO  [21m[0m] from nz = 0 and OH
[[32m[1m INFO  [21m[0m] -----------------------------------------------------------------
[[32m[1m INFO  [21m[0m] Elapsed time: 8.64e-01 || Step number: 18800/30000
[[32m[1m INFO  [21m[0m] longdy = 1.00e+00      || longdy/dt = 1.00e+00  || dt = 2.70e-04
[[32m[1m INFO  [21m[0m] from nz = 0 and OH
[[32m[1m INFO  [21m[0m] -----------------------------------------------------------------
[[32m[1m INFO  [21m[0m] Elapsed time: 8.77e-01 || Step number: 18900/30000
[[32m[1m INFO  [21m[0m] longdy = 1.00e+00      || longdy/dt = 1.00e+00  || dt = 1.66e-04
[[32m[1m INFO  [21m[0m] from nz = 0 and OH
[[32m[1m INFO  [21m[0m] -----------------------------------------------------------------
[[32m[1m INFO  [21m[0m] Elapsed time: 8.91e-01 || Step number: 19000/30000
[[32m[1m INFO  [21m[0m] longdy = 1.00e+00      || longdy/dt = 1.00e+00  || dt = 1.95e-04
[[32m[1m INFO  [21m[0m] from nz = 0 and OH
[[32m[1m INFO  [21m[0m] -----------------------------------------------------------------
[[32m[1m INFO  [21m[0m] Elapsed time: 9.04e-01 || Step number: 19100/30000
[[32m[1m INFO  [21m[0m] longdy = 1.00e+00      || longdy/dt = 1.00e+00  || dt = 1.80e-04
[[32m[1m INFO  [21m[0m] from nz = 0 and OH
[[32m[1m INFO  [21m[0m] -----------------------------------------------------------------
[[32m[1m INFO  [21m[0m] Elapsed time: 9.19e-01 || Step number: 19200/30000
[[32m[1m INFO  [21m[0m] longdy = 1.00e+00      || longdy/dt = 1.00e+00  || dt = 1.46e-04
[[32m[1m INFO  [21m[0m] from nz = 0 and OH
[[32m[1m INFO  [21m[0m] -----------------------------------------------------------------
[[32m[1m INFO  [21m[0m] Elapsed time: 9.36e-01 || Step number: 19300/30000
[[32m[1m INFO  [21m[0m] longdy = 1.00e+00      || longdy/dt = 1.00e+00  || dt = 2.83e-04
[[32m[1m INFO  [21m[0m] from nz = 0 and OH
[[32m[1m INFO  [21m[0m] -----------------------------------------------------------------
[[32m[1m INFO  [21m[0m] Elapsed time: 9.56e-01 || Step number: 19400/30000
[[32m[1m INFO  [21m[0m] longdy = 1.00e+00      || longdy/dt = 1.00e+00  || dt = 2.37e-04
[[32m[1m INFO  [21m[0m] from nz = 0 and OH
[[32m[1m INFO  [21m[0m] -----------------------------------------------------------------
[[32m[1m INFO  [21m[0m] Elapsed time: 9.74e-01 || Step number: 19500/30000
[[32m[1m INFO  [21m[0m] longdy = 1.00e+00      || longdy/dt = 1.00e+00  || dt = 9.27e-04
[[32m[1m INFO  [21m[0m] from nz = 0 and OH
[[32m[1m INFO  [21m[0m] -----------------------------------------------------------------
[[32m[1m INFO  [21m[0m] Elapsed time: 9.93e-01 || Step number: 19600/30000
[[32m[1m INFO  [21m[0m] longdy = 1.00e+00      || longdy/dt = 1.00e+00  || dt = 9.36e-05
[[32m[1m INFO  [21m[0m] from nz = 0 and OH
[[32m[1m INFO  [21m[0m] -----------------------------------------------------------------
[[32m[1m INFO  [21m[0m] Elapsed time: 1.01e+00 || Step number: 19700/30000
[[32m[1m INFO  [21m[0m] longdy = 1.00e+00      || longdy/dt = 1.00e+00  || dt = 2.44e-04
[[32m[1m INFO  [21m[0m] from nz = 0 and OH
[[32m[1m INFO  [21m[0m] -----------------------------------------------------------------
[[32m[1m INFO  [21m[0m] Elapsed time: 1.03e+00 || Step number: 19800/30000
[[32m[1m INFO  [21m[0m] longdy = 1.00e+00      || longdy/dt = 1.00e+00  || dt = 6.04e-05
[[32m[1m INFO  [21m[0m] from nz = 0 and OH
[[32m[1m INFO  [21m[0m] -----------------------------------------------------------------
[[32m[1m INFO  [21m[0m] Elapsed time: 1.04e+00 || Step number: 19900/30000
[[32m[1m INFO  [21m[0m] longdy = 1.00e+00      || longdy/dt = 1.00e+00  || dt = 1.76e-04
[[32m[1m INFO  [21m[0m] from nz = 0 and OH
[[32m[1m INFO  [21m[0m] -----------------------------------------------------------------
[[32m[1m INFO  [21m[0m] Elapsed time: 1.07e+00 || Step number: 20000/30000
[[32m[1m INFO  [21m[0m] longdy = 1.00e+00      || longdy/dt = 1.00e+00  || dt = 1.75e-05
[[32m[1m INFO  [21m[0m] from nz = 0 and OH
[[32m[1m INFO  [21m[0m] -----------------------------------------------------------------
[[32m[1m INFO  [21m[0m] Elapsed time: 1.09e+00 || Step number: 20100/30000
[[32m[1m INFO  [21m[0m] longdy = 1.00e+00      || longdy/dt = 1.00e+00  || dt = 1.45e-04
[[32m[1m INFO  [21m[0m] from nz = 0 and OH
[[32m[1m INFO  [21m[0m] -----------------------------------------------------------------
[[32m[1m INFO  [21m[0m] Elapsed time: 1.11e+00 || Step number: 20200/30000
[[32m[1m INFO  [21m[0m] longdy = 1.00e+00      || longdy/dt = 1.00e+00  || dt = 1.62e-04
[[32m[1m INFO  [21m[0m] from nz = 0 and OH
[[32m[1m INFO  [21m[0m] -----------------------------------------------------------------
[[32m[1m INFO  [21m[0m] Elapsed time: 1.12e+00 || Step number: 20300/30000
[[32m[1m INFO  [21m[0m] longdy = 1.00e+00      || longdy/dt = 1.00e+00  || dt = 1.47e-05
[[32m[1m INFO  [21m[0m] from nz = 0 and OH
[[32m[1m INFO  [21m[0m] -----------------------------------------------------------------
[[32m[1m INFO  [21m[0m] Elapsed time: 1.14e+00 || Step number: 20400/30000
[[32m[1m INFO  [21m[0m] longdy = 1.00e+00      || longdy/dt = 1.00e+00  || dt = 7.34e-04
[[32m[1m INFO  [21m[0m] from nz = 0 and OH
[[32m[1m INFO  [21m[0m] -----------------------------------------------------------------
[[32m[1m INFO  [21m[0m] Elapsed time: 1.16e+00 || Step number: 20500/30000
[[32m[1m INFO  [21m[0m] longdy = 1.00e+00      || longdy/dt = 1.00e+00  || dt = 2.87e-04
[[32m[1m INFO  [21m[0m] from nz = 0 and OH
[[32m[1m INFO  [21m[0m] -----------------------------------------------------------------
[[32m[1m INFO  [21m[0m] Elapsed time: 1.18e+00 || Step number: 20600/30000
[[32m[1m INFO  [21m[0m] longdy = 1.00e+00      || longdy/dt = 1.00e+00  || dt = 6.42e-04
[[32m[1m INFO  [21m[0m] from nz = 0 and OH
[[32m[1m INFO  [21m[0m] -----------------------------------------------------------------
[[32m[1m INFO  [21m[0m] Elapsed time: 1.21e+00 || Step number: 20700/30000
[[32m[1m INFO  [21m[0m] longdy = 1.00e+00      || longdy/dt = 1.00e+00  || dt = 1.71e-04
[[32m[1m INFO  [21m[0m] from nz = 0 and OH
[[32m[1m INFO  [21m[0m] -----------------------------------------------------------------
[[32m[1m INFO  [21m[0m] Elapsed time: 1.23e+00 || Step number: 20800/30000
[[32m[1m INFO  [21m[0m] longdy = 1.00e+00      || longdy/dt = 1.00e+00  || dt = 3.36e-04
[[32m[1m INFO  [21m[0m] from nz = 0 and OH
[[32m[1m INFO  [21m[0m] -----------------------------------------------------------------
[[32m[1m INFO  [21m[0m] Elapsed time: 1.25e+00 || Step number: 20900/30000
[[32m[1m INFO  [21m[0m] longdy = 1.00e+00      || longdy/dt = 1.00e+00  || dt = 3.41e-04
[[32m[1m INFO  [21m[0m] from nz = 0 and OH
[[32m[1m INFO  [21m[0m] -----------------------------------------------------------------
[[32m[1m INFO  [21m[0m] Elapsed time: 1.28e+00 || Step number: 21000/30000
[[32m[1m INFO  [21m[0m] longdy = 1.00e+00      || longdy/dt = 1.00e+00  || dt = 1.72e-04
[[32m[1m INFO  [21m[0m] from nz = 0 and OH
[[32m[1m INFO  [21m[0m] -----------------------------------------------------------------
[[32m[1m INFO  [21m[0m] Elapsed time: 1.31e+00 || Step number: 21100/30000
[[32m[1m INFO  [21m[0m] longdy = 1.00e+00      || longdy/dt = 1.00e+00  || dt = 2.44e-04
[[32m[1m INFO  [21m[0m] from nz = 0 and OH
[[32m[1m INFO  [21m[0m] -----------------------------------------------------------------
[[32m[1m INFO  [21m[0m] Elapsed time: 1.34e+00 || Step number: 21200/30000
[[32m[1m INFO  [21m[0m] longdy = 1.00e+00      || longdy/dt = 1.00e+00  || dt = 1.95e-04
[[32m[1m INFO  [21m[0m] from nz = 0 and OH
[[32m[1m INFO  [21m[0m] -----------------------------------------------------------------
[[32m[1m INFO  [21m[0m] Elapsed time: 1.38e+00 || Step number: 21300/30000
[[32m[1m INFO  [21m[0m] longdy = 1.00e+00      || longdy/dt = 1.00e+00  || dt = 2.84e-04
[[32m[1m INFO  [21m[0m] from nz = 0 and OH
[[32m[1m INFO  [21m[0m] -----------------------------------------------------------------
[[32m[1m INFO  [21m[0m] Elapsed time: 1.42e+00 || Step number: 21400/30000
[[32m[1m INFO  [21m[0m] longdy = 1.00e+00      || longdy/dt = 1.00e+00  || dt = 1.67e-04
[[32m[1m INFO  [21m[0m] from nz = 0 and OH
[[32m[1m INFO  [21m[0m] -----------------------------------------------------------------
[[32m[1m INFO  [21m[0m] Elapsed time: 1.47e+00 || Step number: 21500/30000
[[32m[1m INFO  [21m[0m] longdy = 1.00e+00      || longdy/dt = 1.00e+00  || dt = 1.65e-04
[[32m[1m INFO  [21m[0m] from nz = 0 and OH
[[32m[1m INFO  [21m[0m] -----------------------------------------------------------------
[[32m[1m INFO  [21m[0m] Elapsed time: 1.51e+00 || Step number: 21600/30000
[[32m[1m INFO  [21m[0m] longdy = 1.00e+00      || longdy/dt = 1.00e+00  || dt = 2.32e-04
[[32m[1m INFO  [21m[0m] from nz = 0 and OH
[[32m[1m INFO  [21m[0m] -----------------------------------------------------------------
[[32m[1m INFO  [21m[0m] Elapsed time: 1.54e+00 || Step number: 21700/30000
[[32m[1m INFO  [21m[0m] longdy = 1.00e+00      || longdy/dt = 1.00e+00  || dt = 1.93e-04
[[32m[1m INFO  [21m[0m] from nz = 0 and OH
[[32m[1m INFO  [21m[0m] -----------------------------------------------------------------
[[32m[1m INFO  [21m[0m] Elapsed time: 1.60e+00 || Step number: 21800/30000
[[32m[1m INFO  [21m[0m] longdy = 1.00e+00      || longdy/dt = 1.00e+00  || dt = 2.24e-04
[[32m[1m INFO  [21m[0m] from nz = 0 and OH
[[32m[1m INFO  [21m[0m] -----------------------------------------------------------------
[[32m[1m INFO  [21m[0m] Elapsed time: 1.64e+00 || Step number: 21900/30000
[[32m[1m INFO  [21m[0m] longdy = 1.00e+00      || longdy/dt = 1.00e+00  || dt = 2.56e-03
[[32m[1m INFO  [21m[0m] from nz = 0 and OH
[[32m[1m INFO  [21m[0m] -----------------------------------------------------------------
[[32m[1m INFO  [21m[0m] Elapsed time: 1.68e+00 || Step number: 22000/30000
[[32m[1m INFO  [21m[0m] longdy = 1.00e+00      || longdy/dt = 1.00e+00  || dt = 2.08e-04
[[32m[1m INFO  [21m[0m] from nz = 0 and OH
[[32m[1m INFO  [21m[0m] -----------------------------------------------------------------
[[32m[1m INFO  [21m[0m] Elapsed time: 1.71e+00 || Step number: 22100/30000
[[32m[1m INFO  [21m[0m] longdy = 1.00e+00      || longdy/dt = 1.00e+00  || dt = 6.33e-04
[[32m[1m INFO  [21m[0m] from nz = 0 and OH
[[32m[1m INFO  [21m[0m] -----------------------------------------------------------------
[[32m[1m INFO  [21m[0m] Elapsed time: 1.76e+00 || Step number: 22200/30000
[[32m[1m INFO  [21m[0m] longdy = 1.00e+00      || longdy/dt = 1.00e+00  || dt = 1.72e-04
[[32m[1m INFO  [21m[0m] from nz = 0 and OH
[[32m[1m INFO  [21m[0m] -----------------------------------------------------------------
[[32m[1m INFO  [21m[0m] Elapsed time: 1.81e+00 || Step number: 22300/30000
[[32m[1m INFO  [21m[0m] longdy = 1.00e+00      || longdy/dt = 1.00e+00  || dt = 1.60e-04
[[32m[1m INFO  [21m[0m] from nz = 0 and OH
[[32m[1m INFO  [21m[0m] -----------------------------------------------------------------
[[32m[1m INFO  [21m[0m] Elapsed time: 1.86e+00 || Step number: 22400/30000
[[32m[1m INFO  [21m[0m] longdy = 1.00e+00      || longdy/dt = 1.00e+00  || dt = 1.80e-04
[[32m[1m INFO  [21m[0m] from nz = 0 and OH
[[32m[1m INFO  [21m[0m] -----------------------------------------------------------------
[[32m[1m INFO  [21m[0m] Elapsed time: 2.30e+00 || Step number: 22500/30000
[[32m[1m INFO  [21m[0m] longdy = 1.00e+00      || longdy/dt = 1.00e+00  || dt = 1.68e-04
[[32m[1m INFO  [21m[0m] from nz = 0 and OH
[[32m[1m INFO  [21m[0m] -----------------------------------------------------------------
[[32m[1m INFO  [21m[0m] Elapsed time: 2.48e+00 || Step number: 22600/30000
[[32m[1m INFO  [21m[0m] longdy = 1.00e+00      || longdy/dt = 1.00e+00  || dt = 6.17e-03
[[32m[1m INFO  [21m[0m] from nz = 0 and OH
[[32m[1m INFO  [21m[0m] -----------------------------------------------------------------
[[32m[1m INFO  [21m[0m] Elapsed time: 2.55e+00 || Step number: 22700/30000
[[32m[1m INFO  [21m[0m] longdy = 1.00e+00      || longdy/dt = 1.00e+00  || dt = 1.83e-04
[[32m[1m INFO  [21m[0m] from nz = 0 and OH
[[32m[1m INFO  [21m[0m] -----------------------------------------------------------------
[[32m[1m INFO  [21m[0m] Elapsed time: 2.59e+00 || Step number: 22800/30000
[[32m[1m INFO  [21m[0m] longdy = 1.00e+00      || longdy/dt = 1.00e+00  || dt = 1.09e-04
[[32m[1m INFO  [21m[0m] from nz = 0 and OH
[[32m[1m INFO  [21m[0m] -----------------------------------------------------------------
[[93m[1m WARNING [21m[0m] Keep producing negative values! Clipping negative solutions and moving on!
[[93m[1m WARNING [21m[0m] Keep producing negative values! Clipping negative solutions and moving on!
[[93m[1m WARNING [21m[0m] Keep producing negative values! Clipping negative solutions and moving on!
[[93m[1m WARNING [21m[0m] Keep producing negative values! Clipping negative solutions and moving on!
[[93m[1m WARNING [21m[0m] Keep producing negative values! Clipping negative solutions and moving on!
[[93m[1m WARNING [21m[0m] Keep producing negative values! Clipping negative solutions and moving on!
[[93m[1m WARNING [21m[0m] Keep producing negative values! Clipping negative solutions and moving on!
[[93m[1m WARNING [21m[0m] Keep producing negative values! Clipping negative solutions and moving on!
[[93m[1m WARNING [21m[0m] Keep producing negative values! Clipping negative solutions and moving on!
[[32m[1m INFO  [21m[0m] Elapsed time: 2.74e+00 || Step number: 22900/30000
[[32m[1m INFO  [21m[0m] longdy = 1.00e+00      || longdy/dt = 1.00e+00  || dt = 1.60e-04
[[32m[1m INFO  [21m[0m] from nz = 0 and OH
[[32m[1m INFO  [21m[0m] -----------------------------------------------------------------
[[32m[1m INFO  [21m[0m] Elapsed time: 2.77e+00 || Step number: 23000/30000
[[32m[1m INFO  [21m[0m] longdy = 1.00e+00      || longdy/dt = 1.00e+00  || dt = 3.23e-04
[[32m[1m INFO  [21m[0m] from nz = 0 and OH
[[32m[1m INFO  [21m[0m] -----------------------------------------------------------------
[[32m[1m INFO  [21m[0m] Elapsed time: 2.82e+00 || Step number: 23100/30000
[[32m[1m INFO  [21m[0m] longdy = 1.00e+00      || longdy/dt = 1.00e+00  || dt = 1.82e-04
[[32m[1m INFO  [21m[0m] from nz = 0 and OH
[[32m[1m INFO  [21m[0m] -----------------------------------------------------------------
[[32m[1m INFO  [21m[0m] Elapsed time: 2.98e+00 || Step number: 23200/30000
[[32m[1m INFO  [21m[0m] longdy = 1.00e+00      || longdy/dt = 1.00e+00  || dt = 4.19e-02
[[32m[1m INFO  [21m[0m] from nz = 0 and OH
[[32m[1m INFO  [21m[0m] -----------------------------------------------------------------
[[32m[1m INFO  [21m[0m] Elapsed time: 3.49e+00 || Step number: 23300/30000
[[32m[1m INFO  [21m[0m] longdy = 1.00e+00      || longdy/dt = 1.00e+00  || dt = 1.60e-04
[[32m[1m INFO  [21m[0m] from nz = 0 and OH
[[32m[1m INFO  [21m[0m] -----------------------------------------------------------------
[[32m[1m INFO  [21m[0m] Elapsed time: 3.75e+00 || Step number: 23400/30000
[[32m[1m INFO  [21m[0m] longdy = 1.00e+00      || longdy/dt = 1.00e+00  || dt = 6.97e-05
[[32m[1m INFO  [21m[0m] from nz = 0 and OH
[[32m[1m INFO  [21m[0m] -----------------------------------------------------------------
[[93m[1m WARNING [21m[0m] Keep producing negative values! Clipping negative solutions and moving on!
[[93m[1m WARNING [21m[0m] Keep producing negative values! Clipping negative solutions and moving on!
[[93m[1m WARNING [21m[0m] Keep producing negative values! Clipping negative solutions and moving on!
[[93m[1m WARNING [21m[0m] Keep producing negative values! Clipping negative solutions and moving on!
[[93m[1m WARNING [21m[0m] Keep producing negative values! Clipping negative solutions and moving on!
[[93m[1m WARNING [21m[0m] Keep producing negative values! Clipping negative solutions and moving on!
[[93m[1m WARNING [21m[0m] Keep producing negative values! Clipping negative solutions and moving on!
[[93m[1m WARNING [21m[0m] Keep producing negative values! Clipping negative solutions and moving on!
[[93m[1m WARNING [21m[0m] Keep producing negative values! Clipping negative solutions and moving on!
[[32m[1m INFO  [21m[0m] Elapsed time: 3.88e+00 || Step number: 23500/30000
[[32m[1m INFO  [21m[0m] longdy = 1.00e+00      || longdy/dt = 1.00e+00  || dt = 1.59e-04
[[32m[1m INFO  [21m[0m] from nz = 0 and OH
[[32m[1m INFO  [21m[0m] -----------------------------------------------------------------
[[32m[1m INFO  [21m[0m] Elapsed time: 3.92e+00 || Step number: 23600/30000
[[32m[1m INFO  [21m[0m] longdy = 1.00e+00      || longdy/dt = 1.00e+00  || dt = 1.62e-04
[[32m[1m INFO  [21m[0m] from nz = 0 and OH
[[32m[1m INFO  [21m[0m] -----------------------------------------------------------------
[[32m[1m INFO  [21m[0m] Elapsed time: 3.95e+00 || Step number: 23700/30000
[[32m[1m INFO  [21m[0m] longdy = 1.00e+00      || longdy/dt = 1.00e+00  || dt = 2.03e-04
[[32m[1m INFO  [21m[0m] from nz = 0 and OH
[[32m[1m INFO  [21m[0m] -----------------------------------------------------------------
[[32m[1m INFO  [21m[0m] Elapsed time: 4.01e+00 || Step number: 23800/30000
[[32m[1m INFO  [21m[0m] longdy = 1.00e+00      || longdy/dt = 1.00e+00  || dt = 2.16e-04
[[32m[1m INFO  [21m[0m] from nz = 0 and OH
[[32m[1m INFO  [21m[0m] -----------------------------------------------------------------
[[32m[1m INFO  [21m[0m] Elapsed time: 4.05e+00 || Step number: 23900/30000
[[32m[1m INFO  [21m[0m] longdy = 1.00e+00      || longdy/dt = 1.00e+00  || dt = 1.12e-04
[[32m[1m INFO  [21m[0m] from nz = 0 and OH
[[32m[1m INFO  [21m[0m] -----------------------------------------------------------------
[[32m[1m INFO  [21m[0m] Elapsed time: 4.09e+00 || Step number: 24000/30000
[[32m[1m INFO  [21m[0m] longdy = 1.00e+00      || longdy/dt = 1.00e+00  || dt = 1.98e-04
[[32m[1m INFO  [21m[0m] from nz = 0 and OH
[[32m[1m INFO  [21m[0m] -----------------------------------------------------------------
[[32m[1m INFO  [21m[0m] Elapsed time: 4.19e+00 || Step number: 24100/30000
[[32m[1m INFO  [21m[0m] longdy = 1.00e+00      || longdy/dt = 1.00e+00  || dt = 1.58e-04
[[32m[1m INFO  [21m[0m] from nz = 0 and OH
[[32m[1m INFO  [21m[0m] -----------------------------------------------------------------
[[32m[1m INFO  [21m[0m] Elapsed time: 4.22e+00 || Step number: 24200/30000
[[32m[1m INFO  [21m[0m] longdy = 1.00e+00      || longdy/dt = 1.00e+00  || dt = 1.74e-04
[[32m[1m INFO  [21m[0m] from nz = 0 and OH
[[32m[1m INFO  [21m[0m] -----------------------------------------------------------------
[[32m[1m INFO  [21m[0m] Elapsed time: 4.39e+00 || Step number: 24300/30000
[[32m[1m INFO  [21m[0m] longdy = 1.00e+00      || longdy/dt = 1.00e+00  || dt = 1.55e-04
[[32m[1m INFO  [21m[0m] from nz = 0 and OH
[[32m[1m INFO  [21m[0m] -----------------------------------------------------------------
[[32m[1m INFO  [21m[0m] Elapsed time: 4.44e+00 || Step number: 24400/30000
[[32m[1m INFO  [21m[0m] longdy = 1.00e+00      || longdy/dt = 1.00e+00  || dt = 1.72e-04
[[32m[1m INFO  [21m[0m] from nz = 0 and OH
[[32m[1m INFO  [21m[0m] -----------------------------------------------------------------
[[32m[1m INFO  [21m[0m] Elapsed time: 4.76e+00 || Step number: 24500/30000
[[32m[1m INFO  [21m[0m] longdy = 1.00e+00      || longdy/dt = 1.00e+00  || dt = 2.68e-04
[[32m[1m INFO  [21m[0m] from nz = 0 and OH
[[32m[1m INFO  [21m[0m] -----------------------------------------------------------------
[[32m[1m INFO  [21m[0m] Elapsed time: 5.00e+00 || Step number: 24600/30000
[[32m[1m INFO  [21m[0m] longdy = 1.00e+00      || longdy/dt = 1.00e+00  || dt = 2.32e-02
[[32m[1m INFO  [21m[0m] from nz = 0 and OH
[[32m[1m INFO  [21m[0m] -----------------------------------------------------------------
[[32m[1m INFO  [21m[0m] Elapsed time: 5.03e+00 || Step number: 24700/30000
[[32m[1m INFO  [21m[0m] longdy = 1.00e+00      || longdy/dt = 1.00e+00  || dt = 2.66e-04
[[32m[1m INFO  [21m[0m] from nz = 0 and OH
[[32m[1m INFO  [21m[0m] -----------------------------------------------------------------
[[32m[1m INFO  [21m[0m] Elapsed time: 5.06e+00 || Step number: 24800/30000
[[32m[1m INFO  [21m[0m] longdy = 1.00e+00      || longdy/dt = 1.00e+00  || dt = 2.10e-04
[[32m[1m INFO  [21m[0m] from nz = 0 and OH
[[32m[1m INFO  [21m[0m] -----------------------------------------------------------------
[[32m[1m INFO  [21m[0m] Elapsed time: 5.17e+00 || Step number: 24900/30000
[[32m[1m INFO  [21m[0m] longdy = 1.00e+00      || longdy/dt = 1.00e+00  || dt = 6.11e-02
[[32m[1m INFO  [21m[0m] from nz = 0 and OH
[[32m[1m INFO  [21m[0m] -----------------------------------------------------------------
[[32m[1m INFO  [21m[0m] Elapsed time: 5.34e+00 || Step number: 25000/30000
[[32m[1m INFO  [21m[0m] longdy = 1.00e+00      || longdy/dt = 1.00e+00  || dt = 1.66e-04
[[32m[1m INFO  [21m[0m] from nz = 0 and OH
[[32m[1m INFO  [21m[0m] -----------------------------------------------------------------
[[32m[1m INFO  [21m[0m] Elapsed time: 5.37e+00 || Step number: 25100/30000
[[32m[1m INFO  [21m[0m] longdy = 1.00e+00      || longdy/dt = 1.00e+00  || dt = 2.19e-04
[[32m[1m INFO  [21m[0m] from nz = 0 and OH
[[32m[1m INFO  [21m[0m] -----------------------------------------------------------------
[[32m[1m INFO  [21m[0m] Elapsed time: 5.53e+00 || Step number: 25200/30000
[[32m[1m INFO  [21m[0m] longdy = 1.00e+00      || longdy/dt = 1.00e+00  || dt = 1.77e-04
[[32m[1m INFO  [21m[0m] from nz = 0 and OH
[[32m[1m INFO  [21m[0m] -----------------------------------------------------------------
[[32m[1m INFO  [21m[0m] Elapsed time: 5.59e+00 || Step number: 25300/30000
[[32m[1m INFO  [21m[0m] longdy = 1.00e+00      || longdy/dt = 1.00e+00  || dt = 2.35e-04
[[32m[1m INFO  [21m[0m] from nz = 0 and OH
[[32m[1m INFO  [21m[0m] -----------------------------------------------------------------
[[32m[1m INFO  [21m[0m] Elapsed time: 5.63e+00 || Step number: 25400/30000
[[32m[1m INFO  [21m[0m] longdy = 1.00e+00      || longdy/dt = 1.00e+00  || dt = 1.77e-04
[[32m[1m INFO  [21m[0m] from nz = 0 and OH
[[32m[1m INFO  [21m[0m] -----------------------------------------------------------------
[[32m[1m INFO  [21m[0m] Elapsed time: 5.67e+00 || Step number: 25500/30000
[[32m[1m INFO  [21m[0m] longdy = 1.00e+00      || longdy/dt = 1.00e+00  || dt = 1.78e-04
[[32m[1m INFO  [21m[0m] from nz = 0 and OH
[[32m[1m INFO  [21m[0m] -----------------------------------------------------------------
[[32m[1m INFO  [21m[0m] Elapsed time: 5.71e+00 || Step number: 25600/30000
[[32m[1m INFO  [21m[0m] longdy = 1.00e+00      || longdy/dt = 1.00e+00  || dt = 1.68e-04
[[32m[1m INFO  [21m[0m] from nz = 0 and OH
[[32m[1m INFO  [21m[0m] -----------------------------------------------------------------
[[32m[1m INFO  [21m[0m] Elapsed time: 5.73e+00 || Step number: 25700/30000
[[32m[1m INFO  [21m[0m] longdy = 1.00e+00      || longdy/dt = 1.00e+00  || dt = 2.94e-04
[[32m[1m INFO  [21m[0m] from nz = 0 and OH
[[32m[1m INFO  [21m[0m] -----------------------------------------------------------------
[[32m[1m INFO  [21m[0m] Elapsed time: 5.81e+00 || Step number: 25800/30000
[[32m[1m INFO  [21m[0m] longdy = 1.00e+00      || longdy/dt = 1.00e+00  || dt = 3.02e-04
[[32m[1m INFO  [21m[0m] from nz = 0 and OH
[[32m[1m INFO  [21m[0m] -----------------------------------------------------------------
[[32m[1m INFO  [21m[0m] Elapsed time: 5.88e+00 || Step number: 25900/30000
[[32m[1m INFO  [21m[0m] longdy = 1.00e+00      || longdy/dt = 1.00e+00  || dt = 1.74e-04
[[32m[1m INFO  [21m[0m] from nz = 0 and OH
[[32m[1m INFO  [21m[0m] -----------------------------------------------------------------
[[32m[1m INFO  [21m[0m] Elapsed time: 6.02e+00 || Step number: 26000/30000
[[32m[1m INFO  [21m[0m] longdy = 1.00e+00      || longdy/dt = 1.00e+00  || dt = 1.64e-04
[[32m[1m INFO  [21m[0m] from nz = 0 and OH
[[32m[1m INFO  [21m[0m] -----------------------------------------------------------------
[[93m[1m WARNING [21m[0m] Keep producing negative values! Clipping negative solutions and moving on!
[[93m[1m WARNING [21m[0m] Keep producing negative values! Clipping negative solutions and moving on!
[[93m[1m WARNING [21m[0m] Keep producing negative values! Clipping negative solutions and moving on!
[[93m[1m WARNING [21m[0m] Keep producing negative values! Clipping negative solutions and moving on!
[[93m[1m WARNING [21m[0m] Keep producing negative values! Clipping negative solutions and moving on!
[[93m[1m WARNING [21m[0m] Keep producing negative values! Clipping negative solutions and moving on!
[[93m[1m WARNING [21m[0m] Keep producing negative values! Clipping negative solutions and moving on!
[[93m[1m WARNING [21m[0m] Keep producing negative values! Clipping negative solutions and moving on!
[[93m[1m WARNING [21m[0m] Keep producing negative values! Clipping negative solutions and moving on!
[[32m[1m INFO  [21m[0m] Elapsed time: 6.49e+00 || Step number: 26100/30000
[[32m[1m INFO  [21m[0m] longdy = 1.00e+00      || longdy/dt = 1.00e+00  || dt = 5.86e-07
[[32m[1m INFO  [21m[0m] from nz = 0 and OH
[[32m[1m INFO  [21m[0m] -----------------------------------------------------------------
[[32m[1m INFO  [21m[0m] Elapsed time: 6.66e+00 || Step number: 26200/30000
[[32m[1m INFO  [21m[0m] longdy = 1.00e+00      || longdy/dt = 1.00e+00  || dt = 2.14e-02
[[32m[1m INFO  [21m[0m] from nz = 0 and OH
[[32m[1m INFO  [21m[0m] -----------------------------------------------------------------
[[32m[1m INFO  [21m[0m] Elapsed time: 7.00e+00 || Step number: 26300/30000
[[32m[1m INFO  [21m[0m] longdy = 1.00e+00      || longdy/dt = 1.00e+00  || dt = 1.63e-04
[[32m[1m INFO  [21m[0m] from nz = 0 and OH
[[32m[1m INFO  [21m[0m] -----------------------------------------------------------------
[[32m[1m INFO  [21m[0m] Elapsed time: 7.20e+00 || Step number: 26400/30000
[[32m[1m INFO  [21m[0m] longdy = 1.00e+00      || longdy/dt = 1.00e+00  || dt = 1.90e-04
[[32m[1m INFO  [21m[0m] from nz = 0 and OH
[[32m[1m INFO  [21m[0m] -----------------------------------------------------------------
[[32m[1m INFO  [21m[0m] Elapsed time: 7.26e+00 || Step number: 26500/30000
[[32m[1m INFO  [21m[0m] longdy = 1.00e+00      || longdy/dt = 1.00e+00  || dt = 1.61e-04
[[32m[1m INFO  [21m[0m] from nz = 0 and OH
[[32m[1m INFO  [21m[0m] -----------------------------------------------------------------
[[93m[1m WARNING [21m[0m] Keep producing negative values! Clipping negative solutions and moving on!
[[93m[1m WARNING [21m[0m] Keep producing negative values! Clipping negative solutions and moving on!
[[93m[1m WARNING [21m[0m] Keep producing negative values! Clipping negative solutions and moving on!
[[93m[1m WARNING [21m[0m] Keep producing negative values! Clipping negative solutions and moving on!
[[93m[1m WARNING [21m[0m] Keep producing negative values! Clipping negative solutions and moving on!
[[93m[1m WARNING [21m[0m] Keep producing negative values! Clipping negative solutions and moving on!
[[93m[1m WARNING [21m[0m] Keep producing negative values! Clipping negative solutions and moving on!
[[93m[1m WARNING [21m[0m] Keep producing negative values! Clipping negative solutions and moving on!
[[93m[1m WARNING [21m[0m] Keep producing negative values! Clipping negative solutions and moving on!
[[32m[1m INFO  [21m[0m] Elapsed time: 7.38e+00 || Step number: 26600/30000
[[32m[1m INFO  [21m[0m] longdy = 1.00e+00      || longdy/dt = 1.00e+00  || dt = 1.60e-04
[[32m[1m INFO  [21m[0m] from nz = 0 and OH
[[32m[1m INFO  [21m[0m] -----------------------------------------------------------------
[[93m[1m WARNING [21m[0m] Keep producing negative values! Clipping negative solutions and moving on!
[[93m[1m WARNING [21m[0m] Keep producing negative values! Clipping negative solutions and moving on!
[[93m[1m WARNING [21m[0m] Keep producing negative values! Clipping negative solutions and moving on!
[[93m[1m WARNING [21m[0m] Keep producing negative values! Clipping negative solutions and moving on!
[[93m[1m WARNING [21m[0m] Keep producing negative values! Clipping negative solutions and moving on!
[[93m[1m WARNING [21m[0m] Keep producing negative values! Clipping negative solutions and moving on!
[[93m[1m WARNING [21m[0m] Keep producing negative values! Clipping negative solutions and moving on!
[[93m[1m WARNING [21m[0m] Keep producing negative values! Clipping negative solutions and moving on!
[[93m[1m WARNING [21m[0m] Keep producing negative values! Clipping negative solutions and moving on!
[[32m[1m INFO  [21m[0m] Elapsed time: 7.57e+00 || Step number: 26700/30000
[[32m[1m INFO  [21m[0m] longdy = 1.00e+00      || longdy/dt = 1.00e+00  || dt = 2.41e-06
[[32m[1m INFO  [21m[0m] from nz = 0 and OH
[[32m[1m INFO  [21m[0m] -----------------------------------------------------------------
[[32m[1m INFO  [21m[0m] Elapsed time: 7.61e+00 || Step number: 26800/30000
[[32m[1m INFO  [21m[0m] longdy = 1.00e+00      || longdy/dt = 1.00e+00  || dt = 1.61e-04
[[32m[1m INFO  [21m[0m] from nz = 0 and OH
[[32m[1m INFO  [21m[0m] -----------------------------------------------------------------
[[32m[1m INFO  [21m[0m] Elapsed time: 7.64e+00 || Step number: 26900/30000
[[32m[1m INFO  [21m[0m] longdy = 1.00e+00      || longdy/dt = 1.00e+00  || dt = 2.43e-03
[[32m[1m INFO  [21m[0m] from nz = 0 and OH
[[32m[1m INFO  [21m[0m] -----------------------------------------------------------------
[[32m[1m INFO  [21m[0m] Elapsed time: 7.72e+00 || Step number: 27000/30000
[[32m[1m INFO  [21m[0m] longdy = 1.00e+00      || longdy/dt = 1.00e+00  || dt = 1.89e-02
[[32m[1m INFO  [21m[0m] from nz = 0 and OH
[[32m[1m INFO  [21m[0m] -----------------------------------------------------------------
[[93m[1m WARNING [21m[0m] Keep producing negative values! Clipping negative solutions and moving on!
[[93m[1m WARNING [21m[0m] Keep producing negative values! Clipping negative solutions and moving on!
[[93m[1m WARNING [21m[0m] Keep producing negative values! Clipping negative solutions and moving on!
[[93m[1m WARNING [21m[0m] Keep producing negative values! Clipping negative solutions and moving on!
[[93m[1m WARNING [21m[0m] Keep producing negative values! Clipping negative solutions and moving on!
[[93m[1m WARNING [21m[0m] Keep producing negative values! Clipping negative solutions and moving on!
[[93m[1m WARNING [21m[0m] Keep producing negative values! Clipping negative solutions and moving on!
[[93m[1m WARNING [21m[0m] Keep producing negative values! Clipping negative solutions and moving on!
[[93m[1m WARNING [21m[0m] Keep producing negative values! Clipping negative solutions and moving on!
[[32m[1m INFO  [21m[0m] Elapsed time: 7.96e+00 || Step number: 27100/30000
[[32m[1m INFO  [21m[0m] longdy = 1.00e+00      || longdy/dt = 1.00e+00  || dt = 1.69e-08
[[32m[1m INFO  [21m[0m] from nz = 0 and OH
[[32m[1m INFO  [21m[0m] -----------------------------------------------------------------
[[32m[1m INFO  [21m[0m] Elapsed time: 8.07e+00 || Step number: 27200/30000
[[32m[1m INFO  [21m[0m] longdy = 1.00e+00      || longdy/dt = 1.00e+00  || dt = 1.62e-04
[[32m[1m INFO  [21m[0m] from nz = 0 and OH
[[32m[1m INFO  [21m[0m] -----------------------------------------------------------------
[[32m[1m INFO  [21m[0m] Elapsed time: 8.27e+00 || Step number: 27300/30000
[[32m[1m INFO  [21m[0m] longdy = 1.00e+00      || longdy/dt = 1.00e+00  || dt = 1.70e-04
[[32m[1m INFO  [21m[0m] from nz = 0 and OH
[[32m[1m INFO  [21m[0m] -----------------------------------------------------------------
[[32m[1m INFO  [21m[0m] Elapsed time: 8.31e+00 || Step number: 27400/30000
[[32m[1m INFO  [21m[0m] longdy = 1.00e+00      || longdy/dt = 1.00e+00  || dt = 6.18e-04
[[32m[1m INFO  [21m[0m] from nz = 0 and OH
[[32m[1m INFO  [21m[0m] -----------------------------------------------------------------
[[32m[1m INFO  [21m[0m] Elapsed time: 8.39e+00 || Step number: 27500/30000
[[32m[1m INFO  [21m[0m] longdy = 1.00e+00      || longdy/dt = 1.00e+00  || dt = 1.58e-04
[[32m[1m INFO  [21m[0m] from nz = 0 and OH
[[32m[1m INFO  [21m[0m] -----------------------------------------------------------------
[[93m[1m WARNING [21m[0m] Keep producing negative values! Clipping negative solutions and moving on!
[[93m[1m WARNING [21m[0m] Keep producing negative values! Clipping negative solutions and moving on!
[[93m[1m WARNING [21m[0m] Keep producing negative values! Clipping negative solutions and moving on!
[[93m[1m WARNING [21m[0m] Keep producing negative values! Clipping negative solutions and moving on!
[[93m[1m WARNING [21m[0m] Keep producing negative values! Clipping negative solutions and moving on!
[[93m[1m WARNING [21m[0m] Keep producing negative values! Clipping negative solutions and moving on!
[[93m[1m WARNING [21m[0m] Keep producing negative values! Clipping negative solutions and moving on!
[[93m[1m WARNING [21m[0m] Keep producing negative values! Clipping negative solutions and moving on!
[[93m[1m WARNING [21m[0m] Keep producing negative values! Clipping negative solutions and moving on!
[[32m[1m INFO  [21m[0m] Elapsed time: 8.92e+00 || Step number: 27600/30000
[[32m[1m INFO  [21m[0m] longdy = 1.00e+00      || longdy/dt = 1.00e+00  || dt = 1.59e-04
[[32m[1m INFO  [21m[0m] from nz = 0 and OH
[[32m[1m INFO  [21m[0m] -----------------------------------------------------------------
[[93m[1m WARNING [21m[0m] Keep producing negative values! Clipping negative solutions and moving on!
[[93m[1m WARNING [21m[0m] Keep producing negative values! Clipping negative solutions and moving on!
[[93m[1m WARNING [21m[0m] Keep producing negative values! Clipping negative solutions and moving on!
[[93m[1m WARNING [21m[0m] Keep producing negative values! Clipping negative solutions and moving on!
[[93m[1m WARNING [21m[0m] Keep producing negative values! Clipping negative solutions and moving on!
[[93m[1m WARNING [21m[0m] Keep producing negative values! Clipping negative solutions and moving on!
[[93m[1m WARNING [21m[0m] Keep producing negative values! Clipping negative solutions and moving on!
[[93m[1m WARNING [21m[0m] Keep producing negative values! Clipping negative solutions and moving on!
[[93m[1m WARNING [21m[0m] Keep producing negative values! Clipping negative solutions and moving on!
[[32m[1m INFO  [21m[0m] Elapsed time: 9.08e+00 || Step number: 27700/30000
[[32m[1m INFO  [21m[0m] longdy = 1.00e+00      || longdy/dt = 1.00e+00  || dt = 1.59e-04
[[32m[1m INFO  [21m[0m] from nz = 0 and OH
[[32m[1m INFO  [21m[0m] -----------------------------------------------------------------
[[32m[1m INFO  [21m[0m] Elapsed time: 9.49e+00 || Step number: 27800/30000
[[32m[1m INFO  [21m[0m] longdy = 1.00e+00      || longdy/dt = 1.00e+00  || dt = 1.59e-04
[[32m[1m INFO  [21m[0m] from nz = 0 and OH
[[32m[1m INFO  [21m[0m] -----------------------------------------------------------------
[[32m[1m INFO  [21m[0m] Elapsed time: 9.61e+00 || Step number: 27900/30000
[[32m[1m INFO  [21m[0m] longdy = 1.00e+00      || longdy/dt = 1.00e+00  || dt = 3.67e-02
[[32m[1m INFO  [21m[0m] from nz = 0 and OH
[[32m[1m INFO  [21m[0m] -----------------------------------------------------------------
[[93m[1m WARNING [21m[0m] Keep producing negative values! Clipping negative solutions and moving on!
[[93m[1m WARNING [21m[0m] Keep producing negative values! Clipping negative solutions and moving on!
[[93m[1m WARNING [21m[0m] Keep producing negative values! Clipping negative solutions and moving on!
[[93m[1m WARNING [21m[0m] Keep producing negative values! Clipping negative solutions and moving on!
[[93m[1m WARNING [21m[0m] Keep producing negative values! Clipping negative solutions and moving on!
[[93m[1m WARNING [21m[0m] Keep producing negative values! Clipping negative solutions and moving on!
[[93m[1m WARNING [21m[0m] Keep producing negative values! Clipping negative solutions and moving on!
[[93m[1m WARNING [21m[0m] Keep producing negative values! Clipping negative solutions and moving on!
[[93m[1m WARNING [21m[0m] Keep producing negative values! Clipping negative solutions and moving on!
[[32m[1m INFO  [21m[0m] Elapsed time: 1.01e+01 || Step number: 28000/30000
[[32m[1m INFO  [21m[0m] longdy = 1.00e+00      || longdy/dt = 1.00e+00  || dt = 1.54e-04
[[32m[1m INFO  [21m[0m] from nz = 0 and OH
[[32m[1m INFO  [21m[0m] -----------------------------------------------------------------
[[32m[1m INFO  [21m[0m] Elapsed time: 1.03e+01 || Step number: 28100/30000
[[32m[1m INFO  [21m[0m] longdy = 1.00e+00      || longdy/dt = 1.00e+00  || dt = 1.63e-04
[[32m[1m INFO  [21m[0m] from nz = 0 and OH
[[32m[1m INFO  [21m[0m] -----------------------------------------------------------------
[[32m[1m INFO  [21m[0m] Elapsed time: 1.03e+01 || Step number: 28200/30000
[[32m[1m INFO  [21m[0m] longdy = 1.00e+00      || longdy/dt = 1.00e+00  || dt = 1.66e-04
[[32m[1m INFO  [21m[0m] from nz = 0 and OH
[[32m[1m INFO  [21m[0m] -----------------------------------------------------------------
[[32m[1m INFO  [21m[0m] Elapsed time: 1.04e+01 || Step number: 28300/30000
[[32m[1m INFO  [21m[0m] longdy = 1.00e+00      || longdy/dt = 1.00e+00  || dt = 3.07e-04
[[32m[1m INFO  [21m[0m] from nz = 0 and OH
[[32m[1m INFO  [21m[0m] -----------------------------------------------------------------
[[32m[1m INFO  [21m[0m] Elapsed time: 1.12e+01 || Step number: 28400/30000
[[32m[1m INFO  [21m[0m] longdy = 1.00e+00      || longdy/dt = 1.00e+00  || dt = 1.82e-04
[[32m[1m INFO  [21m[0m] from nz = 0 and OH
[[32m[1m INFO  [21m[0m] -----------------------------------------------------------------
[[93m[1m WARNING [21m[0m] Keep producing negative values! Clipping negative solutions and moving on!
[[32m[1m INFO  [21m[0m] Elapsed time: 1.15e+01 || Step number: 28500/30000
[[32m[1m INFO  [21m[0m] longdy = 1.00e+00      || longdy/dt = 1.00e+00  || dt = 1.00e-08
[[32m[1m INFO  [21m[0m] from nz = 0 and OH
[[32m[1m INFO  [21m[0m] -----------------------------------------------------------------
[[93m[1m WARNING [21m[0m] Keep producing negative values! Clipping negative solutions and moving on!
[[93m[1m WARNING [21m[0m] Keep producing negative values! Clipping negative solutions and moving on!
[[93m[1m WARNING [21m[0m] Keep producing negative values! Clipping negative solutions and moving on!
[[93m[1m WARNING [21m[0m] Keep producing negative values! Clipping negative solutions and moving on!
[[93m[1m WARNING [21m[0m] Keep producing negative values! Clipping negative solutions and moving on!
[[93m[1m WARNING [21m[0m] Keep producing negative values! Clipping negative solutions and moving on!
[[93m[1m WARNING [21m[0m] Keep producing negative values! Clipping negative solutions and moving on!
[[93m[1m WARNING [21m[0m] Keep producing negative values! Clipping negative solutions and moving on!
[[32m[1m INFO  [21m[0m] Elapsed time: 1.15e+01 || Step number: 28600/30000
[[32m[1m INFO  [21m[0m] longdy = 1.00e+00      || longdy/dt = 1.00e+00  || dt = 1.61e-04
[[32m[1m INFO  [21m[0m] from nz = 0 and OH
[[32m[1m INFO  [21m[0m] -----------------------------------------------------------------
[[32m[1m INFO  [21m[0m] Elapsed time: 1.15e+01 || Step number: 28700/30000
[[32m[1m INFO  [21m[0m] longdy = 1.00e+00      || longdy/dt = 1.00e+00  || dt = 2.36e-03
[[32m[1m INFO  [21m[0m] from nz = 0 and OH
[[32m[1m INFO  [21m[0m] -----------------------------------------------------------------
[[32m[1m INFO  [21m[0m] Elapsed time: 1.18e+01 || Step number: 28800/30000
[[32m[1m INFO  [21m[0m] longdy = 1.00e+00      || longdy/dt = 1.00e+00  || dt = 2.33e-03
[[32m[1m INFO  [21m[0m] from nz = 0 and OH
[[32m[1m INFO  [21m[0m] -----------------------------------------------------------------
[[32m[1m INFO  [21m[0m] Elapsed time: 1.18e+01 || Step number: 28900/30000
[[32m[1m INFO  [21m[0m] longdy = 1.00e+00      || longdy/dt = 1.00e+00  || dt = 1.64e-04
[[32m[1m INFO  [21m[0m] from nz = 0 and OH
[[32m[1m INFO  [21m[0m] -----------------------------------------------------------------
[[32m[1m INFO  [21m[0m] Elapsed time: 1.20e+01 || Step number: 29000/30000
[[32m[1m INFO  [21m[0m] longdy = 1.00e+00      || longdy/dt = 1.00e+00  || dt = 2.42e-04
[[32m[1m INFO  [21m[0m] from nz = 0 and OH
[[32m[1m INFO  [21m[0m] -----------------------------------------------------------------
[[32m[1m INFO  [21m[0m] Elapsed time: 1.20e+01 || Step number: 29100/30000
[[32m[1m INFO  [21m[0m] longdy = 1.00e+00      || longdy/dt = 1.00e+00  || dt = 2.84e-04
[[32m[1m INFO  [21m[0m] from nz = 0 and OH
[[32m[1m INFO  [21m[0m] -----------------------------------------------------------------
[[93m[1m WARNING [21m[0m] Keep producing negative values! Clipping negative solutions and moving on!
[[93m[1m WARNING [21m[0m] Keep producing negative values! Clipping negative solutions and moving on!
[[93m[1m WARNING [21m[0m] Keep producing negative values! Clipping negative solutions and moving on!
[[93m[1m WARNING [21m[0m] Keep producing negative values! Clipping negative solutions and moving on!
[[93m[1m WARNING [21m[0m] Keep producing negative values! Clipping negative solutions and moving on!
[[93m[1m WARNING [21m[0m] Keep producing negative values! Clipping negative solutions and moving on!
[[93m[1m WARNING [21m[0m] Keep producing negative values! Clipping negative solutions and moving on!
[[93m[1m WARNING [21m[0m] Keep producing negative values! Clipping negative solutions and moving on!
[[93m[1m WARNING [21m[0m] Keep producing negative values! Clipping negative solutions and moving on!
[[32m[1m INFO  [21m[0m] Elapsed time: 1.26e+01 || Step number: 29200/30000
[[32m[1m INFO  [21m[0m] longdy = 1.00e+00      || longdy/dt = 1.00e+00  || dt = 1.59e-04
[[32m[1m INFO  [21m[0m] from nz = 0 and OH
[[32m[1m INFO  [21m[0m] -----------------------------------------------------------------
[[32m[1m INFO  [21m[0m] Elapsed time: 1.26e+01 || Step number: 29300/30000
[[32m[1m INFO  [21m[0m] longdy = 1.00e+00      || longdy/dt = 1.00e+00  || dt = 1.75e-04
[[32m[1m INFO  [21m[0m] from nz = 0 and OH
[[32m[1m INFO  [21m[0m] -----------------------------------------------------------------
[[32m[1m INFO  [21m[0m] Elapsed time: 1.27e+01 || Step number: 29400/30000
[[32m[1m INFO  [21m[0m] longdy = 1.00e+00      || longdy/dt = 1.00e+00  || dt = 1.94e-02
[[32m[1m INFO  [21m[0m] from nz = 0 and OH
[[32m[1m INFO  [21m[0m] -----------------------------------------------------------------
[[32m[1m INFO  [21m[0m] Elapsed time: 1.28e+01 || Step number: 29500/30000
[[32m[1m INFO  [21m[0m] longdy = 1.00e+00      || longdy/dt = 1.00e+00  || dt = 1.90e-04
[[32m[1m INFO  [21m[0m] from nz = 0 and OH
[[32m[1m INFO  [21m[0m] -----------------------------------------------------------------
[[93m[1m WARNING [21m[0m] Keep producing negative values! Clipping negative solutions and moving on!
[[93m[1m WARNING [21m[0m] Keep producing negative values! Clipping negative solutions and moving on!
[[93m[1m WARNING [21m[0m] Keep producing negative values! Clipping negative solutions and moving on!
[[93m[1m WARNING [21m[0m] Keep producing negative values! Clipping negative solutions and moving on!
[[93m[1m WARNING [21m[0m] Keep producing negative values! Clipping negative solutions and moving on!
[[93m[1m WARNING [21m[0m] Keep producing negative values! Clipping negative solutions and moving on!
[[93m[1m WARNING [21m[0m] Keep producing negative values! Clipping negative solutions and moving on!
[[93m[1m WARNING [21m[0m] Keep producing negative values! Clipping negative solutions and moving on!
[[93m[1m WARNING [21m[0m] Keep producing negative values! Clipping negative solutions and moving on!
[[32m[1m INFO  [21m[0m] Elapsed time: 1.31e+01 || Step number: 29600/30000
[[32m[1m INFO  [21m[0m] longdy = 1.00e+00      || longdy/dt = 1.00e+00  || dt = 1.58e-04
[[32m[1m INFO  [21m[0m] from nz = 0 and OH
[[32m[1m INFO  [21m[0m] -----------------------------------------------------------------
[[32m[1m INFO  [21m[0m] Elapsed time: 1.32e+01 || Step number: 29700/30000
[[32m[1m INFO  [21m[0m] longdy = 1.00e+00      || longdy/dt = 1.00e+00  || dt = 2.45e-03
[[32m[1m INFO  [21m[0m] from nz = 0 and OH
[[32m[1m INFO  [21m[0m] -----------------------------------------------------------------
[[32m[1m INFO  [21m[0m] Elapsed time: 1.32e+01 || Step number: 29800/30000
[[32m[1m INFO  [21m[0m] longdy = 1.00e+00      || longdy/dt = 1.00e+00  || dt = 2.69e-04
[[32m[1m INFO  [21m[0m] from nz = 0 and OH
[[32m[1m INFO  [21m[0m] -----------------------------------------------------------------
[[93m[1m WARNING [21m[0m] Keep producing negative values! Clipping negative solutions and moving on!
[[93m[1m WARNING [21m[0m] Keep producing negative values! Clipping negative solutions and moving on!
[[32m[1m INFO  [21m[0m] Elapsed time: 1.33e+01 || Step number: 29900/30000
[[32m[1m INFO  [21m[0m] longdy = 1.00e+00      || longdy/dt = 1.00e+00  || dt = 1.00e-08
[[32m[1m INFO  [21m[0m] from nz = 0 and OH
[[32m[1m INFO  [21m[0m] -----------------------------------------------------------------
[[93m[1m WARNING [21m[0m] Keep producing negative values! Clipping negative solutions and moving on!
[[93m[1m WARNING [21m[0m] Keep producing negative values! Clipping negative solutions and moving on!
[[93m[1m WARNING [21m[0m] Keep producing negative values! Clipping negative solutions and moving on!
[[93m[1m WARNING [21m[0m] Keep producing negative values! Clipping negative solutions and moving on!
[[93m[1m WARNING [21m[0m] Keep producing negative values! Clipping negative solutions and moving on!
[[93m[1m WARNING [21m[0m] Keep producing negative values! Clipping negative solutions and moving on!
[[93m[1m WARNING [21m[0m] Keep producing negative values! Clipping negative solutions and moving on!
[[32m[1m INFO  [21m[0m] Elapsed time: 1.33e+01 || Step number: 30000/30000
[[32m[1m INFO  [21m[0m] longdy = 1.00e+00      || longdy/dt = 1.00e+00  || dt = 1.72e-04
[[32m[1m INFO  [21m[0m] from nz = 0 and OH
[[32m[1m INFO  [21m[0m] -----------------------------------------------------------------
[[93m[1m WARNING [21m[0m] After ------- 10700.094400405884 seconds ------- s CPU time
[[93m[1m WARNING [21m[0m] Integration not completed...
[[93m[1m WARNING [21m[0m] Maximal allowed steps exceeded (30000)!
[[32m[1m INFO  [21m[0m]     done
Atmodeller initialized with double precision (float64)
[[93m[1m WARNING [21m[0m] The archive tar file does not exist: /data/rdc49-2/K218b_project/simulation_data/grid_H3_C0_N0_S2_fO23__from_batch15_case_000034__7_crash_atmos_chem_step_vulcan_chem_funs_race_syntax_error/data/data.tar
[[32m[1m INFO  [21m[0m] Observing the planet...
