Atmodeller initialized with double precision (float64)
[[93m[1m WARNING [21m[0m] The archive tar file does not exist: /data/rdc49-2/K218b_project/simulation_data/grid_H1_C2_N3_S0_fO21__from_batch06_case_000044__7_crash_atmos_chem_step_vulcan_chem_funs_race_syntax_error/data/data.tar
[[32m[1m INFO  [21m[0m] Running atmospheric chemistry...
[[32m[1m INFO  [21m[0m]     Using vulcan module, offline
[[32m[1m INFO  [21m[0m] Elements conserved in the network.
[[32m[1m INFO  [21m[0m] No duplicates in the network.
[[32m[1m INFO  [21m[0m] Elements conserved in the network.
[[32m[1m INFO  [21m[0m] No duplicates in the network.
[[32m[1m INFO  [21m[0m] Running VULCAN
[[32m[1m INFO  [21m[0m] Initializing with compositions from ASCII file /data/rdc49-2/K218b_project/simulation_data/grid_H1_C2_N3_S0_fO21__from_batch06_case_000044__7_crash_atmos_chem_step_vulcan_chem_funs_race_syntax_error/offchem/vmrs.dat
[[32m[1m INFO  [21m[0m] Input stellar spectrum from 2.0 to 700.0
[[32m[1m INFO  [21m[0m] Using wavelength bins from 2.0 to 655.5
[[32m[1m INFO  [21m[0m] Include molecular diffusion.
[[32m[1m INFO  [21m[0m] Starting VULCAN integration with 1 threads...
[[93m[1m WARNING [21m[0m] Keep producing negative values! Clipping negative solutions and moving on!
[[93m[1m WARNING [21m[0m] Keep producing negative values! Clipping negative solutions and moving on!
[[93m[1m WARNING [21m[0m] Keep producing negative values! Clipping negative solutions and moving on!
[[93m[1m WARNING [21m[0m] Keep producing negative values! Clipping negative solutions and moving on!
[[93m[1m WARNING [21m[0m] Keep producing negative values! Clipping negative solutions and moving on!
[[93m[1m WARNING [21m[0m] Keep producing negative values! Clipping negative solutions and moving on!
[[93m[1m WARNING [21m[0m] Keep producing negative values! Clipping negative solutions and moving on!
[[93m[1m WARNING [21m[0m] Keep producing negative values! Clipping negative solutions and moving on!
[[93m[1m WARNING [21m[0m] Keep producing negative values! Clipping negative solutions and moving on!
[[93m[1m WARNING [21m[0m] Keep producing negative values! Clipping negative solutions and moving on!
[[93m[1m WARNING [21m[0m] Keep producing negative values! Clipping negative solutions and moving on!
[[93m[1m WARNING [21m[0m] Keep producing negative values! Clipping negative solutions and moving on!
[[93m[1m WARNING [21m[0m] Keep producing negative values! Clipping negative solutions and moving on!
[[93m[1m WARNING [21m[0m] Keep producing negative values! Clipping negative solutions and moving on!
[[93m[1m WARNING [21m[0m] Keep producing negative values! Clipping negative solutions and moving on!
[[93m[1m WARNING [21m[0m] Keep producing negative values! Clipping negative solutions and moving on!
[[93m[1m WARNING [21m[0m] Keep producing negative values! Clipping negative solutions and moving on!
[[93m[1m WARNING [21m[0m] Keep producing negative values! Clipping negative solutions and moving on!
[[93m[1m WARNING [21m[0m] Keep producing negative values! Clipping negative solutions and moving on!
[[93m[1m WARNING [21m[0m] Keep producing negative values! Clipping negative solutions and moving on!
[[93m[1m WARNING [21m[0m] Keep producing negative values! Clipping negative solutions and moving on!
[[93m[1m WARNING [21m[0m] Keep producing negative values! Clipping negative solutions and moving on!
[[93m[1m WARNING [21m[0m] Keep producing negative values! Clipping negative solutions and moving on!
[[93m[1m WARNING [21m[0m] Keep producing negative values! Clipping negative solutions and moving on!
[[93m[1m WARNING [21m[0m] Keep producing negative values! Clipping negative solutions and moving on!
[[93m[1m WARNING [21m[0m] Keep producing negative values! Clipping negative solutions and moving on!
[[93m[1m WARNING [21m[0m] Keep producing negative values! Clipping negative solutions and moving on!
[[93m[1m WARNING [21m[0m] Keep producing negative values! Clipping negative solutions and moving on!
[[93m[1m WARNING [21m[0m] Keep producing negative values! Clipping negative solutions and moving on!
[[93m[1m WARNING [21m[0m] Keep producing negative values! Clipping negative solutions and moving on!
[[93m[1m WARNING [21m[0m] Element conservation is violated too large
[[93m[1m WARNING [21m[0m] at step: 30
[[93m[1m WARNING [21m[0m] -----------------------------------------------------------------
[[93m[1m WARNING [21m[0m] Keep producing negative values! Clipping negative solutions and moving on!
[[93m[1m WARNING [21m[0m] Keep producing negative values! Clipping negative solutions and moving on!
[[93m[1m WARNING [21m[0m] Element conservation is violated too large
[[93m[1m WARNING [21m[0m] at step: 32
[[93m[1m WARNING [21m[0m] -----------------------------------------------------------------
[[93m[1m WARNING [21m[0m] Keep producing negative values! Clipping negative solutions and moving on!
[[93m[1m WARNING [21m[0m] Element conservation is violated too large
[[93m[1m WARNING [21m[0m] at step: 33
[[93m[1m WARNING [21m[0m] -----------------------------------------------------------------
[[93m[1m WARNING [21m[0m] Keep producing negative values! Clipping negative solutions and moving on!
[[93m[1m WARNING [21m[0m] Element conservation is violated too large
[[93m[1m WARNING [21m[0m] at step: 34
[[93m[1m WARNING [21m[0m] -----------------------------------------------------------------
[[93m[1m WARNING [21m[0m] Keep producing negative values! Clipping negative solutions and moving on!
[[93m[1m WARNING [21m[0m] Element conservation is violated too large
[[93m[1m WARNING [21m[0m] at step: 35
[[93m[1m WARNING [21m[0m] -----------------------------------------------------------------
[[93m[1m WARNING [21m[0m] Keep producing negative values! Clipping negative solutions and moving on!
[[93m[1m WARNING [21m[0m] Element conservation is violated too large
[[93m[1m WARNING [21m[0m] at step: 36
[[93m[1m WARNING [21m[0m] -----------------------------------------------------------------
[[93m[1m WARNING [21m[0m] Keep producing negative values! Clipping negative solutions and moving on!
[[93m[1m WARNING [21m[0m] Element conservation is violated too large
[[93m[1m WARNING [21m[0m] at step: 37
[[93m[1m WARNING [21m[0m] -----------------------------------------------------------------
[[93m[1m WARNING [21m[0m] Keep producing negative values! Clipping negative solutions and moving on!
[[93m[1m WARNING [21m[0m] Element conservation is violated too large
[[93m[1m WARNING [21m[0m] at step: 38
[[93m[1m WARNING [21m[0m] -----------------------------------------------------------------
[[93m[1m WARNING [21m[0m] Keep producing negative values! Clipping negative solutions and moving on!
[[93m[1m WARNING [21m[0m] Element conservation is violated too large
[[93m[1m WARNING [21m[0m] at step: 39
[[93m[1m WARNING [21m[0m] -----------------------------------------------------------------
[[93m[1m WARNING [21m[0m] Keep producing negative values! Clipping negative solutions and moving on!
[[93m[1m WARNING [21m[0m] Element conservation is violated too large
[[93m[1m WARNING [21m[0m] at step: 40
[[93m[1m WARNING [21m[0m] -----------------------------------------------------------------
[[93m[1m WARNING [21m[0m] Keep producing negative values! Clipping negative solutions and moving on!
[[93m[1m WARNING [21m[0m] Element conservation is violated too large
[[93m[1m WARNING [21m[0m] at step: 41
[[93m[1m WARNING [21m[0m] -----------------------------------------------------------------
[[93m[1m WARNING [21m[0m] Keep producing negative values! Clipping negative solutions and moving on!
[[93m[1m WARNING [21m[0m] Element conservation is violated too large
[[93m[1m WARNING [21m[0m] at step: 42
[[93m[1m WARNING [21m[0m] -----------------------------------------------------------------
[[93m[1m WARNING [21m[0m] Keep producing negative values! Clipping negative solutions and moving on!
[[93m[1m WARNING [21m[0m] Element conservation is violated too large
[[93m[1m WARNING [21m[0m] at step: 43
[[93m[1m WARNING [21m[0m] -----------------------------------------------------------------
[[93m[1m WARNING [21m[0m] Keep producing negative values! Clipping negative solutions and moving on!
[[93m[1m WARNING [21m[0m] Element conservation is violated too large
[[93m[1m WARNING [21m[0m] at step: 44
[[93m[1m WARNING [21m[0m] -----------------------------------------------------------------
[[93m[1m WARNING [21m[0m] Keep producing negative values! Clipping negative solutions and moving on!
[[93m[1m WARNING [21m[0m] Element conservation is violated too large
[[93m[1m WARNING [21m[0m] at step: 45
[[93m[1m WARNING [21m[0m] -----------------------------------------------------------------
[[93m[1m WARNING [21m[0m] Element conservation is violated too large
[[93m[1m WARNING [21m[0m] at step: 45
[[93m[1m WARNING [21m[0m] -----------------------------------------------------------------
[[93m[1m WARNING [21m[0m] Keep producing negative values! Clipping negative solutions and moving on!
[[93m[1m WARNING [21m[0m] Element conservation is violated too large
[[93m[1m WARNING [21m[0m] at step: 46
[[93m[1m WARNING [21m[0m] -----------------------------------------------------------------
[[93m[1m WARNING [21m[0m] Element conservation is violated too large
[[93m[1m WARNING [21m[0m] at step: 46
[[93m[1m WARNING [21m[0m] -----------------------------------------------------------------
[[93m[1m WARNING [21m[0m] Keep producing negative values! Clipping negative solutions and moving on!
[[93m[1m WARNING [21m[0m] Element conservation is violated too large
[[93m[1m WARNING [21m[0m] at step: 47
[[93m[1m WARNING [21m[0m] -----------------------------------------------------------------
[[93m[1m WARNING [21m[0m] Element conservation is violated too large
[[93m[1m WARNING [21m[0m] at step: 47
[[93m[1m WARNING [21m[0m] -----------------------------------------------------------------
[[93m[1m WARNING [21m[0m] Keep producing negative values! Clipping negative solutions and moving on!
[[93m[1m WARNING [21m[0m] Element conservation is violated too large
[[93m[1m WARNING [21m[0m] at step: 48
[[93m[1m WARNING [21m[0m] -----------------------------------------------------------------
[[93m[1m WARNING [21m[0m] Element conservation is violated too large
[[93m[1m WARNING [21m[0m] at step: 48
[[93m[1m WARNING [21m[0m] -----------------------------------------------------------------
[[93m[1m WARNING [21m[0m] Keep producing negative values! Clipping negative solutions and moving on!
[[93m[1m WARNING [21m[0m] Element conservation is violated too large
[[93m[1m WARNING [21m[0m] at step: 49
[[93m[1m WARNING [21m[0m] -----------------------------------------------------------------
[[93m[1m WARNING [21m[0m] Element conservation is violated too large
[[93m[1m WARNING [21m[0m] at step: 49
[[93m[1m WARNING [21m[0m] -----------------------------------------------------------------
[[93m[1m WARNING [21m[0m] Keep producing negative values! Clipping negative solutions and moving on!
[[93m[1m WARNING [21m[0m] Element conservation is violated too large
[[93m[1m WARNING [21m[0m] at step: 50
[[93m[1m WARNING [21m[0m] -----------------------------------------------------------------
[[93m[1m WARNING [21m[0m] Element conservation is violated too large
[[93m[1m WARNING [21m[0m] at step: 50
[[93m[1m WARNING [21m[0m] -----------------------------------------------------------------
[[93m[1m WARNING [21m[0m] Keep producing negative values! Clipping negative solutions and moving on!
[[93m[1m WARNING [21m[0m] Keep producing negative values! Clipping negative solutions and moving on!
[[93m[1m WARNING [21m[0m] Element conservation is violated too large
[[93m[1m WARNING [21m[0m] at step: 54
[[93m[1m WARNING [21m[0m] -----------------------------------------------------------------
[[93m[1m WARNING [21m[0m] Element conservation is violated too large
[[93m[1m WARNING [21m[0m] at step: 54
[[93m[1m WARNING [21m[0m] -----------------------------------------------------------------
[[93m[1m WARNING [21m[0m] Keep producing negative values! Clipping negative solutions and moving on!
[[93m[1m WARNING [21m[0m] Element conservation is violated too large
[[93m[1m WARNING [21m[0m] at step: 55
[[93m[1m WARNING [21m[0m] -----------------------------------------------------------------
[[93m[1m WARNING [21m[0m] Element conservation is violated too large
[[93m[1m WARNING [21m[0m] at step: 55
[[93m[1m WARNING [21m[0m] -----------------------------------------------------------------
[[93m[1m WARNING [21m[0m] Keep producing negative values! Clipping negative solutions and moving on!
[[93m[1m WARNING [21m[0m] Element conservation is violated too large
[[93m[1m WARNING [21m[0m] at step: 57
[[93m[1m WARNING [21m[0m] -----------------------------------------------------------------
[[93m[1m WARNING [21m[0m] Element conservation is violated too large
[[93m[1m WARNING [21m[0m] at step: 57
[[93m[1m WARNING [21m[0m] -----------------------------------------------------------------
[[93m[1m WARNING [21m[0m] Keep producing negative values! Clipping negative solutions and moving on!
[[93m[1m WARNING [21m[0m] Element conservation is violated too large
[[93m[1m WARNING [21m[0m] at step: 60
[[93m[1m WARNING [21m[0m] -----------------------------------------------------------------
[[93m[1m WARNING [21m[0m] Element conservation is violated too large
[[93m[1m WARNING [21m[0m] at step: 60
[[93m[1m WARNING [21m[0m] -----------------------------------------------------------------
[[93m[1m WARNING [21m[0m] Keep producing negative values! Clipping negative solutions and moving on!
[[93m[1m WARNING [21m[0m] Element conservation is violated too large
[[93m[1m WARNING [21m[0m] at step: 78
[[93m[1m WARNING [21m[0m] -----------------------------------------------------------------
[[93m[1m WARNING [21m[0m] Element conservation is violated too large
[[93m[1m WARNING [21m[0m] at step: 78
[[93m[1m WARNING [21m[0m] -----------------------------------------------------------------
[[93m[1m WARNING [21m[0m] Element conservation is violated too large
[[93m[1m WARNING [21m[0m] at step: 78
[[93m[1m WARNING [21m[0m] -----------------------------------------------------------------
[[93m[1m WARNING [21m[0m] Keep producing negative values! Clipping negative solutions and moving on!
[[93m[1m WARNING [21m[0m] Element conservation is violated too large
[[93m[1m WARNING [21m[0m] at step: 82
[[93m[1m WARNING [21m[0m] -----------------------------------------------------------------
[[93m[1m WARNING [21m[0m] Element conservation is violated too large
[[93m[1m WARNING [21m[0m] at step: 82
[[93m[1m WARNING [21m[0m] -----------------------------------------------------------------
[[93m[1m WARNING [21m[0m] Element conservation is violated too large
[[93m[1m WARNING [21m[0m] at step: 82
[[93m[1m WARNING [21m[0m] -----------------------------------------------------------------
[[93m[1m WARNING [21m[0m] Keep producing negative values! Clipping negative solutions and moving on!
[[93m[1m WARNING [21m[0m] Element conservation is violated too large
[[93m[1m WARNING [21m[0m] at step: 86
[[93m[1m WARNING [21m[0m] -----------------------------------------------------------------
[[93m[1m WARNING [21m[0m] Element conservation is violated too large
[[93m[1m WARNING [21m[0m] at step: 86
[[93m[1m WARNING [21m[0m] -----------------------------------------------------------------
[[93m[1m WARNING [21m[0m] Element conservation is violated too large
[[93m[1m WARNING [21m[0m] at step: 86
[[93m[1m WARNING [21m[0m] -----------------------------------------------------------------
[[93m[1m WARNING [21m[0m] Keep producing negative values! Clipping negative solutions and moving on!
[[93m[1m WARNING [21m[0m] Element conservation is violated too large
[[93m[1m WARNING [21m[0m] at step: 90
[[93m[1m WARNING [21m[0m] -----------------------------------------------------------------
[[93m[1m WARNING [21m[0m] Element conservation is violated too large
[[93m[1m WARNING [21m[0m] at step: 90
[[93m[1m WARNING [21m[0m] -----------------------------------------------------------------
[[93m[1m WARNING [21m[0m] Element conservation is violated too large
[[93m[1m WARNING [21m[0m] at step: 90
[[93m[1m WARNING [21m[0m] -----------------------------------------------------------------
[[93m[1m WARNING [21m[0m] Keep producing negative values! Clipping negative solutions and moving on!
[[93m[1m WARNING [21m[0m] Element conservation is violated too large
[[93m[1m WARNING [21m[0m] at step: 94
[[93m[1m WARNING [21m[0m] -----------------------------------------------------------------
[[93m[1m WARNING [21m[0m] Element conservation is violated too large
[[93m[1m WARNING [21m[0m] at step: 94
[[93m[1m WARNING [21m[0m] -----------------------------------------------------------------
[[93m[1m WARNING [21m[0m] Element conservation is violated too large
[[93m[1m WARNING [21m[0m] at step: 94
[[93m[1m WARNING [21m[0m] -----------------------------------------------------------------
[[93m[1m WARNING [21m[0m] Keep producing negative values! Clipping negative solutions and moving on!
[[93m[1m WARNING [21m[0m] Element conservation is violated too large
[[93m[1m WARNING [21m[0m] at step: 98
[[93m[1m WARNING [21m[0m] -----------------------------------------------------------------
[[93m[1m WARNING [21m[0m] Element conservation is violated too large
[[93m[1m WARNING [21m[0m] at step: 98
[[93m[1m WARNING [21m[0m] -----------------------------------------------------------------
[[93m[1m WARNING [21m[0m] Element conservation is violated too large
[[93m[1m WARNING [21m[0m] at step: 98
[[93m[1m WARNING [21m[0m] -----------------------------------------------------------------
[[93m[1m WARNING [21m[0m] Keep producing negative values! Clipping negative solutions and moving on!
[[32m[1m INFO  [21m[0m] Elapsed time: 1.98e-06 || Step number: 100/30000
[[32m[1m INFO  [21m[0m] longdy = 1.00e+00      || longdy/dt = 1.00e+00  || dt = 4.00e-08
[[32m[1m INFO  [21m[0m] from nz = 0 and OH
[[32m[1m INFO  [21m[0m] -----------------------------------------------------------------
[[93m[1m WARNING [21m[0m] Element conservation is violated too large
[[93m[1m WARNING [21m[0m] at step: 102
[[93m[1m WARNING [21m[0m] -----------------------------------------------------------------
[[93m[1m WARNING [21m[0m] Element conservation is violated too large
[[93m[1m WARNING [21m[0m] at step: 102
[[93m[1m WARNING [21m[0m] -----------------------------------------------------------------
[[93m[1m WARNING [21m[0m] Element conservation is violated too large
[[93m[1m WARNING [21m[0m] at step: 102
[[93m[1m WARNING [21m[0m] -----------------------------------------------------------------
[[93m[1m WARNING [21m[0m] Keep producing negative values! Clipping negative solutions and moving on!
[[93m[1m WARNING [21m[0m] Element conservation is violated too large
[[93m[1m WARNING [21m[0m] at step: 106
[[93m[1m WARNING [21m[0m] -----------------------------------------------------------------
[[93m[1m WARNING [21m[0m] Element conservation is violated too large
[[93m[1m WARNING [21m[0m] at step: 106
[[93m[1m WARNING [21m[0m] -----------------------------------------------------------------
[[93m[1m WARNING [21m[0m] Element conservation is violated too large
[[93m[1m WARNING [21m[0m] at step: 106
[[93m[1m WARNING [21m[0m] -----------------------------------------------------------------
[[93m[1m WARNING [21m[0m] Keep producing negative values! Clipping negative solutions and moving on!
[[93m[1m WARNING [21m[0m] Element conservation is violated too large
[[93m[1m WARNING [21m[0m] at step: 110
[[93m[1m WARNING [21m[0m] -----------------------------------------------------------------
[[93m[1m WARNING [21m[0m] Element conservation is violated too large
[[93m[1m WARNING [21m[0m] at step: 110
[[93m[1m WARNING [21m[0m] -----------------------------------------------------------------
[[93m[1m WARNING [21m[0m] Element conservation is violated too large
[[93m[1m WARNING [21m[0m] at step: 110
[[93m[1m WARNING [21m[0m] -----------------------------------------------------------------
[[93m[1m WARNING [21m[0m] Keep producing negative values! Clipping negative solutions and moving on!
[[93m[1m WARNING [21m[0m] Element conservation is violated too large
[[93m[1m WARNING [21m[0m] at step: 114
[[93m[1m WARNING [21m[0m] -----------------------------------------------------------------
[[93m[1m WARNING [21m[0m] Element conservation is violated too large
[[93m[1m WARNING [21m[0m] at step: 114
[[93m[1m WARNING [21m[0m] -----------------------------------------------------------------
[[93m[1m WARNING [21m[0m] Element conservation is violated too large
[[93m[1m WARNING [21m[0m] at step: 114
[[93m[1m WARNING [21m[0m] -----------------------------------------------------------------
[[93m[1m WARNING [21m[0m] Keep producing negative values! Clipping negative solutions and moving on!
[[93m[1m WARNING [21m[0m] Element conservation is violated too large
[[93m[1m WARNING [21m[0m] at step: 118
[[93m[1m WARNING [21m[0m] -----------------------------------------------------------------
[[93m[1m WARNING [21m[0m] Element conservation is violated too large
[[93m[1m WARNING [21m[0m] at step: 118
[[93m[1m WARNING [21m[0m] -----------------------------------------------------------------
[[93m[1m WARNING [21m[0m] Element conservation is violated too large
[[93m[1m WARNING [21m[0m] at step: 118
[[93m[1m WARNING [21m[0m] -----------------------------------------------------------------
[[93m[1m WARNING [21m[0m] Keep producing negative values! Clipping negative solutions and moving on!
[[93m[1m WARNING [21m[0m] Element conservation is violated too large
[[93m[1m WARNING [21m[0m] at step: 122
[[93m[1m WARNING [21m[0m] -----------------------------------------------------------------
[[93m[1m WARNING [21m[0m] Element conservation is violated too large
[[93m[1m WARNING [21m[0m] at step: 122
[[93m[1m WARNING [21m[0m] -----------------------------------------------------------------
[[93m[1m WARNING [21m[0m] Element conservation is violated too large
[[93m[1m WARNING [21m[0m] at step: 122
[[93m[1m WARNING [21m[0m] -----------------------------------------------------------------
[[93m[1m WARNING [21m[0m] Keep producing negative values! Clipping negative solutions and moving on!
[[93m[1m WARNING [21m[0m] Element conservation is violated too large
[[93m[1m WARNING [21m[0m] at step: 126
[[93m[1m WARNING [21m[0m] -----------------------------------------------------------------
[[93m[1m WARNING [21m[0m] Element conservation is violated too large
[[93m[1m WARNING [21m[0m] at step: 126
[[93m[1m WARNING [21m[0m] -----------------------------------------------------------------
[[93m[1m WARNING [21m[0m] Element conservation is violated too large
[[93m[1m WARNING [21m[0m] at step: 126
[[93m[1m WARNING [21m[0m] -----------------------------------------------------------------
[[93m[1m WARNING [21m[0m] Keep producing negative values! Clipping negative solutions and moving on!
[[93m[1m WARNING [21m[0m] Element conservation is violated too large
[[93m[1m WARNING [21m[0m] at step: 130
[[93m[1m WARNING [21m[0m] -----------------------------------------------------------------
[[93m[1m WARNING [21m[0m] Element conservation is violated too large
[[93m[1m WARNING [21m[0m] at step: 130
[[93m[1m WARNING [21m[0m] -----------------------------------------------------------------
[[93m[1m WARNING [21m[0m] Element conservation is violated too large
[[93m[1m WARNING [21m[0m] at step: 130
[[93m[1m WARNING [21m[0m] -----------------------------------------------------------------
[[93m[1m WARNING [21m[0m] Keep producing negative values! Clipping negative solutions and moving on!
[[93m[1m WARNING [21m[0m] Element conservation is violated too large
[[93m[1m WARNING [21m[0m] at step: 134
[[93m[1m WARNING [21m[0m] -----------------------------------------------------------------
[[93m[1m WARNING [21m[0m] Element conservation is violated too large
[[93m[1m WARNING [21m[0m] at step: 134
[[93m[1m WARNING [21m[0m] -----------------------------------------------------------------
[[93m[1m WARNING [21m[0m] Element conservation is violated too large
[[93m[1m WARNING [21m[0m] at step: 134
[[93m[1m WARNING [21m[0m] -----------------------------------------------------------------
[[93m[1m WARNING [21m[0m] Keep producing negative values! Clipping negative solutions and moving on!
[[93m[1m WARNING [21m[0m] Element conservation is violated too large
[[93m[1m WARNING [21m[0m] at step: 138
[[93m[1m WARNING [21m[0m] -----------------------------------------------------------------
[[93m[1m WARNING [21m[0m] Element conservation is violated too large
[[93m[1m WARNING [21m[0m] at step: 138
[[93m[1m WARNING [21m[0m] -----------------------------------------------------------------
[[93m[1m WARNING [21m[0m] Element conservation is violated too large
[[93m[1m WARNING [21m[0m] at step: 138
[[93m[1m WARNING [21m[0m] -----------------------------------------------------------------
[[93m[1m WARNING [21m[0m] Keep producing negative values! Clipping negative solutions and moving on!
[[93m[1m WARNING [21m[0m] Element conservation is violated too large
[[93m[1m WARNING [21m[0m] at step: 142
[[93m[1m WARNING [21m[0m] -----------------------------------------------------------------
[[93m[1m WARNING [21m[0m] Element conservation is violated too large
[[93m[1m WARNING [21m[0m] at step: 142
[[93m[1m WARNING [21m[0m] -----------------------------------------------------------------
[[93m[1m WARNING [21m[0m] Element conservation is violated too large
[[93m[1m WARNING [21m[0m] at step: 142
[[93m[1m WARNING [21m[0m] -----------------------------------------------------------------
[[93m[1m WARNING [21m[0m] Keep producing negative values! Clipping negative solutions and moving on!
[[93m[1m WARNING [21m[0m] Element conservation is violated too large
[[93m[1m WARNING [21m[0m] at step: 146
[[93m[1m WARNING [21m[0m] -----------------------------------------------------------------
[[93m[1m WARNING [21m[0m] Element conservation is violated too large
[[93m[1m WARNING [21m[0m] at step: 146
[[93m[1m WARNING [21m[0m] -----------------------------------------------------------------
[[93m[1m WARNING [21m[0m] Element conservation is violated too large
[[93m[1m WARNING [21m[0m] at step: 146
[[93m[1m WARNING [21m[0m] -----------------------------------------------------------------
[[93m[1m WARNING [21m[0m] Keep producing negative values! Clipping negative solutions and moving on!
[[93m[1m WARNING [21m[0m] Element conservation is violated too large
[[93m[1m WARNING [21m[0m] at step: 150
[[93m[1m WARNING [21m[0m] -----------------------------------------------------------------
[[93m[1m WARNING [21m[0m] Element conservation is violated too large
[[93m[1m WARNING [21m[0m] at step: 150
[[93m[1m WARNING [21m[0m] -----------------------------------------------------------------
[[93m[1m WARNING [21m[0m] Element conservation is violated too large
[[93m[1m WARNING [21m[0m] at step: 150
[[93m[1m WARNING [21m[0m] -----------------------------------------------------------------
[[93m[1m WARNING [21m[0m] Keep producing negative values! Clipping negative solutions and moving on!
[[93m[1m WARNING [21m[0m] Element conservation is violated too large
[[93m[1m WARNING [21m[0m] at step: 154
[[93m[1m WARNING [21m[0m] -----------------------------------------------------------------
[[93m[1m WARNING [21m[0m] Element conservation is violated too large
[[93m[1m WARNING [21m[0m] at step: 154
[[93m[1m WARNING [21m[0m] -----------------------------------------------------------------
[[93m[1m WARNING [21m[0m] Element conservation is violated too large
[[93m[1m WARNING [21m[0m] at step: 154
[[93m[1m WARNING [21m[0m] -----------------------------------------------------------------
[[93m[1m WARNING [21m[0m] Keep producing negative values! Clipping negative solutions and moving on!
[[93m[1m WARNING [21m[0m] Element conservation is violated too large
[[93m[1m WARNING [21m[0m] at step: 158
[[93m[1m WARNING [21m[0m] -----------------------------------------------------------------
[[93m[1m WARNING [21m[0m] Element conservation is violated too large
[[93m[1m WARNING [21m[0m] at step: 158
[[93m[1m WARNING [21m[0m] -----------------------------------------------------------------
[[93m[1m WARNING [21m[0m] Element conservation is violated too large
[[93m[1m WARNING [21m[0m] at step: 158
[[93m[1m WARNING [21m[0m] -----------------------------------------------------------------
[[93m[1m WARNING [21m[0m] Keep producing negative values! Clipping negative solutions and moving on!
[[93m[1m WARNING [21m[0m] Element conservation is violated too large
[[93m[1m WARNING [21m[0m] at step: 162
[[93m[1m WARNING [21m[0m] -----------------------------------------------------------------
[[93m[1m WARNING [21m[0m] Element conservation is violated too large
[[93m[1m WARNING [21m[0m] at step: 162
[[93m[1m WARNING [21m[0m] -----------------------------------------------------------------
[[93m[1m WARNING [21m[0m] Element conservation is violated too large
[[93m[1m WARNING [21m[0m] at step: 162
[[93m[1m WARNING [21m[0m] -----------------------------------------------------------------
[[93m[1m WARNING [21m[0m] Keep producing negative values! Clipping negative solutions and moving on!
[[93m[1m WARNING [21m[0m] Element conservation is violated too large
[[93m[1m WARNING [21m[0m] at step: 166
[[93m[1m WARNING [21m[0m] -----------------------------------------------------------------
[[93m[1m WARNING [21m[0m] Element conservation is violated too large
[[93m[1m WARNING [21m[0m] at step: 166
[[93m[1m WARNING [21m[0m] -----------------------------------------------------------------
[[93m[1m WARNING [21m[0m] Element conservation is violated too large
[[93m[1m WARNING [21m[0m] at step: 166
[[93m[1m WARNING [21m[0m] -----------------------------------------------------------------
[[93m[1m WARNING [21m[0m] Keep producing negative values! Clipping negative solutions and moving on!
[[93m[1m WARNING [21m[0m] Element conservation is violated too large
[[93m[1m WARNING [21m[0m] at step: 170
[[93m[1m WARNING [21m[0m] -----------------------------------------------------------------
[[93m[1m WARNING [21m[0m] Element conservation is violated too large
[[93m[1m WARNING [21m[0m] at step: 170
[[93m[1m WARNING [21m[0m] -----------------------------------------------------------------
[[93m[1m WARNING [21m[0m] Element conservation is violated too large
[[93m[1m WARNING [21m[0m] at step: 170
[[93m[1m WARNING [21m[0m] -----------------------------------------------------------------
[[93m[1m WARNING [21m[0m] Keep producing negative values! Clipping negative solutions and moving on!
[[93m[1m WARNING [21m[0m] Element conservation is violated too large
[[93m[1m WARNING [21m[0m] at step: 174
[[93m[1m WARNING [21m[0m] -----------------------------------------------------------------
[[93m[1m WARNING [21m[0m] Element conservation is violated too large
[[93m[1m WARNING [21m[0m] at step: 174
[[93m[1m WARNING [21m[0m] -----------------------------------------------------------------
[[93m[1m WARNING [21m[0m] Element conservation is violated too large
[[93m[1m WARNING [21m[0m] at step: 174
[[93m[1m WARNING [21m[0m] -----------------------------------------------------------------
[[93m[1m WARNING [21m[0m] Keep producing negative values! Clipping negative solutions and moving on!
[[93m[1m WARNING [21m[0m] Element conservation is violated too large
[[93m[1m WARNING [21m[0m] at step: 178
[[93m[1m WARNING [21m[0m] -----------------------------------------------------------------
[[93m[1m WARNING [21m[0m] Element conservation is violated too large
[[93m[1m WARNING [21m[0m] at step: 178
[[93m[1m WARNING [21m[0m] -----------------------------------------------------------------
[[93m[1m WARNING [21m[0m] Element conservation is violated too large
[[93m[1m WARNING [21m[0m] at step: 178
[[93m[1m WARNING [21m[0m] -----------------------------------------------------------------
[[93m[1m WARNING [21m[0m] Keep producing negative values! Clipping negative solutions and moving on!
[[93m[1m WARNING [21m[0m] Element conservation is violated too large
[[93m[1m WARNING [21m[0m] at step: 182
[[93m[1m WARNING [21m[0m] -----------------------------------------------------------------
[[93m[1m WARNING [21m[0m] Element conservation is violated too large
[[93m[1m WARNING [21m[0m] at step: 182
[[93m[1m WARNING [21m[0m] -----------------------------------------------------------------
[[93m[1m WARNING [21m[0m] Element conservation is violated too large
[[93m[1m WARNING [21m[0m] at step: 182
[[93m[1m WARNING [21m[0m] -----------------------------------------------------------------
[[93m[1m WARNING [21m[0m] Keep producing negative values! Clipping negative solutions and moving on!
[[93m[1m WARNING [21m[0m] Element conservation is violated too large
[[93m[1m WARNING [21m[0m] at step: 186
[[93m[1m WARNING [21m[0m] -----------------------------------------------------------------
[[93m[1m WARNING [21m[0m] Element conservation is violated too large
[[93m[1m WARNING [21m[0m] at step: 186
[[93m[1m WARNING [21m[0m] -----------------------------------------------------------------
[[93m[1m WARNING [21m[0m] Element conservation is violated too large
[[93m[1m WARNING [21m[0m] at step: 186
[[93m[1m WARNING [21m[0m] -----------------------------------------------------------------
[[93m[1m WARNING [21m[0m] Element conservation is violated too large
[[93m[1m WARNING [21m[0m] at step: 186
[[93m[1m WARNING [21m[0m] -----------------------------------------------------------------
[[93m[1m WARNING [21m[0m] Keep producing negative values! Clipping negative solutions and moving on!
[[93m[1m WARNING [21m[0m] Element conservation is violated too large
[[93m[1m WARNING [21m[0m] at step: 190
[[93m[1m WARNING [21m[0m] -----------------------------------------------------------------
[[93m[1m WARNING [21m[0m] Element conservation is violated too large
[[93m[1m WARNING [21m[0m] at step: 190
[[93m[1m WARNING [21m[0m] -----------------------------------------------------------------
[[93m[1m WARNING [21m[0m] Element conservation is violated too large
[[93m[1m WARNING [21m[0m] at step: 190
[[93m[1m WARNING [21m[0m] -----------------------------------------------------------------
[[93m[1m WARNING [21m[0m] Element conservation is violated too large
[[93m[1m WARNING [21m[0m] at step: 190
[[93m[1m WARNING [21m[0m] -----------------------------------------------------------------
[[93m[1m WARNING [21m[0m] Keep producing negative values! Clipping negative solutions and moving on!
[[93m[1m WARNING [21m[0m] Element conservation is violated too large
[[93m[1m WARNING [21m[0m] at step: 194
[[93m[1m WARNING [21m[0m] -----------------------------------------------------------------
[[93m[1m WARNING [21m[0m] Element conservation is violated too large
[[93m[1m WARNING [21m[0m] at step: 194
[[93m[1m WARNING [21m[0m] -----------------------------------------------------------------
[[93m[1m WARNING [21m[0m] Element conservation is violated too large
[[93m[1m WARNING [21m[0m] at step: 194
[[93m[1m WARNING [21m[0m] -----------------------------------------------------------------
[[93m[1m WARNING [21m[0m] Element conservation is violated too large
[[93m[1m WARNING [21m[0m] at step: 194
[[93m[1m WARNING [21m[0m] -----------------------------------------------------------------
[[93m[1m WARNING [21m[0m] Keep producing negative values! Clipping negative solutions and moving on!
[[93m[1m WARNING [21m[0m] Element conservation is violated too large
[[93m[1m WARNING [21m[0m] at step: 198
[[93m[1m WARNING [21m[0m] -----------------------------------------------------------------
[[93m[1m WARNING [21m[0m] Element conservation is violated too large
[[93m[1m WARNING [21m[0m] at step: 198
[[93m[1m WARNING [21m[0m] -----------------------------------------------------------------
[[93m[1m WARNING [21m[0m] Element conservation is violated too large
[[93m[1m WARNING [21m[0m] at step: 198
[[93m[1m WARNING [21m[0m] -----------------------------------------------------------------
[[93m[1m WARNING [21m[0m] Element conservation is violated too large
[[93m[1m WARNING [21m[0m] at step: 198
[[93m[1m WARNING [21m[0m] -----------------------------------------------------------------
[[93m[1m WARNING [21m[0m] Keep producing negative values! Clipping negative solutions and moving on!
[[32m[1m INFO  [21m[0m] Elapsed time: 5.25e-06 || Step number: 200/30000
[[32m[1m INFO  [21m[0m] longdy = 1.00e+00      || longdy/dt = 1.00e+00  || dt = 4.00e-08
[[32m[1m INFO  [21m[0m] from nz = 0 and OH
[[32m[1m INFO  [21m[0m] -----------------------------------------------------------------
[[93m[1m WARNING [21m[0m] Element conservation is violated too large
[[93m[1m WARNING [21m[0m] at step: 202
[[93m[1m WARNING [21m[0m] -----------------------------------------------------------------
[[93m[1m WARNING [21m[0m] Element conservation is violated too large
[[93m[1m WARNING [21m[0m] at step: 202
[[93m[1m WARNING [21m[0m] -----------------------------------------------------------------
[[93m[1m WARNING [21m[0m] Element conservation is violated too large
[[93m[1m WARNING [21m[0m] at step: 202
[[93m[1m WARNING [21m[0m] -----------------------------------------------------------------
[[93m[1m WARNING [21m[0m] Element conservation is violated too large
[[93m[1m WARNING [21m[0m] at step: 202
[[93m[1m WARNING [21m[0m] -----------------------------------------------------------------
[[93m[1m WARNING [21m[0m] Keep producing negative values! Clipping negative solutions and moving on!
[[93m[1m WARNING [21m[0m] Element conservation is violated too large
[[93m[1m WARNING [21m[0m] at step: 206
[[93m[1m WARNING [21m[0m] -----------------------------------------------------------------
[[93m[1m WARNING [21m[0m] Element conservation is violated too large
[[93m[1m WARNING [21m[0m] at step: 206
[[93m[1m WARNING [21m[0m] -----------------------------------------------------------------
[[93m[1m WARNING [21m[0m] Element conservation is violated too large
[[93m[1m WARNING [21m[0m] at step: 206
[[93m[1m WARNING [21m[0m] -----------------------------------------------------------------
[[93m[1m WARNING [21m[0m] Element conservation is violated too large
[[93m[1m WARNING [21m[0m] at step: 206
[[93m[1m WARNING [21m[0m] -----------------------------------------------------------------
[[93m[1m WARNING [21m[0m] Keep producing negative values! Clipping negative solutions and moving on!
[[93m[1m WARNING [21m[0m] Element conservation is violated too large
[[93m[1m WARNING [21m[0m] at step: 210
[[93m[1m WARNING [21m[0m] -----------------------------------------------------------------
[[93m[1m WARNING [21m[0m] Element conservation is violated too large
[[93m[1m WARNING [21m[0m] at step: 210
[[93m[1m WARNING [21m[0m] -----------------------------------------------------------------
[[93m[1m WARNING [21m[0m] Element conservation is violated too large
[[93m[1m WARNING [21m[0m] at step: 210
[[93m[1m WARNING [21m[0m] -----------------------------------------------------------------
[[93m[1m WARNING [21m[0m] Element conservation is violated too large
[[93m[1m WARNING [21m[0m] at step: 210
[[93m[1m WARNING [21m[0m] -----------------------------------------------------------------
[[93m[1m WARNING [21m[0m] Keep producing negative values! Clipping negative solutions and moving on!
[[93m[1m WARNING [21m[0m] Element conservation is violated too large
[[93m[1m WARNING [21m[0m] at step: 214
[[93m[1m WARNING [21m[0m] -----------------------------------------------------------------
[[93m[1m WARNING [21m[0m] Element conservation is violated too large
[[93m[1m WARNING [21m[0m] at step: 214
[[93m[1m WARNING [21m[0m] -----------------------------------------------------------------
[[93m[1m WARNING [21m[0m] Element conservation is violated too large
[[93m[1m WARNING [21m[0m] at step: 214
[[93m[1m WARNING [21m[0m] -----------------------------------------------------------------
[[93m[1m WARNING [21m[0m] Element conservation is violated too large
[[93m[1m WARNING [21m[0m] at step: 214
[[93m[1m WARNING [21m[0m] -----------------------------------------------------------------
[[93m[1m WARNING [21m[0m] Keep producing negative values! Clipping negative solutions and moving on!
[[93m[1m WARNING [21m[0m] Element conservation is violated too large
[[93m[1m WARNING [21m[0m] at step: 218
[[93m[1m WARNING [21m[0m] -----------------------------------------------------------------
[[93m[1m WARNING [21m[0m] Element conservation is violated too large
[[93m[1m WARNING [21m[0m] at step: 218
[[93m[1m WARNING [21m[0m] -----------------------------------------------------------------
[[93m[1m WARNING [21m[0m] Element conservation is violated too large
[[93m[1m WARNING [21m[0m] at step: 218
[[93m[1m WARNING [21m[0m] -----------------------------------------------------------------
[[93m[1m WARNING [21m[0m] Element conservation is violated too large
[[93m[1m WARNING [21m[0m] at step: 218
[[93m[1m WARNING [21m[0m] -----------------------------------------------------------------
[[93m[1m WARNING [21m[0m] Keep producing negative values! Clipping negative solutions and moving on!
[[93m[1m WARNING [21m[0m] Element conservation is violated too large
[[93m[1m WARNING [21m[0m] at step: 222
[[93m[1m WARNING [21m[0m] -----------------------------------------------------------------
[[93m[1m WARNING [21m[0m] Element conservation is violated too large
[[93m[1m WARNING [21m[0m] at step: 222
[[93m[1m WARNING [21m[0m] -----------------------------------------------------------------
[[93m[1m WARNING [21m[0m] Element conservation is violated too large
[[93m[1m WARNING [21m[0m] at step: 222
[[93m[1m WARNING [21m[0m] -----------------------------------------------------------------
[[93m[1m WARNING [21m[0m] Element conservation is violated too large
[[93m[1m WARNING [21m[0m] at step: 222
[[93m[1m WARNING [21m[0m] -----------------------------------------------------------------
[[93m[1m WARNING [21m[0m] Keep producing negative values! Clipping negative solutions and moving on!
[[93m[1m WARNING [21m[0m] Element conservation is violated too large
[[93m[1m WARNING [21m[0m] at step: 226
[[93m[1m WARNING [21m[0m] -----------------------------------------------------------------
[[93m[1m WARNING [21m[0m] Element conservation is violated too large
[[93m[1m WARNING [21m[0m] at step: 226
[[93m[1m WARNING [21m[0m] -----------------------------------------------------------------
[[93m[1m WARNING [21m[0m] Element conservation is violated too large
[[93m[1m WARNING [21m[0m] at step: 226
[[93m[1m WARNING [21m[0m] -----------------------------------------------------------------
[[93m[1m WARNING [21m[0m] Element conservation is violated too large
[[93m[1m WARNING [21m[0m] at step: 226
[[93m[1m WARNING [21m[0m] -----------------------------------------------------------------
[[93m[1m WARNING [21m[0m] Keep producing negative values! Clipping negative solutions and moving on!
[[93m[1m WARNING [21m[0m] Element conservation is violated too large
[[93m[1m WARNING [21m[0m] at step: 230
[[93m[1m WARNING [21m[0m] -----------------------------------------------------------------
[[93m[1m WARNING [21m[0m] Element conservation is violated too large
[[93m[1m WARNING [21m[0m] at step: 230
[[93m[1m WARNING [21m[0m] -----------------------------------------------------------------
[[93m[1m WARNING [21m[0m] Element conservation is violated too large
[[93m[1m WARNING [21m[0m] at step: 230
[[93m[1m WARNING [21m[0m] -----------------------------------------------------------------
[[93m[1m WARNING [21m[0m] Element conservation is violated too large
[[93m[1m WARNING [21m[0m] at step: 230
[[93m[1m WARNING [21m[0m] -----------------------------------------------------------------
[[93m[1m WARNING [21m[0m] Keep producing negative values! Clipping negative solutions and moving on!
[[93m[1m WARNING [21m[0m] Element conservation is violated too large
[[93m[1m WARNING [21m[0m] at step: 234
[[93m[1m WARNING [21m[0m] -----------------------------------------------------------------
[[93m[1m WARNING [21m[0m] Element conservation is violated too large
[[93m[1m WARNING [21m[0m] at step: 234
[[93m[1m WARNING [21m[0m] -----------------------------------------------------------------
[[93m[1m WARNING [21m[0m] Element conservation is violated too large
[[93m[1m WARNING [21m[0m] at step: 234
[[93m[1m WARNING [21m[0m] -----------------------------------------------------------------
[[93m[1m WARNING [21m[0m] Element conservation is violated too large
[[93m[1m WARNING [21m[0m] at step: 234
[[93m[1m WARNING [21m[0m] -----------------------------------------------------------------
[[93m[1m WARNING [21m[0m] Keep producing negative values! Clipping negative solutions and moving on!
[[93m[1m WARNING [21m[0m] Element conservation is violated too large
[[93m[1m WARNING [21m[0m] at step: 238
[[93m[1m WARNING [21m[0m] -----------------------------------------------------------------
[[93m[1m WARNING [21m[0m] Element conservation is violated too large
[[93m[1m WARNING [21m[0m] at step: 238
[[93m[1m WARNING [21m[0m] -----------------------------------------------------------------
[[93m[1m WARNING [21m[0m] Element conservation is violated too large
[[93m[1m WARNING [21m[0m] at step: 238
[[93m[1m WARNING [21m[0m] -----------------------------------------------------------------
[[93m[1m WARNING [21m[0m] Element conservation is violated too large
[[93m[1m WARNING [21m[0m] at step: 238
[[93m[1m WARNING [21m[0m] -----------------------------------------------------------------
[[93m[1m WARNING [21m[0m] Keep producing negative values! Clipping negative solutions and moving on!
[[93m[1m WARNING [21m[0m] Element conservation is violated too large
[[93m[1m WARNING [21m[0m] at step: 242
[[93m[1m WARNING [21m[0m] -----------------------------------------------------------------
[[93m[1m WARNING [21m[0m] Element conservation is violated too large
[[93m[1m WARNING [21m[0m] at step: 242
[[93m[1m WARNING [21m[0m] -----------------------------------------------------------------
[[93m[1m WARNING [21m[0m] Element conservation is violated too large
[[93m[1m WARNING [21m[0m] at step: 242
[[93m[1m WARNING [21m[0m] -----------------------------------------------------------------
[[93m[1m WARNING [21m[0m] Element conservation is violated too large
[[93m[1m WARNING [21m[0m] at step: 242
[[93m[1m WARNING [21m[0m] -----------------------------------------------------------------
[[93m[1m WARNING [21m[0m] Keep producing negative values! Clipping negative solutions and moving on!
[[93m[1m WARNING [21m[0m] Element conservation is violated too large
[[93m[1m WARNING [21m[0m] at step: 246
[[93m[1m WARNING [21m[0m] -----------------------------------------------------------------
[[93m[1m WARNING [21m[0m] Element conservation is violated too large
[[93m[1m WARNING [21m[0m] at step: 246
[[93m[1m WARNING [21m[0m] -----------------------------------------------------------------
[[93m[1m WARNING [21m[0m] Element conservation is violated too large
[[93m[1m WARNING [21m[0m] at step: 246
[[93m[1m WARNING [21m[0m] -----------------------------------------------------------------
[[93m[1m WARNING [21m[0m] Element conservation is violated too large
[[93m[1m WARNING [21m[0m] at step: 246
[[93m[1m WARNING [21m[0m] -----------------------------------------------------------------
[[93m[1m WARNING [21m[0m] Keep producing negative values! Clipping negative solutions and moving on!
[[93m[1m WARNING [21m[0m] Element conservation is violated too large
[[93m[1m WARNING [21m[0m] at step: 250
[[93m[1m WARNING [21m[0m] -----------------------------------------------------------------
[[93m[1m WARNING [21m[0m] Element conservation is violated too large
[[93m[1m WARNING [21m[0m] at step: 250
[[93m[1m WARNING [21m[0m] -----------------------------------------------------------------
[[93m[1m WARNING [21m[0m] Element conservation is violated too large
[[93m[1m WARNING [21m[0m] at step: 250
[[93m[1m WARNING [21m[0m] -----------------------------------------------------------------
[[93m[1m WARNING [21m[0m] Element conservation is violated too large
[[93m[1m WARNING [21m[0m] at step: 250
[[93m[1m WARNING [21m[0m] -----------------------------------------------------------------
[[93m[1m WARNING [21m[0m] Keep producing negative values! Clipping negative solutions and moving on!
[[93m[1m WARNING [21m[0m] Element conservation is violated too large
[[93m[1m WARNING [21m[0m] at step: 254
[[93m[1m WARNING [21m[0m] -----------------------------------------------------------------
[[93m[1m WARNING [21m[0m] Element conservation is violated too large
[[93m[1m WARNING [21m[0m] at step: 254
[[93m[1m WARNING [21m[0m] -----------------------------------------------------------------
[[93m[1m WARNING [21m[0m] Element conservation is violated too large
[[93m[1m WARNING [21m[0m] at step: 254
[[93m[1m WARNING [21m[0m] -----------------------------------------------------------------
[[93m[1m WARNING [21m[0m] Element conservation is violated too large
[[93m[1m WARNING [21m[0m] at step: 254
[[93m[1m WARNING [21m[0m] -----------------------------------------------------------------
[[93m[1m WARNING [21m[0m] Keep producing negative values! Clipping negative solutions and moving on!
[[93m[1m WARNING [21m[0m] Element conservation is violated too large
[[93m[1m WARNING [21m[0m] at step: 258
[[93m[1m WARNING [21m[0m] -----------------------------------------------------------------
[[93m[1m WARNING [21m[0m] Element conservation is violated too large
[[93m[1m WARNING [21m[0m] at step: 258
[[93m[1m WARNING [21m[0m] -----------------------------------------------------------------
[[93m[1m WARNING [21m[0m] Element conservation is violated too large
[[93m[1m WARNING [21m[0m] at step: 258
[[93m[1m WARNING [21m[0m] -----------------------------------------------------------------
[[93m[1m WARNING [21m[0m] Element conservation is violated too large
[[93m[1m WARNING [21m[0m] at step: 258
[[93m[1m WARNING [21m[0m] -----------------------------------------------------------------
[[93m[1m WARNING [21m[0m] Keep producing negative values! Clipping negative solutions and moving on!
[[93m[1m WARNING [21m[0m] Element conservation is violated too large
[[93m[1m WARNING [21m[0m] at step: 262
[[93m[1m WARNING [21m[0m] -----------------------------------------------------------------
[[93m[1m WARNING [21m[0m] Element conservation is violated too large
[[93m[1m WARNING [21m[0m] at step: 262
[[93m[1m WARNING [21m[0m] -----------------------------------------------------------------
[[93m[1m WARNING [21m[0m] Element conservation is violated too large
[[93m[1m WARNING [21m[0m] at step: 262
[[93m[1m WARNING [21m[0m] -----------------------------------------------------------------
[[93m[1m WARNING [21m[0m] Element conservation is violated too large
[[93m[1m WARNING [21m[0m] at step: 262
[[93m[1m WARNING [21m[0m] -----------------------------------------------------------------
[[93m[1m WARNING [21m[0m] Keep producing negative values! Clipping negative solutions and moving on!
[[93m[1m WARNING [21m[0m] Element conservation is violated too large
[[93m[1m WARNING [21m[0m] at step: 266
[[93m[1m WARNING [21m[0m] -----------------------------------------------------------------
[[93m[1m WARNING [21m[0m] Element conservation is violated too large
[[93m[1m WARNING [21m[0m] at step: 266
[[93m[1m WARNING [21m[0m] -----------------------------------------------------------------
[[93m[1m WARNING [21m[0m] Element conservation is violated too large
[[93m[1m WARNING [21m[0m] at step: 266
[[93m[1m WARNING [21m[0m] -----------------------------------------------------------------
[[93m[1m WARNING [21m[0m] Element conservation is violated too large
[[93m[1m WARNING [21m[0m] at step: 266
[[93m[1m WARNING [21m[0m] -----------------------------------------------------------------
[[93m[1m WARNING [21m[0m] Keep producing negative values! Clipping negative solutions and moving on!
[[93m[1m WARNING [21m[0m] Element conservation is violated too large
[[93m[1m WARNING [21m[0m] at step: 270
[[93m[1m WARNING [21m[0m] -----------------------------------------------------------------
[[93m[1m WARNING [21m[0m] Element conservation is violated too large
[[93m[1m WARNING [21m[0m] at step: 270
[[93m[1m WARNING [21m[0m] -----------------------------------------------------------------
[[93m[1m WARNING [21m[0m] Element conservation is violated too large
[[93m[1m WARNING [21m[0m] at step: 270
[[93m[1m WARNING [21m[0m] -----------------------------------------------------------------
[[93m[1m WARNING [21m[0m] Element conservation is violated too large
[[93m[1m WARNING [21m[0m] at step: 270
[[93m[1m WARNING [21m[0m] -----------------------------------------------------------------
[[93m[1m WARNING [21m[0m] Keep producing negative values! Clipping negative solutions and moving on!
[[93m[1m WARNING [21m[0m] Element conservation is violated too large
[[93m[1m WARNING [21m[0m] at step: 274
[[93m[1m WARNING [21m[0m] -----------------------------------------------------------------
[[93m[1m WARNING [21m[0m] Element conservation is violated too large
[[93m[1m WARNING [21m[0m] at step: 274
[[93m[1m WARNING [21m[0m] -----------------------------------------------------------------
[[93m[1m WARNING [21m[0m] Element conservation is violated too large
[[93m[1m WARNING [21m[0m] at step: 274
[[93m[1m WARNING [21m[0m] -----------------------------------------------------------------
[[93m[1m WARNING [21m[0m] Element conservation is violated too large
[[93m[1m WARNING [21m[0m] at step: 274
[[93m[1m WARNING [21m[0m] -----------------------------------------------------------------
[[93m[1m WARNING [21m[0m] Element conservation is violated too large
[[93m[1m WARNING [21m[0m] at step: 274
[[93m[1m WARNING [21m[0m] -----------------------------------------------------------------
[[93m[1m WARNING [21m[0m] Keep producing negative values! Clipping negative solutions and moving on!
[[93m[1m WARNING [21m[0m] Element conservation is violated too large
[[93m[1m WARNING [21m[0m] at step: 278
[[93m[1m WARNING [21m[0m] -----------------------------------------------------------------
[[93m[1m WARNING [21m[0m] Element conservation is violated too large
[[93m[1m WARNING [21m[0m] at step: 278
[[93m[1m WARNING [21m[0m] -----------------------------------------------------------------
[[93m[1m WARNING [21m[0m] Element conservation is violated too large
[[93m[1m WARNING [21m[0m] at step: 278
[[93m[1m WARNING [21m[0m] -----------------------------------------------------------------
[[93m[1m WARNING [21m[0m] Element conservation is violated too large
[[93m[1m WARNING [21m[0m] at step: 278
[[93m[1m WARNING [21m[0m] -----------------------------------------------------------------
[[93m[1m WARNING [21m[0m] Element conservation is violated too large
[[93m[1m WARNING [21m[0m] at step: 278
[[93m[1m WARNING [21m[0m] -----------------------------------------------------------------
[[93m[1m WARNING [21m[0m] Keep producing negative values! Clipping negative solutions and moving on!
[[93m[1m WARNING [21m[0m] Element conservation is violated too large
[[93m[1m WARNING [21m[0m] at step: 282
[[93m[1m WARNING [21m[0m] -----------------------------------------------------------------
[[93m[1m WARNING [21m[0m] Element conservation is violated too large
[[93m[1m WARNING [21m[0m] at step: 282
[[93m[1m WARNING [21m[0m] -----------------------------------------------------------------
[[93m[1m WARNING [21m[0m] Element conservation is violated too large
[[93m[1m WARNING [21m[0m] at step: 282
[[93m[1m WARNING [21m[0m] -----------------------------------------------------------------
[[93m[1m WARNING [21m[0m] Element conservation is violated too large
[[93m[1m WARNING [21m[0m] at step: 282
[[93m[1m WARNING [21m[0m] -----------------------------------------------------------------
[[93m[1m WARNING [21m[0m] Element conservation is violated too large
[[93m[1m WARNING [21m[0m] at step: 282
[[93m[1m WARNING [21m[0m] -----------------------------------------------------------------
[[93m[1m WARNING [21m[0m] Keep producing negative values! Clipping negative solutions and moving on!
[[93m[1m WARNING [21m[0m] Element conservation is violated too large
[[93m[1m WARNING [21m[0m] at step: 286
[[93m[1m WARNING [21m[0m] -----------------------------------------------------------------
[[93m[1m WARNING [21m[0m] Element conservation is violated too large
[[93m[1m WARNING [21m[0m] at step: 286
[[93m[1m WARNING [21m[0m] -----------------------------------------------------------------
[[93m[1m WARNING [21m[0m] Element conservation is violated too large
[[93m[1m WARNING [21m[0m] at step: 286
[[93m[1m WARNING [21m[0m] -----------------------------------------------------------------
[[93m[1m WARNING [21m[0m] Element conservation is violated too large
[[93m[1m WARNING [21m[0m] at step: 286
[[93m[1m WARNING [21m[0m] -----------------------------------------------------------------
[[93m[1m WARNING [21m[0m] Element conservation is violated too large
[[93m[1m WARNING [21m[0m] at step: 286
[[93m[1m WARNING [21m[0m] -----------------------------------------------------------------
[[93m[1m WARNING [21m[0m] Keep producing negative values! Clipping negative solutions and moving on!
[[93m[1m WARNING [21m[0m] Element conservation is violated too large
[[93m[1m WARNING [21m[0m] at step: 290
[[93m[1m WARNING [21m[0m] -----------------------------------------------------------------
[[93m[1m WARNING [21m[0m] Element conservation is violated too large
[[93m[1m WARNING [21m[0m] at step: 290
[[93m[1m WARNING [21m[0m] -----------------------------------------------------------------
[[93m[1m WARNING [21m[0m] Element conservation is violated too large
[[93m[1m WARNING [21m[0m] at step: 290
[[93m[1m WARNING [21m[0m] -----------------------------------------------------------------
[[93m[1m WARNING [21m[0m] Element conservation is violated too large
[[93m[1m WARNING [21m[0m] at step: 290
[[93m[1m WARNING [21m[0m] -----------------------------------------------------------------
[[93m[1m WARNING [21m[0m] Element conservation is violated too large
[[93m[1m WARNING [21m[0m] at step: 290
[[93m[1m WARNING [21m[0m] -----------------------------------------------------------------
[[93m[1m WARNING [21m[0m] Keep producing negative values! Clipping negative solutions and moving on!
[[93m[1m WARNING [21m[0m] Element conservation is violated too large
[[93m[1m WARNING [21m[0m] at step: 295
[[93m[1m WARNING [21m[0m] -----------------------------------------------------------------
[[93m[1m WARNING [21m[0m] Element conservation is violated too large
[[93m[1m WARNING [21m[0m] at step: 295
[[93m[1m WARNING [21m[0m] -----------------------------------------------------------------
[[93m[1m WARNING [21m[0m] Element conservation is violated too large
[[93m[1m WARNING [21m[0m] at step: 295
[[93m[1m WARNING [21m[0m] -----------------------------------------------------------------
[[93m[1m WARNING [21m[0m] Element conservation is violated too large
[[93m[1m WARNING [21m[0m] at step: 295
[[93m[1m WARNING [21m[0m] -----------------------------------------------------------------
[[93m[1m WARNING [21m[0m] Element conservation is violated too large
[[93m[1m WARNING [21m[0m] at step: 295
[[93m[1m WARNING [21m[0m] -----------------------------------------------------------------
[[93m[1m WARNING [21m[0m] Keep producing negative values! Clipping negative solutions and moving on!
[[32m[1m INFO  [21m[0m] Elapsed time: 9.29e-06 || Step number: 300/30000
[[32m[1m INFO  [21m[0m] longdy = 1.00e+00      || longdy/dt = 1.00e+00  || dt = 1.84e-07
[[32m[1m INFO  [21m[0m] from nz = 0 and OH
[[32m[1m INFO  [21m[0m] -----------------------------------------------------------------
[[93m[1m WARNING [21m[0m] Element conservation is violated too large
[[93m[1m WARNING [21m[0m] at step: 300
[[93m[1m WARNING [21m[0m] -----------------------------------------------------------------
[[93m[1m WARNING [21m[0m] Element conservation is violated too large
[[93m[1m WARNING [21m[0m] at step: 300
[[93m[1m WARNING [21m[0m] -----------------------------------------------------------------
[[93m[1m WARNING [21m[0m] Element conservation is violated too large
[[93m[1m WARNING [21m[0m] at step: 300
[[93m[1m WARNING [21m[0m] -----------------------------------------------------------------
[[93m[1m WARNING [21m[0m] Element conservation is violated too large
[[93m[1m WARNING [21m[0m] at step: 300
[[93m[1m WARNING [21m[0m] -----------------------------------------------------------------
[[93m[1m WARNING [21m[0m] Element conservation is violated too large
[[93m[1m WARNING [21m[0m] at step: 300
[[93m[1m WARNING [21m[0m] -----------------------------------------------------------------
[[93m[1m WARNING [21m[0m] Keep producing negative values! Clipping negative solutions and moving on!
[[93m[1m WARNING [21m[0m] Element conservation is violated too large
[[93m[1m WARNING [21m[0m] at step: 305
[[93m[1m WARNING [21m[0m] -----------------------------------------------------------------
[[93m[1m WARNING [21m[0m] Element conservation is violated too large
[[93m[1m WARNING [21m[0m] at step: 305
[[93m[1m WARNING [21m[0m] -----------------------------------------------------------------
[[93m[1m WARNING [21m[0m] Element conservation is violated too large
[[93m[1m WARNING [21m[0m] at step: 305
[[93m[1m WARNING [21m[0m] -----------------------------------------------------------------
[[93m[1m WARNING [21m[0m] Element conservation is violated too large
[[93m[1m WARNING [21m[0m] at step: 305
[[93m[1m WARNING [21m[0m] -----------------------------------------------------------------
[[93m[1m WARNING [21m[0m] Element conservation is violated too large
[[93m[1m WARNING [21m[0m] at step: 305
[[93m[1m WARNING [21m[0m] -----------------------------------------------------------------
[[93m[1m WARNING [21m[0m] Keep producing negative values! Clipping negative solutions and moving on!
[[93m[1m WARNING [21m[0m] Element conservation is violated too large
[[93m[1m WARNING [21m[0m] at step: 310
[[93m[1m WARNING [21m[0m] -----------------------------------------------------------------
[[93m[1m WARNING [21m[0m] Element conservation is violated too large
[[93m[1m WARNING [21m[0m] at step: 310
[[93m[1m WARNING [21m[0m] -----------------------------------------------------------------
[[93m[1m WARNING [21m[0m] Element conservation is violated too large
[[93m[1m WARNING [21m[0m] at step: 310
[[93m[1m WARNING [21m[0m] -----------------------------------------------------------------
[[93m[1m WARNING [21m[0m] Element conservation is violated too large
[[93m[1m WARNING [21m[0m] at step: 310
[[93m[1m WARNING [21m[0m] -----------------------------------------------------------------
[[93m[1m WARNING [21m[0m] Element conservation is violated too large
[[93m[1m WARNING [21m[0m] at step: 310
[[93m[1m WARNING [21m[0m] -----------------------------------------------------------------
[[93m[1m WARNING [21m[0m] Keep producing negative values! Clipping negative solutions and moving on!
[[93m[1m WARNING [21m[0m] Element conservation is violated too large
[[93m[1m WARNING [21m[0m] at step: 315
[[93m[1m WARNING [21m[0m] -----------------------------------------------------------------
[[93m[1m WARNING [21m[0m] Element conservation is violated too large
[[93m[1m WARNING [21m[0m] at step: 315
[[93m[1m WARNING [21m[0m] -----------------------------------------------------------------
[[93m[1m WARNING [21m[0m] Element conservation is violated too large
[[93m[1m WARNING [21m[0m] at step: 315
[[93m[1m WARNING [21m[0m] -----------------------------------------------------------------
[[93m[1m WARNING [21m[0m] Element conservation is violated too large
[[93m[1m WARNING [21m[0m] at step: 315
[[93m[1m WARNING [21m[0m] -----------------------------------------------------------------
[[93m[1m WARNING [21m[0m] Element conservation is violated too large
[[93m[1m WARNING [21m[0m] at step: 315
[[93m[1m WARNING [21m[0m] -----------------------------------------------------------------
[[93m[1m WARNING [21m[0m] Keep producing negative values! Clipping negative solutions and moving on!
[[93m[1m WARNING [21m[0m] Element conservation is violated too large
[[93m[1m WARNING [21m[0m] at step: 320
[[93m[1m WARNING [21m[0m] -----------------------------------------------------------------
[[93m[1m WARNING [21m[0m] Element conservation is violated too large
[[93m[1m WARNING [21m[0m] at step: 320
[[93m[1m WARNING [21m[0m] -----------------------------------------------------------------
[[93m[1m WARNING [21m[0m] Element conservation is violated too large
[[93m[1m WARNING [21m[0m] at step: 320
[[93m[1m WARNING [21m[0m] -----------------------------------------------------------------
[[93m[1m WARNING [21m[0m] Element conservation is violated too large
[[93m[1m WARNING [21m[0m] at step: 320
[[93m[1m WARNING [21m[0m] -----------------------------------------------------------------
[[93m[1m WARNING [21m[0m] Element conservation is violated too large
[[93m[1m WARNING [21m[0m] at step: 320
[[93m[1m WARNING [21m[0m] -----------------------------------------------------------------
[[93m[1m WARNING [21m[0m] Keep producing negative values! Clipping negative solutions and moving on!
[[93m[1m WARNING [21m[0m] Element conservation is violated too large
[[93m[1m WARNING [21m[0m] at step: 325
[[93m[1m WARNING [21m[0m] -----------------------------------------------------------------
[[93m[1m WARNING [21m[0m] Element conservation is violated too large
[[93m[1m WARNING [21m[0m] at step: 325
[[93m[1m WARNING [21m[0m] -----------------------------------------------------------------
[[93m[1m WARNING [21m[0m] Element conservation is violated too large
[[93m[1m WARNING [21m[0m] at step: 325
[[93m[1m WARNING [21m[0m] -----------------------------------------------------------------
[[93m[1m WARNING [21m[0m] Element conservation is violated too large
[[93m[1m WARNING [21m[0m] at step: 325
[[93m[1m WARNING [21m[0m] -----------------------------------------------------------------
[[93m[1m WARNING [21m[0m] Element conservation is violated too large
[[93m[1m WARNING [21m[0m] at step: 325
[[93m[1m WARNING [21m[0m] -----------------------------------------------------------------
[[93m[1m WARNING [21m[0m] Keep producing negative values! Clipping negative solutions and moving on!
[[93m[1m WARNING [21m[0m] Element conservation is violated too large
[[93m[1m WARNING [21m[0m] at step: 330
[[93m[1m WARNING [21m[0m] -----------------------------------------------------------------
[[93m[1m WARNING [21m[0m] Element conservation is violated too large
[[93m[1m WARNING [21m[0m] at step: 330
[[93m[1m WARNING [21m[0m] -----------------------------------------------------------------
[[93m[1m WARNING [21m[0m] Element conservation is violated too large
[[93m[1m WARNING [21m[0m] at step: 330
[[93m[1m WARNING [21m[0m] -----------------------------------------------------------------
[[93m[1m WARNING [21m[0m] Element conservation is violated too large
[[93m[1m WARNING [21m[0m] at step: 330
[[93m[1m WARNING [21m[0m] -----------------------------------------------------------------
[[93m[1m WARNING [21m[0m] Element conservation is violated too large
[[93m[1m WARNING [21m[0m] at step: 330
[[93m[1m WARNING [21m[0m] -----------------------------------------------------------------
[[93m[1m WARNING [21m[0m] Keep producing negative values! Clipping negative solutions and moving on!
[[93m[1m WARNING [21m[0m] Element conservation is violated too large
[[93m[1m WARNING [21m[0m] at step: 335
[[93m[1m WARNING [21m[0m] -----------------------------------------------------------------
[[93m[1m WARNING [21m[0m] Element conservation is violated too large
[[93m[1m WARNING [21m[0m] at step: 335
[[93m[1m WARNING [21m[0m] -----------------------------------------------------------------
[[93m[1m WARNING [21m[0m] Element conservation is violated too large
[[93m[1m WARNING [21m[0m] at step: 335
[[93m[1m WARNING [21m[0m] -----------------------------------------------------------------
[[93m[1m WARNING [21m[0m] Element conservation is violated too large
[[93m[1m WARNING [21m[0m] at step: 335
[[93m[1m WARNING [21m[0m] -----------------------------------------------------------------
[[93m[1m WARNING [21m[0m] Element conservation is violated too large
[[93m[1m WARNING [21m[0m] at step: 335
[[93m[1m WARNING [21m[0m] -----------------------------------------------------------------
[[93m[1m WARNING [21m[0m] Keep producing negative values! Clipping negative solutions and moving on!
[[93m[1m WARNING [21m[0m] Element conservation is violated too large
[[93m[1m WARNING [21m[0m] at step: 340
[[93m[1m WARNING [21m[0m] -----------------------------------------------------------------
[[93m[1m WARNING [21m[0m] Element conservation is violated too large
[[93m[1m WARNING [21m[0m] at step: 340
[[93m[1m WARNING [21m[0m] -----------------------------------------------------------------
[[93m[1m WARNING [21m[0m] Element conservation is violated too large
[[93m[1m WARNING [21m[0m] at step: 340
[[93m[1m WARNING [21m[0m] -----------------------------------------------------------------
[[93m[1m WARNING [21m[0m] Element conservation is violated too large
[[93m[1m WARNING [21m[0m] at step: 340
[[93m[1m WARNING [21m[0m] -----------------------------------------------------------------
[[93m[1m WARNING [21m[0m] Element conservation is violated too large
[[93m[1m WARNING [21m[0m] at step: 340
[[93m[1m WARNING [21m[0m] -----------------------------------------------------------------
[[93m[1m WARNING [21m[0m] Keep producing negative values! Clipping negative solutions and moving on!
[[93m[1m WARNING [21m[0m] Element conservation is violated too large
[[93m[1m WARNING [21m[0m] at step: 345
[[93m[1m WARNING [21m[0m] -----------------------------------------------------------------
[[93m[1m WARNING [21m[0m] Element conservation is violated too large
[[93m[1m WARNING [21m[0m] at step: 345
[[93m[1m WARNING [21m[0m] -----------------------------------------------------------------
[[93m[1m WARNING [21m[0m] Element conservation is violated too large
[[93m[1m WARNING [21m[0m] at step: 345
[[93m[1m WARNING [21m[0m] -----------------------------------------------------------------
[[93m[1m WARNING [21m[0m] Element conservation is violated too large
[[93m[1m WARNING [21m[0m] at step: 345
[[93m[1m WARNING [21m[0m] -----------------------------------------------------------------
[[93m[1m WARNING [21m[0m] Element conservation is violated too large
[[93m[1m WARNING [21m[0m] at step: 345
[[93m[1m WARNING [21m[0m] -----------------------------------------------------------------
[[93m[1m WARNING [21m[0m] Keep producing negative values! Clipping negative solutions and moving on!
[[93m[1m WARNING [21m[0m] Element conservation is violated too large
[[93m[1m WARNING [21m[0m] at step: 350
[[93m[1m WARNING [21m[0m] -----------------------------------------------------------------
[[93m[1m WARNING [21m[0m] Element conservation is violated too large
[[93m[1m WARNING [21m[0m] at step: 350
[[93m[1m WARNING [21m[0m] -----------------------------------------------------------------
[[93m[1m WARNING [21m[0m] Element conservation is violated too large
[[93m[1m WARNING [21m[0m] at step: 350
[[93m[1m WARNING [21m[0m] -----------------------------------------------------------------
[[93m[1m WARNING [21m[0m] Element conservation is violated too large
[[93m[1m WARNING [21m[0m] at step: 350
[[93m[1m WARNING [21m[0m] -----------------------------------------------------------------
[[93m[1m WARNING [21m[0m] Element conservation is violated too large
[[93m[1m WARNING [21m[0m] at step: 350
[[93m[1m WARNING [21m[0m] -----------------------------------------------------------------
[[93m[1m WARNING [21m[0m] Keep producing negative values! Clipping negative solutions and moving on!
[[93m[1m WARNING [21m[0m] Element conservation is violated too large
[[93m[1m WARNING [21m[0m] at step: 355
[[93m[1m WARNING [21m[0m] -----------------------------------------------------------------
[[93m[1m WARNING [21m[0m] Element conservation is violated too large
[[93m[1m WARNING [21m[0m] at step: 355
[[93m[1m WARNING [21m[0m] -----------------------------------------------------------------
[[93m[1m WARNING [21m[0m] Element conservation is violated too large
[[93m[1m WARNING [21m[0m] at step: 355
[[93m[1m WARNING [21m[0m] -----------------------------------------------------------------
[[93m[1m WARNING [21m[0m] Element conservation is violated too large
[[93m[1m WARNING [21m[0m] at step: 355
[[93m[1m WARNING [21m[0m] -----------------------------------------------------------------
[[93m[1m WARNING [21m[0m] Element conservation is violated too large
[[93m[1m WARNING [21m[0m] at step: 355
[[93m[1m WARNING [21m[0m] -----------------------------------------------------------------
[[93m[1m WARNING [21m[0m] Keep producing negative values! Clipping negative solutions and moving on!
[[93m[1m WARNING [21m[0m] Element conservation is violated too large
[[93m[1m WARNING [21m[0m] at step: 360
[[93m[1m WARNING [21m[0m] -----------------------------------------------------------------
[[93m[1m WARNING [21m[0m] Element conservation is violated too large
[[93m[1m WARNING [21m[0m] at step: 360
[[93m[1m WARNING [21m[0m] -----------------------------------------------------------------
[[93m[1m WARNING [21m[0m] Element conservation is violated too large
[[93m[1m WARNING [21m[0m] at step: 360
[[93m[1m WARNING [21m[0m] -----------------------------------------------------------------
[[93m[1m WARNING [21m[0m] Element conservation is violated too large
[[93m[1m WARNING [21m[0m] at step: 360
[[93m[1m WARNING [21m[0m] -----------------------------------------------------------------
[[93m[1m WARNING [21m[0m] Element conservation is violated too large
[[93m[1m WARNING [21m[0m] at step: 360
[[93m[1m WARNING [21m[0m] -----------------------------------------------------------------
[[93m[1m WARNING [21m[0m] Keep producing negative values! Clipping negative solutions and moving on!
[[93m[1m WARNING [21m[0m] Element conservation is violated too large
[[93m[1m WARNING [21m[0m] at step: 365
[[93m[1m WARNING [21m[0m] -----------------------------------------------------------------
[[93m[1m WARNING [21m[0m] Element conservation is violated too large
[[93m[1m WARNING [21m[0m] at step: 365
[[93m[1m WARNING [21m[0m] -----------------------------------------------------------------
[[93m[1m WARNING [21m[0m] Element conservation is violated too large
[[93m[1m WARNING [21m[0m] at step: 365
[[93m[1m WARNING [21m[0m] -----------------------------------------------------------------
[[93m[1m WARNING [21m[0m] Element conservation is violated too large
[[93m[1m WARNING [21m[0m] at step: 365
[[93m[1m WARNING [21m[0m] -----------------------------------------------------------------
[[93m[1m WARNING [21m[0m] Element conservation is violated too large
[[93m[1m WARNING [21m[0m] at step: 365
[[93m[1m WARNING [21m[0m] -----------------------------------------------------------------
[[93m[1m WARNING [21m[0m] Keep producing negative values! Clipping negative solutions and moving on!
[[93m[1m WARNING [21m[0m] Element conservation is violated too large
[[93m[1m WARNING [21m[0m] at step: 370
[[93m[1m WARNING [21m[0m] -----------------------------------------------------------------
[[93m[1m WARNING [21m[0m] Element conservation is violated too large
[[93m[1m WARNING [21m[0m] at step: 370
[[93m[1m WARNING [21m[0m] -----------------------------------------------------------------
[[93m[1m WARNING [21m[0m] Element conservation is violated too large
[[93m[1m WARNING [21m[0m] at step: 370
[[93m[1m WARNING [21m[0m] -----------------------------------------------------------------
[[93m[1m WARNING [21m[0m] Element conservation is violated too large
[[93m[1m WARNING [21m[0m] at step: 370
[[93m[1m WARNING [21m[0m] -----------------------------------------------------------------
[[93m[1m WARNING [21m[0m] Element conservation is violated too large
[[93m[1m WARNING [21m[0m] at step: 370
[[93m[1m WARNING [21m[0m] -----------------------------------------------------------------
[[93m[1m WARNING [21m[0m] Keep producing negative values! Clipping negative solutions and moving on!
[[93m[1m WARNING [21m[0m] Element conservation is violated too large
[[93m[1m WARNING [21m[0m] at step: 375
[[93m[1m WARNING [21m[0m] -----------------------------------------------------------------
[[93m[1m WARNING [21m[0m] Element conservation is violated too large
[[93m[1m WARNING [21m[0m] at step: 375
[[93m[1m WARNING [21m[0m] -----------------------------------------------------------------
[[93m[1m WARNING [21m[0m] Element conservation is violated too large
[[93m[1m WARNING [21m[0m] at step: 375
[[93m[1m WARNING [21m[0m] -----------------------------------------------------------------
[[93m[1m WARNING [21m[0m] Element conservation is violated too large
[[93m[1m WARNING [21m[0m] at step: 375
[[93m[1m WARNING [21m[0m] -----------------------------------------------------------------
[[93m[1m WARNING [21m[0m] Element conservation is violated too large
[[93m[1m WARNING [21m[0m] at step: 375
[[93m[1m WARNING [21m[0m] -----------------------------------------------------------------
[[93m[1m WARNING [21m[0m] Keep producing negative values! Clipping negative solutions and moving on!
[[93m[1m WARNING [21m[0m] Element conservation is violated too large
[[93m[1m WARNING [21m[0m] at step: 380
[[93m[1m WARNING [21m[0m] -----------------------------------------------------------------
[[93m[1m WARNING [21m[0m] Element conservation is violated too large
[[93m[1m WARNING [21m[0m] at step: 380
[[93m[1m WARNING [21m[0m] -----------------------------------------------------------------
[[93m[1m WARNING [21m[0m] Element conservation is violated too large
[[93m[1m WARNING [21m[0m] at step: 380
[[93m[1m WARNING [21m[0m] -----------------------------------------------------------------
[[93m[1m WARNING [21m[0m] Element conservation is violated too large
[[93m[1m WARNING [21m[0m] at step: 380
[[93m[1m WARNING [21m[0m] -----------------------------------------------------------------
[[93m[1m WARNING [21m[0m] Element conservation is violated too large
[[93m[1m WARNING [21m[0m] at step: 380
[[93m[1m WARNING [21m[0m] -----------------------------------------------------------------
[[93m[1m WARNING [21m[0m] Keep producing negative values! Clipping negative solutions and moving on!
[[93m[1m WARNING [21m[0m] Element conservation is violated too large
[[93m[1m WARNING [21m[0m] at step: 385
[[93m[1m WARNING [21m[0m] -----------------------------------------------------------------
[[93m[1m WARNING [21m[0m] Element conservation is violated too large
[[93m[1m WARNING [21m[0m] at step: 385
[[93m[1m WARNING [21m[0m] -----------------------------------------------------------------
[[93m[1m WARNING [21m[0m] Element conservation is violated too large
[[93m[1m WARNING [21m[0m] at step: 385
[[93m[1m WARNING [21m[0m] -----------------------------------------------------------------
[[93m[1m WARNING [21m[0m] Element conservation is violated too large
[[93m[1m WARNING [21m[0m] at step: 385
[[93m[1m WARNING [21m[0m] -----------------------------------------------------------------
[[93m[1m WARNING [21m[0m] Element conservation is violated too large
[[93m[1m WARNING [21m[0m] at step: 385
[[93m[1m WARNING [21m[0m] -----------------------------------------------------------------
[[93m[1m WARNING [21m[0m] Keep producing negative values! Clipping negative solutions and moving on!
[[93m[1m WARNING [21m[0m] Element conservation is violated too large
[[93m[1m WARNING [21m[0m] at step: 390
[[93m[1m WARNING [21m[0m] -----------------------------------------------------------------
[[93m[1m WARNING [21m[0m] Element conservation is violated too large
[[93m[1m WARNING [21m[0m] at step: 390
[[93m[1m WARNING [21m[0m] -----------------------------------------------------------------
[[93m[1m WARNING [21m[0m] Element conservation is violated too large
[[93m[1m WARNING [21m[0m] at step: 390
[[93m[1m WARNING [21m[0m] -----------------------------------------------------------------
[[93m[1m WARNING [21m[0m] Element conservation is violated too large
[[93m[1m WARNING [21m[0m] at step: 390
[[93m[1m WARNING [21m[0m] -----------------------------------------------------------------
[[93m[1m WARNING [21m[0m] Element conservation is violated too large
[[93m[1m WARNING [21m[0m] at step: 390
[[93m[1m WARNING [21m[0m] -----------------------------------------------------------------
[[93m[1m WARNING [21m[0m] Keep producing negative values! Clipping negative solutions and moving on!
[[93m[1m WARNING [21m[0m] Element conservation is violated too large
[[93m[1m WARNING [21m[0m] at step: 395
[[93m[1m WARNING [21m[0m] -----------------------------------------------------------------
[[93m[1m WARNING [21m[0m] Element conservation is violated too large
[[93m[1m WARNING [21m[0m] at step: 395
[[93m[1m WARNING [21m[0m] -----------------------------------------------------------------
[[93m[1m WARNING [21m[0m] Element conservation is violated too large
[[93m[1m WARNING [21m[0m] at step: 395
[[93m[1m WARNING [21m[0m] -----------------------------------------------------------------
[[93m[1m WARNING [21m[0m] Element conservation is violated too large
[[93m[1m WARNING [21m[0m] at step: 395
[[93m[1m WARNING [21m[0m] -----------------------------------------------------------------
[[93m[1m WARNING [21m[0m] Element conservation is violated too large
[[93m[1m WARNING [21m[0m] at step: 395
[[93m[1m WARNING [21m[0m] -----------------------------------------------------------------
[[93m[1m WARNING [21m[0m] Keep producing negative values! Clipping negative solutions and moving on!
[[32m[1m INFO  [21m[0m] Elapsed time: 1.55e-05 || Step number: 400/30000
[[32m[1m INFO  [21m[0m] longdy = 1.00e+00      || longdy/dt = 1.00e+00  || dt = 2.25e-07
[[32m[1m INFO  [21m[0m] from nz = 0 and OH
[[32m[1m INFO  [21m[0m] -----------------------------------------------------------------
[[93m[1m WARNING [21m[0m] Element conservation is violated too large
[[93m[1m WARNING [21m[0m] at step: 400
[[93m[1m WARNING [21m[0m] -----------------------------------------------------------------
[[93m[1m WARNING [21m[0m] Element conservation is violated too large
[[93m[1m WARNING [21m[0m] at step: 400
[[93m[1m WARNING [21m[0m] -----------------------------------------------------------------
[[93m[1m WARNING [21m[0m] Element conservation is violated too large
[[93m[1m WARNING [21m[0m] at step: 400
[[93m[1m WARNING [21m[0m] -----------------------------------------------------------------
[[93m[1m WARNING [21m[0m] Element conservation is violated too large
[[93m[1m WARNING [21m[0m] at step: 400
[[93m[1m WARNING [21m[0m] -----------------------------------------------------------------
[[93m[1m WARNING [21m[0m] Element conservation is violated too large
[[93m[1m WARNING [21m[0m] at step: 400
[[93m[1m WARNING [21m[0m] -----------------------------------------------------------------
[[93m[1m WARNING [21m[0m] Keep producing negative values! Clipping negative solutions and moving on!
[[93m[1m WARNING [21m[0m] Element conservation is violated too large
[[93m[1m WARNING [21m[0m] at step: 405
[[93m[1m WARNING [21m[0m] -----------------------------------------------------------------
[[93m[1m WARNING [21m[0m] Element conservation is violated too large
[[93m[1m WARNING [21m[0m] at step: 405
[[93m[1m WARNING [21m[0m] -----------------------------------------------------------------
[[93m[1m WARNING [21m[0m] Element conservation is violated too large
[[93m[1m WARNING [21m[0m] at step: 405
[[93m[1m WARNING [21m[0m] -----------------------------------------------------------------
[[93m[1m WARNING [21m[0m] Element conservation is violated too large
[[93m[1m WARNING [21m[0m] at step: 405
[[93m[1m WARNING [21m[0m] -----------------------------------------------------------------
[[93m[1m WARNING [21m[0m] Element conservation is violated too large
[[93m[1m WARNING [21m[0m] at step: 405
[[93m[1m WARNING [21m[0m] -----------------------------------------------------------------
[[93m[1m WARNING [21m[0m] Keep producing negative values! Clipping negative solutions and moving on!
[[93m[1m WARNING [21m[0m] Element conservation is violated too large
[[93m[1m WARNING [21m[0m] at step: 410
[[93m[1m WARNING [21m[0m] -----------------------------------------------------------------
[[93m[1m WARNING [21m[0m] Element conservation is violated too large
[[93m[1m WARNING [21m[0m] at step: 410
[[93m[1m WARNING [21m[0m] -----------------------------------------------------------------
[[93m[1m WARNING [21m[0m] Element conservation is violated too large
[[93m[1m WARNING [21m[0m] at step: 410
[[93m[1m WARNING [21m[0m] -----------------------------------------------------------------
[[93m[1m WARNING [21m[0m] Element conservation is violated too large
[[93m[1m WARNING [21m[0m] at step: 410
[[93m[1m WARNING [21m[0m] -----------------------------------------------------------------
[[93m[1m WARNING [21m[0m] Element conservation is violated too large
[[93m[1m WARNING [21m[0m] at step: 410
[[93m[1m WARNING [21m[0m] -----------------------------------------------------------------
[[93m[1m WARNING [21m[0m] Keep producing negative values! Clipping negative solutions and moving on!
[[93m[1m WARNING [21m[0m] Element conservation is violated too large
[[93m[1m WARNING [21m[0m] at step: 415
[[93m[1m WARNING [21m[0m] -----------------------------------------------------------------
[[93m[1m WARNING [21m[0m] Element conservation is violated too large
[[93m[1m WARNING [21m[0m] at step: 415
[[93m[1m WARNING [21m[0m] -----------------------------------------------------------------
[[93m[1m WARNING [21m[0m] Element conservation is violated too large
[[93m[1m WARNING [21m[0m] at step: 415
[[93m[1m WARNING [21m[0m] -----------------------------------------------------------------
[[93m[1m WARNING [21m[0m] Element conservation is violated too large
[[93m[1m WARNING [21m[0m] at step: 415
[[93m[1m WARNING [21m[0m] -----------------------------------------------------------------
[[93m[1m WARNING [21m[0m] Element conservation is violated too large
[[93m[1m WARNING [21m[0m] at step: 415
[[93m[1m WARNING [21m[0m] -----------------------------------------------------------------
[[93m[1m WARNING [21m[0m] Keep producing negative values! Clipping negative solutions and moving on!
[[93m[1m WARNING [21m[0m] Element conservation is violated too large
[[93m[1m WARNING [21m[0m] at step: 420
[[93m[1m WARNING [21m[0m] -----------------------------------------------------------------
[[93m[1m WARNING [21m[0m] Element conservation is violated too large
[[93m[1m WARNING [21m[0m] at step: 420
[[93m[1m WARNING [21m[0m] -----------------------------------------------------------------
[[93m[1m WARNING [21m[0m] Element conservation is violated too large
[[93m[1m WARNING [21m[0m] at step: 420
[[93m[1m WARNING [21m[0m] -----------------------------------------------------------------
[[93m[1m WARNING [21m[0m] Element conservation is violated too large
[[93m[1m WARNING [21m[0m] at step: 420
[[93m[1m WARNING [21m[0m] -----------------------------------------------------------------
[[93m[1m WARNING [21m[0m] Element conservation is violated too large
[[93m[1m WARNING [21m[0m] at step: 420
[[93m[1m WARNING [21m[0m] -----------------------------------------------------------------
[[93m[1m WARNING [21m[0m] Keep producing negative values! Clipping negative solutions and moving on!
[[93m[1m WARNING [21m[0m] Element conservation is violated too large
[[93m[1m WARNING [21m[0m] at step: 425
[[93m[1m WARNING [21m[0m] -----------------------------------------------------------------
[[93m[1m WARNING [21m[0m] Element conservation is violated too large
[[93m[1m WARNING [21m[0m] at step: 425
[[93m[1m WARNING [21m[0m] -----------------------------------------------------------------
[[93m[1m WARNING [21m[0m] Element conservation is violated too large
[[93m[1m WARNING [21m[0m] at step: 425
[[93m[1m WARNING [21m[0m] -----------------------------------------------------------------
[[93m[1m WARNING [21m[0m] Element conservation is violated too large
[[93m[1m WARNING [21m[0m] at step: 425
[[93m[1m WARNING [21m[0m] -----------------------------------------------------------------
[[93m[1m WARNING [21m[0m] Element conservation is violated too large
[[93m[1m WARNING [21m[0m] at step: 425
[[93m[1m WARNING [21m[0m] -----------------------------------------------------------------
[[93m[1m WARNING [21m[0m] Keep producing negative values! Clipping negative solutions and moving on!
[[93m[1m WARNING [21m[0m] Element conservation is violated too large
[[93m[1m WARNING [21m[0m] at step: 430
[[93m[1m WARNING [21m[0m] -----------------------------------------------------------------
[[93m[1m WARNING [21m[0m] Element conservation is violated too large
[[93m[1m WARNING [21m[0m] at step: 430
[[93m[1m WARNING [21m[0m] -----------------------------------------------------------------
[[93m[1m WARNING [21m[0m] Element conservation is violated too large
[[93m[1m WARNING [21m[0m] at step: 430
[[93m[1m WARNING [21m[0m] -----------------------------------------------------------------
[[93m[1m WARNING [21m[0m] Element conservation is violated too large
[[93m[1m WARNING [21m[0m] at step: 430
[[93m[1m WARNING [21m[0m] -----------------------------------------------------------------
[[93m[1m WARNING [21m[0m] Element conservation is violated too large
[[93m[1m WARNING [21m[0m] at step: 430
[[93m[1m WARNING [21m[0m] -----------------------------------------------------------------
[[93m[1m WARNING [21m[0m] Keep producing negative values! Clipping negative solutions and moving on!
[[93m[1m WARNING [21m[0m] Element conservation is violated too large
[[93m[1m WARNING [21m[0m] at step: 435
[[93m[1m WARNING [21m[0m] -----------------------------------------------------------------
[[93m[1m WARNING [21m[0m] Element conservation is violated too large
[[93m[1m WARNING [21m[0m] at step: 435
[[93m[1m WARNING [21m[0m] -----------------------------------------------------------------
[[93m[1m WARNING [21m[0m] Element conservation is violated too large
[[93m[1m WARNING [21m[0m] at step: 435
[[93m[1m WARNING [21m[0m] -----------------------------------------------------------------
[[93m[1m WARNING [21m[0m] Element conservation is violated too large
[[93m[1m WARNING [21m[0m] at step: 435
[[93m[1m WARNING [21m[0m] -----------------------------------------------------------------
[[93m[1m WARNING [21m[0m] Element conservation is violated too large
[[93m[1m WARNING [21m[0m] at step: 435
[[93m[1m WARNING [21m[0m] -----------------------------------------------------------------
[[93m[1m WARNING [21m[0m] Keep producing negative values! Clipping negative solutions and moving on!
[[93m[1m WARNING [21m[0m] Element conservation is violated too large
[[93m[1m WARNING [21m[0m] at step: 440
[[93m[1m WARNING [21m[0m] -----------------------------------------------------------------
[[93m[1m WARNING [21m[0m] Element conservation is violated too large
[[93m[1m WARNING [21m[0m] at step: 440
[[93m[1m WARNING [21m[0m] -----------------------------------------------------------------
[[93m[1m WARNING [21m[0m] Element conservation is violated too large
[[93m[1m WARNING [21m[0m] at step: 440
[[93m[1m WARNING [21m[0m] -----------------------------------------------------------------
[[93m[1m WARNING [21m[0m] Element conservation is violated too large
[[93m[1m WARNING [21m[0m] at step: 440
[[93m[1m WARNING [21m[0m] -----------------------------------------------------------------
[[93m[1m WARNING [21m[0m] Element conservation is violated too large
[[93m[1m WARNING [21m[0m] at step: 440
[[93m[1m WARNING [21m[0m] -----------------------------------------------------------------
[[93m[1m WARNING [21m[0m] Keep producing negative values! Clipping negative solutions and moving on!
[[93m[1m WARNING [21m[0m] Element conservation is violated too large
[[93m[1m WARNING [21m[0m] at step: 445
[[93m[1m WARNING [21m[0m] -----------------------------------------------------------------
[[93m[1m WARNING [21m[0m] Element conservation is violated too large
[[93m[1m WARNING [21m[0m] at step: 445
[[93m[1m WARNING [21m[0m] -----------------------------------------------------------------
[[93m[1m WARNING [21m[0m] Element conservation is violated too large
[[93m[1m WARNING [21m[0m] at step: 445
[[93m[1m WARNING [21m[0m] -----------------------------------------------------------------
[[93m[1m WARNING [21m[0m] Element conservation is violated too large
[[93m[1m WARNING [21m[0m] at step: 445
[[93m[1m WARNING [21m[0m] -----------------------------------------------------------------
[[93m[1m WARNING [21m[0m] Element conservation is violated too large
[[93m[1m WARNING [21m[0m] at step: 445
[[93m[1m WARNING [21m[0m] -----------------------------------------------------------------
[[93m[1m WARNING [21m[0m] Keep producing negative values! Clipping negative solutions and moving on!
[[93m[1m WARNING [21m[0m] Element conservation is violated too large
[[93m[1m WARNING [21m[0m] at step: 450
[[93m[1m WARNING [21m[0m] -----------------------------------------------------------------
[[93m[1m WARNING [21m[0m] Element conservation is violated too large
[[93m[1m WARNING [21m[0m] at step: 450
[[93m[1m WARNING [21m[0m] -----------------------------------------------------------------
[[93m[1m WARNING [21m[0m] Element conservation is violated too large
[[93m[1m WARNING [21m[0m] at step: 450
[[93m[1m WARNING [21m[0m] -----------------------------------------------------------------
[[93m[1m WARNING [21m[0m] Element conservation is violated too large
[[93m[1m WARNING [21m[0m] at step: 450
[[93m[1m WARNING [21m[0m] -----------------------------------------------------------------
[[93m[1m WARNING [21m[0m] Element conservation is violated too large
[[93m[1m WARNING [21m[0m] at step: 450
[[93m[1m WARNING [21m[0m] -----------------------------------------------------------------
[[93m[1m WARNING [21m[0m] Keep producing negative values! Clipping negative solutions and moving on!
[[93m[1m WARNING [21m[0m] Element conservation is violated too large
[[93m[1m WARNING [21m[0m] at step: 455
[[93m[1m WARNING [21m[0m] -----------------------------------------------------------------
[[93m[1m WARNING [21m[0m] Element conservation is violated too large
[[93m[1m WARNING [21m[0m] at step: 455
[[93m[1m WARNING [21m[0m] -----------------------------------------------------------------
[[93m[1m WARNING [21m[0m] Element conservation is violated too large
[[93m[1m WARNING [21m[0m] at step: 455
[[93m[1m WARNING [21m[0m] -----------------------------------------------------------------
[[93m[1m WARNING [21m[0m] Element conservation is violated too large
[[93m[1m WARNING [21m[0m] at step: 455
[[93m[1m WARNING [21m[0m] -----------------------------------------------------------------
[[93m[1m WARNING [21m[0m] Element conservation is violated too large
[[93m[1m WARNING [21m[0m] at step: 455
[[93m[1m WARNING [21m[0m] -----------------------------------------------------------------
[[93m[1m WARNING [21m[0m] Keep producing negative values! Clipping negative solutions and moving on!
[[93m[1m WARNING [21m[0m] Element conservation is violated too large
[[93m[1m WARNING [21m[0m] at step: 460
[[93m[1m WARNING [21m[0m] -----------------------------------------------------------------
[[93m[1m WARNING [21m[0m] Element conservation is violated too large
[[93m[1m WARNING [21m[0m] at step: 460
[[93m[1m WARNING [21m[0m] -----------------------------------------------------------------
[[93m[1m WARNING [21m[0m] Element conservation is violated too large
[[93m[1m WARNING [21m[0m] at step: 460
[[93m[1m WARNING [21m[0m] -----------------------------------------------------------------
[[93m[1m WARNING [21m[0m] Element conservation is violated too large
[[93m[1m WARNING [21m[0m] at step: 460
[[93m[1m WARNING [21m[0m] -----------------------------------------------------------------
[[93m[1m WARNING [21m[0m] Element conservation is violated too large
[[93m[1m WARNING [21m[0m] at step: 460
[[93m[1m WARNING [21m[0m] -----------------------------------------------------------------
[[93m[1m WARNING [21m[0m] Element conservation is violated too large
[[93m[1m WARNING [21m[0m] at step: 460
[[93m[1m WARNING [21m[0m] -----------------------------------------------------------------
[[93m[1m WARNING [21m[0m] Keep producing negative values! Clipping negative solutions and moving on!
[[93m[1m WARNING [21m[0m] Element conservation is violated too large
[[93m[1m WARNING [21m[0m] at step: 465
[[93m[1m WARNING [21m[0m] -----------------------------------------------------------------
[[93m[1m WARNING [21m[0m] Element conservation is violated too large
[[93m[1m WARNING [21m[0m] at step: 465
[[93m[1m WARNING [21m[0m] -----------------------------------------------------------------
[[93m[1m WARNING [21m[0m] Element conservation is violated too large
[[93m[1m WARNING [21m[0m] at step: 465
[[93m[1m WARNING [21m[0m] -----------------------------------------------------------------
[[93m[1m WARNING [21m[0m] Element conservation is violated too large
[[93m[1m WARNING [21m[0m] at step: 465
[[93m[1m WARNING [21m[0m] -----------------------------------------------------------------
[[93m[1m WARNING [21m[0m] Element conservation is violated too large
[[93m[1m WARNING [21m[0m] at step: 465
[[93m[1m WARNING [21m[0m] -----------------------------------------------------------------
[[93m[1m WARNING [21m[0m] Element conservation is violated too large
[[93m[1m WARNING [21m[0m] at step: 465
[[93m[1m WARNING [21m[0m] -----------------------------------------------------------------
[[93m[1m WARNING [21m[0m] Keep producing negative values! Clipping negative solutions and moving on!
[[93m[1m WARNING [21m[0m] Element conservation is violated too large
[[93m[1m WARNING [21m[0m] at step: 470
[[93m[1m WARNING [21m[0m] -----------------------------------------------------------------
[[93m[1m WARNING [21m[0m] Element conservation is violated too large
[[93m[1m WARNING [21m[0m] at step: 470
[[93m[1m WARNING [21m[0m] -----------------------------------------------------------------
[[93m[1m WARNING [21m[0m] Element conservation is violated too large
[[93m[1m WARNING [21m[0m] at step: 470
[[93m[1m WARNING [21m[0m] -----------------------------------------------------------------
[[93m[1m WARNING [21m[0m] Element conservation is violated too large
[[93m[1m WARNING [21m[0m] at step: 470
[[93m[1m WARNING [21m[0m] -----------------------------------------------------------------
[[93m[1m WARNING [21m[0m] Element conservation is violated too large
[[93m[1m WARNING [21m[0m] at step: 470
[[93m[1m WARNING [21m[0m] -----------------------------------------------------------------
[[93m[1m WARNING [21m[0m] Element conservation is violated too large
[[93m[1m WARNING [21m[0m] at step: 470
[[93m[1m WARNING [21m[0m] -----------------------------------------------------------------
[[93m[1m WARNING [21m[0m] Keep producing negative values! Clipping negative solutions and moving on!
[[93m[1m WARNING [21m[0m] Element conservation is violated too large
[[93m[1m WARNING [21m[0m] at step: 476
[[93m[1m WARNING [21m[0m] -----------------------------------------------------------------
[[93m[1m WARNING [21m[0m] Element conservation is violated too large
[[93m[1m WARNING [21m[0m] at step: 476
[[93m[1m WARNING [21m[0m] -----------------------------------------------------------------
[[93m[1m WARNING [21m[0m] Element conservation is violated too large
[[93m[1m WARNING [21m[0m] at step: 476
[[93m[1m WARNING [21m[0m] -----------------------------------------------------------------
[[93m[1m WARNING [21m[0m] Element conservation is violated too large
[[93m[1m WARNING [21m[0m] at step: 476
[[93m[1m WARNING [21m[0m] -----------------------------------------------------------------
[[93m[1m WARNING [21m[0m] Element conservation is violated too large
[[93m[1m WARNING [21m[0m] at step: 476
[[93m[1m WARNING [21m[0m] -----------------------------------------------------------------
[[93m[1m WARNING [21m[0m] Element conservation is violated too large
[[93m[1m WARNING [21m[0m] at step: 476
[[93m[1m WARNING [21m[0m] -----------------------------------------------------------------
[[93m[1m WARNING [21m[0m] Keep producing negative values! Clipping negative solutions and moving on!
[[93m[1m WARNING [21m[0m] Element conservation is violated too large
[[93m[1m WARNING [21m[0m] at step: 482
[[93m[1m WARNING [21m[0m] -----------------------------------------------------------------
[[93m[1m WARNING [21m[0m] Element conservation is violated too large
[[93m[1m WARNING [21m[0m] at step: 482
[[93m[1m WARNING [21m[0m] -----------------------------------------------------------------
[[93m[1m WARNING [21m[0m] Element conservation is violated too large
[[93m[1m WARNING [21m[0m] at step: 482
[[93m[1m WARNING [21m[0m] -----------------------------------------------------------------
[[93m[1m WARNING [21m[0m] Element conservation is violated too large
[[93m[1m WARNING [21m[0m] at step: 482
[[93m[1m WARNING [21m[0m] -----------------------------------------------------------------
[[93m[1m WARNING [21m[0m] Element conservation is violated too large
[[93m[1m WARNING [21m[0m] at step: 482
[[93m[1m WARNING [21m[0m] -----------------------------------------------------------------
[[93m[1m WARNING [21m[0m] Element conservation is violated too large
[[93m[1m WARNING [21m[0m] at step: 482
[[93m[1m WARNING [21m[0m] -----------------------------------------------------------------
[[93m[1m WARNING [21m[0m] Keep producing negative values! Clipping negative solutions and moving on!
[[93m[1m WARNING [21m[0m] Element conservation is violated too large
[[93m[1m WARNING [21m[0m] at step: 488
[[93m[1m WARNING [21m[0m] -----------------------------------------------------------------
[[93m[1m WARNING [21m[0m] Element conservation is violated too large
[[93m[1m WARNING [21m[0m] at step: 488
[[93m[1m WARNING [21m[0m] -----------------------------------------------------------------
[[93m[1m WARNING [21m[0m] Element conservation is violated too large
[[93m[1m WARNING [21m[0m] at step: 488
[[93m[1m WARNING [21m[0m] -----------------------------------------------------------------
[[93m[1m WARNING [21m[0m] Element conservation is violated too large
[[93m[1m WARNING [21m[0m] at step: 488
[[93m[1m WARNING [21m[0m] -----------------------------------------------------------------
[[93m[1m WARNING [21m[0m] Element conservation is violated too large
[[93m[1m WARNING [21m[0m] at step: 488
[[93m[1m WARNING [21m[0m] -----------------------------------------------------------------
[[93m[1m WARNING [21m[0m] Element conservation is violated too large
[[93m[1m WARNING [21m[0m] at step: 488
[[93m[1m WARNING [21m[0m] -----------------------------------------------------------------
[[93m[1m WARNING [21m[0m] Keep producing negative values! Clipping negative solutions and moving on!
[[93m[1m WARNING [21m[0m] Element conservation is violated too large
[[93m[1m WARNING [21m[0m] at step: 494
[[93m[1m WARNING [21m[0m] -----------------------------------------------------------------
[[93m[1m WARNING [21m[0m] Element conservation is violated too large
[[93m[1m WARNING [21m[0m] at step: 494
[[93m[1m WARNING [21m[0m] -----------------------------------------------------------------
[[93m[1m WARNING [21m[0m] Element conservation is violated too large
[[93m[1m WARNING [21m[0m] at step: 494
[[93m[1m WARNING [21m[0m] -----------------------------------------------------------------
[[93m[1m WARNING [21m[0m] Element conservation is violated too large
[[93m[1m WARNING [21m[0m] at step: 494
[[93m[1m WARNING [21m[0m] -----------------------------------------------------------------
[[93m[1m WARNING [21m[0m] Element conservation is violated too large
[[93m[1m WARNING [21m[0m] at step: 494
[[93m[1m WARNING [21m[0m] -----------------------------------------------------------------
[[93m[1m WARNING [21m[0m] Element conservation is violated too large
[[93m[1m WARNING [21m[0m] at step: 494
[[93m[1m WARNING [21m[0m] -----------------------------------------------------------------
[[93m[1m WARNING [21m[0m] Keep producing negative values! Clipping negative solutions and moving on!
[[32m[1m INFO  [21m[0m] Elapsed time: 2.30e-05 || Step number: 500/30000
[[32m[1m INFO  [21m[0m] longdy = 1.00e+00      || longdy/dt = 1.00e+00  || dt = 4.51e-07
[[32m[1m INFO  [21m[0m] from nz = 0 and OH
[[32m[1m INFO  [21m[0m] -----------------------------------------------------------------
[[93m[1m WARNING [21m[0m] Element conservation is violated too large
[[93m[1m WARNING [21m[0m] at step: 500
[[93m[1m WARNING [21m[0m] -----------------------------------------------------------------
[[93m[1m WARNING [21m[0m] Element conservation is violated too large
[[93m[1m WARNING [21m[0m] at step: 500
[[93m[1m WARNING [21m[0m] -----------------------------------------------------------------
[[93m[1m WARNING [21m[0m] Element conservation is violated too large
[[93m[1m WARNING [21m[0m] at step: 500
[[93m[1m WARNING [21m[0m] -----------------------------------------------------------------
[[93m[1m WARNING [21m[0m] Element conservation is violated too large
[[93m[1m WARNING [21m[0m] at step: 500
[[93m[1m WARNING [21m[0m] -----------------------------------------------------------------
[[93m[1m WARNING [21m[0m] Element conservation is violated too large
[[93m[1m WARNING [21m[0m] at step: 500
[[93m[1m WARNING [21m[0m] -----------------------------------------------------------------
[[93m[1m WARNING [21m[0m] Element conservation is violated too large
[[93m[1m WARNING [21m[0m] at step: 500
[[93m[1m WARNING [21m[0m] -----------------------------------------------------------------
[[93m[1m WARNING [21m[0m] Keep producing negative values! Clipping negative solutions and moving on!
[[93m[1m WARNING [21m[0m] Element conservation is violated too large
[[93m[1m WARNING [21m[0m] at step: 506
[[93m[1m WARNING [21m[0m] -----------------------------------------------------------------
[[93m[1m WARNING [21m[0m] Element conservation is violated too large
[[93m[1m WARNING [21m[0m] at step: 506
[[93m[1m WARNING [21m[0m] -----------------------------------------------------------------
[[93m[1m WARNING [21m[0m] Element conservation is violated too large
[[93m[1m WARNING [21m[0m] at step: 506
[[93m[1m WARNING [21m[0m] -----------------------------------------------------------------
[[93m[1m WARNING [21m[0m] Element conservation is violated too large
[[93m[1m WARNING [21m[0m] at step: 506
[[93m[1m WARNING [21m[0m] -----------------------------------------------------------------
[[93m[1m WARNING [21m[0m] Element conservation is violated too large
[[93m[1m WARNING [21m[0m] at step: 506
[[93m[1m WARNING [21m[0m] -----------------------------------------------------------------
[[93m[1m WARNING [21m[0m] Element conservation is violated too large
[[93m[1m WARNING [21m[0m] at step: 506
[[93m[1m WARNING [21m[0m] -----------------------------------------------------------------
[[93m[1m WARNING [21m[0m] Keep producing negative values! Clipping negative solutions and moving on!
[[93m[1m WARNING [21m[0m] Element conservation is violated too large
[[93m[1m WARNING [21m[0m] at step: 512
[[93m[1m WARNING [21m[0m] -----------------------------------------------------------------
[[93m[1m WARNING [21m[0m] Element conservation is violated too large
[[93m[1m WARNING [21m[0m] at step: 512
[[93m[1m WARNING [21m[0m] -----------------------------------------------------------------
[[93m[1m WARNING [21m[0m] Element conservation is violated too large
[[93m[1m WARNING [21m[0m] at step: 512
[[93m[1m WARNING [21m[0m] -----------------------------------------------------------------
[[93m[1m WARNING [21m[0m] Element conservation is violated too large
[[93m[1m WARNING [21m[0m] at step: 512
[[93m[1m WARNING [21m[0m] -----------------------------------------------------------------
[[93m[1m WARNING [21m[0m] Element conservation is violated too large
[[93m[1m WARNING [21m[0m] at step: 512
[[93m[1m WARNING [21m[0m] -----------------------------------------------------------------
[[93m[1m WARNING [21m[0m] Element conservation is violated too large
[[93m[1m WARNING [21m[0m] at step: 512
[[93m[1m WARNING [21m[0m] -----------------------------------------------------------------
[[93m[1m WARNING [21m[0m] Keep producing negative values! Clipping negative solutions and moving on!
[[93m[1m WARNING [21m[0m] Element conservation is violated too large
[[93m[1m WARNING [21m[0m] at step: 518
[[93m[1m WARNING [21m[0m] -----------------------------------------------------------------
[[93m[1m WARNING [21m[0m] Element conservation is violated too large
[[93m[1m WARNING [21m[0m] at step: 518
[[93m[1m WARNING [21m[0m] -----------------------------------------------------------------
[[93m[1m WARNING [21m[0m] Element conservation is violated too large
[[93m[1m WARNING [21m[0m] at step: 518
[[93m[1m WARNING [21m[0m] -----------------------------------------------------------------
[[93m[1m WARNING [21m[0m] Element conservation is violated too large
[[93m[1m WARNING [21m[0m] at step: 518
[[93m[1m WARNING [21m[0m] -----------------------------------------------------------------
[[93m[1m WARNING [21m[0m] Element conservation is violated too large
[[93m[1m WARNING [21m[0m] at step: 518
[[93m[1m WARNING [21m[0m] -----------------------------------------------------------------
[[93m[1m WARNING [21m[0m] Element conservation is violated too large
[[93m[1m WARNING [21m[0m] at step: 518
[[93m[1m WARNING [21m[0m] -----------------------------------------------------------------
[[93m[1m WARNING [21m[0m] Keep producing negative values! Clipping negative solutions and moving on!
[[93m[1m WARNING [21m[0m] Element conservation is violated too large
[[93m[1m WARNING [21m[0m] at step: 524
[[93m[1m WARNING [21m[0m] -----------------------------------------------------------------
[[93m[1m WARNING [21m[0m] Element conservation is violated too large
[[93m[1m WARNING [21m[0m] at step: 524
[[93m[1m WARNING [21m[0m] -----------------------------------------------------------------
[[93m[1m WARNING [21m[0m] Element conservation is violated too large
[[93m[1m WARNING [21m[0m] at step: 524
[[93m[1m WARNING [21m[0m] -----------------------------------------------------------------
[[93m[1m WARNING [21m[0m] Element conservation is violated too large
[[93m[1m WARNING [21m[0m] at step: 524
[[93m[1m WARNING [21m[0m] -----------------------------------------------------------------
[[93m[1m WARNING [21m[0m] Element conservation is violated too large
[[93m[1m WARNING [21m[0m] at step: 524
[[93m[1m WARNING [21m[0m] -----------------------------------------------------------------
[[93m[1m WARNING [21m[0m] Element conservation is violated too large
[[93m[1m WARNING [21m[0m] at step: 524
[[93m[1m WARNING [21m[0m] -----------------------------------------------------------------
[[93m[1m WARNING [21m[0m] Keep producing negative values! Clipping negative solutions and moving on!
[[93m[1m WARNING [21m[0m] Element conservation is violated too large
[[93m[1m WARNING [21m[0m] at step: 530
[[93m[1m WARNING [21m[0m] -----------------------------------------------------------------
[[93m[1m WARNING [21m[0m] Element conservation is violated too large
[[93m[1m WARNING [21m[0m] at step: 530
[[93m[1m WARNING [21m[0m] -----------------------------------------------------------------
[[93m[1m WARNING [21m[0m] Element conservation is violated too large
[[93m[1m WARNING [21m[0m] at step: 530
[[93m[1m WARNING [21m[0m] -----------------------------------------------------------------
[[93m[1m WARNING [21m[0m] Element conservation is violated too large
[[93m[1m WARNING [21m[0m] at step: 530
[[93m[1m WARNING [21m[0m] -----------------------------------------------------------------
[[93m[1m WARNING [21m[0m] Element conservation is violated too large
[[93m[1m WARNING [21m[0m] at step: 530
[[93m[1m WARNING [21m[0m] -----------------------------------------------------------------
[[93m[1m WARNING [21m[0m] Element conservation is violated too large
[[93m[1m WARNING [21m[0m] at step: 530
[[93m[1m WARNING [21m[0m] -----------------------------------------------------------------
[[93m[1m WARNING [21m[0m] Keep producing negative values! Clipping negative solutions and moving on!
[[93m[1m WARNING [21m[0m] Element conservation is violated too large
[[93m[1m WARNING [21m[0m] at step: 536
[[93m[1m WARNING [21m[0m] -----------------------------------------------------------------
[[93m[1m WARNING [21m[0m] Element conservation is violated too large
[[93m[1m WARNING [21m[0m] at step: 536
[[93m[1m WARNING [21m[0m] -----------------------------------------------------------------
[[93m[1m WARNING [21m[0m] Element conservation is violated too large
[[93m[1m WARNING [21m[0m] at step: 536
[[93m[1m WARNING [21m[0m] -----------------------------------------------------------------
[[93m[1m WARNING [21m[0m] Element conservation is violated too large
[[93m[1m WARNING [21m[0m] at step: 536
[[93m[1m WARNING [21m[0m] -----------------------------------------------------------------
[[93m[1m WARNING [21m[0m] Element conservation is violated too large
[[93m[1m WARNING [21m[0m] at step: 536
[[93m[1m WARNING [21m[0m] -----------------------------------------------------------------
[[93m[1m WARNING [21m[0m] Element conservation is violated too large
[[93m[1m WARNING [21m[0m] at step: 536
[[93m[1m WARNING [21m[0m] -----------------------------------------------------------------
[[93m[1m WARNING [21m[0m] Keep producing negative values! Clipping negative solutions and moving on!
[[93m[1m WARNING [21m[0m] Element conservation is violated too large
[[93m[1m WARNING [21m[0m] at step: 542
[[93m[1m WARNING [21m[0m] -----------------------------------------------------------------
[[93m[1m WARNING [21m[0m] Element conservation is violated too large
[[93m[1m WARNING [21m[0m] at step: 542
[[93m[1m WARNING [21m[0m] -----------------------------------------------------------------
[[93m[1m WARNING [21m[0m] Element conservation is violated too large
[[93m[1m WARNING [21m[0m] at step: 542
[[93m[1m WARNING [21m[0m] -----------------------------------------------------------------
[[93m[1m WARNING [21m[0m] Element conservation is violated too large
[[93m[1m WARNING [21m[0m] at step: 542
[[93m[1m WARNING [21m[0m] -----------------------------------------------------------------
[[93m[1m WARNING [21m[0m] Element conservation is violated too large
[[93m[1m WARNING [21m[0m] at step: 542
[[93m[1m WARNING [21m[0m] -----------------------------------------------------------------
[[93m[1m WARNING [21m[0m] Element conservation is violated too large
[[93m[1m WARNING [21m[0m] at step: 542
[[93m[1m WARNING [21m[0m] -----------------------------------------------------------------
[[93m[1m WARNING [21m[0m] Keep producing negative values! Clipping negative solutions and moving on!
[[93m[1m WARNING [21m[0m] Element conservation is violated too large
[[93m[1m WARNING [21m[0m] at step: 548
[[93m[1m WARNING [21m[0m] -----------------------------------------------------------------
[[93m[1m WARNING [21m[0m] Element conservation is violated too large
[[93m[1m WARNING [21m[0m] at step: 548
[[93m[1m WARNING [21m[0m] -----------------------------------------------------------------
[[93m[1m WARNING [21m[0m] Element conservation is violated too large
[[93m[1m WARNING [21m[0m] at step: 548
[[93m[1m WARNING [21m[0m] -----------------------------------------------------------------
[[93m[1m WARNING [21m[0m] Element conservation is violated too large
[[93m[1m WARNING [21m[0m] at step: 548
[[93m[1m WARNING [21m[0m] -----------------------------------------------------------------
[[93m[1m WARNING [21m[0m] Element conservation is violated too large
[[93m[1m WARNING [21m[0m] at step: 548
[[93m[1m WARNING [21m[0m] -----------------------------------------------------------------
[[93m[1m WARNING [21m[0m] Element conservation is violated too large
[[93m[1m WARNING [21m[0m] at step: 548
[[93m[1m WARNING [21m[0m] -----------------------------------------------------------------
[[93m[1m WARNING [21m[0m] Keep producing negative values! Clipping negative solutions and moving on!
[[93m[1m WARNING [21m[0m] Element conservation is violated too large
[[93m[1m WARNING [21m[0m] at step: 554
[[93m[1m WARNING [21m[0m] -----------------------------------------------------------------
[[93m[1m WARNING [21m[0m] Element conservation is violated too large
[[93m[1m WARNING [21m[0m] at step: 554
[[93m[1m WARNING [21m[0m] -----------------------------------------------------------------
[[93m[1m WARNING [21m[0m] Element conservation is violated too large
[[93m[1m WARNING [21m[0m] at step: 554
[[93m[1m WARNING [21m[0m] -----------------------------------------------------------------
[[93m[1m WARNING [21m[0m] Element conservation is violated too large
[[93m[1m WARNING [21m[0m] at step: 554
[[93m[1m WARNING [21m[0m] -----------------------------------------------------------------
[[93m[1m WARNING [21m[0m] Element conservation is violated too large
[[93m[1m WARNING [21m[0m] at step: 554
[[93m[1m WARNING [21m[0m] -----------------------------------------------------------------
[[93m[1m WARNING [21m[0m] Element conservation is violated too large
[[93m[1m WARNING [21m[0m] at step: 554
[[93m[1m WARNING [21m[0m] -----------------------------------------------------------------
[[93m[1m WARNING [21m[0m] Keep producing negative values! Clipping negative solutions and moving on!
[[93m[1m WARNING [21m[0m] Element conservation is violated too large
[[93m[1m WARNING [21m[0m] at step: 560
[[93m[1m WARNING [21m[0m] -----------------------------------------------------------------
[[93m[1m WARNING [21m[0m] Element conservation is violated too large
[[93m[1m WARNING [21m[0m] at step: 560
[[93m[1m WARNING [21m[0m] -----------------------------------------------------------------
[[93m[1m WARNING [21m[0m] Element conservation is violated too large
[[93m[1m WARNING [21m[0m] at step: 560
[[93m[1m WARNING [21m[0m] -----------------------------------------------------------------
[[93m[1m WARNING [21m[0m] Element conservation is violated too large
[[93m[1m WARNING [21m[0m] at step: 560
[[93m[1m WARNING [21m[0m] -----------------------------------------------------------------
[[93m[1m WARNING [21m[0m] Element conservation is violated too large
[[93m[1m WARNING [21m[0m] at step: 560
[[93m[1m WARNING [21m[0m] -----------------------------------------------------------------
[[93m[1m WARNING [21m[0m] Element conservation is violated too large
[[93m[1m WARNING [21m[0m] at step: 560
[[93m[1m WARNING [21m[0m] -----------------------------------------------------------------
[[93m[1m WARNING [21m[0m] Keep producing negative values! Clipping negative solutions and moving on!
[[93m[1m WARNING [21m[0m] Element conservation is violated too large
[[93m[1m WARNING [21m[0m] at step: 566
[[93m[1m WARNING [21m[0m] -----------------------------------------------------------------
[[93m[1m WARNING [21m[0m] Element conservation is violated too large
[[93m[1m WARNING [21m[0m] at step: 566
[[93m[1m WARNING [21m[0m] -----------------------------------------------------------------
[[93m[1m WARNING [21m[0m] Element conservation is violated too large
[[93m[1m WARNING [21m[0m] at step: 566
[[93m[1m WARNING [21m[0m] -----------------------------------------------------------------
[[93m[1m WARNING [21m[0m] Element conservation is violated too large
[[93m[1m WARNING [21m[0m] at step: 566
[[93m[1m WARNING [21m[0m] -----------------------------------------------------------------
[[93m[1m WARNING [21m[0m] Element conservation is violated too large
[[93m[1m WARNING [21m[0m] at step: 566
[[93m[1m WARNING [21m[0m] -----------------------------------------------------------------
[[93m[1m WARNING [21m[0m] Element conservation is violated too large
[[93m[1m WARNING [21m[0m] at step: 566
[[93m[1m WARNING [21m[0m] -----------------------------------------------------------------
[[93m[1m WARNING [21m[0m] Keep producing negative values! Clipping negative solutions and moving on!
[[93m[1m WARNING [21m[0m] Element conservation is violated too large
[[93m[1m WARNING [21m[0m] at step: 572
[[93m[1m WARNING [21m[0m] -----------------------------------------------------------------
[[93m[1m WARNING [21m[0m] Element conservation is violated too large
[[93m[1m WARNING [21m[0m] at step: 572
[[93m[1m WARNING [21m[0m] -----------------------------------------------------------------
[[93m[1m WARNING [21m[0m] Element conservation is violated too large
[[93m[1m WARNING [21m[0m] at step: 572
[[93m[1m WARNING [21m[0m] -----------------------------------------------------------------
[[93m[1m WARNING [21m[0m] Element conservation is violated too large
[[93m[1m WARNING [21m[0m] at step: 572
[[93m[1m WARNING [21m[0m] -----------------------------------------------------------------
[[93m[1m WARNING [21m[0m] Element conservation is violated too large
[[93m[1m WARNING [21m[0m] at step: 572
[[93m[1m WARNING [21m[0m] -----------------------------------------------------------------
[[93m[1m WARNING [21m[0m] Element conservation is violated too large
[[93m[1m WARNING [21m[0m] at step: 572
[[93m[1m WARNING [21m[0m] -----------------------------------------------------------------
[[93m[1m WARNING [21m[0m] Keep producing negative values! Clipping negative solutions and moving on!
[[93m[1m WARNING [21m[0m] Element conservation is violated too large
[[93m[1m WARNING [21m[0m] at step: 578
[[93m[1m WARNING [21m[0m] -----------------------------------------------------------------
[[93m[1m WARNING [21m[0m] Element conservation is violated too large
[[93m[1m WARNING [21m[0m] at step: 578
[[93m[1m WARNING [21m[0m] -----------------------------------------------------------------
[[93m[1m WARNING [21m[0m] Element conservation is violated too large
[[93m[1m WARNING [21m[0m] at step: 578
[[93m[1m WARNING [21m[0m] -----------------------------------------------------------------
[[93m[1m WARNING [21m[0m] Element conservation is violated too large
[[93m[1m WARNING [21m[0m] at step: 578
[[93m[1m WARNING [21m[0m] -----------------------------------------------------------------
[[93m[1m WARNING [21m[0m] Element conservation is violated too large
[[93m[1m WARNING [21m[0m] at step: 578
[[93m[1m WARNING [21m[0m] -----------------------------------------------------------------
[[93m[1m WARNING [21m[0m] Element conservation is violated too large
[[93m[1m WARNING [21m[0m] at step: 578
[[93m[1m WARNING [21m[0m] -----------------------------------------------------------------
[[93m[1m WARNING [21m[0m] Keep producing negative values! Clipping negative solutions and moving on!
[[93m[1m WARNING [21m[0m] Element conservation is violated too large
[[93m[1m WARNING [21m[0m] at step: 584
[[93m[1m WARNING [21m[0m] -----------------------------------------------------------------
[[93m[1m WARNING [21m[0m] Element conservation is violated too large
[[93m[1m WARNING [21m[0m] at step: 584
[[93m[1m WARNING [21m[0m] -----------------------------------------------------------------
[[93m[1m WARNING [21m[0m] Element conservation is violated too large
[[93m[1m WARNING [21m[0m] at step: 584
[[93m[1m WARNING [21m[0m] -----------------------------------------------------------------
[[93m[1m WARNING [21m[0m] Element conservation is violated too large
[[93m[1m WARNING [21m[0m] at step: 584
[[93m[1m WARNING [21m[0m] -----------------------------------------------------------------
[[93m[1m WARNING [21m[0m] Element conservation is violated too large
[[93m[1m WARNING [21m[0m] at step: 584
[[93m[1m WARNING [21m[0m] -----------------------------------------------------------------
[[93m[1m WARNING [21m[0m] Element conservation is violated too large
[[93m[1m WARNING [21m[0m] at step: 584
[[93m[1m WARNING [21m[0m] -----------------------------------------------------------------
[[93m[1m WARNING [21m[0m] Element conservation is violated too large
[[93m[1m WARNING [21m[0m] at step: 584
[[93m[1m WARNING [21m[0m] -----------------------------------------------------------------
[[93m[1m WARNING [21m[0m] Keep producing negative values! Clipping negative solutions and moving on!
[[93m[1m WARNING [21m[0m] Element conservation is violated too large
[[93m[1m WARNING [21m[0m] at step: 590
[[93m[1m WARNING [21m[0m] -----------------------------------------------------------------
[[93m[1m WARNING [21m[0m] Element conservation is violated too large
[[93m[1m WARNING [21m[0m] at step: 590
[[93m[1m WARNING [21m[0m] -----------------------------------------------------------------
[[93m[1m WARNING [21m[0m] Element conservation is violated too large
[[93m[1m WARNING [21m[0m] at step: 590
[[93m[1m WARNING [21m[0m] -----------------------------------------------------------------
[[93m[1m WARNING [21m[0m] Element conservation is violated too large
[[93m[1m WARNING [21m[0m] at step: 590
[[93m[1m WARNING [21m[0m] -----------------------------------------------------------------
[[93m[1m WARNING [21m[0m] Element conservation is violated too large
[[93m[1m WARNING [21m[0m] at step: 590
[[93m[1m WARNING [21m[0m] -----------------------------------------------------------------
[[93m[1m WARNING [21m[0m] Element conservation is violated too large
[[93m[1m WARNING [21m[0m] at step: 590
[[93m[1m WARNING [21m[0m] -----------------------------------------------------------------
[[93m[1m WARNING [21m[0m] Element conservation is violated too large
[[93m[1m WARNING [21m[0m] at step: 590
[[93m[1m WARNING [21m[0m] -----------------------------------------------------------------
[[93m[1m WARNING [21m[0m] Keep producing negative values! Clipping negative solutions and moving on!
[[93m[1m WARNING [21m[0m] Element conservation is violated too large
[[93m[1m WARNING [21m[0m] at step: 596
[[93m[1m WARNING [21m[0m] -----------------------------------------------------------------
[[93m[1m WARNING [21m[0m] Element conservation is violated too large
[[93m[1m WARNING [21m[0m] at step: 596
[[93m[1m WARNING [21m[0m] -----------------------------------------------------------------
[[93m[1m WARNING [21m[0m] Element conservation is violated too large
[[93m[1m WARNING [21m[0m] at step: 596
[[93m[1m WARNING [21m[0m] -----------------------------------------------------------------
[[93m[1m WARNING [21m[0m] Element conservation is violated too large
[[93m[1m WARNING [21m[0m] at step: 596
[[93m[1m WARNING [21m[0m] -----------------------------------------------------------------
[[93m[1m WARNING [21m[0m] Element conservation is violated too large
[[93m[1m WARNING [21m[0m] at step: 596
[[93m[1m WARNING [21m[0m] -----------------------------------------------------------------
[[93m[1m WARNING [21m[0m] Element conservation is violated too large
[[93m[1m WARNING [21m[0m] at step: 596
[[93m[1m WARNING [21m[0m] -----------------------------------------------------------------
[[93m[1m WARNING [21m[0m] Element conservation is violated too large
[[93m[1m WARNING [21m[0m] at step: 596
[[93m[1m WARNING [21m[0m] -----------------------------------------------------------------
[[93m[1m WARNING [21m[0m] Keep producing negative values! Clipping negative solutions and moving on!
[[32m[1m INFO  [21m[0m] Elapsed time: 3.32e-05 || Step number: 600/30000
[[32m[1m INFO  [21m[0m] longdy = 1.00e+00      || longdy/dt = 1.00e+00  || dt = 1.60e-07
[[32m[1m INFO  [21m[0m] from nz = 0 and OH
[[32m[1m INFO  [21m[0m] -----------------------------------------------------------------
[[93m[1m WARNING [21m[0m] Element conservation is violated too large
[[93m[1m WARNING [21m[0m] at step: 602
[[93m[1m WARNING [21m[0m] -----------------------------------------------------------------
[[93m[1m WARNING [21m[0m] Element conservation is violated too large
[[93m[1m WARNING [21m[0m] at step: 602
[[93m[1m WARNING [21m[0m] -----------------------------------------------------------------
[[93m[1m WARNING [21m[0m] Element conservation is violated too large
[[93m[1m WARNING [21m[0m] at step: 602
[[93m[1m WARNING [21m[0m] -----------------------------------------------------------------
[[93m[1m WARNING [21m[0m] Element conservation is violated too large
[[93m[1m WARNING [21m[0m] at step: 602
[[93m[1m WARNING [21m[0m] -----------------------------------------------------------------
[[93m[1m WARNING [21m[0m] Element conservation is violated too large
[[93m[1m WARNING [21m[0m] at step: 602
[[93m[1m WARNING [21m[0m] -----------------------------------------------------------------
[[93m[1m WARNING [21m[0m] Element conservation is violated too large
[[93m[1m WARNING [21m[0m] at step: 602
[[93m[1m WARNING [21m[0m] -----------------------------------------------------------------
[[93m[1m WARNING [21m[0m] Element conservation is violated too large
[[93m[1m WARNING [21m[0m] at step: 602
[[93m[1m WARNING [21m[0m] -----------------------------------------------------------------
[[93m[1m WARNING [21m[0m] Keep producing negative values! Clipping negative solutions and moving on!
[[93m[1m WARNING [21m[0m] Element conservation is violated too large
[[93m[1m WARNING [21m[0m] at step: 608
[[93m[1m WARNING [21m[0m] -----------------------------------------------------------------
[[93m[1m WARNING [21m[0m] Element conservation is violated too large
[[93m[1m WARNING [21m[0m] at step: 608
[[93m[1m WARNING [21m[0m] -----------------------------------------------------------------
[[93m[1m WARNING [21m[0m] Element conservation is violated too large
[[93m[1m WARNING [21m[0m] at step: 608
[[93m[1m WARNING [21m[0m] -----------------------------------------------------------------
[[93m[1m WARNING [21m[0m] Element conservation is violated too large
[[93m[1m WARNING [21m[0m] at step: 608
[[93m[1m WARNING [21m[0m] -----------------------------------------------------------------
[[93m[1m WARNING [21m[0m] Element conservation is violated too large
[[93m[1m WARNING [21m[0m] at step: 608
[[93m[1m WARNING [21m[0m] -----------------------------------------------------------------
[[93m[1m WARNING [21m[0m] Element conservation is violated too large
[[93m[1m WARNING [21m[0m] at step: 608
[[93m[1m WARNING [21m[0m] -----------------------------------------------------------------
[[93m[1m WARNING [21m[0m] Element conservation is violated too large
[[93m[1m WARNING [21m[0m] at step: 608
[[93m[1m WARNING [21m[0m] -----------------------------------------------------------------
[[93m[1m WARNING [21m[0m] Keep producing negative values! Clipping negative solutions and moving on!
[[93m[1m WARNING [21m[0m] Element conservation is violated too large
[[93m[1m WARNING [21m[0m] at step: 614
[[93m[1m WARNING [21m[0m] -----------------------------------------------------------------
[[93m[1m WARNING [21m[0m] Element conservation is violated too large
[[93m[1m WARNING [21m[0m] at step: 614
[[93m[1m WARNING [21m[0m] -----------------------------------------------------------------
[[93m[1m WARNING [21m[0m] Element conservation is violated too large
[[93m[1m WARNING [21m[0m] at step: 614
[[93m[1m WARNING [21m[0m] -----------------------------------------------------------------
[[93m[1m WARNING [21m[0m] Element conservation is violated too large
[[93m[1m WARNING [21m[0m] at step: 614
[[93m[1m WARNING [21m[0m] -----------------------------------------------------------------
[[93m[1m WARNING [21m[0m] Element conservation is violated too large
[[93m[1m WARNING [21m[0m] at step: 614
[[93m[1m WARNING [21m[0m] -----------------------------------------------------------------
[[93m[1m WARNING [21m[0m] Element conservation is violated too large
[[93m[1m WARNING [21m[0m] at step: 614
[[93m[1m WARNING [21m[0m] -----------------------------------------------------------------
[[93m[1m WARNING [21m[0m] Element conservation is violated too large
[[93m[1m WARNING [21m[0m] at step: 614
[[93m[1m WARNING [21m[0m] -----------------------------------------------------------------
[[93m[1m WARNING [21m[0m] Keep producing negative values! Clipping negative solutions and moving on!
[[93m[1m WARNING [21m[0m] Element conservation is violated too large
[[93m[1m WARNING [21m[0m] at step: 620
[[93m[1m WARNING [21m[0m] -----------------------------------------------------------------
[[93m[1m WARNING [21m[0m] Element conservation is violated too large
[[93m[1m WARNING [21m[0m] at step: 620
[[93m[1m WARNING [21m[0m] -----------------------------------------------------------------
[[93m[1m WARNING [21m[0m] Element conservation is violated too large
[[93m[1m WARNING [21m[0m] at step: 620
[[93m[1m WARNING [21m[0m] -----------------------------------------------------------------
[[93m[1m WARNING [21m[0m] Element conservation is violated too large
[[93m[1m WARNING [21m[0m] at step: 620
[[93m[1m WARNING [21m[0m] -----------------------------------------------------------------
[[93m[1m WARNING [21m[0m] Element conservation is violated too large
[[93m[1m WARNING [21m[0m] at step: 620
[[93m[1m WARNING [21m[0m] -----------------------------------------------------------------
[[93m[1m WARNING [21m[0m] Element conservation is violated too large
[[93m[1m WARNING [21m[0m] at step: 620
[[93m[1m WARNING [21m[0m] -----------------------------------------------------------------
[[93m[1m WARNING [21m[0m] Element conservation is violated too large
[[93m[1m WARNING [21m[0m] at step: 620
[[93m[1m WARNING [21m[0m] -----------------------------------------------------------------
[[93m[1m WARNING [21m[0m] Keep producing negative values! Clipping negative solutions and moving on!
[[93m[1m WARNING [21m[0m] Element conservation is violated too large
[[93m[1m WARNING [21m[0m] at step: 626
[[93m[1m WARNING [21m[0m] -----------------------------------------------------------------
[[93m[1m WARNING [21m[0m] Element conservation is violated too large
[[93m[1m WARNING [21m[0m] at step: 626
[[93m[1m WARNING [21m[0m] -----------------------------------------------------------------
[[93m[1m WARNING [21m[0m] Element conservation is violated too large
[[93m[1m WARNING [21m[0m] at step: 626
[[93m[1m WARNING [21m[0m] -----------------------------------------------------------------
[[93m[1m WARNING [21m[0m] Element conservation is violated too large
[[93m[1m WARNING [21m[0m] at step: 626
[[93m[1m WARNING [21m[0m] -----------------------------------------------------------------
[[93m[1m WARNING [21m[0m] Element conservation is violated too large
[[93m[1m WARNING [21m[0m] at step: 626
[[93m[1m WARNING [21m[0m] -----------------------------------------------------------------
[[93m[1m WARNING [21m[0m] Element conservation is violated too large
[[93m[1m WARNING [21m[0m] at step: 626
[[93m[1m WARNING [21m[0m] -----------------------------------------------------------------
[[93m[1m WARNING [21m[0m] Element conservation is violated too large
[[93m[1m WARNING [21m[0m] at step: 626
[[93m[1m WARNING [21m[0m] -----------------------------------------------------------------
[[93m[1m WARNING [21m[0m] Keep producing negative values! Clipping negative solutions and moving on!
[[93m[1m WARNING [21m[0m] Element conservation is violated too large
[[93m[1m WARNING [21m[0m] at step: 633
[[93m[1m WARNING [21m[0m] -----------------------------------------------------------------
[[93m[1m WARNING [21m[0m] Element conservation is violated too large
[[93m[1m WARNING [21m[0m] at step: 633
[[93m[1m WARNING [21m[0m] -----------------------------------------------------------------
[[93m[1m WARNING [21m[0m] Element conservation is violated too large
[[93m[1m WARNING [21m[0m] at step: 633
[[93m[1m WARNING [21m[0m] -----------------------------------------------------------------
[[93m[1m WARNING [21m[0m] Element conservation is violated too large
[[93m[1m WARNING [21m[0m] at step: 633
[[93m[1m WARNING [21m[0m] -----------------------------------------------------------------
[[93m[1m WARNING [21m[0m] Element conservation is violated too large
[[93m[1m WARNING [21m[0m] at step: 633
[[93m[1m WARNING [21m[0m] -----------------------------------------------------------------
[[93m[1m WARNING [21m[0m] Element conservation is violated too large
[[93m[1m WARNING [21m[0m] at step: 633
[[93m[1m WARNING [21m[0m] -----------------------------------------------------------------
[[93m[1m WARNING [21m[0m] Element conservation is violated too large
[[93m[1m WARNING [21m[0m] at step: 633
[[93m[1m WARNING [21m[0m] -----------------------------------------------------------------
[[93m[1m WARNING [21m[0m] Keep producing negative values! Clipping negative solutions and moving on!
[[93m[1m WARNING [21m[0m] Element conservation is violated too large
[[93m[1m WARNING [21m[0m] at step: 640
[[93m[1m WARNING [21m[0m] -----------------------------------------------------------------
[[93m[1m WARNING [21m[0m] Element conservation is violated too large
[[93m[1m WARNING [21m[0m] at step: 640
[[93m[1m WARNING [21m[0m] -----------------------------------------------------------------
[[93m[1m WARNING [21m[0m] Element conservation is violated too large
[[93m[1m WARNING [21m[0m] at step: 640
[[93m[1m WARNING [21m[0m] -----------------------------------------------------------------
[[93m[1m WARNING [21m[0m] Element conservation is violated too large
[[93m[1m WARNING [21m[0m] at step: 640
[[93m[1m WARNING [21m[0m] -----------------------------------------------------------------
[[93m[1m WARNING [21m[0m] Element conservation is violated too large
[[93m[1m WARNING [21m[0m] at step: 640
[[93m[1m WARNING [21m[0m] -----------------------------------------------------------------
[[93m[1m WARNING [21m[0m] Element conservation is violated too large
[[93m[1m WARNING [21m[0m] at step: 640
[[93m[1m WARNING [21m[0m] -----------------------------------------------------------------
[[93m[1m WARNING [21m[0m] Element conservation is violated too large
[[93m[1m WARNING [21m[0m] at step: 640
[[93m[1m WARNING [21m[0m] -----------------------------------------------------------------
[[93m[1m WARNING [21m[0m] Keep producing negative values! Clipping negative solutions and moving on!
[[93m[1m WARNING [21m[0m] Element conservation is violated too large
[[93m[1m WARNING [21m[0m] at step: 647
[[93m[1m WARNING [21m[0m] -----------------------------------------------------------------
[[93m[1m WARNING [21m[0m] Element conservation is violated too large
[[93m[1m WARNING [21m[0m] at step: 647
[[93m[1m WARNING [21m[0m] -----------------------------------------------------------------
[[93m[1m WARNING [21m[0m] Element conservation is violated too large
[[93m[1m WARNING [21m[0m] at step: 647
[[93m[1m WARNING [21m[0m] -----------------------------------------------------------------
[[93m[1m WARNING [21m[0m] Element conservation is violated too large
[[93m[1m WARNING [21m[0m] at step: 647
[[93m[1m WARNING [21m[0m] -----------------------------------------------------------------
[[93m[1m WARNING [21m[0m] Element conservation is violated too large
[[93m[1m WARNING [21m[0m] at step: 647
[[93m[1m WARNING [21m[0m] -----------------------------------------------------------------
[[93m[1m WARNING [21m[0m] Element conservation is violated too large
[[93m[1m WARNING [21m[0m] at step: 647
[[93m[1m WARNING [21m[0m] -----------------------------------------------------------------
[[93m[1m WARNING [21m[0m] Element conservation is violated too large
[[93m[1m WARNING [21m[0m] at step: 647
[[93m[1m WARNING [21m[0m] -----------------------------------------------------------------
[[93m[1m WARNING [21m[0m] Keep producing negative values! Clipping negative solutions and moving on!
[[93m[1m WARNING [21m[0m] Element conservation is violated too large
[[93m[1m WARNING [21m[0m] at step: 654
[[93m[1m WARNING [21m[0m] -----------------------------------------------------------------
[[93m[1m WARNING [21m[0m] Element conservation is violated too large
[[93m[1m WARNING [21m[0m] at step: 654
[[93m[1m WARNING [21m[0m] -----------------------------------------------------------------
[[93m[1m WARNING [21m[0m] Element conservation is violated too large
[[93m[1m WARNING [21m[0m] at step: 654
[[93m[1m WARNING [21m[0m] -----------------------------------------------------------------
[[93m[1m WARNING [21m[0m] Element conservation is violated too large
[[93m[1m WARNING [21m[0m] at step: 654
[[93m[1m WARNING [21m[0m] -----------------------------------------------------------------
[[93m[1m WARNING [21m[0m] Element conservation is violated too large
[[93m[1m WARNING [21m[0m] at step: 654
[[93m[1m WARNING [21m[0m] -----------------------------------------------------------------
[[93m[1m WARNING [21m[0m] Element conservation is violated too large
[[93m[1m WARNING [21m[0m] at step: 654
[[93m[1m WARNING [21m[0m] -----------------------------------------------------------------
[[93m[1m WARNING [21m[0m] Element conservation is violated too large
[[93m[1m WARNING [21m[0m] at step: 654
[[93m[1m WARNING [21m[0m] -----------------------------------------------------------------
[[93m[1m WARNING [21m[0m] Keep producing negative values! Clipping negative solutions and moving on!
[[93m[1m WARNING [21m[0m] Element conservation is violated too large
[[93m[1m WARNING [21m[0m] at step: 661
[[93m[1m WARNING [21m[0m] -----------------------------------------------------------------
[[93m[1m WARNING [21m[0m] Element conservation is violated too large
[[93m[1m WARNING [21m[0m] at step: 661
[[93m[1m WARNING [21m[0m] -----------------------------------------------------------------
[[93m[1m WARNING [21m[0m] Element conservation is violated too large
[[93m[1m WARNING [21m[0m] at step: 661
[[93m[1m WARNING [21m[0m] -----------------------------------------------------------------
[[93m[1m WARNING [21m[0m] Element conservation is violated too large
[[93m[1m WARNING [21m[0m] at step: 661
[[93m[1m WARNING [21m[0m] -----------------------------------------------------------------
[[93m[1m WARNING [21m[0m] Element conservation is violated too large
[[93m[1m WARNING [21m[0m] at step: 661
[[93m[1m WARNING [21m[0m] -----------------------------------------------------------------
[[93m[1m WARNING [21m[0m] Element conservation is violated too large
[[93m[1m WARNING [21m[0m] at step: 661
[[93m[1m WARNING [21m[0m] -----------------------------------------------------------------
[[93m[1m WARNING [21m[0m] Element conservation is violated too large
[[93m[1m WARNING [21m[0m] at step: 661
[[93m[1m WARNING [21m[0m] -----------------------------------------------------------------
[[93m[1m WARNING [21m[0m] Keep producing negative values! Clipping negative solutions and moving on!
[[93m[1m WARNING [21m[0m] Element conservation is violated too large
[[93m[1m WARNING [21m[0m] at step: 668
[[93m[1m WARNING [21m[0m] -----------------------------------------------------------------
[[93m[1m WARNING [21m[0m] Element conservation is violated too large
[[93m[1m WARNING [21m[0m] at step: 668
[[93m[1m WARNING [21m[0m] -----------------------------------------------------------------
[[93m[1m WARNING [21m[0m] Element conservation is violated too large
[[93m[1m WARNING [21m[0m] at step: 668
[[93m[1m WARNING [21m[0m] -----------------------------------------------------------------
[[93m[1m WARNING [21m[0m] Element conservation is violated too large
[[93m[1m WARNING [21m[0m] at step: 668
[[93m[1m WARNING [21m[0m] -----------------------------------------------------------------
[[93m[1m WARNING [21m[0m] Element conservation is violated too large
[[93m[1m WARNING [21m[0m] at step: 668
[[93m[1m WARNING [21m[0m] -----------------------------------------------------------------
[[93m[1m WARNING [21m[0m] Element conservation is violated too large
[[93m[1m WARNING [21m[0m] at step: 668
[[93m[1m WARNING [21m[0m] -----------------------------------------------------------------
[[93m[1m WARNING [21m[0m] Element conservation is violated too large
[[93m[1m WARNING [21m[0m] at step: 668
[[93m[1m WARNING [21m[0m] -----------------------------------------------------------------
[[93m[1m WARNING [21m[0m] Keep producing negative values! Clipping negative solutions and moving on!
[[93m[1m WARNING [21m[0m] Element conservation is violated too large
[[93m[1m WARNING [21m[0m] at step: 675
[[93m[1m WARNING [21m[0m] -----------------------------------------------------------------
[[93m[1m WARNING [21m[0m] Element conservation is violated too large
[[93m[1m WARNING [21m[0m] at step: 675
[[93m[1m WARNING [21m[0m] -----------------------------------------------------------------
[[93m[1m WARNING [21m[0m] Element conservation is violated too large
[[93m[1m WARNING [21m[0m] at step: 675
[[93m[1m WARNING [21m[0m] -----------------------------------------------------------------
[[93m[1m WARNING [21m[0m] Element conservation is violated too large
[[93m[1m WARNING [21m[0m] at step: 675
[[93m[1m WARNING [21m[0m] -----------------------------------------------------------------
[[93m[1m WARNING [21m[0m] Element conservation is violated too large
[[93m[1m WARNING [21m[0m] at step: 675
[[93m[1m WARNING [21m[0m] -----------------------------------------------------------------
[[93m[1m WARNING [21m[0m] Element conservation is violated too large
[[93m[1m WARNING [21m[0m] at step: 675
[[93m[1m WARNING [21m[0m] -----------------------------------------------------------------
[[93m[1m WARNING [21m[0m] Element conservation is violated too large
[[93m[1m WARNING [21m[0m] at step: 675
[[93m[1m WARNING [21m[0m] -----------------------------------------------------------------
[[93m[1m WARNING [21m[0m] Keep producing negative values! Clipping negative solutions and moving on!
[[93m[1m WARNING [21m[0m] Element conservation is violated too large
[[93m[1m WARNING [21m[0m] at step: 682
[[93m[1m WARNING [21m[0m] -----------------------------------------------------------------
[[93m[1m WARNING [21m[0m] Element conservation is violated too large
[[93m[1m WARNING [21m[0m] at step: 682
[[93m[1m WARNING [21m[0m] -----------------------------------------------------------------
[[93m[1m WARNING [21m[0m] Element conservation is violated too large
[[93m[1m WARNING [21m[0m] at step: 682
[[93m[1m WARNING [21m[0m] -----------------------------------------------------------------
[[93m[1m WARNING [21m[0m] Element conservation is violated too large
[[93m[1m WARNING [21m[0m] at step: 682
[[93m[1m WARNING [21m[0m] -----------------------------------------------------------------
[[93m[1m WARNING [21m[0m] Element conservation is violated too large
[[93m[1m WARNING [21m[0m] at step: 682
[[93m[1m WARNING [21m[0m] -----------------------------------------------------------------
[[93m[1m WARNING [21m[0m] Element conservation is violated too large
[[93m[1m WARNING [21m[0m] at step: 682
[[93m[1m WARNING [21m[0m] -----------------------------------------------------------------
[[93m[1m WARNING [21m[0m] Element conservation is violated too large
[[93m[1m WARNING [21m[0m] at step: 682
[[93m[1m WARNING [21m[0m] -----------------------------------------------------------------
[[93m[1m WARNING [21m[0m] Keep producing negative values! Clipping negative solutions and moving on!
[[93m[1m WARNING [21m[0m] Element conservation is violated too large
[[93m[1m WARNING [21m[0m] at step: 689
[[93m[1m WARNING [21m[0m] -----------------------------------------------------------------
[[93m[1m WARNING [21m[0m] Element conservation is violated too large
[[93m[1m WARNING [21m[0m] at step: 689
[[93m[1m WARNING [21m[0m] -----------------------------------------------------------------
[[93m[1m WARNING [21m[0m] Element conservation is violated too large
[[93m[1m WARNING [21m[0m] at step: 689
[[93m[1m WARNING [21m[0m] -----------------------------------------------------------------
[[93m[1m WARNING [21m[0m] Element conservation is violated too large
[[93m[1m WARNING [21m[0m] at step: 689
[[93m[1m WARNING [21m[0m] -----------------------------------------------------------------
[[93m[1m WARNING [21m[0m] Element conservation is violated too large
[[93m[1m WARNING [21m[0m] at step: 689
[[93m[1m WARNING [21m[0m] -----------------------------------------------------------------
[[93m[1m WARNING [21m[0m] Element conservation is violated too large
[[93m[1m WARNING [21m[0m] at step: 689
[[93m[1m WARNING [21m[0m] -----------------------------------------------------------------
[[93m[1m WARNING [21m[0m] Element conservation is violated too large
[[93m[1m WARNING [21m[0m] at step: 689
[[93m[1m WARNING [21m[0m] -----------------------------------------------------------------
[[93m[1m WARNING [21m[0m] Keep producing negative values! Clipping negative solutions and moving on!
[[93m[1m WARNING [21m[0m] Element conservation is violated too large
[[93m[1m WARNING [21m[0m] at step: 696
[[93m[1m WARNING [21m[0m] -----------------------------------------------------------------
[[93m[1m WARNING [21m[0m] Element conservation is violated too large
[[93m[1m WARNING [21m[0m] at step: 696
[[93m[1m WARNING [21m[0m] -----------------------------------------------------------------
[[93m[1m WARNING [21m[0m] Element conservation is violated too large
[[93m[1m WARNING [21m[0m] at step: 696
[[93m[1m WARNING [21m[0m] -----------------------------------------------------------------
[[93m[1m WARNING [21m[0m] Element conservation is violated too large
[[93m[1m WARNING [21m[0m] at step: 696
[[93m[1m WARNING [21m[0m] -----------------------------------------------------------------
[[93m[1m WARNING [21m[0m] Element conservation is violated too large
[[93m[1m WARNING [21m[0m] at step: 696
[[93m[1m WARNING [21m[0m] -----------------------------------------------------------------
[[93m[1m WARNING [21m[0m] Element conservation is violated too large
[[93m[1m WARNING [21m[0m] at step: 696
[[93m[1m WARNING [21m[0m] -----------------------------------------------------------------
[[93m[1m WARNING [21m[0m] Element conservation is violated too large
[[93m[1m WARNING [21m[0m] at step: 696
[[93m[1m WARNING [21m[0m] -----------------------------------------------------------------
[[93m[1m WARNING [21m[0m] Keep producing negative values! Clipping negative solutions and moving on!
[[32m[1m INFO  [21m[0m] Elapsed time: 4.91e-05 || Step number: 700/30000
[[32m[1m INFO  [21m[0m] longdy = 1.00e+00      || longdy/dt = 1.00e+00  || dt = 1.60e-07
[[32m[1m INFO  [21m[0m] from nz = 0 and OH
[[32m[1m INFO  [21m[0m] -----------------------------------------------------------------
[[93m[1m WARNING [21m[0m] Element conservation is violated too large
[[93m[1m WARNING [21m[0m] at step: 703
[[93m[1m WARNING [21m[0m] -----------------------------------------------------------------
[[93m[1m WARNING [21m[0m] Element conservation is violated too large
[[93m[1m WARNING [21m[0m] at step: 703
[[93m[1m WARNING [21m[0m] -----------------------------------------------------------------
[[93m[1m WARNING [21m[0m] Element conservation is violated too large
[[93m[1m WARNING [21m[0m] at step: 703
[[93m[1m WARNING [21m[0m] -----------------------------------------------------------------
[[93m[1m WARNING [21m[0m] Element conservation is violated too large
[[93m[1m WARNING [21m[0m] at step: 703
[[93m[1m WARNING [21m[0m] -----------------------------------------------------------------
[[93m[1m WARNING [21m[0m] Element conservation is violated too large
[[93m[1m WARNING [21m[0m] at step: 703
[[93m[1m WARNING [21m[0m] -----------------------------------------------------------------
[[93m[1m WARNING [21m[0m] Element conservation is violated too large
[[93m[1m WARNING [21m[0m] at step: 703
[[93m[1m WARNING [21m[0m] -----------------------------------------------------------------
[[93m[1m WARNING [21m[0m] Element conservation is violated too large
[[93m[1m WARNING [21m[0m] at step: 703
[[93m[1m WARNING [21m[0m] -----------------------------------------------------------------
[[93m[1m WARNING [21m[0m] Keep producing negative values! Clipping negative solutions and moving on!
[[93m[1m WARNING [21m[0m] Element conservation is violated too large
[[93m[1m WARNING [21m[0m] at step: 710
[[93m[1m WARNING [21m[0m] -----------------------------------------------------------------
[[93m[1m WARNING [21m[0m] Element conservation is violated too large
[[93m[1m WARNING [21m[0m] at step: 710
[[93m[1m WARNING [21m[0m] -----------------------------------------------------------------
[[93m[1m WARNING [21m[0m] Element conservation is violated too large
[[93m[1m WARNING [21m[0m] at step: 710
[[93m[1m WARNING [21m[0m] -----------------------------------------------------------------
[[93m[1m WARNING [21m[0m] Element conservation is violated too large
[[93m[1m WARNING [21m[0m] at step: 710
[[93m[1m WARNING [21m[0m] -----------------------------------------------------------------
[[93m[1m WARNING [21m[0m] Element conservation is violated too large
[[93m[1m WARNING [21m[0m] at step: 710
[[93m[1m WARNING [21m[0m] -----------------------------------------------------------------
[[93m[1m WARNING [21m[0m] Element conservation is violated too large
[[93m[1m WARNING [21m[0m] at step: 710
[[93m[1m WARNING [21m[0m] -----------------------------------------------------------------
[[93m[1m WARNING [21m[0m] Element conservation is violated too large
[[93m[1m WARNING [21m[0m] at step: 710
[[93m[1m WARNING [21m[0m] -----------------------------------------------------------------
[[93m[1m WARNING [21m[0m] Keep producing negative values! Clipping negative solutions and moving on!
[[93m[1m WARNING [21m[0m] Element conservation is violated too large
[[93m[1m WARNING [21m[0m] at step: 717
[[93m[1m WARNING [21m[0m] -----------------------------------------------------------------
[[93m[1m WARNING [21m[0m] Element conservation is violated too large
[[93m[1m WARNING [21m[0m] at step: 717
[[93m[1m WARNING [21m[0m] -----------------------------------------------------------------
[[93m[1m WARNING [21m[0m] Element conservation is violated too large
[[93m[1m WARNING [21m[0m] at step: 717
[[93m[1m WARNING [21m[0m] -----------------------------------------------------------------
[[93m[1m WARNING [21m[0m] Element conservation is violated too large
[[93m[1m WARNING [21m[0m] at step: 717
[[93m[1m WARNING [21m[0m] -----------------------------------------------------------------
[[93m[1m WARNING [21m[0m] Element conservation is violated too large
[[93m[1m WARNING [21m[0m] at step: 717
[[93m[1m WARNING [21m[0m] -----------------------------------------------------------------
[[93m[1m WARNING [21m[0m] Element conservation is violated too large
[[93m[1m WARNING [21m[0m] at step: 717
[[93m[1m WARNING [21m[0m] -----------------------------------------------------------------
[[93m[1m WARNING [21m[0m] Element conservation is violated too large
[[93m[1m WARNING [21m[0m] at step: 717
[[93m[1m WARNING [21m[0m] -----------------------------------------------------------------
[[93m[1m WARNING [21m[0m] Keep producing negative values! Clipping negative solutions and moving on!
[[93m[1m WARNING [21m[0m] Element conservation is violated too large
[[93m[1m WARNING [21m[0m] at step: 724
[[93m[1m WARNING [21m[0m] -----------------------------------------------------------------
[[93m[1m WARNING [21m[0m] Element conservation is violated too large
[[93m[1m WARNING [21m[0m] at step: 724
[[93m[1m WARNING [21m[0m] -----------------------------------------------------------------
[[93m[1m WARNING [21m[0m] Element conservation is violated too large
[[93m[1m WARNING [21m[0m] at step: 724
[[93m[1m WARNING [21m[0m] -----------------------------------------------------------------
[[93m[1m WARNING [21m[0m] Element conservation is violated too large
[[93m[1m WARNING [21m[0m] at step: 724
[[93m[1m WARNING [21m[0m] -----------------------------------------------------------------
[[93m[1m WARNING [21m[0m] Element conservation is violated too large
[[93m[1m WARNING [21m[0m] at step: 724
[[93m[1m WARNING [21m[0m] -----------------------------------------------------------------
[[93m[1m WARNING [21m[0m] Element conservation is violated too large
[[93m[1m WARNING [21m[0m] at step: 724
[[93m[1m WARNING [21m[0m] -----------------------------------------------------------------
[[93m[1m WARNING [21m[0m] Element conservation is violated too large
[[93m[1m WARNING [21m[0m] at step: 724
[[93m[1m WARNING [21m[0m] -----------------------------------------------------------------
[[93m[1m WARNING [21m[0m] Keep producing negative values! Clipping negative solutions and moving on!
[[93m[1m WARNING [21m[0m] Element conservation is violated too large
[[93m[1m WARNING [21m[0m] at step: 731
[[93m[1m WARNING [21m[0m] -----------------------------------------------------------------
[[93m[1m WARNING [21m[0m] Element conservation is violated too large
[[93m[1m WARNING [21m[0m] at step: 731
[[93m[1m WARNING [21m[0m] -----------------------------------------------------------------
[[93m[1m WARNING [21m[0m] Element conservation is violated too large
[[93m[1m WARNING [21m[0m] at step: 731
[[93m[1m WARNING [21m[0m] -----------------------------------------------------------------
[[93m[1m WARNING [21m[0m] Element conservation is violated too large
[[93m[1m WARNING [21m[0m] at step: 731
[[93m[1m WARNING [21m[0m] -----------------------------------------------------------------
[[93m[1m WARNING [21m[0m] Element conservation is violated too large
[[93m[1m WARNING [21m[0m] at step: 731
[[93m[1m WARNING [21m[0m] -----------------------------------------------------------------
[[93m[1m WARNING [21m[0m] Element conservation is violated too large
[[93m[1m WARNING [21m[0m] at step: 731
[[93m[1m WARNING [21m[0m] -----------------------------------------------------------------
[[93m[1m WARNING [21m[0m] Element conservation is violated too large
[[93m[1m WARNING [21m[0m] at step: 731
[[93m[1m WARNING [21m[0m] -----------------------------------------------------------------
[[93m[1m WARNING [21m[0m] Keep producing negative values! Clipping negative solutions and moving on!
[[93m[1m WARNING [21m[0m] Element conservation is violated too large
[[93m[1m WARNING [21m[0m] at step: 739
[[93m[1m WARNING [21m[0m] -----------------------------------------------------------------
[[93m[1m WARNING [21m[0m] Element conservation is violated too large
[[93m[1m WARNING [21m[0m] at step: 739
[[93m[1m WARNING [21m[0m] -----------------------------------------------------------------
[[93m[1m WARNING [21m[0m] Element conservation is violated too large
[[93m[1m WARNING [21m[0m] at step: 739
[[93m[1m WARNING [21m[0m] -----------------------------------------------------------------
[[93m[1m WARNING [21m[0m] Element conservation is violated too large
[[93m[1m WARNING [21m[0m] at step: 739
[[93m[1m WARNING [21m[0m] -----------------------------------------------------------------
[[93m[1m WARNING [21m[0m] Element conservation is violated too large
[[93m[1m WARNING [21m[0m] at step: 739
[[93m[1m WARNING [21m[0m] -----------------------------------------------------------------
[[93m[1m WARNING [21m[0m] Element conservation is violated too large
[[93m[1m WARNING [21m[0m] at step: 739
[[93m[1m WARNING [21m[0m] -----------------------------------------------------------------
[[93m[1m WARNING [21m[0m] Element conservation is violated too large
[[93m[1m WARNING [21m[0m] at step: 739
[[93m[1m WARNING [21m[0m] -----------------------------------------------------------------
[[93m[1m WARNING [21m[0m] Keep producing negative values! Clipping negative solutions and moving on!
[[93m[1m WARNING [21m[0m] Element conservation is violated too large
[[93m[1m WARNING [21m[0m] at step: 747
[[93m[1m WARNING [21m[0m] -----------------------------------------------------------------
[[93m[1m WARNING [21m[0m] Element conservation is violated too large
[[93m[1m WARNING [21m[0m] at step: 747
[[93m[1m WARNING [21m[0m] -----------------------------------------------------------------
[[93m[1m WARNING [21m[0m] Element conservation is violated too large
[[93m[1m WARNING [21m[0m] at step: 747
[[93m[1m WARNING [21m[0m] -----------------------------------------------------------------
[[93m[1m WARNING [21m[0m] Element conservation is violated too large
[[93m[1m WARNING [21m[0m] at step: 747
[[93m[1m WARNING [21m[0m] -----------------------------------------------------------------
[[93m[1m WARNING [21m[0m] Element conservation is violated too large
[[93m[1m WARNING [21m[0m] at step: 747
[[93m[1m WARNING [21m[0m] -----------------------------------------------------------------
[[93m[1m WARNING [21m[0m] Element conservation is violated too large
[[93m[1m WARNING [21m[0m] at step: 747
[[93m[1m WARNING [21m[0m] -----------------------------------------------------------------
[[93m[1m WARNING [21m[0m] Element conservation is violated too large
[[93m[1m WARNING [21m[0m] at step: 747
[[93m[1m WARNING [21m[0m] -----------------------------------------------------------------
[[93m[1m WARNING [21m[0m] Keep producing negative values! Clipping negative solutions and moving on!
[[93m[1m WARNING [21m[0m] Element conservation is violated too large
[[93m[1m WARNING [21m[0m] at step: 755
[[93m[1m WARNING [21m[0m] -----------------------------------------------------------------
[[93m[1m WARNING [21m[0m] Element conservation is violated too large
[[93m[1m WARNING [21m[0m] at step: 755
[[93m[1m WARNING [21m[0m] -----------------------------------------------------------------
[[93m[1m WARNING [21m[0m] Element conservation is violated too large
[[93m[1m WARNING [21m[0m] at step: 755
[[93m[1m WARNING [21m[0m] -----------------------------------------------------------------
[[93m[1m WARNING [21m[0m] Element conservation is violated too large
[[93m[1m WARNING [21m[0m] at step: 755
[[93m[1m WARNING [21m[0m] -----------------------------------------------------------------
[[93m[1m WARNING [21m[0m] Element conservation is violated too large
[[93m[1m WARNING [21m[0m] at step: 755
[[93m[1m WARNING [21m[0m] -----------------------------------------------------------------
[[93m[1m WARNING [21m[0m] Element conservation is violated too large
[[93m[1m WARNING [21m[0m] at step: 755
[[93m[1m WARNING [21m[0m] -----------------------------------------------------------------
[[93m[1m WARNING [21m[0m] Element conservation is violated too large
[[93m[1m WARNING [21m[0m] at step: 755
[[93m[1m WARNING [21m[0m] -----------------------------------------------------------------
[[93m[1m WARNING [21m[0m] Keep producing negative values! Clipping negative solutions and moving on!
[[93m[1m WARNING [21m[0m] Element conservation is violated too large
[[93m[1m WARNING [21m[0m] at step: 763
[[93m[1m WARNING [21m[0m] -----------------------------------------------------------------
[[93m[1m WARNING [21m[0m] Element conservation is violated too large
[[93m[1m WARNING [21m[0m] at step: 763
[[93m[1m WARNING [21m[0m] -----------------------------------------------------------------
[[93m[1m WARNING [21m[0m] Element conservation is violated too large
[[93m[1m WARNING [21m[0m] at step: 763
[[93m[1m WARNING [21m[0m] -----------------------------------------------------------------
[[93m[1m WARNING [21m[0m] Element conservation is violated too large
[[93m[1m WARNING [21m[0m] at step: 763
[[93m[1m WARNING [21m[0m] -----------------------------------------------------------------
[[93m[1m WARNING [21m[0m] Element conservation is violated too large
[[93m[1m WARNING [21m[0m] at step: 763
[[93m[1m WARNING [21m[0m] -----------------------------------------------------------------
[[93m[1m WARNING [21m[0m] Element conservation is violated too large
[[93m[1m WARNING [21m[0m] at step: 763
[[93m[1m WARNING [21m[0m] -----------------------------------------------------------------
[[93m[1m WARNING [21m[0m] Element conservation is violated too large
[[93m[1m WARNING [21m[0m] at step: 763
[[93m[1m WARNING [21m[0m] -----------------------------------------------------------------
[[93m[1m WARNING [21m[0m] Keep producing negative values! Clipping negative solutions and moving on!
[[93m[1m WARNING [21m[0m] Element conservation is violated too large
[[93m[1m WARNING [21m[0m] at step: 771
[[93m[1m WARNING [21m[0m] -----------------------------------------------------------------
[[93m[1m WARNING [21m[0m] Element conservation is violated too large
[[93m[1m WARNING [21m[0m] at step: 771
[[93m[1m WARNING [21m[0m] -----------------------------------------------------------------
[[93m[1m WARNING [21m[0m] Element conservation is violated too large
[[93m[1m WARNING [21m[0m] at step: 771
[[93m[1m WARNING [21m[0m] -----------------------------------------------------------------
[[93m[1m WARNING [21m[0m] Element conservation is violated too large
[[93m[1m WARNING [21m[0m] at step: 771
[[93m[1m WARNING [21m[0m] -----------------------------------------------------------------
[[93m[1m WARNING [21m[0m] Element conservation is violated too large
[[93m[1m WARNING [21m[0m] at step: 771
[[93m[1m WARNING [21m[0m] -----------------------------------------------------------------
[[93m[1m WARNING [21m[0m] Element conservation is violated too large
[[93m[1m WARNING [21m[0m] at step: 771
[[93m[1m WARNING [21m[0m] -----------------------------------------------------------------
[[93m[1m WARNING [21m[0m] Element conservation is violated too large
[[93m[1m WARNING [21m[0m] at step: 771
[[93m[1m WARNING [21m[0m] -----------------------------------------------------------------
[[93m[1m WARNING [21m[0m] Element conservation is violated too large
[[93m[1m WARNING [21m[0m] at step: 771
[[93m[1m WARNING [21m[0m] -----------------------------------------------------------------
[[93m[1m WARNING [21m[0m] Keep producing negative values! Clipping negative solutions and moving on!
[[93m[1m WARNING [21m[0m] Element conservation is violated too large
[[93m[1m WARNING [21m[0m] at step: 779
[[93m[1m WARNING [21m[0m] -----------------------------------------------------------------
[[93m[1m WARNING [21m[0m] Element conservation is violated too large
[[93m[1m WARNING [21m[0m] at step: 779
[[93m[1m WARNING [21m[0m] -----------------------------------------------------------------
[[93m[1m WARNING [21m[0m] Element conservation is violated too large
[[93m[1m WARNING [21m[0m] at step: 779
[[93m[1m WARNING [21m[0m] -----------------------------------------------------------------
[[93m[1m WARNING [21m[0m] Element conservation is violated too large
[[93m[1m WARNING [21m[0m] at step: 779
[[93m[1m WARNING [21m[0m] -----------------------------------------------------------------
[[93m[1m WARNING [21m[0m] Element conservation is violated too large
[[93m[1m WARNING [21m[0m] at step: 779
[[93m[1m WARNING [21m[0m] -----------------------------------------------------------------
[[93m[1m WARNING [21m[0m] Element conservation is violated too large
[[93m[1m WARNING [21m[0m] at step: 779
[[93m[1m WARNING [21m[0m] -----------------------------------------------------------------
[[93m[1m WARNING [21m[0m] Element conservation is violated too large
[[93m[1m WARNING [21m[0m] at step: 779
[[93m[1m WARNING [21m[0m] -----------------------------------------------------------------
[[93m[1m WARNING [21m[0m] Element conservation is violated too large
[[93m[1m WARNING [21m[0m] at step: 779
[[93m[1m WARNING [21m[0m] -----------------------------------------------------------------
[[93m[1m WARNING [21m[0m] Keep producing negative values! Clipping negative solutions and moving on!
[[93m[1m WARNING [21m[0m] Element conservation is violated too large
[[93m[1m WARNING [21m[0m] at step: 787
[[93m[1m WARNING [21m[0m] -----------------------------------------------------------------
[[93m[1m WARNING [21m[0m] Element conservation is violated too large
[[93m[1m WARNING [21m[0m] at step: 787
[[93m[1m WARNING [21m[0m] -----------------------------------------------------------------
[[93m[1m WARNING [21m[0m] Element conservation is violated too large
[[93m[1m WARNING [21m[0m] at step: 787
[[93m[1m WARNING [21m[0m] -----------------------------------------------------------------
[[93m[1m WARNING [21m[0m] Element conservation is violated too large
[[93m[1m WARNING [21m[0m] at step: 787
[[93m[1m WARNING [21m[0m] -----------------------------------------------------------------
[[93m[1m WARNING [21m[0m] Element conservation is violated too large
[[93m[1m WARNING [21m[0m] at step: 787
[[93m[1m WARNING [21m[0m] -----------------------------------------------------------------
[[93m[1m WARNING [21m[0m] Element conservation is violated too large
[[93m[1m WARNING [21m[0m] at step: 787
[[93m[1m WARNING [21m[0m] -----------------------------------------------------------------
[[93m[1m WARNING [21m[0m] Element conservation is violated too large
[[93m[1m WARNING [21m[0m] at step: 787
[[93m[1m WARNING [21m[0m] -----------------------------------------------------------------
[[93m[1m WARNING [21m[0m] Element conservation is violated too large
[[93m[1m WARNING [21m[0m] at step: 787
[[93m[1m WARNING [21m[0m] -----------------------------------------------------------------
[[93m[1m WARNING [21m[0m] Keep producing negative values! Clipping negative solutions and moving on!
[[93m[1m WARNING [21m[0m] Element conservation is violated too large
[[93m[1m WARNING [21m[0m] at step: 795
[[93m[1m WARNING [21m[0m] -----------------------------------------------------------------
[[93m[1m WARNING [21m[0m] Element conservation is violated too large
[[93m[1m WARNING [21m[0m] at step: 795
[[93m[1m WARNING [21m[0m] -----------------------------------------------------------------
[[93m[1m WARNING [21m[0m] Element conservation is violated too large
[[93m[1m WARNING [21m[0m] at step: 795
[[93m[1m WARNING [21m[0m] -----------------------------------------------------------------
[[93m[1m WARNING [21m[0m] Element conservation is violated too large
[[93m[1m WARNING [21m[0m] at step: 795
[[93m[1m WARNING [21m[0m] -----------------------------------------------------------------
[[93m[1m WARNING [21m[0m] Element conservation is violated too large
[[93m[1m WARNING [21m[0m] at step: 795
[[93m[1m WARNING [21m[0m] -----------------------------------------------------------------
[[93m[1m WARNING [21m[0m] Element conservation is violated too large
[[93m[1m WARNING [21m[0m] at step: 795
[[93m[1m WARNING [21m[0m] -----------------------------------------------------------------
[[93m[1m WARNING [21m[0m] Element conservation is violated too large
[[93m[1m WARNING [21m[0m] at step: 795
[[93m[1m WARNING [21m[0m] -----------------------------------------------------------------
[[93m[1m WARNING [21m[0m] Element conservation is violated too large
[[93m[1m WARNING [21m[0m] at step: 795
[[93m[1m WARNING [21m[0m] -----------------------------------------------------------------
[[93m[1m WARNING [21m[0m] Keep producing negative values! Clipping negative solutions and moving on!
[[32m[1m INFO  [21m[0m] Elapsed time: 7.57e-05 || Step number: 800/30000
[[32m[1m INFO  [21m[0m] longdy = 1.00e+00      || longdy/dt = 1.00e+00  || dt = 3.20e-07
[[32m[1m INFO  [21m[0m] from nz = 0 and OH
[[32m[1m INFO  [21m[0m] -----------------------------------------------------------------
[[93m[1m WARNING [21m[0m] Element conservation is violated too large
[[93m[1m WARNING [21m[0m] at step: 803
[[93m[1m WARNING [21m[0m] -----------------------------------------------------------------
[[93m[1m WARNING [21m[0m] Element conservation is violated too large
[[93m[1m WARNING [21m[0m] at step: 803
[[93m[1m WARNING [21m[0m] -----------------------------------------------------------------
[[93m[1m WARNING [21m[0m] Element conservation is violated too large
[[93m[1m WARNING [21m[0m] at step: 803
[[93m[1m WARNING [21m[0m] -----------------------------------------------------------------
[[93m[1m WARNING [21m[0m] Element conservation is violated too large
[[93m[1m WARNING [21m[0m] at step: 803
[[93m[1m WARNING [21m[0m] -----------------------------------------------------------------
[[93m[1m WARNING [21m[0m] Element conservation is violated too large
[[93m[1m WARNING [21m[0m] at step: 803
[[93m[1m WARNING [21m[0m] -----------------------------------------------------------------
[[93m[1m WARNING [21m[0m] Element conservation is violated too large
[[93m[1m WARNING [21m[0m] at step: 803
[[93m[1m WARNING [21m[0m] -----------------------------------------------------------------
[[93m[1m WARNING [21m[0m] Element conservation is violated too large
[[93m[1m WARNING [21m[0m] at step: 803
[[93m[1m WARNING [21m[0m] -----------------------------------------------------------------
[[93m[1m WARNING [21m[0m] Element conservation is violated too large
[[93m[1m WARNING [21m[0m] at step: 803
[[93m[1m WARNING [21m[0m] -----------------------------------------------------------------
[[93m[1m WARNING [21m[0m] Keep producing negative values! Clipping negative solutions and moving on!
[[93m[1m WARNING [21m[0m] Element conservation is violated too large
[[93m[1m WARNING [21m[0m] at step: 812
[[93m[1m WARNING [21m[0m] -----------------------------------------------------------------
[[93m[1m WARNING [21m[0m] Element conservation is violated too large
[[93m[1m WARNING [21m[0m] at step: 812
[[93m[1m WARNING [21m[0m] -----------------------------------------------------------------
[[93m[1m WARNING [21m[0m] Element conservation is violated too large
[[93m[1m WARNING [21m[0m] at step: 812
[[93m[1m WARNING [21m[0m] -----------------------------------------------------------------
[[93m[1m WARNING [21m[0m] Element conservation is violated too large
[[93m[1m WARNING [21m[0m] at step: 812
[[93m[1m WARNING [21m[0m] -----------------------------------------------------------------
[[93m[1m WARNING [21m[0m] Element conservation is violated too large
[[93m[1m WARNING [21m[0m] at step: 812
[[93m[1m WARNING [21m[0m] -----------------------------------------------------------------
[[93m[1m WARNING [21m[0m] Element conservation is violated too large
[[93m[1m WARNING [21m[0m] at step: 812
[[93m[1m WARNING [21m[0m] -----------------------------------------------------------------
[[93m[1m WARNING [21m[0m] Element conservation is violated too large
[[93m[1m WARNING [21m[0m] at step: 812
[[93m[1m WARNING [21m[0m] -----------------------------------------------------------------
[[93m[1m WARNING [21m[0m] Element conservation is violated too large
[[93m[1m WARNING [21m[0m] at step: 812
[[93m[1m WARNING [21m[0m] -----------------------------------------------------------------
[[93m[1m WARNING [21m[0m] Keep producing negative values! Clipping negative solutions and moving on!
[[93m[1m WARNING [21m[0m] Element conservation is violated too large
[[93m[1m WARNING [21m[0m] at step: 821
[[93m[1m WARNING [21m[0m] -----------------------------------------------------------------
[[93m[1m WARNING [21m[0m] Element conservation is violated too large
[[93m[1m WARNING [21m[0m] at step: 821
[[93m[1m WARNING [21m[0m] -----------------------------------------------------------------
[[93m[1m WARNING [21m[0m] Element conservation is violated too large
[[93m[1m WARNING [21m[0m] at step: 821
[[93m[1m WARNING [21m[0m] -----------------------------------------------------------------
[[93m[1m WARNING [21m[0m] Element conservation is violated too large
[[93m[1m WARNING [21m[0m] at step: 821
[[93m[1m WARNING [21m[0m] -----------------------------------------------------------------
[[93m[1m WARNING [21m[0m] Element conservation is violated too large
[[93m[1m WARNING [21m[0m] at step: 821
[[93m[1m WARNING [21m[0m] -----------------------------------------------------------------
[[93m[1m WARNING [21m[0m] Element conservation is violated too large
[[93m[1m WARNING [21m[0m] at step: 821
[[93m[1m WARNING [21m[0m] -----------------------------------------------------------------
[[93m[1m WARNING [21m[0m] Element conservation is violated too large
[[93m[1m WARNING [21m[0m] at step: 821
[[93m[1m WARNING [21m[0m] -----------------------------------------------------------------
[[93m[1m WARNING [21m[0m] Element conservation is violated too large
[[93m[1m WARNING [21m[0m] at step: 821
[[93m[1m WARNING [21m[0m] -----------------------------------------------------------------
[[93m[1m WARNING [21m[0m] Keep producing negative values! Clipping negative solutions and moving on!
[[93m[1m WARNING [21m[0m] Element conservation is violated too large
[[93m[1m WARNING [21m[0m] at step: 830
[[93m[1m WARNING [21m[0m] -----------------------------------------------------------------
[[93m[1m WARNING [21m[0m] Element conservation is violated too large
[[93m[1m WARNING [21m[0m] at step: 830
[[93m[1m WARNING [21m[0m] -----------------------------------------------------------------
[[93m[1m WARNING [21m[0m] Element conservation is violated too large
[[93m[1m WARNING [21m[0m] at step: 830
[[93m[1m WARNING [21m[0m] -----------------------------------------------------------------
[[93m[1m WARNING [21m[0m] Element conservation is violated too large
[[93m[1m WARNING [21m[0m] at step: 830
[[93m[1m WARNING [21m[0m] -----------------------------------------------------------------
[[93m[1m WARNING [21m[0m] Element conservation is violated too large
[[93m[1m WARNING [21m[0m] at step: 830
[[93m[1m WARNING [21m[0m] -----------------------------------------------------------------
[[93m[1m WARNING [21m[0m] Element conservation is violated too large
[[93m[1m WARNING [21m[0m] at step: 830
[[93m[1m WARNING [21m[0m] -----------------------------------------------------------------
[[93m[1m WARNING [21m[0m] Element conservation is violated too large
[[93m[1m WARNING [21m[0m] at step: 830
[[93m[1m WARNING [21m[0m] -----------------------------------------------------------------
[[93m[1m WARNING [21m[0m] Element conservation is violated too large
[[93m[1m WARNING [21m[0m] at step: 830
[[93m[1m WARNING [21m[0m] -----------------------------------------------------------------
[[93m[1m WARNING [21m[0m] Keep producing negative values! Clipping negative solutions and moving on!
[[32m[1m INFO  [21m[0m] Elapsed time: 2.87e-04 || Step number: 900/30000
[[32m[1m INFO  [21m[0m] longdy = 1.00e+00      || longdy/dt = 1.00e+00  || dt = 5.55e-06
[[32m[1m INFO  [21m[0m] from nz = 0 and OH
[[32m[1m INFO  [21m[0m] -----------------------------------------------------------------
[[32m[1m INFO  [21m[0m] Elapsed time: 1.75e-03 || Step number: 1000/30000
[[32m[1m INFO  [21m[0m] longdy = 1.00e+00      || longdy/dt = 1.00e+00  || dt = 3.46e-05
[[32m[1m INFO  [21m[0m] from nz = 0 and OH
[[32m[1m INFO  [21m[0m] -----------------------------------------------------------------
[[32m[1m INFO  [21m[0m] Elapsed time: 9.88e-03 || Step number: 1100/30000
[[32m[1m INFO  [21m[0m] longdy = 1.00e+00      || longdy/dt = 1.00e+00  || dt = 1.39e-04
[[32m[1m INFO  [21m[0m] from nz = 0 and OH
[[32m[1m INFO  [21m[0m] -----------------------------------------------------------------
[[32m[1m INFO  [21m[0m] Elapsed time: 5.21e-02 || Step number: 1200/30000
[[32m[1m INFO  [21m[0m] longdy = 1.00e+00      || longdy/dt = 1.00e+00  || dt = 6.14e-04
[[32m[1m INFO  [21m[0m] from nz = 0 and OH
[[32m[1m INFO  [21m[0m] -----------------------------------------------------------------
[[32m[1m INFO  [21m[0m] Elapsed time: 2.64e-01 || Step number: 1300/30000
[[32m[1m INFO  [21m[0m] longdy = 1.00e+00      || longdy/dt = 1.00e+00  || dt = 2.89e-03
[[32m[1m INFO  [21m[0m] from nz = 0 and OH
[[32m[1m INFO  [21m[0m] -----------------------------------------------------------------
[[32m[1m INFO  [21m[0m] Elapsed time: 1.24e+00 || Step number: 1400/30000
[[32m[1m INFO  [21m[0m] longdy = 1.00e+00      || longdy/dt = 1.00e+00  || dt = 1.41e-02
[[32m[1m INFO  [21m[0m] from nz = 0 and OH
[[32m[1m INFO  [21m[0m] -----------------------------------------------------------------
[[32m[1m INFO  [21m[0m] Elapsed time: 4.62e+00 || Step number: 1500/30000
[[32m[1m INFO  [21m[0m] longdy = 1.00e+00      || longdy/dt = 1.00e+00  || dt = 5.77e-02
[[32m[1m INFO  [21m[0m] from nz = 0 and OH
[[32m[1m INFO  [21m[0m] -----------------------------------------------------------------
[[32m[1m INFO  [21m[0m] Elapsed time: 1.33e+01 || Step number: 1600/30000
[[32m[1m INFO  [21m[0m] longdy = 1.00e+00      || longdy/dt = 1.00e+00  || dt = 1.24e-01
[[32m[1m INFO  [21m[0m] from nz = 0 and OH
[[32m[1m INFO  [21m[0m] -----------------------------------------------------------------
[[32m[1m INFO  [21m[0m] Elapsed time: 3.11e+01 || Step number: 1700/30000
[[32m[1m INFO  [21m[0m] longdy = 1.00e+00      || longdy/dt = 1.00e+00  || dt = 2.47e-01
[[32m[1m INFO  [21m[0m] from nz = 0 and OH
[[32m[1m INFO  [21m[0m] -----------------------------------------------------------------
[[32m[1m INFO  [21m[0m] Elapsed time: 6.15e+01 || Step number: 1800/30000
[[32m[1m INFO  [21m[0m] longdy = 1.00e+00      || longdy/dt = 1.00e+00  || dt = 4.04e-01
[[32m[1m INFO  [21m[0m] from nz = 0 and OH
[[32m[1m INFO  [21m[0m] -----------------------------------------------------------------
[[32m[1m INFO  [21m[0m] Elapsed time: 1.17e+02 || Step number: 1900/30000
[[32m[1m INFO  [21m[0m] longdy = 1.94e+02      || longdy/dt = 3.53e+00  || dt = 7.84e-01
[[32m[1m INFO  [21m[0m] from nz = 40 and N
[[32m[1m INFO  [21m[0m] -----------------------------------------------------------------
[[32m[1m INFO  [21m[0m] Elapsed time: 2.04e+02 || Step number: 2000/30000
[[32m[1m INFO  [21m[0m] longdy = 1.42e+01      || longdy/dt = 1.66e-01  || dt = 1.31e+00
[[32m[1m INFO  [21m[0m] from nz = 41 and N
[[32m[1m INFO  [21m[0m] -----------------------------------------------------------------
[[32m[1m INFO  [21m[0m] Elapsed time: 3.28e+02 || Step number: 2100/30000
[[32m[1m INFO  [21m[0m] longdy = 1.22e+01      || longdy/dt = 9.95e-02  || dt = 1.81e+00
[[32m[1m INFO  [21m[0m] from nz = 37 and HCS
[[32m[1m INFO  [21m[0m] -----------------------------------------------------------------
[[32m[1m INFO  [21m[0m] Elapsed time: 4.77e+02 || Step number: 2200/30000
[[32m[1m INFO  [21m[0m] longdy = 1.05e+01      || longdy/dt = 7.13e-02  || dt = 2.21e+00
[[32m[1m INFO  [21m[0m] from nz = 35 and HCS
[[32m[1m INFO  [21m[0m] -----------------------------------------------------------------
[[32m[1m INFO  [21m[0m] Elapsed time: 6.88e+02 || Step number: 2300/30000
[[32m[1m INFO  [21m[0m] longdy = 1.40e+01      || longdy/dt = 6.73e-02  || dt = 3.14e+00
[[32m[1m INFO  [21m[0m] from nz = 33 and HCS
[[32m[1m INFO  [21m[0m] -----------------------------------------------------------------
[[32m[1m INFO  [21m[0m] Elapsed time: 1.00e+03 || Step number: 2400/30000
[[32m[1m INFO  [21m[0m] longdy = 1.98e+01      || longdy/dt = 6.35e-02  || dt = 4.53e+00
[[32m[1m INFO  [21m[0m] from nz = 31 and HCS
[[32m[1m INFO  [21m[0m] -----------------------------------------------------------------
[[93m[1m WARNING [21m[0m] Element conservation is violated too large
[[93m[1m WARNING [21m[0m] at step: 2445
[[93m[1m WARNING [21m[0m] -----------------------------------------------------------------
[[93m[1m WARNING [21m[0m] Element conservation is violated too large
[[93m[1m WARNING [21m[0m] at step: 2446
[[93m[1m WARNING [21m[0m] -----------------------------------------------------------------
[[93m[1m WARNING [21m[0m] Element conservation is violated too large
[[93m[1m WARNING [21m[0m] at step: 2447
[[93m[1m WARNING [21m[0m] -----------------------------------------------------------------
[[93m[1m WARNING [21m[0m] Element conservation is violated too large
[[93m[1m WARNING [21m[0m] at step: 2448
[[93m[1m WARNING [21m[0m] -----------------------------------------------------------------
[[93m[1m WARNING [21m[0m] Element conservation is violated too large
[[93m[1m WARNING [21m[0m] at step: 2449
[[93m[1m WARNING [21m[0m] -----------------------------------------------------------------
[[93m[1m WARNING [21m[0m] Element conservation is violated too large
[[93m[1m WARNING [21m[0m] at step: 2450
[[93m[1m WARNING [21m[0m] -----------------------------------------------------------------
[[93m[1m WARNING [21m[0m] Element conservation is violated too large
[[93m[1m WARNING [21m[0m] at step: 2451
[[93m[1m WARNING [21m[0m] -----------------------------------------------------------------
[[93m[1m WARNING [21m[0m] Element conservation is violated too large
[[93m[1m WARNING [21m[0m] at step: 2452
[[93m[1m WARNING [21m[0m] -----------------------------------------------------------------
[[93m[1m WARNING [21m[0m] Element conservation is violated too large
[[93m[1m WARNING [21m[0m] at step: 2453
[[93m[1m WARNING [21m[0m] -----------------------------------------------------------------
[[93m[1m WARNING [21m[0m] Element conservation is violated too large
[[93m[1m WARNING [21m[0m] at step: 2454
[[93m[1m WARNING [21m[0m] -----------------------------------------------------------------
[[93m[1m WARNING [21m[0m] Element conservation is violated too large
[[93m[1m WARNING [21m[0m] at step: 2455
[[93m[1m WARNING [21m[0m] -----------------------------------------------------------------
[[93m[1m WARNING [21m[0m] Element conservation is violated too large
[[93m[1m WARNING [21m[0m] at step: 2456
[[93m[1m WARNING [21m[0m] -----------------------------------------------------------------
[[93m[1m WARNING [21m[0m] Element conservation is violated too large
[[93m[1m WARNING [21m[0m] at step: 2457
[[93m[1m WARNING [21m[0m] -----------------------------------------------------------------
[[93m[1m WARNING [21m[0m] Element conservation is violated too large
[[93m[1m WARNING [21m[0m] at step: 2458
[[93m[1m WARNING [21m[0m] -----------------------------------------------------------------
[[93m[1m WARNING [21m[0m] Element conservation is violated too large
[[93m[1m WARNING [21m[0m] at step: 2459
[[93m[1m WARNING [21m[0m] -----------------------------------------------------------------
[[93m[1m WARNING [21m[0m] Element conservation is violated too large
[[93m[1m WARNING [21m[0m] at step: 2460
[[93m[1m WARNING [21m[0m] -----------------------------------------------------------------
[[93m[1m WARNING [21m[0m] Element conservation is violated too large
[[93m[1m WARNING [21m[0m] at step: 2461
[[93m[1m WARNING [21m[0m] -----------------------------------------------------------------
[[93m[1m WARNING [21m[0m] Element conservation is violated too large
[[93m[1m WARNING [21m[0m] at step: 2462
[[93m[1m WARNING [21m[0m] -----------------------------------------------------------------
[[93m[1m WARNING [21m[0m] Element conservation is violated too large
[[93m[1m WARNING [21m[0m] at step: 2463
[[93m[1m WARNING [21m[0m] -----------------------------------------------------------------
[[93m[1m WARNING [21m[0m] Element conservation is violated too large
[[93m[1m WARNING [21m[0m] at step: 2464
[[93m[1m WARNING [21m[0m] -----------------------------------------------------------------
[[93m[1m WARNING [21m[0m] Element conservation is violated too large
[[93m[1m WARNING [21m[0m] at step: 2465
[[93m[1m WARNING [21m[0m] -----------------------------------------------------------------
[[93m[1m WARNING [21m[0m] Element conservation is violated too large
[[93m[1m WARNING [21m[0m] at step: 2466
[[93m[1m WARNING [21m[0m] -----------------------------------------------------------------
[[93m[1m WARNING [21m[0m] Element conservation is violated too large
[[93m[1m WARNING [21m[0m] at step: 2467
[[93m[1m WARNING [21m[0m] -----------------------------------------------------------------
[[93m[1m WARNING [21m[0m] Element conservation is violated too large
[[93m[1m WARNING [21m[0m] at step: 2468
[[93m[1m WARNING [21m[0m] -----------------------------------------------------------------
[[93m[1m WARNING [21m[0m] Element conservation is violated too large
[[93m[1m WARNING [21m[0m] at step: 2469
[[93m[1m WARNING [21m[0m] -----------------------------------------------------------------
[[93m[1m WARNING [21m[0m] Element conservation is violated too large
[[93m[1m WARNING [21m[0m] at step: 2470
[[93m[1m WARNING [21m[0m] -----------------------------------------------------------------
[[93m[1m WARNING [21m[0m] Element conservation is violated too large
[[93m[1m WARNING [21m[0m] at step: 2471
[[93m[1m WARNING [21m[0m] -----------------------------------------------------------------
[[93m[1m WARNING [21m[0m] Element conservation is violated too large
[[93m[1m WARNING [21m[0m] at step: 2472
[[93m[1m WARNING [21m[0m] -----------------------------------------------------------------
[[93m[1m WARNING [21m[0m] Element conservation is violated too large
[[93m[1m WARNING [21m[0m] at step: 2473
[[93m[1m WARNING [21m[0m] -----------------------------------------------------------------
[[93m[1m WARNING [21m[0m] Element conservation is violated too large
[[93m[1m WARNING [21m[0m] at step: 2474
[[93m[1m WARNING [21m[0m] -----------------------------------------------------------------
[[93m[1m WARNING [21m[0m] Element conservation is violated too large
[[93m[1m WARNING [21m[0m] at step: 2475
[[93m[1m WARNING [21m[0m] -----------------------------------------------------------------
[[93m[1m WARNING [21m[0m] Element conservation is violated too large
[[93m[1m WARNING [21m[0m] at step: 2476
[[93m[1m WARNING [21m[0m] -----------------------------------------------------------------
[[93m[1m WARNING [21m[0m] Element conservation is violated too large
[[93m[1m WARNING [21m[0m] at step: 2477
[[93m[1m WARNING [21m[0m] -----------------------------------------------------------------
[[93m[1m WARNING [21m[0m] Element conservation is violated too large
[[93m[1m WARNING [21m[0m] at step: 2478
[[93m[1m WARNING [21m[0m] -----------------------------------------------------------------
[[93m[1m WARNING [21m[0m] Element conservation is violated too large
[[93m[1m WARNING [21m[0m] at step: 2479
[[93m[1m WARNING [21m[0m] -----------------------------------------------------------------
[[93m[1m WARNING [21m[0m] Element conservation is violated too large
[[93m[1m WARNING [21m[0m] at step: 2480
[[93m[1m WARNING [21m[0m] -----------------------------------------------------------------
[[93m[1m WARNING [21m[0m] Element conservation is violated too large
[[93m[1m WARNING [21m[0m] at step: 2481
[[93m[1m WARNING [21m[0m] -----------------------------------------------------------------
[[93m[1m WARNING [21m[0m] Element conservation is violated too large
[[93m[1m WARNING [21m[0m] at step: 2482
[[93m[1m WARNING [21m[0m] -----------------------------------------------------------------
[[93m[1m WARNING [21m[0m] Element conservation is violated too large
[[93m[1m WARNING [21m[0m] at step: 2483
[[93m[1m WARNING [21m[0m] -----------------------------------------------------------------
[[93m[1m WARNING [21m[0m] Element conservation is violated too large
[[93m[1m WARNING [21m[0m] at step: 2484
[[93m[1m WARNING [21m[0m] -----------------------------------------------------------------
[[93m[1m WARNING [21m[0m] Element conservation is violated too large
[[93m[1m WARNING [21m[0m] at step: 2485
[[93m[1m WARNING [21m[0m] -----------------------------------------------------------------
[[93m[1m WARNING [21m[0m] Element conservation is violated too large
[[93m[1m WARNING [21m[0m] at step: 2486
[[93m[1m WARNING [21m[0m] -----------------------------------------------------------------
[[93m[1m WARNING [21m[0m] Element conservation is violated too large
[[93m[1m WARNING [21m[0m] at step: 2487
[[93m[1m WARNING [21m[0m] -----------------------------------------------------------------
[[93m[1m WARNING [21m[0m] Element conservation is violated too large
[[93m[1m WARNING [21m[0m] at step: 2488
[[93m[1m WARNING [21m[0m] -----------------------------------------------------------------
[[93m[1m WARNING [21m[0m] Element conservation is violated too large
[[93m[1m WARNING [21m[0m] at step: 2489
[[93m[1m WARNING [21m[0m] -----------------------------------------------------------------
[[93m[1m WARNING [21m[0m] Element conservation is violated too large
[[93m[1m WARNING [21m[0m] at step: 2490
[[93m[1m WARNING [21m[0m] -----------------------------------------------------------------
[[93m[1m WARNING [21m[0m] Element conservation is violated too large
[[93m[1m WARNING [21m[0m] at step: 2491
[[93m[1m WARNING [21m[0m] -----------------------------------------------------------------
[[93m[1m WARNING [21m[0m] Element conservation is violated too large
[[93m[1m WARNING [21m[0m] at step: 2492
[[93m[1m WARNING [21m[0m] -----------------------------------------------------------------
[[93m[1m WARNING [21m[0m] Element conservation is violated too large
[[93m[1m WARNING [21m[0m] at step: 2493
[[93m[1m WARNING [21m[0m] -----------------------------------------------------------------
[[93m[1m WARNING [21m[0m] Element conservation is violated too large
[[93m[1m WARNING [21m[0m] at step: 2494
[[93m[1m WARNING [21m[0m] -----------------------------------------------------------------
[[93m[1m WARNING [21m[0m] Element conservation is violated too large
[[93m[1m WARNING [21m[0m] at step: 2495
[[93m[1m WARNING [21m[0m] -----------------------------------------------------------------
[[93m[1m WARNING [21m[0m] Element conservation is violated too large
[[93m[1m WARNING [21m[0m] at step: 2496
[[93m[1m WARNING [21m[0m] -----------------------------------------------------------------
[[93m[1m WARNING [21m[0m] Element conservation is violated too large
[[93m[1m WARNING [21m[0m] at step: 2497
[[93m[1m WARNING [21m[0m] -----------------------------------------------------------------
[[93m[1m WARNING [21m[0m] Element conservation is violated too large
[[93m[1m WARNING [21m[0m] at step: 2498
[[93m[1m WARNING [21m[0m] -----------------------------------------------------------------
[[93m[1m WARNING [21m[0m] Element conservation is violated too large
[[93m[1m WARNING [21m[0m] at step: 2499
[[93m[1m WARNING [21m[0m] -----------------------------------------------------------------
[[32m[1m INFO  [21m[0m] Elapsed time: 1.32e+03 || Step number: 2500/30000
[[32m[1m INFO  [21m[0m] longdy = 8.21e+00      || longdy/dt = 2.62e-02  || dt = 5.65e+00
[[32m[1m INFO  [21m[0m] from nz = 29 and HCS
[[32m[1m INFO  [21m[0m] -----------------------------------------------------------------
[[93m[1m WARNING [21m[0m] Element conservation is violated too large
[[93m[1m WARNING [21m[0m] at step: 2511
[[93m[1m WARNING [21m[0m] -----------------------------------------------------------------
[[93m[1m WARNING [21m[0m] Element conservation is violated too large
[[93m[1m WARNING [21m[0m] at step: 2512
[[93m[1m WARNING [21m[0m] -----------------------------------------------------------------
[[93m[1m WARNING [21m[0m] Element conservation is violated too large
[[93m[1m WARNING [21m[0m] at step: 2513
[[93m[1m WARNING [21m[0m] -----------------------------------------------------------------
[[93m[1m WARNING [21m[0m] Element conservation is violated too large
[[93m[1m WARNING [21m[0m] at step: 2514
[[93m[1m WARNING [21m[0m] -----------------------------------------------------------------
[[93m[1m WARNING [21m[0m] Element conservation is violated too large
[[93m[1m WARNING [21m[0m] at step: 2515
[[93m[1m WARNING [21m[0m] -----------------------------------------------------------------
[[93m[1m WARNING [21m[0m] Element conservation is violated too large
[[93m[1m WARNING [21m[0m] at step: 2516
[[93m[1m WARNING [21m[0m] -----------------------------------------------------------------
[[93m[1m WARNING [21m[0m] Element conservation is violated too large
[[93m[1m WARNING [21m[0m] at step: 2517
[[93m[1m WARNING [21m[0m] -----------------------------------------------------------------
[[93m[1m WARNING [21m[0m] Element conservation is violated too large
[[93m[1m WARNING [21m[0m] at step: 2518
[[93m[1m WARNING [21m[0m] -----------------------------------------------------------------
[[93m[1m WARNING [21m[0m] Element conservation is violated too large
[[93m[1m WARNING [21m[0m] at step: 2519
[[93m[1m WARNING [21m[0m] -----------------------------------------------------------------
[[93m[1m WARNING [21m[0m] Element conservation is violated too large
[[93m[1m WARNING [21m[0m] at step: 2520
[[93m[1m WARNING [21m[0m] -----------------------------------------------------------------
[[93m[1m WARNING [21m[0m] Element conservation is violated too large
[[93m[1m WARNING [21m[0m] at step: 2521
[[93m[1m WARNING [21m[0m] -----------------------------------------------------------------
[[93m[1m WARNING [21m[0m] Element conservation is violated too large
[[93m[1m WARNING [21m[0m] at step: 2522
[[93m[1m WARNING [21m[0m] -----------------------------------------------------------------
[[93m[1m WARNING [21m[0m] Element conservation is violated too large
[[93m[1m WARNING [21m[0m] at step: 2523
[[93m[1m WARNING [21m[0m] -----------------------------------------------------------------
[[93m[1m WARNING [21m[0m] Element conservation is violated too large
[[93m[1m WARNING [21m[0m] at step: 2524
[[93m[1m WARNING [21m[0m] -----------------------------------------------------------------
[[93m[1m WARNING [21m[0m] Element conservation is violated too large
[[93m[1m WARNING [21m[0m] at step: 2525
[[93m[1m WARNING [21m[0m] -----------------------------------------------------------------
[[93m[1m WARNING [21m[0m] Element conservation is violated too large
[[93m[1m WARNING [21m[0m] at step: 2526
[[93m[1m WARNING [21m[0m] -----------------------------------------------------------------
[[93m[1m WARNING [21m[0m] Element conservation is violated too large
[[93m[1m WARNING [21m[0m] at step: 2527
[[93m[1m WARNING [21m[0m] -----------------------------------------------------------------
[[93m[1m WARNING [21m[0m] Element conservation is violated too large
[[93m[1m WARNING [21m[0m] at step: 2528
[[93m[1m WARNING [21m[0m] -----------------------------------------------------------------
[[93m[1m WARNING [21m[0m] Element conservation is violated too large
[[93m[1m WARNING [21m[0m] at step: 2529
[[93m[1m WARNING [21m[0m] -----------------------------------------------------------------
[[93m[1m WARNING [21m[0m] Element conservation is violated too large
[[93m[1m WARNING [21m[0m] at step: 2530
[[93m[1m WARNING [21m[0m] -----------------------------------------------------------------
[[93m[1m WARNING [21m[0m] Element conservation is violated too large
[[93m[1m WARNING [21m[0m] at step: 2531
[[93m[1m WARNING [21m[0m] -----------------------------------------------------------------
[[93m[1m WARNING [21m[0m] Element conservation is violated too large
[[93m[1m WARNING [21m[0m] at step: 2532
[[93m[1m WARNING [21m[0m] -----------------------------------------------------------------
[[93m[1m WARNING [21m[0m] Element conservation is violated too large
[[93m[1m WARNING [21m[0m] at step: 2533
[[93m[1m WARNING [21m[0m] -----------------------------------------------------------------
[[93m[1m WARNING [21m[0m] Element conservation is violated too large
[[93m[1m WARNING [21m[0m] at step: 2534
[[93m[1m WARNING [21m[0m] -----------------------------------------------------------------
[[93m[1m WARNING [21m[0m] Element conservation is violated too large
[[93m[1m WARNING [21m[0m] at step: 2535
[[93m[1m WARNING [21m[0m] -----------------------------------------------------------------
[[93m[1m WARNING [21m[0m] Element conservation is violated too large
[[93m[1m WARNING [21m[0m] at step: 2536
[[93m[1m WARNING [21m[0m] -----------------------------------------------------------------
[[93m[1m WARNING [21m[0m] Element conservation is violated too large
[[93m[1m WARNING [21m[0m] at step: 2537
[[93m[1m WARNING [21m[0m] -----------------------------------------------------------------
[[93m[1m WARNING [21m[0m] Element conservation is violated too large
[[93m[1m WARNING [21m[0m] at step: 2538
[[93m[1m WARNING [21m[0m] -----------------------------------------------------------------
[[93m[1m WARNING [21m[0m] Element conservation is violated too large
[[93m[1m WARNING [21m[0m] at step: 2539
[[93m[1m WARNING [21m[0m] -----------------------------------------------------------------
[[93m[1m WARNING [21m[0m] Element conservation is violated too large
[[93m[1m WARNING [21m[0m] at step: 2540
[[93m[1m WARNING [21m[0m] -----------------------------------------------------------------
[[93m[1m WARNING [21m[0m] Element conservation is violated too large
[[93m[1m WARNING [21m[0m] at step: 2541
[[93m[1m WARNING [21m[0m] -----------------------------------------------------------------
[[93m[1m WARNING [21m[0m] Element conservation is violated too large
[[93m[1m WARNING [21m[0m] at step: 2542
[[93m[1m WARNING [21m[0m] -----------------------------------------------------------------
[[93m[1m WARNING [21m[0m] Element conservation is violated too large
[[93m[1m WARNING [21m[0m] at step: 2543
[[93m[1m WARNING [21m[0m] -----------------------------------------------------------------
[[93m[1m WARNING [21m[0m] Element conservation is violated too large
[[93m[1m WARNING [21m[0m] at step: 2544
[[93m[1m WARNING [21m[0m] -----------------------------------------------------------------
[[93m[1m WARNING [21m[0m] Element conservation is violated too large
[[93m[1m WARNING [21m[0m] at step: 2545
[[93m[1m WARNING [21m[0m] -----------------------------------------------------------------
[[93m[1m WARNING [21m[0m] Element conservation is violated too large
[[93m[1m WARNING [21m[0m] at step: 2546
[[93m[1m WARNING [21m[0m] -----------------------------------------------------------------
[[93m[1m WARNING [21m[0m] Element conservation is violated too large
[[93m[1m WARNING [21m[0m] at step: 2547
[[93m[1m WARNING [21m[0m] -----------------------------------------------------------------
[[93m[1m WARNING [21m[0m] Element conservation is violated too large
[[93m[1m WARNING [21m[0m] at step: 2548
[[93m[1m WARNING [21m[0m] -----------------------------------------------------------------
[[93m[1m WARNING [21m[0m] Element conservation is violated too large
[[93m[1m WARNING [21m[0m] at step: 2549
[[93m[1m WARNING [21m[0m] -----------------------------------------------------------------
[[93m[1m WARNING [21m[0m] Element conservation is violated too large
[[93m[1m WARNING [21m[0m] at step: 2550
[[93m[1m WARNING [21m[0m] -----------------------------------------------------------------
[[93m[1m WARNING [21m[0m] Element conservation is violated too large
[[93m[1m WARNING [21m[0m] at step: 2551
[[93m[1m WARNING [21m[0m] -----------------------------------------------------------------
[[93m[1m WARNING [21m[0m] Element conservation is violated too large
[[93m[1m WARNING [21m[0m] at step: 2553
[[93m[1m WARNING [21m[0m] -----------------------------------------------------------------
[[93m[1m WARNING [21m[0m] Element conservation is violated too large
[[93m[1m WARNING [21m[0m] at step: 2554
[[93m[1m WARNING [21m[0m] -----------------------------------------------------------------
[[93m[1m WARNING [21m[0m] Element conservation is violated too large
[[93m[1m WARNING [21m[0m] at step: 2555
[[93m[1m WARNING [21m[0m] -----------------------------------------------------------------
[[93m[1m WARNING [21m[0m] Element conservation is violated too large
[[93m[1m WARNING [21m[0m] at step: 2556
[[93m[1m WARNING [21m[0m] -----------------------------------------------------------------
[[93m[1m WARNING [21m[0m] Element conservation is violated too large
[[93m[1m WARNING [21m[0m] at step: 2557
[[93m[1m WARNING [21m[0m] -----------------------------------------------------------------
[[93m[1m WARNING [21m[0m] Element conservation is violated too large
[[93m[1m WARNING [21m[0m] at step: 2558
[[93m[1m WARNING [21m[0m] -----------------------------------------------------------------
[[93m[1m WARNING [21m[0m] Element conservation is violated too large
[[93m[1m WARNING [21m[0m] at step: 2559
[[93m[1m WARNING [21m[0m] -----------------------------------------------------------------
[[93m[1m WARNING [21m[0m] Element conservation is violated too large
[[93m[1m WARNING [21m[0m] at step: 2560
[[93m[1m WARNING [21m[0m] -----------------------------------------------------------------
[[93m[1m WARNING [21m[0m] Element conservation is violated too large
[[93m[1m WARNING [21m[0m] at step: 2561
[[93m[1m WARNING [21m[0m] -----------------------------------------------------------------
[[93m[1m WARNING [21m[0m] Element conservation is violated too large
[[93m[1m WARNING [21m[0m] at step: 2562
[[93m[1m WARNING [21m[0m] -----------------------------------------------------------------
[[93m[1m WARNING [21m[0m] Element conservation is violated too large
[[93m[1m WARNING [21m[0m] at step: 2563
[[93m[1m WARNING [21m[0m] -----------------------------------------------------------------
[[93m[1m WARNING [21m[0m] Element conservation is violated too large
[[93m[1m WARNING [21m[0m] at step: 2564
[[93m[1m WARNING [21m[0m] -----------------------------------------------------------------
[[93m[1m WARNING [21m[0m] Element conservation is violated too large
[[93m[1m WARNING [21m[0m] at step: 2565
[[93m[1m WARNING [21m[0m] -----------------------------------------------------------------
[[93m[1m WARNING [21m[0m] Element conservation is violated too large
[[93m[1m WARNING [21m[0m] at step: 2566
[[93m[1m WARNING [21m[0m] -----------------------------------------------------------------
[[93m[1m WARNING [21m[0m] Element conservation is violated too large
[[93m[1m WARNING [21m[0m] at step: 2567
[[93m[1m WARNING [21m[0m] -----------------------------------------------------------------
[[93m[1m WARNING [21m[0m] Element conservation is violated too large
[[93m[1m WARNING [21m[0m] at step: 2568
[[93m[1m WARNING [21m[0m] -----------------------------------------------------------------
[[93m[1m WARNING [21m[0m] Element conservation is violated too large
[[93m[1m WARNING [21m[0m] at step: 2569
[[93m[1m WARNING [21m[0m] -----------------------------------------------------------------
[[93m[1m WARNING [21m[0m] Element conservation is violated too large
[[93m[1m WARNING [21m[0m] at step: 2570
[[93m[1m WARNING [21m[0m] -----------------------------------------------------------------
[[93m[1m WARNING [21m[0m] Element conservation is violated too large
[[93m[1m WARNING [21m[0m] at step: 2571
[[93m[1m WARNING [21m[0m] -----------------------------------------------------------------
[[93m[1m WARNING [21m[0m] Element conservation is violated too large
[[93m[1m WARNING [21m[0m] at step: 2572
[[93m[1m WARNING [21m[0m] -----------------------------------------------------------------
[[93m[1m WARNING [21m[0m] Element conservation is violated too large
[[93m[1m WARNING [21m[0m] at step: 2573
[[93m[1m WARNING [21m[0m] -----------------------------------------------------------------
[[93m[1m WARNING [21m[0m] Element conservation is violated too large
[[93m[1m WARNING [21m[0m] at step: 2574
[[93m[1m WARNING [21m[0m] -----------------------------------------------------------------
[[93m[1m WARNING [21m[0m] Element conservation is violated too large
[[93m[1m WARNING [21m[0m] at step: 2575
[[93m[1m WARNING [21m[0m] -----------------------------------------------------------------
[[93m[1m WARNING [21m[0m] Element conservation is violated too large
[[93m[1m WARNING [21m[0m] at step: 2576
[[93m[1m WARNING [21m[0m] -----------------------------------------------------------------
[[93m[1m WARNING [21m[0m] Element conservation is violated too large
[[93m[1m WARNING [21m[0m] at step: 2577
[[93m[1m WARNING [21m[0m] -----------------------------------------------------------------
[[93m[1m WARNING [21m[0m] Element conservation is violated too large
[[93m[1m WARNING [21m[0m] at step: 2578
[[93m[1m WARNING [21m[0m] -----------------------------------------------------------------
[[93m[1m WARNING [21m[0m] Element conservation is violated too large
[[93m[1m WARNING [21m[0m] at step: 2579
[[93m[1m WARNING [21m[0m] -----------------------------------------------------------------
[[93m[1m WARNING [21m[0m] Element conservation is violated too large
[[93m[1m WARNING [21m[0m] at step: 2580
[[93m[1m WARNING [21m[0m] -----------------------------------------------------------------
[[93m[1m WARNING [21m[0m] Element conservation is violated too large
[[93m[1m WARNING [21m[0m] at step: 2581
[[93m[1m WARNING [21m[0m] -----------------------------------------------------------------
[[93m[1m WARNING [21m[0m] Element conservation is violated too large
[[93m[1m WARNING [21m[0m] at step: 2582
[[93m[1m WARNING [21m[0m] -----------------------------------------------------------------
[[93m[1m WARNING [21m[0m] Element conservation is violated too large
[[93m[1m WARNING [21m[0m] at step: 2583
[[93m[1m WARNING [21m[0m] -----------------------------------------------------------------
[[93m[1m WARNING [21m[0m] Element conservation is violated too large
[[93m[1m WARNING [21m[0m] at step: 2584
[[93m[1m WARNING [21m[0m] -----------------------------------------------------------------
[[93m[1m WARNING [21m[0m] Element conservation is violated too large
[[93m[1m WARNING [21m[0m] at step: 2585
[[93m[1m WARNING [21m[0m] -----------------------------------------------------------------
[[93m[1m WARNING [21m[0m] Element conservation is violated too large
[[93m[1m WARNING [21m[0m] at step: 2586
[[93m[1m WARNING [21m[0m] -----------------------------------------------------------------
[[93m[1m WARNING [21m[0m] Element conservation is violated too large
[[93m[1m WARNING [21m[0m] at step: 2587
[[93m[1m WARNING [21m[0m] -----------------------------------------------------------------
[[93m[1m WARNING [21m[0m] Element conservation is violated too large
[[93m[1m WARNING [21m[0m] at step: 2588
[[93m[1m WARNING [21m[0m] -----------------------------------------------------------------
[[93m[1m WARNING [21m[0m] Element conservation is violated too large
[[93m[1m WARNING [21m[0m] at step: 2589
[[93m[1m WARNING [21m[0m] -----------------------------------------------------------------
[[93m[1m WARNING [21m[0m] Element conservation is violated too large
[[93m[1m WARNING [21m[0m] at step: 2590
[[93m[1m WARNING [21m[0m] -----------------------------------------------------------------
[[93m[1m WARNING [21m[0m] Element conservation is violated too large
[[93m[1m WARNING [21m[0m] at step: 2591
[[93m[1m WARNING [21m[0m] -----------------------------------------------------------------
[[93m[1m WARNING [21m[0m] Element conservation is violated too large
[[93m[1m WARNING [21m[0m] at step: 2592
[[93m[1m WARNING [21m[0m] -----------------------------------------------------------------
[[93m[1m WARNING [21m[0m] Element conservation is violated too large
[[93m[1m WARNING [21m[0m] at step: 2593
[[93m[1m WARNING [21m[0m] -----------------------------------------------------------------
[[93m[1m WARNING [21m[0m] Element conservation is violated too large
[[93m[1m WARNING [21m[0m] at step: 2594
[[93m[1m WARNING [21m[0m] -----------------------------------------------------------------
[[93m[1m WARNING [21m[0m] Element conservation is violated too large
[[93m[1m WARNING [21m[0m] at step: 2595
[[93m[1m WARNING [21m[0m] -----------------------------------------------------------------
[[93m[1m WARNING [21m[0m] Element conservation is violated too large
[[93m[1m WARNING [21m[0m] at step: 2596
[[93m[1m WARNING [21m[0m] -----------------------------------------------------------------
[[93m[1m WARNING [21m[0m] Element conservation is violated too large
[[93m[1m WARNING [21m[0m] at step: 2597
[[93m[1m WARNING [21m[0m] -----------------------------------------------------------------
[[93m[1m WARNING [21m[0m] Element conservation is violated too large
[[93m[1m WARNING [21m[0m] at step: 2598
[[93m[1m WARNING [21m[0m] -----------------------------------------------------------------
[[93m[1m WARNING [21m[0m] Element conservation is violated too large
[[93m[1m WARNING [21m[0m] at step: 2599
[[93m[1m WARNING [21m[0m] -----------------------------------------------------------------
[[32m[1m INFO  [21m[0m] Elapsed time: 1.66e+03 || Step number: 2600/30000
[[32m[1m INFO  [21m[0m] longdy = 3.40e+00      || longdy/dt = 1.02e-02  || dt = 8.40e+00
[[32m[1m INFO  [21m[0m] from nz = 27 and HCS
[[32m[1m INFO  [21m[0m] -----------------------------------------------------------------
[[93m[1m WARNING [21m[0m] Element conservation is violated too large
[[93m[1m WARNING [21m[0m] at step: 2611
[[93m[1m WARNING [21m[0m] -----------------------------------------------------------------
[[93m[1m WARNING [21m[0m] Element conservation is violated too large
[[93m[1m WARNING [21m[0m] at step: 2612
[[93m[1m WARNING [21m[0m] -----------------------------------------------------------------
[[93m[1m WARNING [21m[0m] Element conservation is violated too large
[[93m[1m WARNING [21m[0m] at step: 2613
[[93m[1m WARNING [21m[0m] -----------------------------------------------------------------
[[93m[1m WARNING [21m[0m] Element conservation is violated too large
[[93m[1m WARNING [21m[0m] at step: 2614
[[93m[1m WARNING [21m[0m] -----------------------------------------------------------------
[[93m[1m WARNING [21m[0m] Element conservation is violated too large
[[93m[1m WARNING [21m[0m] at step: 2615
[[93m[1m WARNING [21m[0m] -----------------------------------------------------------------
[[93m[1m WARNING [21m[0m] Element conservation is violated too large
[[93m[1m WARNING [21m[0m] at step: 2616
[[93m[1m WARNING [21m[0m] -----------------------------------------------------------------
[[93m[1m WARNING [21m[0m] Element conservation is violated too large
[[93m[1m WARNING [21m[0m] at step: 2617
[[93m[1m WARNING [21m[0m] -----------------------------------------------------------------
[[93m[1m WARNING [21m[0m] Element conservation is violated too large
[[93m[1m WARNING [21m[0m] at step: 2618
[[93m[1m WARNING [21m[0m] -----------------------------------------------------------------
[[93m[1m WARNING [21m[0m] Element conservation is violated too large
[[93m[1m WARNING [21m[0m] at step: 2619
[[93m[1m WARNING [21m[0m] -----------------------------------------------------------------
[[93m[1m WARNING [21m[0m] Element conservation is violated too large
[[93m[1m WARNING [21m[0m] at step: 2620
[[93m[1m WARNING [21m[0m] -----------------------------------------------------------------
[[93m[1m WARNING [21m[0m] Element conservation is violated too large
[[93m[1m WARNING [21m[0m] at step: 2621
[[93m[1m WARNING [21m[0m] -----------------------------------------------------------------
[[93m[1m WARNING [21m[0m] Element conservation is violated too large
[[93m[1m WARNING [21m[0m] at step: 2622
[[93m[1m WARNING [21m[0m] -----------------------------------------------------------------
[[93m[1m WARNING [21m[0m] Element conservation is violated too large
[[93m[1m WARNING [21m[0m] at step: 2623
[[93m[1m WARNING [21m[0m] -----------------------------------------------------------------
[[93m[1m WARNING [21m[0m] Element conservation is violated too large
[[93m[1m WARNING [21m[0m] at step: 2624
[[93m[1m WARNING [21m[0m] -----------------------------------------------------------------
[[93m[1m WARNING [21m[0m] Element conservation is violated too large
[[93m[1m WARNING [21m[0m] at step: 2625
[[93m[1m WARNING [21m[0m] -----------------------------------------------------------------
[[93m[1m WARNING [21m[0m] Element conservation is violated too large
[[93m[1m WARNING [21m[0m] at step: 2626
[[93m[1m WARNING [21m[0m] -----------------------------------------------------------------
[[93m[1m WARNING [21m[0m] Element conservation is violated too large
[[93m[1m WARNING [21m[0m] at step: 2627
[[93m[1m WARNING [21m[0m] -----------------------------------------------------------------
[[93m[1m WARNING [21m[0m] Element conservation is violated too large
[[93m[1m WARNING [21m[0m] at step: 2628
[[93m[1m WARNING [21m[0m] -----------------------------------------------------------------
[[93m[1m WARNING [21m[0m] Element conservation is violated too large
[[93m[1m WARNING [21m[0m] at step: 2629
[[93m[1m WARNING [21m[0m] -----------------------------------------------------------------
[[93m[1m WARNING [21m[0m] Element conservation is violated too large
[[93m[1m WARNING [21m[0m] at step: 2630
[[93m[1m WARNING [21m[0m] -----------------------------------------------------------------
[[93m[1m WARNING [21m[0m] Element conservation is violated too large
[[93m[1m WARNING [21m[0m] at step: 2631
[[93m[1m WARNING [21m[0m] -----------------------------------------------------------------
[[93m[1m WARNING [21m[0m] Element conservation is violated too large
[[93m[1m WARNING [21m[0m] at step: 2632
[[93m[1m WARNING [21m[0m] -----------------------------------------------------------------
[[93m[1m WARNING [21m[0m] Element conservation is violated too large
[[93m[1m WARNING [21m[0m] at step: 2633
[[93m[1m WARNING [21m[0m] -----------------------------------------------------------------
[[93m[1m WARNING [21m[0m] Element conservation is violated too large
[[93m[1m WARNING [21m[0m] at step: 2634
[[93m[1m WARNING [21m[0m] -----------------------------------------------------------------
[[93m[1m WARNING [21m[0m] Element conservation is violated too large
[[93m[1m WARNING [21m[0m] at step: 2635
[[93m[1m WARNING [21m[0m] -----------------------------------------------------------------
[[93m[1m WARNING [21m[0m] Element conservation is violated too large
[[93m[1m WARNING [21m[0m] at step: 2636
[[93m[1m WARNING [21m[0m] -----------------------------------------------------------------
[[93m[1m WARNING [21m[0m] Element conservation is violated too large
[[93m[1m WARNING [21m[0m] at step: 2637
[[93m[1m WARNING [21m[0m] -----------------------------------------------------------------
[[93m[1m WARNING [21m[0m] Element conservation is violated too large
[[93m[1m WARNING [21m[0m] at step: 2638
[[93m[1m WARNING [21m[0m] -----------------------------------------------------------------
[[93m[1m WARNING [21m[0m] Element conservation is violated too large
[[93m[1m WARNING [21m[0m] at step: 2639
[[93m[1m WARNING [21m[0m] -----------------------------------------------------------------
[[93m[1m WARNING [21m[0m] Element conservation is violated too large
[[93m[1m WARNING [21m[0m] at step: 2640
[[93m[1m WARNING [21m[0m] -----------------------------------------------------------------
[[93m[1m WARNING [21m[0m] Element conservation is violated too large
[[93m[1m WARNING [21m[0m] at step: 2641
[[93m[1m WARNING [21m[0m] -----------------------------------------------------------------
[[93m[1m WARNING [21m[0m] Element conservation is violated too large
[[93m[1m WARNING [21m[0m] at step: 2642
[[93m[1m WARNING [21m[0m] -----------------------------------------------------------------
[[93m[1m WARNING [21m[0m] Element conservation is violated too large
[[93m[1m WARNING [21m[0m] at step: 2643
[[93m[1m WARNING [21m[0m] -----------------------------------------------------------------
[[93m[1m WARNING [21m[0m] Element conservation is violated too large
[[93m[1m WARNING [21m[0m] at step: 2644
[[93m[1m WARNING [21m[0m] -----------------------------------------------------------------
[[93m[1m WARNING [21m[0m] Element conservation is violated too large
[[93m[1m WARNING [21m[0m] at step: 2645
[[93m[1m WARNING [21m[0m] -----------------------------------------------------------------
[[93m[1m WARNING [21m[0m] Element conservation is violated too large
[[93m[1m WARNING [21m[0m] at step: 2646
[[93m[1m WARNING [21m[0m] -----------------------------------------------------------------
[[93m[1m WARNING [21m[0m] Element conservation is violated too large
[[93m[1m WARNING [21m[0m] at step: 2647
[[93m[1m WARNING [21m[0m] -----------------------------------------------------------------
[[93m[1m WARNING [21m[0m] Element conservation is violated too large
[[93m[1m WARNING [21m[0m] at step: 2648
[[93m[1m WARNING [21m[0m] -----------------------------------------------------------------
[[93m[1m WARNING [21m[0m] Element conservation is violated too large
[[93m[1m WARNING [21m[0m] at step: 2649
[[93m[1m WARNING [21m[0m] -----------------------------------------------------------------
[[93m[1m WARNING [21m[0m] Element conservation is violated too large
[[93m[1m WARNING [21m[0m] at step: 2650
[[93m[1m WARNING [21m[0m] -----------------------------------------------------------------
[[93m[1m WARNING [21m[0m] Element conservation is violated too large
[[93m[1m WARNING [21m[0m] at step: 2651
[[93m[1m WARNING [21m[0m] -----------------------------------------------------------------
[[93m[1m WARNING [21m[0m] Element conservation is violated too large
[[93m[1m WARNING [21m[0m] at step: 2653
[[93m[1m WARNING [21m[0m] -----------------------------------------------------------------
[[93m[1m WARNING [21m[0m] Element conservation is violated too large
[[93m[1m WARNING [21m[0m] at step: 2654
[[93m[1m WARNING [21m[0m] -----------------------------------------------------------------
[[93m[1m WARNING [21m[0m] Element conservation is violated too large
[[93m[1m WARNING [21m[0m] at step: 2655
[[93m[1m WARNING [21m[0m] -----------------------------------------------------------------
[[93m[1m WARNING [21m[0m] Element conservation is violated too large
[[93m[1m WARNING [21m[0m] at step: 2656
[[93m[1m WARNING [21m[0m] -----------------------------------------------------------------
[[93m[1m WARNING [21m[0m] Element conservation is violated too large
[[93m[1m WARNING [21m[0m] at step: 2657
[[93m[1m WARNING [21m[0m] -----------------------------------------------------------------
[[93m[1m WARNING [21m[0m] Element conservation is violated too large
[[93m[1m WARNING [21m[0m] at step: 2658
[[93m[1m WARNING [21m[0m] -----------------------------------------------------------------
[[93m[1m WARNING [21m[0m] Element conservation is violated too large
[[93m[1m WARNING [21m[0m] at step: 2659
[[93m[1m WARNING [21m[0m] -----------------------------------------------------------------
[[93m[1m WARNING [21m[0m] Element conservation is violated too large
[[93m[1m WARNING [21m[0m] at step: 2660
[[93m[1m WARNING [21m[0m] -----------------------------------------------------------------
[[93m[1m WARNING [21m[0m] Element conservation is violated too large
[[93m[1m WARNING [21m[0m] at step: 2661
[[93m[1m WARNING [21m[0m] -----------------------------------------------------------------
[[93m[1m WARNING [21m[0m] Element conservation is violated too large
[[93m[1m WARNING [21m[0m] at step: 2662
[[93m[1m WARNING [21m[0m] -----------------------------------------------------------------
[[93m[1m WARNING [21m[0m] Element conservation is violated too large
[[93m[1m WARNING [21m[0m] at step: 2663
[[93m[1m WARNING [21m[0m] -----------------------------------------------------------------
[[93m[1m WARNING [21m[0m] Element conservation is violated too large
[[93m[1m WARNING [21m[0m] at step: 2664
[[93m[1m WARNING [21m[0m] -----------------------------------------------------------------
[[93m[1m WARNING [21m[0m] Element conservation is violated too large
[[93m[1m WARNING [21m[0m] at step: 2665
[[93m[1m WARNING [21m[0m] -----------------------------------------------------------------
[[93m[1m WARNING [21m[0m] Element conservation is violated too large
[[93m[1m WARNING [21m[0m] at step: 2666
[[93m[1m WARNING [21m[0m] -----------------------------------------------------------------
[[93m[1m WARNING [21m[0m] Element conservation is violated too large
[[93m[1m WARNING [21m[0m] at step: 2667
[[93m[1m WARNING [21m[0m] -----------------------------------------------------------------
[[93m[1m WARNING [21m[0m] Element conservation is violated too large
[[93m[1m WARNING [21m[0m] at step: 2668
[[93m[1m WARNING [21m[0m] -----------------------------------------------------------------
[[93m[1m WARNING [21m[0m] Element conservation is violated too large
[[93m[1m WARNING [21m[0m] at step: 2669
[[93m[1m WARNING [21m[0m] -----------------------------------------------------------------
[[93m[1m WARNING [21m[0m] Element conservation is violated too large
[[93m[1m WARNING [21m[0m] at step: 2670
[[93m[1m WARNING [21m[0m] -----------------------------------------------------------------
[[93m[1m WARNING [21m[0m] Element conservation is violated too large
[[93m[1m WARNING [21m[0m] at step: 2671
[[93m[1m WARNING [21m[0m] -----------------------------------------------------------------
[[93m[1m WARNING [21m[0m] Element conservation is violated too large
[[93m[1m WARNING [21m[0m] at step: 2672
[[93m[1m WARNING [21m[0m] -----------------------------------------------------------------
[[93m[1m WARNING [21m[0m] Element conservation is violated too large
[[93m[1m WARNING [21m[0m] at step: 2673
[[93m[1m WARNING [21m[0m] -----------------------------------------------------------------
[[93m[1m WARNING [21m[0m] Element conservation is violated too large
[[93m[1m WARNING [21m[0m] at step: 2674
[[93m[1m WARNING [21m[0m] -----------------------------------------------------------------
[[93m[1m WARNING [21m[0m] Element conservation is violated too large
[[93m[1m WARNING [21m[0m] at step: 2675
[[93m[1m WARNING [21m[0m] -----------------------------------------------------------------
[[93m[1m WARNING [21m[0m] Element conservation is violated too large
[[93m[1m WARNING [21m[0m] at step: 2676
[[93m[1m WARNING [21m[0m] -----------------------------------------------------------------
[[93m[1m WARNING [21m[0m] Element conservation is violated too large
[[93m[1m WARNING [21m[0m] at step: 2677
[[93m[1m WARNING [21m[0m] -----------------------------------------------------------------
[[93m[1m WARNING [21m[0m] Element conservation is violated too large
[[93m[1m WARNING [21m[0m] at step: 2678
[[93m[1m WARNING [21m[0m] -----------------------------------------------------------------
[[93m[1m WARNING [21m[0m] Element conservation is violated too large
[[93m[1m WARNING [21m[0m] at step: 2679
[[93m[1m WARNING [21m[0m] -----------------------------------------------------------------
[[93m[1m WARNING [21m[0m] Element conservation is violated too large
[[93m[1m WARNING [21m[0m] at step: 2680
[[93m[1m WARNING [21m[0m] -----------------------------------------------------------------
[[93m[1m WARNING [21m[0m] Element conservation is violated too large
[[93m[1m WARNING [21m[0m] at step: 2681
[[93m[1m WARNING [21m[0m] -----------------------------------------------------------------
[[93m[1m WARNING [21m[0m] Element conservation is violated too large
[[93m[1m WARNING [21m[0m] at step: 2682
[[93m[1m WARNING [21m[0m] -----------------------------------------------------------------
[[93m[1m WARNING [21m[0m] Element conservation is violated too large
[[93m[1m WARNING [21m[0m] at step: 2683
[[93m[1m WARNING [21m[0m] -----------------------------------------------------------------
[[93m[1m WARNING [21m[0m] Element conservation is violated too large
[[93m[1m WARNING [21m[0m] at step: 2684
[[93m[1m WARNING [21m[0m] -----------------------------------------------------------------
[[93m[1m WARNING [21m[0m] Element conservation is violated too large
[[93m[1m WARNING [21m[0m] at step: 2685
[[93m[1m WARNING [21m[0m] -----------------------------------------------------------------
[[93m[1m WARNING [21m[0m] Element conservation is violated too large
[[93m[1m WARNING [21m[0m] at step: 2686
[[93m[1m WARNING [21m[0m] -----------------------------------------------------------------
[[93m[1m WARNING [21m[0m] Element conservation is violated too large
[[93m[1m WARNING [21m[0m] at step: 2687
[[93m[1m WARNING [21m[0m] -----------------------------------------------------------------
[[93m[1m WARNING [21m[0m] Element conservation is violated too large
[[93m[1m WARNING [21m[0m] at step: 2688
[[93m[1m WARNING [21m[0m] -----------------------------------------------------------------
[[93m[1m WARNING [21m[0m] Element conservation is violated too large
[[93m[1m WARNING [21m[0m] at step: 2689
[[93m[1m WARNING [21m[0m] -----------------------------------------------------------------
[[93m[1m WARNING [21m[0m] Element conservation is violated too large
[[93m[1m WARNING [21m[0m] at step: 2690
[[93m[1m WARNING [21m[0m] -----------------------------------------------------------------
[[93m[1m WARNING [21m[0m] Element conservation is violated too large
[[93m[1m WARNING [21m[0m] at step: 2691
[[93m[1m WARNING [21m[0m] -----------------------------------------------------------------
[[93m[1m WARNING [21m[0m] Element conservation is violated too large
[[93m[1m WARNING [21m[0m] at step: 2692
[[93m[1m WARNING [21m[0m] -----------------------------------------------------------------
[[93m[1m WARNING [21m[0m] Element conservation is violated too large
[[93m[1m WARNING [21m[0m] at step: 2693
[[93m[1m WARNING [21m[0m] -----------------------------------------------------------------
[[93m[1m WARNING [21m[0m] Element conservation is violated too large
[[93m[1m WARNING [21m[0m] at step: 2694
[[93m[1m WARNING [21m[0m] -----------------------------------------------------------------
[[93m[1m WARNING [21m[0m] Element conservation is violated too large
[[93m[1m WARNING [21m[0m] at step: 2695
[[93m[1m WARNING [21m[0m] -----------------------------------------------------------------
[[93m[1m WARNING [21m[0m] Element conservation is violated too large
[[93m[1m WARNING [21m[0m] at step: 2696
[[93m[1m WARNING [21m[0m] -----------------------------------------------------------------
[[93m[1m WARNING [21m[0m] Element conservation is violated too large
[[93m[1m WARNING [21m[0m] at step: 2697
[[93m[1m WARNING [21m[0m] -----------------------------------------------------------------
[[93m[1m WARNING [21m[0m] Element conservation is violated too large
[[93m[1m WARNING [21m[0m] at step: 2698
[[93m[1m WARNING [21m[0m] -----------------------------------------------------------------
[[93m[1m WARNING [21m[0m] Element conservation is violated too large
[[93m[1m WARNING [21m[0m] at step: 2699
[[93m[1m WARNING [21m[0m] -----------------------------------------------------------------
[[32m[1m INFO  [21m[0m] Elapsed time: 2.01e+03 || Step number: 2700/30000
[[32m[1m INFO  [21m[0m] longdy = 1.12e+00      || longdy/dt = 3.26e-03  || dt = 7.87e+00
[[32m[1m INFO  [21m[0m] from nz = 0 and S8
[[32m[1m INFO  [21m[0m] -----------------------------------------------------------------
[[93m[1m WARNING [21m[0m] Element conservation is violated too large
[[93m[1m WARNING [21m[0m] at step: 2711
[[93m[1m WARNING [21m[0m] -----------------------------------------------------------------
[[93m[1m WARNING [21m[0m] Element conservation is violated too large
[[93m[1m WARNING [21m[0m] at step: 2712
[[93m[1m WARNING [21m[0m] -----------------------------------------------------------------
[[93m[1m WARNING [21m[0m] Element conservation is violated too large
[[93m[1m WARNING [21m[0m] at step: 2713
[[93m[1m WARNING [21m[0m] -----------------------------------------------------------------
[[93m[1m WARNING [21m[0m] Element conservation is violated too large
[[93m[1m WARNING [21m[0m] at step: 2714
[[93m[1m WARNING [21m[0m] -----------------------------------------------------------------
[[93m[1m WARNING [21m[0m] Element conservation is violated too large
[[93m[1m WARNING [21m[0m] at step: 2715
[[93m[1m WARNING [21m[0m] -----------------------------------------------------------------
[[93m[1m WARNING [21m[0m] Element conservation is violated too large
[[93m[1m WARNING [21m[0m] at step: 2716
[[93m[1m WARNING [21m[0m] -----------------------------------------------------------------
[[93m[1m WARNING [21m[0m] Element conservation is violated too large
[[93m[1m WARNING [21m[0m] at step: 2717
[[93m[1m WARNING [21m[0m] -----------------------------------------------------------------
[[93m[1m WARNING [21m[0m] Element conservation is violated too large
[[93m[1m WARNING [21m[0m] at step: 2718
[[93m[1m WARNING [21m[0m] -----------------------------------------------------------------
[[93m[1m WARNING [21m[0m] Element conservation is violated too large
[[93m[1m WARNING [21m[0m] at step: 2719
[[93m[1m WARNING [21m[0m] -----------------------------------------------------------------
[[93m[1m WARNING [21m[0m] Element conservation is violated too large
[[93m[1m WARNING [21m[0m] at step: 2720
[[93m[1m WARNING [21m[0m] -----------------------------------------------------------------
[[93m[1m WARNING [21m[0m] Element conservation is violated too large
[[93m[1m WARNING [21m[0m] at step: 2721
[[93m[1m WARNING [21m[0m] -----------------------------------------------------------------
[[93m[1m WARNING [21m[0m] Element conservation is violated too large
[[93m[1m WARNING [21m[0m] at step: 2722
[[93m[1m WARNING [21m[0m] -----------------------------------------------------------------
[[93m[1m WARNING [21m[0m] Element conservation is violated too large
[[93m[1m WARNING [21m[0m] at step: 2723
[[93m[1m WARNING [21m[0m] -----------------------------------------------------------------
[[93m[1m WARNING [21m[0m] Element conservation is violated too large
[[93m[1m WARNING [21m[0m] at step: 2724
[[93m[1m WARNING [21m[0m] -----------------------------------------------------------------
[[93m[1m WARNING [21m[0m] Element conservation is violated too large
[[93m[1m WARNING [21m[0m] at step: 2725
[[93m[1m WARNING [21m[0m] -----------------------------------------------------------------
[[93m[1m WARNING [21m[0m] Element conservation is violated too large
[[93m[1m WARNING [21m[0m] at step: 2726
[[93m[1m WARNING [21m[0m] -----------------------------------------------------------------
[[93m[1m WARNING [21m[0m] Element conservation is violated too large
[[93m[1m WARNING [21m[0m] at step: 2727
[[93m[1m WARNING [21m[0m] -----------------------------------------------------------------
[[93m[1m WARNING [21m[0m] Element conservation is violated too large
[[93m[1m WARNING [21m[0m] at step: 2728
[[93m[1m WARNING [21m[0m] -----------------------------------------------------------------
[[93m[1m WARNING [21m[0m] Element conservation is violated too large
[[93m[1m WARNING [21m[0m] at step: 2729
[[93m[1m WARNING [21m[0m] -----------------------------------------------------------------
[[93m[1m WARNING [21m[0m] Element conservation is violated too large
[[93m[1m WARNING [21m[0m] at step: 2730
[[93m[1m WARNING [21m[0m] -----------------------------------------------------------------
[[93m[1m WARNING [21m[0m] Element conservation is violated too large
[[93m[1m WARNING [21m[0m] at step: 2731
[[93m[1m WARNING [21m[0m] -----------------------------------------------------------------
[[93m[1m WARNING [21m[0m] Element conservation is violated too large
[[93m[1m WARNING [21m[0m] at step: 2732
[[93m[1m WARNING [21m[0m] -----------------------------------------------------------------
[[93m[1m WARNING [21m[0m] Element conservation is violated too large
[[93m[1m WARNING [21m[0m] at step: 2733
[[93m[1m WARNING [21m[0m] -----------------------------------------------------------------
[[93m[1m WARNING [21m[0m] Element conservation is violated too large
[[93m[1m WARNING [21m[0m] at step: 2734
[[93m[1m WARNING [21m[0m] -----------------------------------------------------------------
[[93m[1m WARNING [21m[0m] Element conservation is violated too large
[[93m[1m WARNING [21m[0m] at step: 2735
[[93m[1m WARNING [21m[0m] -----------------------------------------------------------------
[[93m[1m WARNING [21m[0m] Element conservation is violated too large
[[93m[1m WARNING [21m[0m] at step: 2736
[[93m[1m WARNING [21m[0m] -----------------------------------------------------------------
[[93m[1m WARNING [21m[0m] Element conservation is violated too large
[[93m[1m WARNING [21m[0m] at step: 2737
[[93m[1m WARNING [21m[0m] -----------------------------------------------------------------
[[93m[1m WARNING [21m[0m] Element conservation is violated too large
[[93m[1m WARNING [21m[0m] at step: 2738
[[93m[1m WARNING [21m[0m] -----------------------------------------------------------------
[[93m[1m WARNING [21m[0m] Element conservation is violated too large
[[93m[1m WARNING [21m[0m] at step: 2739
[[93m[1m WARNING [21m[0m] -----------------------------------------------------------------
[[93m[1m WARNING [21m[0m] Element conservation is violated too large
[[93m[1m WARNING [21m[0m] at step: 2740
[[93m[1m WARNING [21m[0m] -----------------------------------------------------------------
[[93m[1m WARNING [21m[0m] Element conservation is violated too large
[[93m[1m WARNING [21m[0m] at step: 2741
[[93m[1m WARNING [21m[0m] -----------------------------------------------------------------
[[93m[1m WARNING [21m[0m] Element conservation is violated too large
[[93m[1m WARNING [21m[0m] at step: 2742
[[93m[1m WARNING [21m[0m] -----------------------------------------------------------------
[[93m[1m WARNING [21m[0m] Element conservation is violated too large
[[93m[1m WARNING [21m[0m] at step: 2743
[[93m[1m WARNING [21m[0m] -----------------------------------------------------------------
[[93m[1m WARNING [21m[0m] Element conservation is violated too large
[[93m[1m WARNING [21m[0m] at step: 2744
[[93m[1m WARNING [21m[0m] -----------------------------------------------------------------
[[93m[1m WARNING [21m[0m] Element conservation is violated too large
[[93m[1m WARNING [21m[0m] at step: 2745
[[93m[1m WARNING [21m[0m] -----------------------------------------------------------------
[[93m[1m WARNING [21m[0m] Element conservation is violated too large
[[93m[1m WARNING [21m[0m] at step: 2746
[[93m[1m WARNING [21m[0m] -----------------------------------------------------------------
[[93m[1m WARNING [21m[0m] Element conservation is violated too large
[[93m[1m WARNING [21m[0m] at step: 2747
[[93m[1m WARNING [21m[0m] -----------------------------------------------------------------
[[93m[1m WARNING [21m[0m] Element conservation is violated too large
[[93m[1m WARNING [21m[0m] at step: 2748
[[93m[1m WARNING [21m[0m] -----------------------------------------------------------------
[[93m[1m WARNING [21m[0m] Element conservation is violated too large
[[93m[1m WARNING [21m[0m] at step: 2749
[[93m[1m WARNING [21m[0m] -----------------------------------------------------------------
[[93m[1m WARNING [21m[0m] Element conservation is violated too large
[[93m[1m WARNING [21m[0m] at step: 2750
[[93m[1m WARNING [21m[0m] -----------------------------------------------------------------
[[93m[1m WARNING [21m[0m] Element conservation is violated too large
[[93m[1m WARNING [21m[0m] at step: 2772
[[93m[1m WARNING [21m[0m] -----------------------------------------------------------------
[[93m[1m WARNING [21m[0m] Element conservation is violated too large
[[93m[1m WARNING [21m[0m] at step: 2773
[[93m[1m WARNING [21m[0m] -----------------------------------------------------------------
[[93m[1m WARNING [21m[0m] Element conservation is violated too large
[[93m[1m WARNING [21m[0m] at step: 2774
[[93m[1m WARNING [21m[0m] -----------------------------------------------------------------
[[93m[1m WARNING [21m[0m] Element conservation is violated too large
[[93m[1m WARNING [21m[0m] at step: 2775
[[93m[1m WARNING [21m[0m] -----------------------------------------------------------------
[[93m[1m WARNING [21m[0m] Element conservation is violated too large
[[93m[1m WARNING [21m[0m] at step: 2776
[[93m[1m WARNING [21m[0m] -----------------------------------------------------------------
[[93m[1m WARNING [21m[0m] Element conservation is violated too large
[[93m[1m WARNING [21m[0m] at step: 2777
[[93m[1m WARNING [21m[0m] -----------------------------------------------------------------
[[93m[1m WARNING [21m[0m] Element conservation is violated too large
[[93m[1m WARNING [21m[0m] at step: 2778
[[93m[1m WARNING [21m[0m] -----------------------------------------------------------------
[[93m[1m WARNING [21m[0m] Element conservation is violated too large
[[93m[1m WARNING [21m[0m] at step: 2779
[[93m[1m WARNING [21m[0m] -----------------------------------------------------------------
[[93m[1m WARNING [21m[0m] Element conservation is violated too large
[[93m[1m WARNING [21m[0m] at step: 2780
[[93m[1m WARNING [21m[0m] -----------------------------------------------------------------
[[93m[1m WARNING [21m[0m] Element conservation is violated too large
[[93m[1m WARNING [21m[0m] at step: 2781
[[93m[1m WARNING [21m[0m] -----------------------------------------------------------------
[[93m[1m WARNING [21m[0m] Element conservation is violated too large
[[93m[1m WARNING [21m[0m] at step: 2782
[[93m[1m WARNING [21m[0m] -----------------------------------------------------------------
[[93m[1m WARNING [21m[0m] Element conservation is violated too large
[[93m[1m WARNING [21m[0m] at step: 2783
[[93m[1m WARNING [21m[0m] -----------------------------------------------------------------
[[93m[1m WARNING [21m[0m] Element conservation is violated too large
[[93m[1m WARNING [21m[0m] at step: 2784
[[93m[1m WARNING [21m[0m] -----------------------------------------------------------------
[[93m[1m WARNING [21m[0m] Element conservation is violated too large
[[93m[1m WARNING [21m[0m] at step: 2785
[[93m[1m WARNING [21m[0m] -----------------------------------------------------------------
[[93m[1m WARNING [21m[0m] Element conservation is violated too large
[[93m[1m WARNING [21m[0m] at step: 2786
[[93m[1m WARNING [21m[0m] -----------------------------------------------------------------
[[93m[1m WARNING [21m[0m] Element conservation is violated too large
[[93m[1m WARNING [21m[0m] at step: 2787
[[93m[1m WARNING [21m[0m] -----------------------------------------------------------------
[[93m[1m WARNING [21m[0m] Element conservation is violated too large
[[93m[1m WARNING [21m[0m] at step: 2788
[[93m[1m WARNING [21m[0m] -----------------------------------------------------------------
[[93m[1m WARNING [21m[0m] Element conservation is violated too large
[[93m[1m WARNING [21m[0m] at step: 2789
[[93m[1m WARNING [21m[0m] -----------------------------------------------------------------
[[93m[1m WARNING [21m[0m] Element conservation is violated too large
[[93m[1m WARNING [21m[0m] at step: 2790
[[93m[1m WARNING [21m[0m] -----------------------------------------------------------------
[[93m[1m WARNING [21m[0m] Element conservation is violated too large
[[93m[1m WARNING [21m[0m] at step: 2791
[[93m[1m WARNING [21m[0m] -----------------------------------------------------------------
[[93m[1m WARNING [21m[0m] Element conservation is violated too large
[[93m[1m WARNING [21m[0m] at step: 2792
[[93m[1m WARNING [21m[0m] -----------------------------------------------------------------
[[93m[1m WARNING [21m[0m] Element conservation is violated too large
[[93m[1m WARNING [21m[0m] at step: 2793
[[93m[1m WARNING [21m[0m] -----------------------------------------------------------------
[[93m[1m WARNING [21m[0m] Element conservation is violated too large
[[93m[1m WARNING [21m[0m] at step: 2794
[[93m[1m WARNING [21m[0m] -----------------------------------------------------------------
[[93m[1m WARNING [21m[0m] Element conservation is violated too large
[[93m[1m WARNING [21m[0m] at step: 2795
[[93m[1m WARNING [21m[0m] -----------------------------------------------------------------
[[93m[1m WARNING [21m[0m] Element conservation is violated too large
[[93m[1m WARNING [21m[0m] at step: 2796
[[93m[1m WARNING [21m[0m] -----------------------------------------------------------------
[[93m[1m WARNING [21m[0m] Element conservation is violated too large
[[93m[1m WARNING [21m[0m] at step: 2797
[[93m[1m WARNING [21m[0m] -----------------------------------------------------------------
[[93m[1m WARNING [21m[0m] Element conservation is violated too large
[[93m[1m WARNING [21m[0m] at step: 2798
[[93m[1m WARNING [21m[0m] -----------------------------------------------------------------
[[93m[1m WARNING [21m[0m] Element conservation is violated too large
[[93m[1m WARNING [21m[0m] at step: 2799
[[93m[1m WARNING [21m[0m] -----------------------------------------------------------------
[[32m[1m INFO  [21m[0m] Elapsed time: 2.47e+03 || Step number: 2800/30000
[[32m[1m INFO  [21m[0m] longdy = 1.33e+00      || longdy/dt = 2.94e-03  || dt = 1.21e+01
[[32m[1m INFO  [21m[0m] from nz = 0 and S8
[[32m[1m INFO  [21m[0m] -----------------------------------------------------------------
[[93m[1m WARNING [21m[0m] Element conservation is violated too large
[[93m[1m WARNING [21m[0m] at step: 2812
[[93m[1m WARNING [21m[0m] -----------------------------------------------------------------
[[93m[1m WARNING [21m[0m] Element conservation is violated too large
[[93m[1m WARNING [21m[0m] at step: 2813
[[93m[1m WARNING [21m[0m] -----------------------------------------------------------------
[[93m[1m WARNING [21m[0m] Element conservation is violated too large
[[93m[1m WARNING [21m[0m] at step: 2814
[[93m[1m WARNING [21m[0m] -----------------------------------------------------------------
[[93m[1m WARNING [21m[0m] Element conservation is violated too large
[[93m[1m WARNING [21m[0m] at step: 2815
[[93m[1m WARNING [21m[0m] -----------------------------------------------------------------
[[93m[1m WARNING [21m[0m] Element conservation is violated too large
[[93m[1m WARNING [21m[0m] at step: 2816
[[93m[1m WARNING [21m[0m] -----------------------------------------------------------------
[[93m[1m WARNING [21m[0m] Element conservation is violated too large
[[93m[1m WARNING [21m[0m] at step: 2817
[[93m[1m WARNING [21m[0m] -----------------------------------------------------------------
[[93m[1m WARNING [21m[0m] Element conservation is violated too large
[[93m[1m WARNING [21m[0m] at step: 2818
[[93m[1m WARNING [21m[0m] -----------------------------------------------------------------
[[93m[1m WARNING [21m[0m] Element conservation is violated too large
[[93m[1m WARNING [21m[0m] at step: 2819
[[93m[1m WARNING [21m[0m] -----------------------------------------------------------------
[[93m[1m WARNING [21m[0m] Element conservation is violated too large
[[93m[1m WARNING [21m[0m] at step: 2820
[[93m[1m WARNING [21m[0m] -----------------------------------------------------------------
[[93m[1m WARNING [21m[0m] Element conservation is violated too large
[[93m[1m WARNING [21m[0m] at step: 2821
[[93m[1m WARNING [21m[0m] -----------------------------------------------------------------
[[93m[1m WARNING [21m[0m] Element conservation is violated too large
[[93m[1m WARNING [21m[0m] at step: 2822
[[93m[1m WARNING [21m[0m] -----------------------------------------------------------------
[[93m[1m WARNING [21m[0m] Element conservation is violated too large
[[93m[1m WARNING [21m[0m] at step: 2823
[[93m[1m WARNING [21m[0m] -----------------------------------------------------------------
[[93m[1m WARNING [21m[0m] Element conservation is violated too large
[[93m[1m WARNING [21m[0m] at step: 2824
[[93m[1m WARNING [21m[0m] -----------------------------------------------------------------
[[93m[1m WARNING [21m[0m] Element conservation is violated too large
[[93m[1m WARNING [21m[0m] at step: 2825
[[93m[1m WARNING [21m[0m] -----------------------------------------------------------------
[[93m[1m WARNING [21m[0m] Element conservation is violated too large
[[93m[1m WARNING [21m[0m] at step: 2826
[[93m[1m WARNING [21m[0m] -----------------------------------------------------------------
[[93m[1m WARNING [21m[0m] Element conservation is violated too large
[[93m[1m WARNING [21m[0m] at step: 2827
[[93m[1m WARNING [21m[0m] -----------------------------------------------------------------
[[93m[1m WARNING [21m[0m] Element conservation is violated too large
[[93m[1m WARNING [21m[0m] at step: 2828
[[93m[1m WARNING [21m[0m] -----------------------------------------------------------------
[[93m[1m WARNING [21m[0m] Element conservation is violated too large
[[93m[1m WARNING [21m[0m] at step: 2829
[[93m[1m WARNING [21m[0m] -----------------------------------------------------------------
[[93m[1m WARNING [21m[0m] Element conservation is violated too large
[[93m[1m WARNING [21m[0m] at step: 2830
[[93m[1m WARNING [21m[0m] -----------------------------------------------------------------
[[93m[1m WARNING [21m[0m] Element conservation is violated too large
[[93m[1m WARNING [21m[0m] at step: 2831
[[93m[1m WARNING [21m[0m] -----------------------------------------------------------------
[[93m[1m WARNING [21m[0m] Element conservation is violated too large
[[93m[1m WARNING [21m[0m] at step: 2832
[[93m[1m WARNING [21m[0m] -----------------------------------------------------------------
[[93m[1m WARNING [21m[0m] Element conservation is violated too large
[[93m[1m WARNING [21m[0m] at step: 2833
[[93m[1m WARNING [21m[0m] -----------------------------------------------------------------
[[93m[1m WARNING [21m[0m] Element conservation is violated too large
[[93m[1m WARNING [21m[0m] at step: 2834
[[93m[1m WARNING [21m[0m] -----------------------------------------------------------------
[[93m[1m WARNING [21m[0m] Element conservation is violated too large
[[93m[1m WARNING [21m[0m] at step: 2835
[[93m[1m WARNING [21m[0m] -----------------------------------------------------------------
[[93m[1m WARNING [21m[0m] Element conservation is violated too large
[[93m[1m WARNING [21m[0m] at step: 2836
[[93m[1m WARNING [21m[0m] -----------------------------------------------------------------
[[93m[1m WARNING [21m[0m] Element conservation is violated too large
[[93m[1m WARNING [21m[0m] at step: 2837
[[93m[1m WARNING [21m[0m] -----------------------------------------------------------------
[[93m[1m WARNING [21m[0m] Element conservation is violated too large
[[93m[1m WARNING [21m[0m] at step: 2838
[[93m[1m WARNING [21m[0m] -----------------------------------------------------------------
[[93m[1m WARNING [21m[0m] Element conservation is violated too large
[[93m[1m WARNING [21m[0m] at step: 2839
[[93m[1m WARNING [21m[0m] -----------------------------------------------------------------
[[93m[1m WARNING [21m[0m] Element conservation is violated too large
[[93m[1m WARNING [21m[0m] at step: 2840
[[93m[1m WARNING [21m[0m] -----------------------------------------------------------------
[[93m[1m WARNING [21m[0m] Element conservation is violated too large
[[93m[1m WARNING [21m[0m] at step: 2841
[[93m[1m WARNING [21m[0m] -----------------------------------------------------------------
[[93m[1m WARNING [21m[0m] Element conservation is violated too large
[[93m[1m WARNING [21m[0m] at step: 2842
[[93m[1m WARNING [21m[0m] -----------------------------------------------------------------
[[93m[1m WARNING [21m[0m] Element conservation is violated too large
[[93m[1m WARNING [21m[0m] at step: 2843
[[93m[1m WARNING [21m[0m] -----------------------------------------------------------------
[[93m[1m WARNING [21m[0m] Element conservation is violated too large
[[93m[1m WARNING [21m[0m] at step: 2844
[[93m[1m WARNING [21m[0m] -----------------------------------------------------------------
[[93m[1m WARNING [21m[0m] Element conservation is violated too large
[[93m[1m WARNING [21m[0m] at step: 2845
[[93m[1m WARNING [21m[0m] -----------------------------------------------------------------
[[93m[1m WARNING [21m[0m] Element conservation is violated too large
[[93m[1m WARNING [21m[0m] at step: 2846
[[93m[1m WARNING [21m[0m] -----------------------------------------------------------------
[[93m[1m WARNING [21m[0m] Element conservation is violated too large
[[93m[1m WARNING [21m[0m] at step: 2847
[[93m[1m WARNING [21m[0m] -----------------------------------------------------------------
[[93m[1m WARNING [21m[0m] Element conservation is violated too large
[[93m[1m WARNING [21m[0m] at step: 2848
[[93m[1m WARNING [21m[0m] -----------------------------------------------------------------
[[93m[1m WARNING [21m[0m] Element conservation is violated too large
[[93m[1m WARNING [21m[0m] at step: 2849
[[93m[1m WARNING [21m[0m] -----------------------------------------------------------------
[[93m[1m WARNING [21m[0m] Element conservation is violated too large
[[93m[1m WARNING [21m[0m] at step: 2850
[[93m[1m WARNING [21m[0m] -----------------------------------------------------------------
[[93m[1m WARNING [21m[0m] Element conservation is violated too large
[[93m[1m WARNING [21m[0m] at step: 2851
[[93m[1m WARNING [21m[0m] -----------------------------------------------------------------
[[93m[1m WARNING [21m[0m] Element conservation is violated too large
[[93m[1m WARNING [21m[0m] at step: 2853
[[93m[1m WARNING [21m[0m] -----------------------------------------------------------------
[[93m[1m WARNING [21m[0m] Element conservation is violated too large
[[93m[1m WARNING [21m[0m] at step: 2854
[[93m[1m WARNING [21m[0m] -----------------------------------------------------------------
[[93m[1m WARNING [21m[0m] Element conservation is violated too large
[[93m[1m WARNING [21m[0m] at step: 2855
[[93m[1m WARNING [21m[0m] -----------------------------------------------------------------
[[93m[1m WARNING [21m[0m] Element conservation is violated too large
[[93m[1m WARNING [21m[0m] at step: 2856
[[93m[1m WARNING [21m[0m] -----------------------------------------------------------------
[[93m[1m WARNING [21m[0m] Element conservation is violated too large
[[93m[1m WARNING [21m[0m] at step: 2857
[[93m[1m WARNING [21m[0m] -----------------------------------------------------------------
[[93m[1m WARNING [21m[0m] Element conservation is violated too large
[[93m[1m WARNING [21m[0m] at step: 2858
[[93m[1m WARNING [21m[0m] -----------------------------------------------------------------
[[93m[1m WARNING [21m[0m] Element conservation is violated too large
[[93m[1m WARNING [21m[0m] at step: 2859
[[93m[1m WARNING [21m[0m] -----------------------------------------------------------------
[[93m[1m WARNING [21m[0m] Element conservation is violated too large
[[93m[1m WARNING [21m[0m] at step: 2860
[[93m[1m WARNING [21m[0m] -----------------------------------------------------------------
[[93m[1m WARNING [21m[0m] Element conservation is violated too large
[[93m[1m WARNING [21m[0m] at step: 2861
[[93m[1m WARNING [21m[0m] -----------------------------------------------------------------
[[93m[1m WARNING [21m[0m] Element conservation is violated too large
[[93m[1m WARNING [21m[0m] at step: 2862
[[93m[1m WARNING [21m[0m] -----------------------------------------------------------------
[[93m[1m WARNING [21m[0m] Element conservation is violated too large
[[93m[1m WARNING [21m[0m] at step: 2863
[[93m[1m WARNING [21m[0m] -----------------------------------------------------------------
[[93m[1m WARNING [21m[0m] Element conservation is violated too large
[[93m[1m WARNING [21m[0m] at step: 2864
[[93m[1m WARNING [21m[0m] -----------------------------------------------------------------
[[93m[1m WARNING [21m[0m] Element conservation is violated too large
[[93m[1m WARNING [21m[0m] at step: 2865
[[93m[1m WARNING [21m[0m] -----------------------------------------------------------------
[[93m[1m WARNING [21m[0m] Element conservation is violated too large
[[93m[1m WARNING [21m[0m] at step: 2866
[[93m[1m WARNING [21m[0m] -----------------------------------------------------------------
[[93m[1m WARNING [21m[0m] Element conservation is violated too large
[[93m[1m WARNING [21m[0m] at step: 2867
[[93m[1m WARNING [21m[0m] -----------------------------------------------------------------
[[93m[1m WARNING [21m[0m] Element conservation is violated too large
[[93m[1m WARNING [21m[0m] at step: 2868
[[93m[1m WARNING [21m[0m] -----------------------------------------------------------------
[[93m[1m WARNING [21m[0m] Element conservation is violated too large
[[93m[1m WARNING [21m[0m] at step: 2869
[[93m[1m WARNING [21m[0m] -----------------------------------------------------------------
[[93m[1m WARNING [21m[0m] Element conservation is violated too large
[[93m[1m WARNING [21m[0m] at step: 2870
[[93m[1m WARNING [21m[0m] -----------------------------------------------------------------
[[93m[1m WARNING [21m[0m] Element conservation is violated too large
[[93m[1m WARNING [21m[0m] at step: 2871
[[93m[1m WARNING [21m[0m] -----------------------------------------------------------------
[[93m[1m WARNING [21m[0m] Element conservation is violated too large
[[93m[1m WARNING [21m[0m] at step: 2872
[[93m[1m WARNING [21m[0m] -----------------------------------------------------------------
[[93m[1m WARNING [21m[0m] Element conservation is violated too large
[[93m[1m WARNING [21m[0m] at step: 2873
[[93m[1m WARNING [21m[0m] -----------------------------------------------------------------
[[93m[1m WARNING [21m[0m] Element conservation is violated too large
[[93m[1m WARNING [21m[0m] at step: 2874
[[93m[1m WARNING [21m[0m] -----------------------------------------------------------------
[[93m[1m WARNING [21m[0m] Element conservation is violated too large
[[93m[1m WARNING [21m[0m] at step: 2875
[[93m[1m WARNING [21m[0m] -----------------------------------------------------------------
[[93m[1m WARNING [21m[0m] Element conservation is violated too large
[[93m[1m WARNING [21m[0m] at step: 2876
[[93m[1m WARNING [21m[0m] -----------------------------------------------------------------
[[93m[1m WARNING [21m[0m] Element conservation is violated too large
[[93m[1m WARNING [21m[0m] at step: 2877
[[93m[1m WARNING [21m[0m] -----------------------------------------------------------------
[[93m[1m WARNING [21m[0m] Element conservation is violated too large
[[93m[1m WARNING [21m[0m] at step: 2878
[[93m[1m WARNING [21m[0m] -----------------------------------------------------------------
[[93m[1m WARNING [21m[0m] Element conservation is violated too large
[[93m[1m WARNING [21m[0m] at step: 2879
[[93m[1m WARNING [21m[0m] -----------------------------------------------------------------
[[93m[1m WARNING [21m[0m] Element conservation is violated too large
[[93m[1m WARNING [21m[0m] at step: 2880
[[93m[1m WARNING [21m[0m] -----------------------------------------------------------------
[[93m[1m WARNING [21m[0m] Element conservation is violated too large
[[93m[1m WARNING [21m[0m] at step: 2881
[[93m[1m WARNING [21m[0m] -----------------------------------------------------------------
[[93m[1m WARNING [21m[0m] Element conservation is violated too large
[[93m[1m WARNING [21m[0m] at step: 2882
[[93m[1m WARNING [21m[0m] -----------------------------------------------------------------
[[93m[1m WARNING [21m[0m] Element conservation is violated too large
[[93m[1m WARNING [21m[0m] at step: 2883
[[93m[1m WARNING [21m[0m] -----------------------------------------------------------------
[[93m[1m WARNING [21m[0m] Element conservation is violated too large
[[93m[1m WARNING [21m[0m] at step: 2884
[[93m[1m WARNING [21m[0m] -----------------------------------------------------------------
[[93m[1m WARNING [21m[0m] Element conservation is violated too large
[[93m[1m WARNING [21m[0m] at step: 2885
[[93m[1m WARNING [21m[0m] -----------------------------------------------------------------
[[93m[1m WARNING [21m[0m] Element conservation is violated too large
[[93m[1m WARNING [21m[0m] at step: 2886
[[93m[1m WARNING [21m[0m] -----------------------------------------------------------------
[[93m[1m WARNING [21m[0m] Element conservation is violated too large
[[93m[1m WARNING [21m[0m] at step: 2887
[[93m[1m WARNING [21m[0m] -----------------------------------------------------------------
[[93m[1m WARNING [21m[0m] Element conservation is violated too large
[[93m[1m WARNING [21m[0m] at step: 2888
[[93m[1m WARNING [21m[0m] -----------------------------------------------------------------
[[93m[1m WARNING [21m[0m] Element conservation is violated too large
[[93m[1m WARNING [21m[0m] at step: 2889
[[93m[1m WARNING [21m[0m] -----------------------------------------------------------------
[[93m[1m WARNING [21m[0m] Element conservation is violated too large
[[93m[1m WARNING [21m[0m] at step: 2890
[[93m[1m WARNING [21m[0m] -----------------------------------------------------------------
[[93m[1m WARNING [21m[0m] Element conservation is violated too large
[[93m[1m WARNING [21m[0m] at step: 2891
[[93m[1m WARNING [21m[0m] -----------------------------------------------------------------
[[93m[1m WARNING [21m[0m] Element conservation is violated too large
[[93m[1m WARNING [21m[0m] at step: 2892
[[93m[1m WARNING [21m[0m] -----------------------------------------------------------------
[[93m[1m WARNING [21m[0m] Element conservation is violated too large
[[93m[1m WARNING [21m[0m] at step: 2893
[[93m[1m WARNING [21m[0m] -----------------------------------------------------------------
[[93m[1m WARNING [21m[0m] Element conservation is violated too large
[[93m[1m WARNING [21m[0m] at step: 2894
[[93m[1m WARNING [21m[0m] -----------------------------------------------------------------
[[93m[1m WARNING [21m[0m] Element conservation is violated too large
[[93m[1m WARNING [21m[0m] at step: 2895
[[93m[1m WARNING [21m[0m] -----------------------------------------------------------------
[[93m[1m WARNING [21m[0m] Element conservation is violated too large
[[93m[1m WARNING [21m[0m] at step: 2896
[[93m[1m WARNING [21m[0m] -----------------------------------------------------------------
[[93m[1m WARNING [21m[0m] Element conservation is violated too large
[[93m[1m WARNING [21m[0m] at step: 2897
[[93m[1m WARNING [21m[0m] -----------------------------------------------------------------
[[93m[1m WARNING [21m[0m] Element conservation is violated too large
[[93m[1m WARNING [21m[0m] at step: 2898
[[93m[1m WARNING [21m[0m] -----------------------------------------------------------------
[[93m[1m WARNING [21m[0m] Element conservation is violated too large
[[93m[1m WARNING [21m[0m] at step: 2899
[[93m[1m WARNING [21m[0m] -----------------------------------------------------------------
[[32m[1m INFO  [21m[0m] Elapsed time: 3.09e+03 || Step number: 2900/30000
[[32m[1m INFO  [21m[0m] longdy = 2.73e+00      || longdy/dt = 4.39e-03  || dt = 1.50e+01
[[32m[1m INFO  [21m[0m] from nz = 28 and CS
[[32m[1m INFO  [21m[0m] -----------------------------------------------------------------
[[93m[1m WARNING [21m[0m] Element conservation is violated too large
[[93m[1m WARNING [21m[0m] at step: 2913
[[93m[1m WARNING [21m[0m] -----------------------------------------------------------------
[[93m[1m WARNING [21m[0m] Element conservation is violated too large
[[93m[1m WARNING [21m[0m] at step: 2914
[[93m[1m WARNING [21m[0m] -----------------------------------------------------------------
[[93m[1m WARNING [21m[0m] Element conservation is violated too large
[[93m[1m WARNING [21m[0m] at step: 2915
[[93m[1m WARNING [21m[0m] -----------------------------------------------------------------
[[93m[1m WARNING [21m[0m] Element conservation is violated too large
[[93m[1m WARNING [21m[0m] at step: 2916
[[93m[1m WARNING [21m[0m] -----------------------------------------------------------------
[[93m[1m WARNING [21m[0m] Element conservation is violated too large
[[93m[1m WARNING [21m[0m] at step: 2917
[[93m[1m WARNING [21m[0m] -----------------------------------------------------------------
[[93m[1m WARNING [21m[0m] Element conservation is violated too large
[[93m[1m WARNING [21m[0m] at step: 2918
[[93m[1m WARNING [21m[0m] -----------------------------------------------------------------
[[93m[1m WARNING [21m[0m] Element conservation is violated too large
[[93m[1m WARNING [21m[0m] at step: 2919
[[93m[1m WARNING [21m[0m] -----------------------------------------------------------------
[[93m[1m WARNING [21m[0m] Element conservation is violated too large
[[93m[1m WARNING [21m[0m] at step: 2920
[[93m[1m WARNING [21m[0m] -----------------------------------------------------------------
[[93m[1m WARNING [21m[0m] Element conservation is violated too large
[[93m[1m WARNING [21m[0m] at step: 2921
[[93m[1m WARNING [21m[0m] -----------------------------------------------------------------
[[93m[1m WARNING [21m[0m] Element conservation is violated too large
[[93m[1m WARNING [21m[0m] at step: 2922
[[93m[1m WARNING [21m[0m] -----------------------------------------------------------------
[[93m[1m WARNING [21m[0m] Element conservation is violated too large
[[93m[1m WARNING [21m[0m] at step: 2923
[[93m[1m WARNING [21m[0m] -----------------------------------------------------------------
[[93m[1m WARNING [21m[0m] Element conservation is violated too large
[[93m[1m WARNING [21m[0m] at step: 2924
[[93m[1m WARNING [21m[0m] -----------------------------------------------------------------
[[93m[1m WARNING [21m[0m] Element conservation is violated too large
[[93m[1m WARNING [21m[0m] at step: 2925
[[93m[1m WARNING [21m[0m] -----------------------------------------------------------------
[[93m[1m WARNING [21m[0m] Element conservation is violated too large
[[93m[1m WARNING [21m[0m] at step: 2926
[[93m[1m WARNING [21m[0m] -----------------------------------------------------------------
[[93m[1m WARNING [21m[0m] Element conservation is violated too large
[[93m[1m WARNING [21m[0m] at step: 2927
[[93m[1m WARNING [21m[0m] -----------------------------------------------------------------
[[93m[1m WARNING [21m[0m] Element conservation is violated too large
[[93m[1m WARNING [21m[0m] at step: 2928
[[93m[1m WARNING [21m[0m] -----------------------------------------------------------------
[[93m[1m WARNING [21m[0m] Element conservation is violated too large
[[93m[1m WARNING [21m[0m] at step: 2929
[[93m[1m WARNING [21m[0m] -----------------------------------------------------------------
[[93m[1m WARNING [21m[0m] Element conservation is violated too large
[[93m[1m WARNING [21m[0m] at step: 2930
[[93m[1m WARNING [21m[0m] -----------------------------------------------------------------
[[93m[1m WARNING [21m[0m] Element conservation is violated too large
[[93m[1m WARNING [21m[0m] at step: 2931
[[93m[1m WARNING [21m[0m] -----------------------------------------------------------------
[[93m[1m WARNING [21m[0m] Element conservation is violated too large
[[93m[1m WARNING [21m[0m] at step: 2932
[[93m[1m WARNING [21m[0m] -----------------------------------------------------------------
[[93m[1m WARNING [21m[0m] Element conservation is violated too large
[[93m[1m WARNING [21m[0m] at step: 2933
[[93m[1m WARNING [21m[0m] -----------------------------------------------------------------
[[93m[1m WARNING [21m[0m] Element conservation is violated too large
[[93m[1m WARNING [21m[0m] at step: 2934
[[93m[1m WARNING [21m[0m] -----------------------------------------------------------------
[[93m[1m WARNING [21m[0m] Element conservation is violated too large
[[93m[1m WARNING [21m[0m] at step: 2935
[[93m[1m WARNING [21m[0m] -----------------------------------------------------------------
[[93m[1m WARNING [21m[0m] Element conservation is violated too large
[[93m[1m WARNING [21m[0m] at step: 2936
[[93m[1m WARNING [21m[0m] -----------------------------------------------------------------
[[93m[1m WARNING [21m[0m] Element conservation is violated too large
[[93m[1m WARNING [21m[0m] at step: 2937
[[93m[1m WARNING [21m[0m] -----------------------------------------------------------------
[[93m[1m WARNING [21m[0m] Element conservation is violated too large
[[93m[1m WARNING [21m[0m] at step: 2938
[[93m[1m WARNING [21m[0m] -----------------------------------------------------------------
[[93m[1m WARNING [21m[0m] Element conservation is violated too large
[[93m[1m WARNING [21m[0m] at step: 2939
[[93m[1m WARNING [21m[0m] -----------------------------------------------------------------
[[93m[1m WARNING [21m[0m] Element conservation is violated too large
[[93m[1m WARNING [21m[0m] at step: 2940
[[93m[1m WARNING [21m[0m] -----------------------------------------------------------------
[[93m[1m WARNING [21m[0m] Element conservation is violated too large
[[93m[1m WARNING [21m[0m] at step: 2941
[[93m[1m WARNING [21m[0m] -----------------------------------------------------------------
[[93m[1m WARNING [21m[0m] Element conservation is violated too large
[[93m[1m WARNING [21m[0m] at step: 2942
[[93m[1m WARNING [21m[0m] -----------------------------------------------------------------
[[93m[1m WARNING [21m[0m] Element conservation is violated too large
[[93m[1m WARNING [21m[0m] at step: 2943
[[93m[1m WARNING [21m[0m] -----------------------------------------------------------------
[[93m[1m WARNING [21m[0m] Element conservation is violated too large
[[93m[1m WARNING [21m[0m] at step: 2944
[[93m[1m WARNING [21m[0m] -----------------------------------------------------------------
[[93m[1m WARNING [21m[0m] Element conservation is violated too large
[[93m[1m WARNING [21m[0m] at step: 2945
[[93m[1m WARNING [21m[0m] -----------------------------------------------------------------
[[93m[1m WARNING [21m[0m] Element conservation is violated too large
[[93m[1m WARNING [21m[0m] at step: 2946
[[93m[1m WARNING [21m[0m] -----------------------------------------------------------------
[[93m[1m WARNING [21m[0m] Element conservation is violated too large
[[93m[1m WARNING [21m[0m] at step: 2947
[[93m[1m WARNING [21m[0m] -----------------------------------------------------------------
[[93m[1m WARNING [21m[0m] Element conservation is violated too large
[[93m[1m WARNING [21m[0m] at step: 2948
[[93m[1m WARNING [21m[0m] -----------------------------------------------------------------
[[93m[1m WARNING [21m[0m] Element conservation is violated too large
[[93m[1m WARNING [21m[0m] at step: 2949
[[93m[1m WARNING [21m[0m] -----------------------------------------------------------------
[[93m[1m WARNING [21m[0m] Element conservation is violated too large
[[93m[1m WARNING [21m[0m] at step: 2950
[[93m[1m WARNING [21m[0m] -----------------------------------------------------------------
[[93m[1m WARNING [21m[0m] Element conservation is violated too large
[[93m[1m WARNING [21m[0m] at step: 2951
[[93m[1m WARNING [21m[0m] -----------------------------------------------------------------
[[93m[1m WARNING [21m[0m] Element conservation is violated too large
[[93m[1m WARNING [21m[0m] at step: 2952
[[93m[1m WARNING [21m[0m] -----------------------------------------------------------------
[[93m[1m WARNING [21m[0m] Element conservation is violated too large
[[93m[1m WARNING [21m[0m] at step: 2953
[[93m[1m WARNING [21m[0m] -----------------------------------------------------------------
[[93m[1m WARNING [21m[0m] Element conservation is violated too large
[[93m[1m WARNING [21m[0m] at step: 2954
[[93m[1m WARNING [21m[0m] -----------------------------------------------------------------
[[93m[1m WARNING [21m[0m] Element conservation is violated too large
[[93m[1m WARNING [21m[0m] at step: 2955
[[93m[1m WARNING [21m[0m] -----------------------------------------------------------------
[[93m[1m WARNING [21m[0m] Element conservation is violated too large
[[93m[1m WARNING [21m[0m] at step: 2956
[[93m[1m WARNING [21m[0m] -----------------------------------------------------------------
[[93m[1m WARNING [21m[0m] Element conservation is violated too large
[[93m[1m WARNING [21m[0m] at step: 2957
[[93m[1m WARNING [21m[0m] -----------------------------------------------------------------
[[93m[1m WARNING [21m[0m] Element conservation is violated too large
[[93m[1m WARNING [21m[0m] at step: 2958
[[93m[1m WARNING [21m[0m] -----------------------------------------------------------------
[[93m[1m WARNING [21m[0m] Element conservation is violated too large
[[93m[1m WARNING [21m[0m] at step: 2959
[[93m[1m WARNING [21m[0m] -----------------------------------------------------------------
[[93m[1m WARNING [21m[0m] Element conservation is violated too large
[[93m[1m WARNING [21m[0m] at step: 2960
[[93m[1m WARNING [21m[0m] -----------------------------------------------------------------
[[93m[1m WARNING [21m[0m] Element conservation is violated too large
[[93m[1m WARNING [21m[0m] at step: 2961
[[93m[1m WARNING [21m[0m] -----------------------------------------------------------------
[[93m[1m WARNING [21m[0m] Element conservation is violated too large
[[93m[1m WARNING [21m[0m] at step: 2962
[[93m[1m WARNING [21m[0m] -----------------------------------------------------------------
[[93m[1m WARNING [21m[0m] Element conservation is violated too large
[[93m[1m WARNING [21m[0m] at step: 2963
[[93m[1m WARNING [21m[0m] -----------------------------------------------------------------
[[93m[1m WARNING [21m[0m] Element conservation is violated too large
[[93m[1m WARNING [21m[0m] at step: 2964
[[93m[1m WARNING [21m[0m] -----------------------------------------------------------------
[[93m[1m WARNING [21m[0m] Element conservation is violated too large
[[93m[1m WARNING [21m[0m] at step: 2965
[[93m[1m WARNING [21m[0m] -----------------------------------------------------------------
[[93m[1m WARNING [21m[0m] Element conservation is violated too large
[[93m[1m WARNING [21m[0m] at step: 2966
[[93m[1m WARNING [21m[0m] -----------------------------------------------------------------
[[93m[1m WARNING [21m[0m] Element conservation is violated too large
[[93m[1m WARNING [21m[0m] at step: 2967
[[93m[1m WARNING [21m[0m] -----------------------------------------------------------------
[[93m[1m WARNING [21m[0m] Element conservation is violated too large
[[93m[1m WARNING [21m[0m] at step: 2968
[[93m[1m WARNING [21m[0m] -----------------------------------------------------------------
[[93m[1m WARNING [21m[0m] Element conservation is violated too large
[[93m[1m WARNING [21m[0m] at step: 2969
[[93m[1m WARNING [21m[0m] -----------------------------------------------------------------
[[93m[1m WARNING [21m[0m] Element conservation is violated too large
[[93m[1m WARNING [21m[0m] at step: 2970
[[93m[1m WARNING [21m[0m] -----------------------------------------------------------------
[[93m[1m WARNING [21m[0m] Element conservation is violated too large
[[93m[1m WARNING [21m[0m] at step: 2971
[[93m[1m WARNING [21m[0m] -----------------------------------------------------------------
[[93m[1m WARNING [21m[0m] Element conservation is violated too large
[[93m[1m WARNING [21m[0m] at step: 2972
[[93m[1m WARNING [21m[0m] -----------------------------------------------------------------
[[93m[1m WARNING [21m[0m] Element conservation is violated too large
[[93m[1m WARNING [21m[0m] at step: 2973
[[93m[1m WARNING [21m[0m] -----------------------------------------------------------------
[[93m[1m WARNING [21m[0m] Element conservation is violated too large
[[93m[1m WARNING [21m[0m] at step: 2974
[[93m[1m WARNING [21m[0m] -----------------------------------------------------------------
[[93m[1m WARNING [21m[0m] Element conservation is violated too large
[[93m[1m WARNING [21m[0m] at step: 2975
[[93m[1m WARNING [21m[0m] -----------------------------------------------------------------
[[93m[1m WARNING [21m[0m] Element conservation is violated too large
[[93m[1m WARNING [21m[0m] at step: 2976
[[93m[1m WARNING [21m[0m] -----------------------------------------------------------------
[[93m[1m WARNING [21m[0m] Element conservation is violated too large
[[93m[1m WARNING [21m[0m] at step: 2977
[[93m[1m WARNING [21m[0m] -----------------------------------------------------------------
[[93m[1m WARNING [21m[0m] Element conservation is violated too large
[[93m[1m WARNING [21m[0m] at step: 2978
[[93m[1m WARNING [21m[0m] -----------------------------------------------------------------
[[93m[1m WARNING [21m[0m] Element conservation is violated too large
[[93m[1m WARNING [21m[0m] at step: 2979
[[93m[1m WARNING [21m[0m] -----------------------------------------------------------------
[[93m[1m WARNING [21m[0m] Element conservation is violated too large
[[93m[1m WARNING [21m[0m] at step: 2980
[[93m[1m WARNING [21m[0m] -----------------------------------------------------------------
[[93m[1m WARNING [21m[0m] Element conservation is violated too large
[[93m[1m WARNING [21m[0m] at step: 2981
[[93m[1m WARNING [21m[0m] -----------------------------------------------------------------
[[93m[1m WARNING [21m[0m] Element conservation is violated too large
[[93m[1m WARNING [21m[0m] at step: 2982
[[93m[1m WARNING [21m[0m] -----------------------------------------------------------------
[[93m[1m WARNING [21m[0m] Element conservation is violated too large
[[93m[1m WARNING [21m[0m] at step: 2983
[[93m[1m WARNING [21m[0m] -----------------------------------------------------------------
[[93m[1m WARNING [21m[0m] Element conservation is violated too large
[[93m[1m WARNING [21m[0m] at step: 2984
[[93m[1m WARNING [21m[0m] -----------------------------------------------------------------
[[93m[1m WARNING [21m[0m] Element conservation is violated too large
[[93m[1m WARNING [21m[0m] at step: 2985
[[93m[1m WARNING [21m[0m] -----------------------------------------------------------------
[[93m[1m WARNING [21m[0m] Element conservation is violated too large
[[93m[1m WARNING [21m[0m] at step: 2986
[[93m[1m WARNING [21m[0m] -----------------------------------------------------------------
[[93m[1m WARNING [21m[0m] Element conservation is violated too large
[[93m[1m WARNING [21m[0m] at step: 2987
[[93m[1m WARNING [21m[0m] -----------------------------------------------------------------
[[93m[1m WARNING [21m[0m] Element conservation is violated too large
[[93m[1m WARNING [21m[0m] at step: 2988
[[93m[1m WARNING [21m[0m] -----------------------------------------------------------------
[[93m[1m WARNING [21m[0m] Element conservation is violated too large
[[93m[1m WARNING [21m[0m] at step: 2989
[[93m[1m WARNING [21m[0m] -----------------------------------------------------------------
[[93m[1m WARNING [21m[0m] Element conservation is violated too large
[[93m[1m WARNING [21m[0m] at step: 2990
[[93m[1m WARNING [21m[0m] -----------------------------------------------------------------
[[93m[1m WARNING [21m[0m] Element conservation is violated too large
[[93m[1m WARNING [21m[0m] at step: 2991
[[93m[1m WARNING [21m[0m] -----------------------------------------------------------------
[[93m[1m WARNING [21m[0m] Element conservation is violated too large
[[93m[1m WARNING [21m[0m] at step: 2992
[[93m[1m WARNING [21m[0m] -----------------------------------------------------------------
[[93m[1m WARNING [21m[0m] Element conservation is violated too large
[[93m[1m WARNING [21m[0m] at step: 2993
[[93m[1m WARNING [21m[0m] -----------------------------------------------------------------
[[93m[1m WARNING [21m[0m] Element conservation is violated too large
[[93m[1m WARNING [21m[0m] at step: 2994
[[93m[1m WARNING [21m[0m] -----------------------------------------------------------------
[[93m[1m WARNING [21m[0m] Element conservation is violated too large
[[93m[1m WARNING [21m[0m] at step: 2995
[[93m[1m WARNING [21m[0m] -----------------------------------------------------------------
[[93m[1m WARNING [21m[0m] Element conservation is violated too large
[[93m[1m WARNING [21m[0m] at step: 2996
[[93m[1m WARNING [21m[0m] -----------------------------------------------------------------
[[93m[1m WARNING [21m[0m] Element conservation is violated too large
[[93m[1m WARNING [21m[0m] at step: 2997
[[93m[1m WARNING [21m[0m] -----------------------------------------------------------------
[[93m[1m WARNING [21m[0m] Element conservation is violated too large
[[93m[1m WARNING [21m[0m] at step: 2998
[[93m[1m WARNING [21m[0m] -----------------------------------------------------------------
[[93m[1m WARNING [21m[0m] Element conservation is violated too large
[[93m[1m WARNING [21m[0m] at step: 2999
[[93m[1m WARNING [21m[0m] -----------------------------------------------------------------
[[32m[1m INFO  [21m[0m] Elapsed time: 4.12e+03 || Step number: 3000/30000
[[32m[1m INFO  [21m[0m] longdy = 2.11e+01      || longdy/dt = 2.09e-02  || dt = 2.29e+01
[[32m[1m INFO  [21m[0m] from nz = 22 and CS
[[32m[1m INFO  [21m[0m] -----------------------------------------------------------------
[[93m[1m WARNING [21m[0m] Element conservation is violated too large
[[93m[1m WARNING [21m[0m] at step: 3015
[[93m[1m WARNING [21m[0m] -----------------------------------------------------------------
[[93m[1m WARNING [21m[0m] Element conservation is violated too large
[[93m[1m WARNING [21m[0m] at step: 3016
[[93m[1m WARNING [21m[0m] -----------------------------------------------------------------
[[93m[1m WARNING [21m[0m] Element conservation is violated too large
[[93m[1m WARNING [21m[0m] at step: 3017
[[93m[1m WARNING [21m[0m] -----------------------------------------------------------------
[[93m[1m WARNING [21m[0m] Element conservation is violated too large
[[93m[1m WARNING [21m[0m] at step: 3018
[[93m[1m WARNING [21m[0m] -----------------------------------------------------------------
[[93m[1m WARNING [21m[0m] Element conservation is violated too large
[[93m[1m WARNING [21m[0m] at step: 3019
[[93m[1m WARNING [21m[0m] -----------------------------------------------------------------
[[93m[1m WARNING [21m[0m] Element conservation is violated too large
[[93m[1m WARNING [21m[0m] at step: 3020
[[93m[1m WARNING [21m[0m] -----------------------------------------------------------------
[[93m[1m WARNING [21m[0m] Element conservation is violated too large
[[93m[1m WARNING [21m[0m] at step: 3021
[[93m[1m WARNING [21m[0m] -----------------------------------------------------------------
[[93m[1m WARNING [21m[0m] Element conservation is violated too large
[[93m[1m WARNING [21m[0m] at step: 3022
[[93m[1m WARNING [21m[0m] -----------------------------------------------------------------
[[93m[1m WARNING [21m[0m] Element conservation is violated too large
[[93m[1m WARNING [21m[0m] at step: 3023
[[93m[1m WARNING [21m[0m] -----------------------------------------------------------------
[[93m[1m WARNING [21m[0m] Element conservation is violated too large
[[93m[1m WARNING [21m[0m] at step: 3024
[[93m[1m WARNING [21m[0m] -----------------------------------------------------------------
[[93m[1m WARNING [21m[0m] Element conservation is violated too large
[[93m[1m WARNING [21m[0m] at step: 3025
[[93m[1m WARNING [21m[0m] -----------------------------------------------------------------
[[93m[1m WARNING [21m[0m] Element conservation is violated too large
[[93m[1m WARNING [21m[0m] at step: 3026
[[93m[1m WARNING [21m[0m] -----------------------------------------------------------------
[[93m[1m WARNING [21m[0m] Element conservation is violated too large
[[93m[1m WARNING [21m[0m] at step: 3027
[[93m[1m WARNING [21m[0m] -----------------------------------------------------------------
[[93m[1m WARNING [21m[0m] Element conservation is violated too large
[[93m[1m WARNING [21m[0m] at step: 3028
[[93m[1m WARNING [21m[0m] -----------------------------------------------------------------
[[93m[1m WARNING [21m[0m] Element conservation is violated too large
[[93m[1m WARNING [21m[0m] at step: 3029
[[93m[1m WARNING [21m[0m] -----------------------------------------------------------------
[[93m[1m WARNING [21m[0m] Element conservation is violated too large
[[93m[1m WARNING [21m[0m] at step: 3030
[[93m[1m WARNING [21m[0m] -----------------------------------------------------------------
[[93m[1m WARNING [21m[0m] Element conservation is violated too large
[[93m[1m WARNING [21m[0m] at step: 3031
[[93m[1m WARNING [21m[0m] -----------------------------------------------------------------
[[93m[1m WARNING [21m[0m] Element conservation is violated too large
[[93m[1m WARNING [21m[0m] at step: 3032
[[93m[1m WARNING [21m[0m] -----------------------------------------------------------------
[[93m[1m WARNING [21m[0m] Element conservation is violated too large
[[93m[1m WARNING [21m[0m] at step: 3033
[[93m[1m WARNING [21m[0m] -----------------------------------------------------------------
[[93m[1m WARNING [21m[0m] Element conservation is violated too large
[[93m[1m WARNING [21m[0m] at step: 3034
[[93m[1m WARNING [21m[0m] -----------------------------------------------------------------
[[93m[1m WARNING [21m[0m] Element conservation is violated too large
[[93m[1m WARNING [21m[0m] at step: 3035
[[93m[1m WARNING [21m[0m] -----------------------------------------------------------------
[[93m[1m WARNING [21m[0m] Element conservation is violated too large
[[93m[1m WARNING [21m[0m] at step: 3036
[[93m[1m WARNING [21m[0m] -----------------------------------------------------------------
[[93m[1m WARNING [21m[0m] Element conservation is violated too large
[[93m[1m WARNING [21m[0m] at step: 3037
[[93m[1m WARNING [21m[0m] -----------------------------------------------------------------
[[93m[1m WARNING [21m[0m] Element conservation is violated too large
[[93m[1m WARNING [21m[0m] at step: 3038
[[93m[1m WARNING [21m[0m] -----------------------------------------------------------------
[[93m[1m WARNING [21m[0m] Element conservation is violated too large
[[93m[1m WARNING [21m[0m] at step: 3039
[[93m[1m WARNING [21m[0m] -----------------------------------------------------------------
[[93m[1m WARNING [21m[0m] Element conservation is violated too large
[[93m[1m WARNING [21m[0m] at step: 3040
[[93m[1m WARNING [21m[0m] -----------------------------------------------------------------
[[93m[1m WARNING [21m[0m] Element conservation is violated too large
[[93m[1m WARNING [21m[0m] at step: 3041
[[93m[1m WARNING [21m[0m] -----------------------------------------------------------------
[[93m[1m WARNING [21m[0m] Element conservation is violated too large
[[93m[1m WARNING [21m[0m] at step: 3042
[[93m[1m WARNING [21m[0m] -----------------------------------------------------------------
[[93m[1m WARNING [21m[0m] Element conservation is violated too large
[[93m[1m WARNING [21m[0m] at step: 3043
[[93m[1m WARNING [21m[0m] -----------------------------------------------------------------
[[93m[1m WARNING [21m[0m] Element conservation is violated too large
[[93m[1m WARNING [21m[0m] at step: 3044
[[93m[1m WARNING [21m[0m] -----------------------------------------------------------------
[[93m[1m WARNING [21m[0m] Element conservation is violated too large
[[93m[1m WARNING [21m[0m] at step: 3045
[[93m[1m WARNING [21m[0m] -----------------------------------------------------------------
[[93m[1m WARNING [21m[0m] Element conservation is violated too large
[[93m[1m WARNING [21m[0m] at step: 3046
[[93m[1m WARNING [21m[0m] -----------------------------------------------------------------
[[93m[1m WARNING [21m[0m] Element conservation is violated too large
[[93m[1m WARNING [21m[0m] at step: 3047
[[93m[1m WARNING [21m[0m] -----------------------------------------------------------------
[[93m[1m WARNING [21m[0m] Element conservation is violated too large
[[93m[1m WARNING [21m[0m] at step: 3048
[[93m[1m WARNING [21m[0m] -----------------------------------------------------------------
[[93m[1m WARNING [21m[0m] Element conservation is violated too large
[[93m[1m WARNING [21m[0m] at step: 3049
[[93m[1m WARNING [21m[0m] -----------------------------------------------------------------
[[93m[1m WARNING [21m[0m] Element conservation is violated too large
[[93m[1m WARNING [21m[0m] at step: 3050
[[93m[1m WARNING [21m[0m] -----------------------------------------------------------------
[[93m[1m WARNING [21m[0m] Element conservation is violated too large
[[93m[1m WARNING [21m[0m] at step: 3082
[[93m[1m WARNING [21m[0m] -----------------------------------------------------------------
[[93m[1m WARNING [21m[0m] Element conservation is violated too large
[[93m[1m WARNING [21m[0m] at step: 3083
[[93m[1m WARNING [21m[0m] -----------------------------------------------------------------
[[93m[1m WARNING [21m[0m] Element conservation is violated too large
[[93m[1m WARNING [21m[0m] at step: 3084
[[93m[1m WARNING [21m[0m] -----------------------------------------------------------------
[[93m[1m WARNING [21m[0m] Element conservation is violated too large
[[93m[1m WARNING [21m[0m] at step: 3085
[[93m[1m WARNING [21m[0m] -----------------------------------------------------------------
[[93m[1m WARNING [21m[0m] Element conservation is violated too large
[[93m[1m WARNING [21m[0m] at step: 3086
[[93m[1m WARNING [21m[0m] -----------------------------------------------------------------
[[93m[1m WARNING [21m[0m] Element conservation is violated too large
[[93m[1m WARNING [21m[0m] at step: 3087
[[93m[1m WARNING [21m[0m] -----------------------------------------------------------------
[[93m[1m WARNING [21m[0m] Element conservation is violated too large
[[93m[1m WARNING [21m[0m] at step: 3088
[[93m[1m WARNING [21m[0m] -----------------------------------------------------------------
[[93m[1m WARNING [21m[0m] Element conservation is violated too large
[[93m[1m WARNING [21m[0m] at step: 3089
[[93m[1m WARNING [21m[0m] -----------------------------------------------------------------
[[93m[1m WARNING [21m[0m] Element conservation is violated too large
[[93m[1m WARNING [21m[0m] at step: 3090
[[93m[1m WARNING [21m[0m] -----------------------------------------------------------------
[[93m[1m WARNING [21m[0m] Element conservation is violated too large
[[93m[1m WARNING [21m[0m] at step: 3091
[[93m[1m WARNING [21m[0m] -----------------------------------------------------------------
[[93m[1m WARNING [21m[0m] Element conservation is violated too large
[[93m[1m WARNING [21m[0m] at step: 3092
[[93m[1m WARNING [21m[0m] -----------------------------------------------------------------
[[93m[1m WARNING [21m[0m] Element conservation is violated too large
[[93m[1m WARNING [21m[0m] at step: 3093
[[93m[1m WARNING [21m[0m] -----------------------------------------------------------------
[[93m[1m WARNING [21m[0m] Element conservation is violated too large
[[93m[1m WARNING [21m[0m] at step: 3094
[[93m[1m WARNING [21m[0m] -----------------------------------------------------------------
[[93m[1m WARNING [21m[0m] Element conservation is violated too large
[[93m[1m WARNING [21m[0m] at step: 3095
[[93m[1m WARNING [21m[0m] -----------------------------------------------------------------
[[93m[1m WARNING [21m[0m] Element conservation is violated too large
[[93m[1m WARNING [21m[0m] at step: 3096
[[93m[1m WARNING [21m[0m] -----------------------------------------------------------------
[[93m[1m WARNING [21m[0m] Element conservation is violated too large
[[93m[1m WARNING [21m[0m] at step: 3097
[[93m[1m WARNING [21m[0m] -----------------------------------------------------------------
[[93m[1m WARNING [21m[0m] Element conservation is violated too large
[[93m[1m WARNING [21m[0m] at step: 3098
[[93m[1m WARNING [21m[0m] -----------------------------------------------------------------
[[93m[1m WARNING [21m[0m] Element conservation is violated too large
[[93m[1m WARNING [21m[0m] at step: 3099
[[93m[1m WARNING [21m[0m] -----------------------------------------------------------------
[[32m[1m INFO  [21m[0m] Elapsed time: 5.58e+03 || Step number: 3100/30000
[[32m[1m INFO  [21m[0m] longdy = 1.29e+03      || longdy/dt = 8.89e-01  || dt = 2.71e+01
[[32m[1m INFO  [21m[0m] from nz = 23 and CS
[[32m[1m INFO  [21m[0m] -----------------------------------------------------------------
[[93m[1m WARNING [21m[0m] Element conservation is violated too large
[[93m[1m WARNING [21m[0m] at step: 3116
[[93m[1m WARNING [21m[0m] -----------------------------------------------------------------
[[93m[1m WARNING [21m[0m] Element conservation is violated too large
[[93m[1m WARNING [21m[0m] at step: 3117
[[93m[1m WARNING [21m[0m] -----------------------------------------------------------------
[[93m[1m WARNING [21m[0m] Element conservation is violated too large
[[93m[1m WARNING [21m[0m] at step: 3118
[[93m[1m WARNING [21m[0m] -----------------------------------------------------------------
[[93m[1m WARNING [21m[0m] Element conservation is violated too large
[[93m[1m WARNING [21m[0m] at step: 3119
[[93m[1m WARNING [21m[0m] -----------------------------------------------------------------
[[93m[1m WARNING [21m[0m] Element conservation is violated too large
[[93m[1m WARNING [21m[0m] at step: 3120
[[93m[1m WARNING [21m[0m] -----------------------------------------------------------------
[[93m[1m WARNING [21m[0m] Element conservation is violated too large
[[93m[1m WARNING [21m[0m] at step: 3121
[[93m[1m WARNING [21m[0m] -----------------------------------------------------------------
[[93m[1m WARNING [21m[0m] Element conservation is violated too large
[[93m[1m WARNING [21m[0m] at step: 3122
[[93m[1m WARNING [21m[0m] -----------------------------------------------------------------
[[93m[1m WARNING [21m[0m] Element conservation is violated too large
[[93m[1m WARNING [21m[0m] at step: 3123
[[93m[1m WARNING [21m[0m] -----------------------------------------------------------------
[[93m[1m WARNING [21m[0m] Element conservation is violated too large
[[93m[1m WARNING [21m[0m] at step: 3124
[[93m[1m WARNING [21m[0m] -----------------------------------------------------------------
[[93m[1m WARNING [21m[0m] Element conservation is violated too large
[[93m[1m WARNING [21m[0m] at step: 3125
[[93m[1m WARNING [21m[0m] -----------------------------------------------------------------
[[93m[1m WARNING [21m[0m] Element conservation is violated too large
[[93m[1m WARNING [21m[0m] at step: 3126
[[93m[1m WARNING [21m[0m] -----------------------------------------------------------------
[[93m[1m WARNING [21m[0m] Element conservation is violated too large
[[93m[1m WARNING [21m[0m] at step: 3127
[[93m[1m WARNING [21m[0m] -----------------------------------------------------------------
[[93m[1m WARNING [21m[0m] Element conservation is violated too large
[[93m[1m WARNING [21m[0m] at step: 3128
[[93m[1m WARNING [21m[0m] -----------------------------------------------------------------
[[93m[1m WARNING [21m[0m] Element conservation is violated too large
[[93m[1m WARNING [21m[0m] at step: 3129
[[93m[1m WARNING [21m[0m] -----------------------------------------------------------------
[[93m[1m WARNING [21m[0m] Element conservation is violated too large
[[93m[1m WARNING [21m[0m] at step: 3130
[[93m[1m WARNING [21m[0m] -----------------------------------------------------------------
[[93m[1m WARNING [21m[0m] Element conservation is violated too large
[[93m[1m WARNING [21m[0m] at step: 3131
[[93m[1m WARNING [21m[0m] -----------------------------------------------------------------
[[93m[1m WARNING [21m[0m] Element conservation is violated too large
[[93m[1m WARNING [21m[0m] at step: 3132
[[93m[1m WARNING [21m[0m] -----------------------------------------------------------------
[[93m[1m WARNING [21m[0m] Element conservation is violated too large
[[93m[1m WARNING [21m[0m] at step: 3133
[[93m[1m WARNING [21m[0m] -----------------------------------------------------------------
[[93m[1m WARNING [21m[0m] Element conservation is violated too large
[[93m[1m WARNING [21m[0m] at step: 3134
[[93m[1m WARNING [21m[0m] -----------------------------------------------------------------
[[93m[1m WARNING [21m[0m] Element conservation is violated too large
[[93m[1m WARNING [21m[0m] at step: 3135
[[93m[1m WARNING [21m[0m] -----------------------------------------------------------------
[[93m[1m WARNING [21m[0m] Element conservation is violated too large
[[93m[1m WARNING [21m[0m] at step: 3136
[[93m[1m WARNING [21m[0m] -----------------------------------------------------------------
[[93m[1m WARNING [21m[0m] Element conservation is violated too large
[[93m[1m WARNING [21m[0m] at step: 3137
[[93m[1m WARNING [21m[0m] -----------------------------------------------------------------
[[93m[1m WARNING [21m[0m] Element conservation is violated too large
[[93m[1m WARNING [21m[0m] at step: 3138
[[93m[1m WARNING [21m[0m] -----------------------------------------------------------------
[[93m[1m WARNING [21m[0m] Element conservation is violated too large
[[93m[1m WARNING [21m[0m] at step: 3139
[[93m[1m WARNING [21m[0m] -----------------------------------------------------------------
[[93m[1m WARNING [21m[0m] Element conservation is violated too large
[[93m[1m WARNING [21m[0m] at step: 3140
[[93m[1m WARNING [21m[0m] -----------------------------------------------------------------
[[93m[1m WARNING [21m[0m] Element conservation is violated too large
[[93m[1m WARNING [21m[0m] at step: 3141
[[93m[1m WARNING [21m[0m] -----------------------------------------------------------------
[[93m[1m WARNING [21m[0m] Element conservation is violated too large
[[93m[1m WARNING [21m[0m] at step: 3142
[[93m[1m WARNING [21m[0m] -----------------------------------------------------------------
[[93m[1m WARNING [21m[0m] Element conservation is violated too large
[[93m[1m WARNING [21m[0m] at step: 3143
[[93m[1m WARNING [21m[0m] -----------------------------------------------------------------
[[93m[1m WARNING [21m[0m] Element conservation is violated too large
[[93m[1m WARNING [21m[0m] at step: 3144
[[93m[1m WARNING [21m[0m] -----------------------------------------------------------------
[[93m[1m WARNING [21m[0m] Element conservation is violated too large
[[93m[1m WARNING [21m[0m] at step: 3145
[[93m[1m WARNING [21m[0m] -----------------------------------------------------------------
[[93m[1m WARNING [21m[0m] Element conservation is violated too large
[[93m[1m WARNING [21m[0m] at step: 3146
[[93m[1m WARNING [21m[0m] -----------------------------------------------------------------
[[93m[1m WARNING [21m[0m] Element conservation is violated too large
[[93m[1m WARNING [21m[0m] at step: 3147
[[93m[1m WARNING [21m[0m] -----------------------------------------------------------------
[[93m[1m WARNING [21m[0m] Element conservation is violated too large
[[93m[1m WARNING [21m[0m] at step: 3148
[[93m[1m WARNING [21m[0m] -----------------------------------------------------------------
[[93m[1m WARNING [21m[0m] Element conservation is violated too large
[[93m[1m WARNING [21m[0m] at step: 3149
[[93m[1m WARNING [21m[0m] -----------------------------------------------------------------
[[93m[1m WARNING [21m[0m] Element conservation is violated too large
[[93m[1m WARNING [21m[0m] at step: 3150
[[93m[1m WARNING [21m[0m] -----------------------------------------------------------------
[[93m[1m WARNING [21m[0m] Element conservation is violated too large
[[93m[1m WARNING [21m[0m] at step: 3151
[[93m[1m WARNING [21m[0m] -----------------------------------------------------------------
[[93m[1m WARNING [21m[0m] Element conservation is violated too large
[[93m[1m WARNING [21m[0m] at step: 3152
[[93m[1m WARNING [21m[0m] -----------------------------------------------------------------
[[93m[1m WARNING [21m[0m] Element conservation is violated too large
[[93m[1m WARNING [21m[0m] at step: 3153
[[93m[1m WARNING [21m[0m] -----------------------------------------------------------------
[[93m[1m WARNING [21m[0m] Element conservation is violated too large
[[93m[1m WARNING [21m[0m] at step: 3154
[[93m[1m WARNING [21m[0m] -----------------------------------------------------------------
[[93m[1m WARNING [21m[0m] Element conservation is violated too large
[[93m[1m WARNING [21m[0m] at step: 3155
[[93m[1m WARNING [21m[0m] -----------------------------------------------------------------
[[93m[1m WARNING [21m[0m] Element conservation is violated too large
[[93m[1m WARNING [21m[0m] at step: 3156
[[93m[1m WARNING [21m[0m] -----------------------------------------------------------------
[[93m[1m WARNING [21m[0m] Element conservation is violated too large
[[93m[1m WARNING [21m[0m] at step: 3157
[[93m[1m WARNING [21m[0m] -----------------------------------------------------------------
[[93m[1m WARNING [21m[0m] Element conservation is violated too large
[[93m[1m WARNING [21m[0m] at step: 3158
[[93m[1m WARNING [21m[0m] -----------------------------------------------------------------
[[93m[1m WARNING [21m[0m] Element conservation is violated too large
[[93m[1m WARNING [21m[0m] at step: 3159
[[93m[1m WARNING [21m[0m] -----------------------------------------------------------------
[[93m[1m WARNING [21m[0m] Element conservation is violated too large
[[93m[1m WARNING [21m[0m] at step: 3160
[[93m[1m WARNING [21m[0m] -----------------------------------------------------------------
[[93m[1m WARNING [21m[0m] Element conservation is violated too large
[[93m[1m WARNING [21m[0m] at step: 3161
[[93m[1m WARNING [21m[0m] -----------------------------------------------------------------
[[93m[1m WARNING [21m[0m] Element conservation is violated too large
[[93m[1m WARNING [21m[0m] at step: 3162
[[93m[1m WARNING [21m[0m] -----------------------------------------------------------------
[[93m[1m WARNING [21m[0m] Element conservation is violated too large
[[93m[1m WARNING [21m[0m] at step: 3163
[[93m[1m WARNING [21m[0m] -----------------------------------------------------------------
[[93m[1m WARNING [21m[0m] Element conservation is violated too large
[[93m[1m WARNING [21m[0m] at step: 3164
[[93m[1m WARNING [21m[0m] -----------------------------------------------------------------
[[93m[1m WARNING [21m[0m] Element conservation is violated too large
[[93m[1m WARNING [21m[0m] at step: 3165
[[93m[1m WARNING [21m[0m] -----------------------------------------------------------------
[[93m[1m WARNING [21m[0m] Element conservation is violated too large
[[93m[1m WARNING [21m[0m] at step: 3166
[[93m[1m WARNING [21m[0m] -----------------------------------------------------------------
[[93m[1m WARNING [21m[0m] Element conservation is violated too large
[[93m[1m WARNING [21m[0m] at step: 3167
[[93m[1m WARNING [21m[0m] -----------------------------------------------------------------
[[93m[1m WARNING [21m[0m] Element conservation is violated too large
[[93m[1m WARNING [21m[0m] at step: 3168
[[93m[1m WARNING [21m[0m] -----------------------------------------------------------------
[[93m[1m WARNING [21m[0m] Element conservation is violated too large
[[93m[1m WARNING [21m[0m] at step: 3169
[[93m[1m WARNING [21m[0m] -----------------------------------------------------------------
[[93m[1m WARNING [21m[0m] Element conservation is violated too large
[[93m[1m WARNING [21m[0m] at step: 3170
[[93m[1m WARNING [21m[0m] -----------------------------------------------------------------
[[93m[1m WARNING [21m[0m] Element conservation is violated too large
[[93m[1m WARNING [21m[0m] at step: 3171
[[93m[1m WARNING [21m[0m] -----------------------------------------------------------------
[[93m[1m WARNING [21m[0m] Element conservation is violated too large
[[93m[1m WARNING [21m[0m] at step: 3172
[[93m[1m WARNING [21m[0m] -----------------------------------------------------------------
[[93m[1m WARNING [21m[0m] Element conservation is violated too large
[[93m[1m WARNING [21m[0m] at step: 3173
[[93m[1m WARNING [21m[0m] -----------------------------------------------------------------
[[93m[1m WARNING [21m[0m] Element conservation is violated too large
[[93m[1m WARNING [21m[0m] at step: 3174
[[93m[1m WARNING [21m[0m] -----------------------------------------------------------------
[[93m[1m WARNING [21m[0m] Element conservation is violated too large
[[93m[1m WARNING [21m[0m] at step: 3175
[[93m[1m WARNING [21m[0m] -----------------------------------------------------------------
[[93m[1m WARNING [21m[0m] Element conservation is violated too large
[[93m[1m WARNING [21m[0m] at step: 3176
[[93m[1m WARNING [21m[0m] -----------------------------------------------------------------
[[93m[1m WARNING [21m[0m] Element conservation is violated too large
[[93m[1m WARNING [21m[0m] at step: 3177
[[93m[1m WARNING [21m[0m] -----------------------------------------------------------------
[[93m[1m WARNING [21m[0m] Element conservation is violated too large
[[93m[1m WARNING [21m[0m] at step: 3178
[[93m[1m WARNING [21m[0m] -----------------------------------------------------------------
[[93m[1m WARNING [21m[0m] Element conservation is violated too large
[[93m[1m WARNING [21m[0m] at step: 3179
[[93m[1m WARNING [21m[0m] -----------------------------------------------------------------
[[93m[1m WARNING [21m[0m] Element conservation is violated too large
[[93m[1m WARNING [21m[0m] at step: 3180
[[93m[1m WARNING [21m[0m] -----------------------------------------------------------------
[[93m[1m WARNING [21m[0m] Element conservation is violated too large
[[93m[1m WARNING [21m[0m] at step: 3181
[[93m[1m WARNING [21m[0m] -----------------------------------------------------------------
[[93m[1m WARNING [21m[0m] Element conservation is violated too large
[[93m[1m WARNING [21m[0m] at step: 3182
[[93m[1m WARNING [21m[0m] -----------------------------------------------------------------
[[93m[1m WARNING [21m[0m] Element conservation is violated too large
[[93m[1m WARNING [21m[0m] at step: 3183
[[93m[1m WARNING [21m[0m] -----------------------------------------------------------------
[[93m[1m WARNING [21m[0m] Element conservation is violated too large
[[93m[1m WARNING [21m[0m] at step: 3184
[[93m[1m WARNING [21m[0m] -----------------------------------------------------------------
[[93m[1m WARNING [21m[0m] Element conservation is violated too large
[[93m[1m WARNING [21m[0m] at step: 3185
[[93m[1m WARNING [21m[0m] -----------------------------------------------------------------
[[93m[1m WARNING [21m[0m] Element conservation is violated too large
[[93m[1m WARNING [21m[0m] at step: 3186
[[93m[1m WARNING [21m[0m] -----------------------------------------------------------------
[[93m[1m WARNING [21m[0m] Element conservation is violated too large
[[93m[1m WARNING [21m[0m] at step: 3187
[[93m[1m WARNING [21m[0m] -----------------------------------------------------------------
[[93m[1m WARNING [21m[0m] Element conservation is violated too large
[[93m[1m WARNING [21m[0m] at step: 3188
[[93m[1m WARNING [21m[0m] -----------------------------------------------------------------
[[93m[1m WARNING [21m[0m] Element conservation is violated too large
[[93m[1m WARNING [21m[0m] at step: 3189
[[93m[1m WARNING [21m[0m] -----------------------------------------------------------------
[[93m[1m WARNING [21m[0m] Element conservation is violated too large
[[93m[1m WARNING [21m[0m] at step: 3190
[[93m[1m WARNING [21m[0m] -----------------------------------------------------------------
[[93m[1m WARNING [21m[0m] Element conservation is violated too large
[[93m[1m WARNING [21m[0m] at step: 3191
[[93m[1m WARNING [21m[0m] -----------------------------------------------------------------
[[93m[1m WARNING [21m[0m] Element conservation is violated too large
[[93m[1m WARNING [21m[0m] at step: 3192
[[93m[1m WARNING [21m[0m] -----------------------------------------------------------------
[[93m[1m WARNING [21m[0m] Element conservation is violated too large
[[93m[1m WARNING [21m[0m] at step: 3193
[[93m[1m WARNING [21m[0m] -----------------------------------------------------------------
[[93m[1m WARNING [21m[0m] Element conservation is violated too large
[[93m[1m WARNING [21m[0m] at step: 3194
[[93m[1m WARNING [21m[0m] -----------------------------------------------------------------
[[93m[1m WARNING [21m[0m] Element conservation is violated too large
[[93m[1m WARNING [21m[0m] at step: 3195
[[93m[1m WARNING [21m[0m] -----------------------------------------------------------------
[[93m[1m WARNING [21m[0m] Element conservation is violated too large
[[93m[1m WARNING [21m[0m] at step: 3196
[[93m[1m WARNING [21m[0m] -----------------------------------------------------------------
[[93m[1m WARNING [21m[0m] Element conservation is violated too large
[[93m[1m WARNING [21m[0m] at step: 3197
[[93m[1m WARNING [21m[0m] -----------------------------------------------------------------
[[93m[1m WARNING [21m[0m] Element conservation is violated too large
[[93m[1m WARNING [21m[0m] at step: 3198
[[93m[1m WARNING [21m[0m] -----------------------------------------------------------------
[[32m[1m INFO  [21m[0m] Elapsed time: 7.35e+03 || Step number: 3200/30000
[[32m[1m INFO  [21m[0m] longdy = 1.13e+01      || longdy/dt = 6.52e-03  || dt = 8.16e+01
[[32m[1m INFO  [21m[0m] from nz = 24 and CS
[[32m[1m INFO  [21m[0m] -----------------------------------------------------------------
[[93m[1m WARNING [21m[0m] Element conservation is violated too large
[[93m[1m WARNING [21m[0m] at step: 3216
[[93m[1m WARNING [21m[0m] -----------------------------------------------------------------
[[93m[1m WARNING [21m[0m] Element conservation is violated too large
[[93m[1m WARNING [21m[0m] at step: 3217
[[93m[1m WARNING [21m[0m] -----------------------------------------------------------------
[[93m[1m WARNING [21m[0m] Element conservation is violated too large
[[93m[1m WARNING [21m[0m] at step: 3218
[[93m[1m WARNING [21m[0m] -----------------------------------------------------------------
[[93m[1m WARNING [21m[0m] Element conservation is violated too large
[[93m[1m WARNING [21m[0m] at step: 3219
[[93m[1m WARNING [21m[0m] -----------------------------------------------------------------
[[93m[1m WARNING [21m[0m] Element conservation is violated too large
[[93m[1m WARNING [21m[0m] at step: 3220
[[93m[1m WARNING [21m[0m] -----------------------------------------------------------------
[[93m[1m WARNING [21m[0m] Element conservation is violated too large
[[93m[1m WARNING [21m[0m] at step: 3221
[[93m[1m WARNING [21m[0m] -----------------------------------------------------------------
[[93m[1m WARNING [21m[0m] Element conservation is violated too large
[[93m[1m WARNING [21m[0m] at step: 3222
[[93m[1m WARNING [21m[0m] -----------------------------------------------------------------
[[93m[1m WARNING [21m[0m] Element conservation is violated too large
[[93m[1m WARNING [21m[0m] at step: 3223
[[93m[1m WARNING [21m[0m] -----------------------------------------------------------------
[[93m[1m WARNING [21m[0m] Element conservation is violated too large
[[93m[1m WARNING [21m[0m] at step: 3224
[[93m[1m WARNING [21m[0m] -----------------------------------------------------------------
[[93m[1m WARNING [21m[0m] Element conservation is violated too large
[[93m[1m WARNING [21m[0m] at step: 3225
[[93m[1m WARNING [21m[0m] -----------------------------------------------------------------
[[93m[1m WARNING [21m[0m] Element conservation is violated too large
[[93m[1m WARNING [21m[0m] at step: 3226
[[93m[1m WARNING [21m[0m] -----------------------------------------------------------------
[[93m[1m WARNING [21m[0m] Element conservation is violated too large
[[93m[1m WARNING [21m[0m] at step: 3227
[[93m[1m WARNING [21m[0m] -----------------------------------------------------------------
[[93m[1m WARNING [21m[0m] Element conservation is violated too large
[[93m[1m WARNING [21m[0m] at step: 3228
[[93m[1m WARNING [21m[0m] -----------------------------------------------------------------
[[93m[1m WARNING [21m[0m] Element conservation is violated too large
[[93m[1m WARNING [21m[0m] at step: 3229
[[93m[1m WARNING [21m[0m] -----------------------------------------------------------------
[[93m[1m WARNING [21m[0m] Element conservation is violated too large
[[93m[1m WARNING [21m[0m] at step: 3230
[[93m[1m WARNING [21m[0m] -----------------------------------------------------------------
[[93m[1m WARNING [21m[0m] Element conservation is violated too large
[[93m[1m WARNING [21m[0m] at step: 3231
[[93m[1m WARNING [21m[0m] -----------------------------------------------------------------
[[93m[1m WARNING [21m[0m] Element conservation is violated too large
[[93m[1m WARNING [21m[0m] at step: 3232
[[93m[1m WARNING [21m[0m] -----------------------------------------------------------------
[[93m[1m WARNING [21m[0m] Element conservation is violated too large
[[93m[1m WARNING [21m[0m] at step: 3233
[[93m[1m WARNING [21m[0m] -----------------------------------------------------------------
[[93m[1m WARNING [21m[0m] Element conservation is violated too large
[[93m[1m WARNING [21m[0m] at step: 3234
[[93m[1m WARNING [21m[0m] -----------------------------------------------------------------
[[93m[1m WARNING [21m[0m] Element conservation is violated too large
[[93m[1m WARNING [21m[0m] at step: 3235
[[93m[1m WARNING [21m[0m] -----------------------------------------------------------------
[[93m[1m WARNING [21m[0m] Element conservation is violated too large
[[93m[1m WARNING [21m[0m] at step: 3236
[[93m[1m WARNING [21m[0m] -----------------------------------------------------------------
[[93m[1m WARNING [21m[0m] Element conservation is violated too large
[[93m[1m WARNING [21m[0m] at step: 3237
[[93m[1m WARNING [21m[0m] -----------------------------------------------------------------
[[93m[1m WARNING [21m[0m] Element conservation is violated too large
[[93m[1m WARNING [21m[0m] at step: 3238
[[93m[1m WARNING [21m[0m] -----------------------------------------------------------------
[[93m[1m WARNING [21m[0m] Element conservation is violated too large
[[93m[1m WARNING [21m[0m] at step: 3239
[[93m[1m WARNING [21m[0m] -----------------------------------------------------------------
[[93m[1m WARNING [21m[0m] Element conservation is violated too large
[[93m[1m WARNING [21m[0m] at step: 3240
[[93m[1m WARNING [21m[0m] -----------------------------------------------------------------
[[93m[1m WARNING [21m[0m] Element conservation is violated too large
[[93m[1m WARNING [21m[0m] at step: 3241
[[93m[1m WARNING [21m[0m] -----------------------------------------------------------------
[[93m[1m WARNING [21m[0m] Element conservation is violated too large
[[93m[1m WARNING [21m[0m] at step: 3242
[[93m[1m WARNING [21m[0m] -----------------------------------------------------------------
[[93m[1m WARNING [21m[0m] Element conservation is violated too large
[[93m[1m WARNING [21m[0m] at step: 3243
[[93m[1m WARNING [21m[0m] -----------------------------------------------------------------
[[93m[1m WARNING [21m[0m] Element conservation is violated too large
[[93m[1m WARNING [21m[0m] at step: 3245
[[93m[1m WARNING [21m[0m] -----------------------------------------------------------------
[[93m[1m WARNING [21m[0m] Element conservation is violated too large
[[93m[1m WARNING [21m[0m] at step: 3246
[[93m[1m WARNING [21m[0m] -----------------------------------------------------------------
[[93m[1m WARNING [21m[0m] Element conservation is violated too large
[[93m[1m WARNING [21m[0m] at step: 3247
[[93m[1m WARNING [21m[0m] -----------------------------------------------------------------
[[93m[1m WARNING [21m[0m] Element conservation is violated too large
[[93m[1m WARNING [21m[0m] at step: 3248
[[93m[1m WARNING [21m[0m] -----------------------------------------------------------------
[[93m[1m WARNING [21m[0m] Element conservation is violated too large
[[93m[1m WARNING [21m[0m] at step: 3249
[[93m[1m WARNING [21m[0m] -----------------------------------------------------------------
[[93m[1m WARNING [21m[0m] Element conservation is violated too large
[[93m[1m WARNING [21m[0m] at step: 3250
[[93m[1m WARNING [21m[0m] -----------------------------------------------------------------
[[93m[1m WARNING [21m[0m] Element conservation is violated too large
[[93m[1m WARNING [21m[0m] at step: 3251
[[93m[1m WARNING [21m[0m] -----------------------------------------------------------------
[[93m[1m WARNING [21m[0m] Element conservation is violated too large
[[93m[1m WARNING [21m[0m] at step: 3252
[[93m[1m WARNING [21m[0m] -----------------------------------------------------------------
[[93m[1m WARNING [21m[0m] Element conservation is violated too large
[[93m[1m WARNING [21m[0m] at step: 3253
[[93m[1m WARNING [21m[0m] -----------------------------------------------------------------
[[93m[1m WARNING [21m[0m] Element conservation is violated too large
[[93m[1m WARNING [21m[0m] at step: 3254
[[93m[1m WARNING [21m[0m] -----------------------------------------------------------------
[[93m[1m WARNING [21m[0m] Element conservation is violated too large
[[93m[1m WARNING [21m[0m] at step: 3255
[[93m[1m WARNING [21m[0m] -----------------------------------------------------------------
[[93m[1m WARNING [21m[0m] Element conservation is violated too large
[[93m[1m WARNING [21m[0m] at step: 3256
[[93m[1m WARNING [21m[0m] -----------------------------------------------------------------
[[93m[1m WARNING [21m[0m] Element conservation is violated too large
[[93m[1m WARNING [21m[0m] at step: 3257
[[93m[1m WARNING [21m[0m] -----------------------------------------------------------------
[[93m[1m WARNING [21m[0m] Element conservation is violated too large
[[93m[1m WARNING [21m[0m] at step: 3258
[[93m[1m WARNING [21m[0m] -----------------------------------------------------------------
[[93m[1m WARNING [21m[0m] Element conservation is violated too large
[[93m[1m WARNING [21m[0m] at step: 3259
[[93m[1m WARNING [21m[0m] -----------------------------------------------------------------
[[93m[1m WARNING [21m[0m] Element conservation is violated too large
[[93m[1m WARNING [21m[0m] at step: 3260
[[93m[1m WARNING [21m[0m] -----------------------------------------------------------------
[[93m[1m WARNING [21m[0m] Element conservation is violated too large
[[93m[1m WARNING [21m[0m] at step: 3261
[[93m[1m WARNING [21m[0m] -----------------------------------------------------------------
[[93m[1m WARNING [21m[0m] Element conservation is violated too large
[[93m[1m WARNING [21m[0m] at step: 3262
[[93m[1m WARNING [21m[0m] -----------------------------------------------------------------
[[93m[1m WARNING [21m[0m] Element conservation is violated too large
[[93m[1m WARNING [21m[0m] at step: 3263
[[93m[1m WARNING [21m[0m] -----------------------------------------------------------------
[[93m[1m WARNING [21m[0m] Element conservation is violated too large
[[93m[1m WARNING [21m[0m] at step: 3264
[[93m[1m WARNING [21m[0m] -----------------------------------------------------------------
[[93m[1m WARNING [21m[0m] Element conservation is violated too large
[[93m[1m WARNING [21m[0m] at step: 3265
[[93m[1m WARNING [21m[0m] -----------------------------------------------------------------
[[93m[1m WARNING [21m[0m] Element conservation is violated too large
[[93m[1m WARNING [21m[0m] at step: 3266
[[93m[1m WARNING [21m[0m] -----------------------------------------------------------------
[[93m[1m WARNING [21m[0m] Element conservation is violated too large
[[93m[1m WARNING [21m[0m] at step: 3267
[[93m[1m WARNING [21m[0m] -----------------------------------------------------------------
[[93m[1m WARNING [21m[0m] Element conservation is violated too large
[[93m[1m WARNING [21m[0m] at step: 3268
[[93m[1m WARNING [21m[0m] -----------------------------------------------------------------
[[93m[1m WARNING [21m[0m] Element conservation is violated too large
[[93m[1m WARNING [21m[0m] at step: 3269
[[93m[1m WARNING [21m[0m] -----------------------------------------------------------------
[[93m[1m WARNING [21m[0m] Element conservation is violated too large
[[93m[1m WARNING [21m[0m] at step: 3270
[[93m[1m WARNING [21m[0m] -----------------------------------------------------------------
[[93m[1m WARNING [21m[0m] Element conservation is violated too large
[[93m[1m WARNING [21m[0m] at step: 3271
[[93m[1m WARNING [21m[0m] -----------------------------------------------------------------
[[93m[1m WARNING [21m[0m] Element conservation is violated too large
[[93m[1m WARNING [21m[0m] at step: 3272
[[93m[1m WARNING [21m[0m] -----------------------------------------------------------------
[[93m[1m WARNING [21m[0m] Element conservation is violated too large
[[93m[1m WARNING [21m[0m] at step: 3273
[[93m[1m WARNING [21m[0m] -----------------------------------------------------------------
[[93m[1m WARNING [21m[0m] Element conservation is violated too large
[[93m[1m WARNING [21m[0m] at step: 3274
[[93m[1m WARNING [21m[0m] -----------------------------------------------------------------
[[93m[1m WARNING [21m[0m] Element conservation is violated too large
[[93m[1m WARNING [21m[0m] at step: 3275
[[93m[1m WARNING [21m[0m] -----------------------------------------------------------------
[[93m[1m WARNING [21m[0m] Element conservation is violated too large
[[93m[1m WARNING [21m[0m] at step: 3276
[[93m[1m WARNING [21m[0m] -----------------------------------------------------------------
[[93m[1m WARNING [21m[0m] Element conservation is violated too large
[[93m[1m WARNING [21m[0m] at step: 3277
[[93m[1m WARNING [21m[0m] -----------------------------------------------------------------
[[93m[1m WARNING [21m[0m] Element conservation is violated too large
[[93m[1m WARNING [21m[0m] at step: 3278
[[93m[1m WARNING [21m[0m] -----------------------------------------------------------------
[[93m[1m WARNING [21m[0m] Element conservation is violated too large
[[93m[1m WARNING [21m[0m] at step: 3279
[[93m[1m WARNING [21m[0m] -----------------------------------------------------------------
[[93m[1m WARNING [21m[0m] Element conservation is violated too large
[[93m[1m WARNING [21m[0m] at step: 3280
[[93m[1m WARNING [21m[0m] -----------------------------------------------------------------
[[93m[1m WARNING [21m[0m] Element conservation is violated too large
[[93m[1m WARNING [21m[0m] at step: 3281
[[93m[1m WARNING [21m[0m] -----------------------------------------------------------------
[[93m[1m WARNING [21m[0m] Element conservation is violated too large
[[93m[1m WARNING [21m[0m] at step: 3282
[[93m[1m WARNING [21m[0m] -----------------------------------------------------------------
[[93m[1m WARNING [21m[0m] Element conservation is violated too large
[[93m[1m WARNING [21m[0m] at step: 3283
[[93m[1m WARNING [21m[0m] -----------------------------------------------------------------
[[93m[1m WARNING [21m[0m] Element conservation is violated too large
[[93m[1m WARNING [21m[0m] at step: 3284
[[93m[1m WARNING [21m[0m] -----------------------------------------------------------------
[[93m[1m WARNING [21m[0m] Element conservation is violated too large
[[93m[1m WARNING [21m[0m] at step: 3285
[[93m[1m WARNING [21m[0m] -----------------------------------------------------------------
[[93m[1m WARNING [21m[0m] Element conservation is violated too large
[[93m[1m WARNING [21m[0m] at step: 3286
[[93m[1m WARNING [21m[0m] -----------------------------------------------------------------
[[93m[1m WARNING [21m[0m] Element conservation is violated too large
[[93m[1m WARNING [21m[0m] at step: 3287
[[93m[1m WARNING [21m[0m] -----------------------------------------------------------------
[[93m[1m WARNING [21m[0m] Element conservation is violated too large
[[93m[1m WARNING [21m[0m] at step: 3288
[[93m[1m WARNING [21m[0m] -----------------------------------------------------------------
[[93m[1m WARNING [21m[0m] Element conservation is violated too large
[[93m[1m WARNING [21m[0m] at step: 3289
[[93m[1m WARNING [21m[0m] -----------------------------------------------------------------
[[93m[1m WARNING [21m[0m] Element conservation is violated too large
[[93m[1m WARNING [21m[0m] at step: 3290
[[93m[1m WARNING [21m[0m] -----------------------------------------------------------------
[[93m[1m WARNING [21m[0m] Element conservation is violated too large
[[93m[1m WARNING [21m[0m] at step: 3291
[[93m[1m WARNING [21m[0m] -----------------------------------------------------------------
[[93m[1m WARNING [21m[0m] Element conservation is violated too large
[[93m[1m WARNING [21m[0m] at step: 3292
[[93m[1m WARNING [21m[0m] -----------------------------------------------------------------
[[93m[1m WARNING [21m[0m] Element conservation is violated too large
[[93m[1m WARNING [21m[0m] at step: 3293
[[93m[1m WARNING [21m[0m] -----------------------------------------------------------------
[[93m[1m WARNING [21m[0m] Element conservation is violated too large
[[93m[1m WARNING [21m[0m] at step: 3294
[[93m[1m WARNING [21m[0m] -----------------------------------------------------------------
[[93m[1m WARNING [21m[0m] Element conservation is violated too large
[[93m[1m WARNING [21m[0m] at step: 3295
[[93m[1m WARNING [21m[0m] -----------------------------------------------------------------
[[93m[1m WARNING [21m[0m] Element conservation is violated too large
[[93m[1m WARNING [21m[0m] at step: 3296
[[93m[1m WARNING [21m[0m] -----------------------------------------------------------------
[[93m[1m WARNING [21m[0m] Element conservation is violated too large
[[93m[1m WARNING [21m[0m] at step: 3297
[[93m[1m WARNING [21m[0m] -----------------------------------------------------------------
[[93m[1m WARNING [21m[0m] Element conservation is violated too large
[[93m[1m WARNING [21m[0m] at step: 3298
[[93m[1m WARNING [21m[0m] -----------------------------------------------------------------
[[93m[1m WARNING [21m[0m] Element conservation is violated too large
[[93m[1m WARNING [21m[0m] at step: 3299
[[93m[1m WARNING [21m[0m] -----------------------------------------------------------------
[[32m[1m INFO  [21m[0m] Elapsed time: 1.09e+04 || Step number: 3300/30000
[[32m[1m INFO  [21m[0m] longdy = 8.96e+00      || longdy/dt = 2.53e-03  || dt = 1.00e+02
[[32m[1m INFO  [21m[0m] from nz = 25 and CS
[[32m[1m INFO  [21m[0m] -----------------------------------------------------------------
[[93m[1m WARNING [21m[0m] Element conservation is violated too large
[[93m[1m WARNING [21m[0m] at step: 3320
[[93m[1m WARNING [21m[0m] -----------------------------------------------------------------
[[93m[1m WARNING [21m[0m] Element conservation is violated too large
[[93m[1m WARNING [21m[0m] at step: 3321
[[93m[1m WARNING [21m[0m] -----------------------------------------------------------------
[[93m[1m WARNING [21m[0m] Element conservation is violated too large
[[93m[1m WARNING [21m[0m] at step: 3322
[[93m[1m WARNING [21m[0m] -----------------------------------------------------------------
[[93m[1m WARNING [21m[0m] Element conservation is violated too large
[[93m[1m WARNING [21m[0m] at step: 3323
[[93m[1m WARNING [21m[0m] -----------------------------------------------------------------
[[93m[1m WARNING [21m[0m] Element conservation is violated too large
[[93m[1m WARNING [21m[0m] at step: 3324
[[93m[1m WARNING [21m[0m] -----------------------------------------------------------------
[[93m[1m WARNING [21m[0m] Element conservation is violated too large
[[93m[1m WARNING [21m[0m] at step: 3325
[[93m[1m WARNING [21m[0m] -----------------------------------------------------------------
[[93m[1m WARNING [21m[0m] Element conservation is violated too large
[[93m[1m WARNING [21m[0m] at step: 3326
[[93m[1m WARNING [21m[0m] -----------------------------------------------------------------
[[93m[1m WARNING [21m[0m] Element conservation is violated too large
[[93m[1m WARNING [21m[0m] at step: 3327
[[93m[1m WARNING [21m[0m] -----------------------------------------------------------------
[[93m[1m WARNING [21m[0m] Element conservation is violated too large
[[93m[1m WARNING [21m[0m] at step: 3328
[[93m[1m WARNING [21m[0m] -----------------------------------------------------------------
[[93m[1m WARNING [21m[0m] Element conservation is violated too large
[[93m[1m WARNING [21m[0m] at step: 3329
[[93m[1m WARNING [21m[0m] -----------------------------------------------------------------
[[93m[1m WARNING [21m[0m] Element conservation is violated too large
[[93m[1m WARNING [21m[0m] at step: 3330
[[93m[1m WARNING [21m[0m] -----------------------------------------------------------------
[[93m[1m WARNING [21m[0m] Element conservation is violated too large
[[93m[1m WARNING [21m[0m] at step: 3331
[[93m[1m WARNING [21m[0m] -----------------------------------------------------------------
[[93m[1m WARNING [21m[0m] Element conservation is violated too large
[[93m[1m WARNING [21m[0m] at step: 3332
[[93m[1m WARNING [21m[0m] -----------------------------------------------------------------
[[93m[1m WARNING [21m[0m] Element conservation is violated too large
[[93m[1m WARNING [21m[0m] at step: 3333
[[93m[1m WARNING [21m[0m] -----------------------------------------------------------------
[[93m[1m WARNING [21m[0m] Element conservation is violated too large
[[93m[1m WARNING [21m[0m] at step: 3334
[[93m[1m WARNING [21m[0m] -----------------------------------------------------------------
[[93m[1m WARNING [21m[0m] Element conservation is violated too large
[[93m[1m WARNING [21m[0m] at step: 3335
[[93m[1m WARNING [21m[0m] -----------------------------------------------------------------
[[93m[1m WARNING [21m[0m] Element conservation is violated too large
[[93m[1m WARNING [21m[0m] at step: 3336
[[93m[1m WARNING [21m[0m] -----------------------------------------------------------------
[[93m[1m WARNING [21m[0m] Element conservation is violated too large
[[93m[1m WARNING [21m[0m] at step: 3337
[[93m[1m WARNING [21m[0m] -----------------------------------------------------------------
[[93m[1m WARNING [21m[0m] Element conservation is violated too large
[[93m[1m WARNING [21m[0m] at step: 3338
[[93m[1m WARNING [21m[0m] -----------------------------------------------------------------
[[93m[1m WARNING [21m[0m] Element conservation is violated too large
[[93m[1m WARNING [21m[0m] at step: 3339
[[93m[1m WARNING [21m[0m] -----------------------------------------------------------------
[[93m[1m WARNING [21m[0m] Element conservation is violated too large
[[93m[1m WARNING [21m[0m] at step: 3340
[[93m[1m WARNING [21m[0m] -----------------------------------------------------------------
[[93m[1m WARNING [21m[0m] Element conservation is violated too large
[[93m[1m WARNING [21m[0m] at step: 3341
[[93m[1m WARNING [21m[0m] -----------------------------------------------------------------
[[93m[1m WARNING [21m[0m] Element conservation is violated too large
[[93m[1m WARNING [21m[0m] at step: 3342
[[93m[1m WARNING [21m[0m] -----------------------------------------------------------------
[[93m[1m WARNING [21m[0m] Element conservation is violated too large
[[93m[1m WARNING [21m[0m] at step: 3343
[[93m[1m WARNING [21m[0m] -----------------------------------------------------------------
[[93m[1m WARNING [21m[0m] Element conservation is violated too large
[[93m[1m WARNING [21m[0m] at step: 3344
[[93m[1m WARNING [21m[0m] -----------------------------------------------------------------
[[93m[1m WARNING [21m[0m] Element conservation is violated too large
[[93m[1m WARNING [21m[0m] at step: 3345
[[93m[1m WARNING [21m[0m] -----------------------------------------------------------------
[[93m[1m WARNING [21m[0m] Element conservation is violated too large
[[93m[1m WARNING [21m[0m] at step: 3346
[[93m[1m WARNING [21m[0m] -----------------------------------------------------------------
[[93m[1m WARNING [21m[0m] Element conservation is violated too large
[[93m[1m WARNING [21m[0m] at step: 3347
[[93m[1m WARNING [21m[0m] -----------------------------------------------------------------
[[93m[1m WARNING [21m[0m] Element conservation is violated too large
[[93m[1m WARNING [21m[0m] at step: 3348
[[93m[1m WARNING [21m[0m] -----------------------------------------------------------------
[[93m[1m WARNING [21m[0m] Element conservation is violated too large
[[93m[1m WARNING [21m[0m] at step: 3349
[[93m[1m WARNING [21m[0m] -----------------------------------------------------------------
[[93m[1m WARNING [21m[0m] Element conservation is violated too large
[[93m[1m WARNING [21m[0m] at step: 3350
[[93m[1m WARNING [21m[0m] -----------------------------------------------------------------
[[93m[1m WARNING [21m[0m] Element conservation is violated too large
[[93m[1m WARNING [21m[0m] at step: 3351
[[93m[1m WARNING [21m[0m] -----------------------------------------------------------------
[[93m[1m WARNING [21m[0m] Element conservation is violated too large
[[93m[1m WARNING [21m[0m] at step: 3353
[[93m[1m WARNING [21m[0m] -----------------------------------------------------------------
[[93m[1m WARNING [21m[0m] Element conservation is violated too large
[[93m[1m WARNING [21m[0m] at step: 3354
[[93m[1m WARNING [21m[0m] -----------------------------------------------------------------
[[93m[1m WARNING [21m[0m] Element conservation is violated too large
[[93m[1m WARNING [21m[0m] at step: 3355
[[93m[1m WARNING [21m[0m] -----------------------------------------------------------------
[[93m[1m WARNING [21m[0m] Element conservation is violated too large
[[93m[1m WARNING [21m[0m] at step: 3356
[[93m[1m WARNING [21m[0m] -----------------------------------------------------------------
[[93m[1m WARNING [21m[0m] Element conservation is violated too large
[[93m[1m WARNING [21m[0m] at step: 3357
[[93m[1m WARNING [21m[0m] -----------------------------------------------------------------
[[93m[1m WARNING [21m[0m] Element conservation is violated too large
[[93m[1m WARNING [21m[0m] at step: 3358
[[93m[1m WARNING [21m[0m] -----------------------------------------------------------------
[[93m[1m WARNING [21m[0m] Element conservation is violated too large
[[93m[1m WARNING [21m[0m] at step: 3359
[[93m[1m WARNING [21m[0m] -----------------------------------------------------------------
[[93m[1m WARNING [21m[0m] Element conservation is violated too large
[[93m[1m WARNING [21m[0m] at step: 3360
[[93m[1m WARNING [21m[0m] -----------------------------------------------------------------
[[93m[1m WARNING [21m[0m] Element conservation is violated too large
[[93m[1m WARNING [21m[0m] at step: 3361
[[93m[1m WARNING [21m[0m] -----------------------------------------------------------------
[[93m[1m WARNING [21m[0m] Element conservation is violated too large
[[93m[1m WARNING [21m[0m] at step: 3362
[[93m[1m WARNING [21m[0m] -----------------------------------------------------------------
[[93m[1m WARNING [21m[0m] Element conservation is violated too large
[[93m[1m WARNING [21m[0m] at step: 3363
[[93m[1m WARNING [21m[0m] -----------------------------------------------------------------
[[93m[1m WARNING [21m[0m] Element conservation is violated too large
[[93m[1m WARNING [21m[0m] at step: 3364
[[93m[1m WARNING [21m[0m] -----------------------------------------------------------------
[[93m[1m WARNING [21m[0m] Element conservation is violated too large
[[93m[1m WARNING [21m[0m] at step: 3365
[[93m[1m WARNING [21m[0m] -----------------------------------------------------------------
[[93m[1m WARNING [21m[0m] Element conservation is violated too large
[[93m[1m WARNING [21m[0m] at step: 3366
[[93m[1m WARNING [21m[0m] -----------------------------------------------------------------
[[93m[1m WARNING [21m[0m] Element conservation is violated too large
[[93m[1m WARNING [21m[0m] at step: 3367
[[93m[1m WARNING [21m[0m] -----------------------------------------------------------------
[[93m[1m WARNING [21m[0m] Element conservation is violated too large
[[93m[1m WARNING [21m[0m] at step: 3368
[[93m[1m WARNING [21m[0m] -----------------------------------------------------------------
[[93m[1m WARNING [21m[0m] Element conservation is violated too large
[[93m[1m WARNING [21m[0m] at step: 3369
[[93m[1m WARNING [21m[0m] -----------------------------------------------------------------
[[93m[1m WARNING [21m[0m] Element conservation is violated too large
[[93m[1m WARNING [21m[0m] at step: 3370
[[93m[1m WARNING [21m[0m] -----------------------------------------------------------------
[[93m[1m WARNING [21m[0m] Element conservation is violated too large
[[93m[1m WARNING [21m[0m] at step: 3371
[[93m[1m WARNING [21m[0m] -----------------------------------------------------------------
[[93m[1m WARNING [21m[0m] Element conservation is violated too large
[[93m[1m WARNING [21m[0m] at step: 3372
[[93m[1m WARNING [21m[0m] -----------------------------------------------------------------
[[93m[1m WARNING [21m[0m] Element conservation is violated too large
[[93m[1m WARNING [21m[0m] at step: 3373
[[93m[1m WARNING [21m[0m] -----------------------------------------------------------------
[[93m[1m WARNING [21m[0m] Element conservation is violated too large
[[93m[1m WARNING [21m[0m] at step: 3374
[[93m[1m WARNING [21m[0m] -----------------------------------------------------------------
[[93m[1m WARNING [21m[0m] Element conservation is violated too large
[[93m[1m WARNING [21m[0m] at step: 3375
[[93m[1m WARNING [21m[0m] -----------------------------------------------------------------
[[93m[1m WARNING [21m[0m] Element conservation is violated too large
[[93m[1m WARNING [21m[0m] at step: 3376
[[93m[1m WARNING [21m[0m] -----------------------------------------------------------------
[[93m[1m WARNING [21m[0m] Element conservation is violated too large
[[93m[1m WARNING [21m[0m] at step: 3377
[[93m[1m WARNING [21m[0m] -----------------------------------------------------------------
[[93m[1m WARNING [21m[0m] Element conservation is violated too large
[[93m[1m WARNING [21m[0m] at step: 3378
[[93m[1m WARNING [21m[0m] -----------------------------------------------------------------
[[93m[1m WARNING [21m[0m] Element conservation is violated too large
[[93m[1m WARNING [21m[0m] at step: 3379
[[93m[1m WARNING [21m[0m] -----------------------------------------------------------------
[[93m[1m WARNING [21m[0m] Element conservation is violated too large
[[93m[1m WARNING [21m[0m] at step: 3380
[[93m[1m WARNING [21m[0m] -----------------------------------------------------------------
[[93m[1m WARNING [21m[0m] Element conservation is violated too large
[[93m[1m WARNING [21m[0m] at step: 3381
[[93m[1m WARNING [21m[0m] -----------------------------------------------------------------
[[93m[1m WARNING [21m[0m] Element conservation is violated too large
[[93m[1m WARNING [21m[0m] at step: 3382
[[93m[1m WARNING [21m[0m] -----------------------------------------------------------------
[[93m[1m WARNING [21m[0m] Element conservation is violated too large
[[93m[1m WARNING [21m[0m] at step: 3383
[[93m[1m WARNING [21m[0m] -----------------------------------------------------------------
[[93m[1m WARNING [21m[0m] Element conservation is violated too large
[[93m[1m WARNING [21m[0m] at step: 3384
[[93m[1m WARNING [21m[0m] -----------------------------------------------------------------
[[93m[1m WARNING [21m[0m] Element conservation is violated too large
[[93m[1m WARNING [21m[0m] at step: 3385
[[93m[1m WARNING [21m[0m] -----------------------------------------------------------------
[[93m[1m WARNING [21m[0m] Element conservation is violated too large
[[93m[1m WARNING [21m[0m] at step: 3386
[[93m[1m WARNING [21m[0m] -----------------------------------------------------------------
[[93m[1m WARNING [21m[0m] Element conservation is violated too large
[[93m[1m WARNING [21m[0m] at step: 3387
[[93m[1m WARNING [21m[0m] -----------------------------------------------------------------
[[93m[1m WARNING [21m[0m] Element conservation is violated too large
[[93m[1m WARNING [21m[0m] at step: 3388
[[93m[1m WARNING [21m[0m] -----------------------------------------------------------------
[[93m[1m WARNING [21m[0m] Element conservation is violated too large
[[93m[1m WARNING [21m[0m] at step: 3389
[[93m[1m WARNING [21m[0m] -----------------------------------------------------------------
[[93m[1m WARNING [21m[0m] Element conservation is violated too large
[[93m[1m WARNING [21m[0m] at step: 3390
[[93m[1m WARNING [21m[0m] -----------------------------------------------------------------
[[93m[1m WARNING [21m[0m] Element conservation is violated too large
[[93m[1m WARNING [21m[0m] at step: 3391
[[93m[1m WARNING [21m[0m] -----------------------------------------------------------------
[[93m[1m WARNING [21m[0m] Element conservation is violated too large
[[93m[1m WARNING [21m[0m] at step: 3392
[[93m[1m WARNING [21m[0m] -----------------------------------------------------------------
[[93m[1m WARNING [21m[0m] Element conservation is violated too large
[[93m[1m WARNING [21m[0m] at step: 3393
[[93m[1m WARNING [21m[0m] -----------------------------------------------------------------
[[93m[1m WARNING [21m[0m] Element conservation is violated too large
[[93m[1m WARNING [21m[0m] at step: 3394
[[93m[1m WARNING [21m[0m] -----------------------------------------------------------------
[[93m[1m WARNING [21m[0m] Element conservation is violated too large
[[93m[1m WARNING [21m[0m] at step: 3395
[[93m[1m WARNING [21m[0m] -----------------------------------------------------------------
[[93m[1m WARNING [21m[0m] Element conservation is violated too large
[[93m[1m WARNING [21m[0m] at step: 3396
[[93m[1m WARNING [21m[0m] -----------------------------------------------------------------
[[93m[1m WARNING [21m[0m] Element conservation is violated too large
[[93m[1m WARNING [21m[0m] at step: 3397
[[93m[1m WARNING [21m[0m] -----------------------------------------------------------------
[[93m[1m WARNING [21m[0m] Element conservation is violated too large
[[93m[1m WARNING [21m[0m] at step: 3398
[[93m[1m WARNING [21m[0m] -----------------------------------------------------------------
[[93m[1m WARNING [21m[0m] Element conservation is violated too large
[[93m[1m WARNING [21m[0m] at step: 3399
[[93m[1m WARNING [21m[0m] -----------------------------------------------------------------
[[32m[1m INFO  [21m[0m] Elapsed time: 1.65e+04 || Step number: 3400/30000
[[32m[1m INFO  [21m[0m] longdy = 9.63e+00      || longdy/dt = 1.76e-03  || dt = 1.41e+02
[[32m[1m INFO  [21m[0m] from nz = 26 and CS
[[32m[1m INFO  [21m[0m] -----------------------------------------------------------------
[[93m[1m WARNING [21m[0m] Element conservation is violated too large
[[93m[1m WARNING [21m[0m] at step: 3423
[[93m[1m WARNING [21m[0m] -----------------------------------------------------------------
[[93m[1m WARNING [21m[0m] Element conservation is violated too large
[[93m[1m WARNING [21m[0m] at step: 3425
[[93m[1m WARNING [21m[0m] -----------------------------------------------------------------
[[93m[1m WARNING [21m[0m] Element conservation is violated too large
[[93m[1m WARNING [21m[0m] at step: 3426
[[93m[1m WARNING [21m[0m] -----------------------------------------------------------------
[[93m[1m WARNING [21m[0m] Element conservation is violated too large
[[93m[1m WARNING [21m[0m] at step: 3427
[[93m[1m WARNING [21m[0m] -----------------------------------------------------------------
[[93m[1m WARNING [21m[0m] Element conservation is violated too large
[[93m[1m WARNING [21m[0m] at step: 3428
[[93m[1m WARNING [21m[0m] -----------------------------------------------------------------
[[93m[1m WARNING [21m[0m] Element conservation is violated too large
[[93m[1m WARNING [21m[0m] at step: 3429
[[93m[1m WARNING [21m[0m] -----------------------------------------------------------------
[[93m[1m WARNING [21m[0m] Element conservation is violated too large
[[93m[1m WARNING [21m[0m] at step: 3430
[[93m[1m WARNING [21m[0m] -----------------------------------------------------------------
[[93m[1m WARNING [21m[0m] Element conservation is violated too large
[[93m[1m WARNING [21m[0m] at step: 3431
[[93m[1m WARNING [21m[0m] -----------------------------------------------------------------
[[93m[1m WARNING [21m[0m] Element conservation is violated too large
[[93m[1m WARNING [21m[0m] at step: 3432
[[93m[1m WARNING [21m[0m] -----------------------------------------------------------------
[[93m[1m WARNING [21m[0m] Element conservation is violated too large
[[93m[1m WARNING [21m[0m] at step: 3433
[[93m[1m WARNING [21m[0m] -----------------------------------------------------------------
[[93m[1m WARNING [21m[0m] Element conservation is violated too large
[[93m[1m WARNING [21m[0m] at step: 3434
[[93m[1m WARNING [21m[0m] -----------------------------------------------------------------
[[93m[1m WARNING [21m[0m] Element conservation is violated too large
[[93m[1m WARNING [21m[0m] at step: 3435
[[93m[1m WARNING [21m[0m] -----------------------------------------------------------------
[[93m[1m WARNING [21m[0m] Element conservation is violated too large
[[93m[1m WARNING [21m[0m] at step: 3436
[[93m[1m WARNING [21m[0m] -----------------------------------------------------------------
[[93m[1m WARNING [21m[0m] Element conservation is violated too large
[[93m[1m WARNING [21m[0m] at step: 3437
[[93m[1m WARNING [21m[0m] -----------------------------------------------------------------
[[93m[1m WARNING [21m[0m] Element conservation is violated too large
[[93m[1m WARNING [21m[0m] at step: 3438
[[93m[1m WARNING [21m[0m] -----------------------------------------------------------------
[[93m[1m WARNING [21m[0m] Element conservation is violated too large
[[93m[1m WARNING [21m[0m] at step: 3439
[[93m[1m WARNING [21m[0m] -----------------------------------------------------------------
[[93m[1m WARNING [21m[0m] Element conservation is violated too large
[[93m[1m WARNING [21m[0m] at step: 3440
[[93m[1m WARNING [21m[0m] -----------------------------------------------------------------
[[93m[1m WARNING [21m[0m] Element conservation is violated too large
[[93m[1m WARNING [21m[0m] at step: 3441
[[93m[1m WARNING [21m[0m] -----------------------------------------------------------------
[[93m[1m WARNING [21m[0m] Element conservation is violated too large
[[93m[1m WARNING [21m[0m] at step: 3442
[[93m[1m WARNING [21m[0m] -----------------------------------------------------------------
[[93m[1m WARNING [21m[0m] Element conservation is violated too large
[[93m[1m WARNING [21m[0m] at step: 3443
[[93m[1m WARNING [21m[0m] -----------------------------------------------------------------
[[93m[1m WARNING [21m[0m] Element conservation is violated too large
[[93m[1m WARNING [21m[0m] at step: 3444
[[93m[1m WARNING [21m[0m] -----------------------------------------------------------------
[[93m[1m WARNING [21m[0m] Element conservation is violated too large
[[93m[1m WARNING [21m[0m] at step: 3445
[[93m[1m WARNING [21m[0m] -----------------------------------------------------------------
[[93m[1m WARNING [21m[0m] Element conservation is violated too large
[[93m[1m WARNING [21m[0m] at step: 3446
[[93m[1m WARNING [21m[0m] -----------------------------------------------------------------
[[93m[1m WARNING [21m[0m] Element conservation is violated too large
[[93m[1m WARNING [21m[0m] at step: 3447
[[93m[1m WARNING [21m[0m] -----------------------------------------------------------------
[[93m[1m WARNING [21m[0m] Element conservation is violated too large
[[93m[1m WARNING [21m[0m] at step: 3448
[[93m[1m WARNING [21m[0m] -----------------------------------------------------------------
[[93m[1m WARNING [21m[0m] Element conservation is violated too large
[[93m[1m WARNING [21m[0m] at step: 3449
[[93m[1m WARNING [21m[0m] -----------------------------------------------------------------
[[93m[1m WARNING [21m[0m] Element conservation is violated too large
[[93m[1m WARNING [21m[0m] at step: 3450
[[93m[1m WARNING [21m[0m] -----------------------------------------------------------------
[[93m[1m WARNING [21m[0m] Element conservation is violated too large
[[93m[1m WARNING [21m[0m] at step: 3482
[[93m[1m WARNING [21m[0m] -----------------------------------------------------------------
[[93m[1m WARNING [21m[0m] Element conservation is violated too large
[[93m[1m WARNING [21m[0m] at step: 3484
[[93m[1m WARNING [21m[0m] -----------------------------------------------------------------
[[93m[1m WARNING [21m[0m] Element conservation is violated too large
[[93m[1m WARNING [21m[0m] at step: 3485
[[93m[1m WARNING [21m[0m] -----------------------------------------------------------------
[[93m[1m WARNING [21m[0m] Element conservation is violated too large
[[93m[1m WARNING [21m[0m] at step: 3486
[[93m[1m WARNING [21m[0m] -----------------------------------------------------------------
[[93m[1m WARNING [21m[0m] Element conservation is violated too large
[[93m[1m WARNING [21m[0m] at step: 3487
[[93m[1m WARNING [21m[0m] -----------------------------------------------------------------
[[93m[1m WARNING [21m[0m] Element conservation is violated too large
[[93m[1m WARNING [21m[0m] at step: 3488
[[93m[1m WARNING [21m[0m] -----------------------------------------------------------------
[[93m[1m WARNING [21m[0m] Element conservation is violated too large
[[93m[1m WARNING [21m[0m] at step: 3489
[[93m[1m WARNING [21m[0m] -----------------------------------------------------------------
[[93m[1m WARNING [21m[0m] Element conservation is violated too large
[[93m[1m WARNING [21m[0m] at step: 3490
[[93m[1m WARNING [21m[0m] -----------------------------------------------------------------
[[93m[1m WARNING [21m[0m] Element conservation is violated too large
[[93m[1m WARNING [21m[0m] at step: 3491
[[93m[1m WARNING [21m[0m] -----------------------------------------------------------------
[[93m[1m WARNING [21m[0m] Element conservation is violated too large
[[93m[1m WARNING [21m[0m] at step: 3492
[[93m[1m WARNING [21m[0m] -----------------------------------------------------------------
[[93m[1m WARNING [21m[0m] Element conservation is violated too large
[[93m[1m WARNING [21m[0m] at step: 3493
[[93m[1m WARNING [21m[0m] -----------------------------------------------------------------
[[93m[1m WARNING [21m[0m] Element conservation is violated too large
[[93m[1m WARNING [21m[0m] at step: 3494
[[93m[1m WARNING [21m[0m] -----------------------------------------------------------------
[[93m[1m WARNING [21m[0m] Element conservation is violated too large
[[93m[1m WARNING [21m[0m] at step: 3495
[[93m[1m WARNING [21m[0m] -----------------------------------------------------------------
[[93m[1m WARNING [21m[0m] Element conservation is violated too large
[[93m[1m WARNING [21m[0m] at step: 3496
[[93m[1m WARNING [21m[0m] -----------------------------------------------------------------
[[93m[1m WARNING [21m[0m] Element conservation is violated too large
[[93m[1m WARNING [21m[0m] at step: 3497
[[93m[1m WARNING [21m[0m] -----------------------------------------------------------------
[[93m[1m WARNING [21m[0m] Element conservation is violated too large
[[93m[1m WARNING [21m[0m] at step: 3498
[[93m[1m WARNING [21m[0m] -----------------------------------------------------------------
[[93m[1m WARNING [21m[0m] Element conservation is violated too large
[[93m[1m WARNING [21m[0m] at step: 3499
[[93m[1m WARNING [21m[0m] -----------------------------------------------------------------
[[32m[1m INFO  [21m[0m] Elapsed time: 3.97e+04 || Step number: 3500/30000
[[32m[1m INFO  [21m[0m] longdy = 1.03e+02      || longdy/dt = 5.23e-03  || dt = 5.72e+02
[[32m[1m INFO  [21m[0m] from nz = 28 and CS
[[32m[1m INFO  [21m[0m] -----------------------------------------------------------------
[[32m[1m INFO  [21m[0m] Elapsed time: 9.55e+04 || Step number: 3600/30000
[[32m[1m INFO  [21m[0m] longdy = 3.93e+01      || longdy/dt = 8.28e-04  || dt = 9.06e+02
[[32m[1m INFO  [21m[0m] from nz = 29 and CS
[[32m[1m INFO  [21m[0m] -----------------------------------------------------------------
[[32m[1m INFO  [21m[0m] Elapsed time: 1.20e+05 || Step number: 3700/30000
[[32m[1m INFO  [21m[0m] longdy = 4.69e+00      || longdy/dt = 1.95e-04  || dt = 1.37e+02
[[32m[1m INFO  [21m[0m] from nz = 30 and CS
[[32m[1m INFO  [21m[0m] -----------------------------------------------------------------
[[32m[1m INFO  [21m[0m] Elapsed time: 1.34e+05 || Step number: 3800/30000
[[32m[1m INFO  [21m[0m] longdy = 8.74e+00      || longdy/dt = 6.07e-04  || dt = 2.94e+02
[[32m[1m INFO  [21m[0m] from nz = 30 and CS
[[32m[1m INFO  [21m[0m] -----------------------------------------------------------------
[[32m[1m INFO  [21m[0m] Elapsed time: 1.48e+05 || Step number: 3900/30000
[[32m[1m INFO  [21m[0m] longdy = 2.53e+02      || longdy/dt = 1.87e-02  || dt = 2.11e+02
[[32m[1m INFO  [21m[0m] from nz = 32 and CS
[[32m[1m INFO  [21m[0m] -----------------------------------------------------------------
[[32m[1m INFO  [21m[0m] Elapsed time: 1.56e+05 || Step number: 4000/30000
[[32m[1m INFO  [21m[0m] longdy = 1.79e+02      || longdy/dt = 2.41e-02  || dt = 1.74e+02
[[32m[1m INFO  [21m[0m] from nz = 33 and CS
[[32m[1m INFO  [21m[0m] -----------------------------------------------------------------
[[32m[1m INFO  [21m[0m] Elapsed time: 1.62e+05 || Step number: 4100/30000
[[32m[1m INFO  [21m[0m] longdy = 1.04e+02      || longdy/dt = 1.73e-02  || dt = 1.75e+02
[[32m[1m INFO  [21m[0m] from nz = 35 and CS
[[32m[1m INFO  [21m[0m] -----------------------------------------------------------------
[[32m[1m INFO  [21m[0m] Elapsed time: 1.69e+05 || Step number: 4200/30000
[[32m[1m INFO  [21m[0m] longdy = 6.71e+01      || longdy/dt = 1.04e-02  || dt = 2.33e+02
[[32m[1m INFO  [21m[0m] from nz = 38 and CS
[[32m[1m INFO  [21m[0m] -----------------------------------------------------------------
[[32m[1m INFO  [21m[0m] Elapsed time: 1.75e+05 || Step number: 4300/30000
[[32m[1m INFO  [21m[0m] longdy = 1.26e+01      || longdy/dt = 2.13e-03  || dt = 3.48e+02
[[32m[1m INFO  [21m[0m] from nz = 40 and CS
[[32m[1m INFO  [21m[0m] -----------------------------------------------------------------
[[32m[1m INFO  [21m[0m] Elapsed time: 1.80e+05 || Step number: 4400/30000
[[32m[1m INFO  [21m[0m] longdy = 1.88e+00      || longdy/dt = 4.27e-04  || dt = 5.08e+02
[[32m[1m INFO  [21m[0m] from nz = 42 and CS
[[32m[1m INFO  [21m[0m] -----------------------------------------------------------------
[[32m[1m INFO  [21m[0m] Elapsed time: 1.88e+05 || Step number: 4500/30000
[[32m[1m INFO  [21m[0m] longdy = 4.16e+00      || longdy/dt = 5.32e-04  || dt = 6.43e+02
[[32m[1m INFO  [21m[0m] from nz = 24 and H2O2
[[32m[1m INFO  [21m[0m] -----------------------------------------------------------------
[[32m[1m INFO  [21m[0m] Elapsed time: 1.89e+05 || Step number: 4600/30000
[[32m[1m INFO  [21m[0m] longdy = 1.97e+00      || longdy/dt = 4.39e-03  || dt = 6.67e+01
[[32m[1m INFO  [21m[0m] from nz = 50 and SO2
[[32m[1m INFO  [21m[0m] -----------------------------------------------------------------
[[32m[1m INFO  [21m[0m] Elapsed time: 1.93e+05 || Step number: 4700/30000
[[32m[1m INFO  [21m[0m] longdy = 1.84e+00      || longdy/dt = 4.74e-04  || dt = 6.26e+01
[[32m[1m INFO  [21m[0m] from nz = 26 and H2O2
[[32m[1m INFO  [21m[0m] -----------------------------------------------------------------
[[32m[1m INFO  [21m[0m] Elapsed time: 1.98e+05 || Step number: 4800/30000
[[32m[1m INFO  [21m[0m] longdy = 1.91e+00      || longdy/dt = 3.72e-04  || dt = 9.68e+01
[[32m[1m INFO  [21m[0m] from nz = 23 and H2O2
[[32m[1m INFO  [21m[0m] -----------------------------------------------------------------
[[32m[1m INFO  [21m[0m] Elapsed time: 2.07e+05 || Step number: 4900/30000
[[32m[1m INFO  [21m[0m] longdy = 1.45e+00      || longdy/dt = 1.88e-04  || dt = 1.10e+03
[[32m[1m INFO  [21m[0m] from nz = 21 and N2H2
[[32m[1m INFO  [21m[0m] -----------------------------------------------------------------
[[32m[1m INFO  [21m[0m] Elapsed time: 2.85e+05 || Step number: 5000/30000
[[32m[1m INFO  [21m[0m] longdy = 1.84e+00      || longdy/dt = 2.53e-05  || dt = 5.75e+03
[[32m[1m INFO  [21m[0m] from nz = 30 and CH3O
[[32m[1m INFO  [21m[0m] -----------------------------------------------------------------
[[32m[1m INFO  [21m[0m] Elapsed time: 2.85e+05 || Step number: 5100/30000
[[32m[1m INFO  [21m[0m] longdy = 5.68e+00      || longdy/dt = 3.38e-02  || dt = 3.87e+01
[[32m[1m INFO  [21m[0m] from nz = 20 and NH
[[32m[1m INFO  [21m[0m] -----------------------------------------------------------------
[[32m[1m INFO  [21m[0m] Elapsed time: 6.01e+05 || Step number: 5200/30000
[[32m[1m INFO  [21m[0m] longdy = 1.42e-01      || longdy/dt = 4.79e-07  || dt = 6.54e+03
[[32m[1m INFO  [21m[0m] from nz = 35 and C6H5
[[32m[1m INFO  [21m[0m] -----------------------------------------------------------------
[[32m[1m INFO  [21m[0m] Elapsed time: 1.09e+06 || Step number: 5300/30000
[[32m[1m INFO  [21m[0m] longdy = 1.40e-01      || longdy/dt = 2.92e-07  || dt = 6.53e+03
[[32m[1m INFO  [21m[0m] from nz = 21 and NH
[[32m[1m INFO  [21m[0m] -----------------------------------------------------------------
[[32m[1m INFO  [21m[0m] Elapsed time: 1.74e+06 || Step number: 5400/30000
[[32m[1m INFO  [21m[0m] longdy = 9.89e-04      || longdy/dt = 1.53e-09  || dt = 6.53e+03
[[32m[1m INFO  [21m[0m] from nz = 3 and S8
[[32m[1m INFO  [21m[0m] -----------------------------------------------------------------
[[32m[1m INFO  [21m[0m] Integration successful with 5471 steps
[[32m[1m INFO  [21m[0m] long dy, long dydt = 0.0006705006186917279, 1.0376860742780934e-09
[[32m[1m INFO  [21m[0m] Total atom loss:
[[32m[1m INFO  [21m[0m] H: 0.28762378344363076 
[[32m[1m INFO  [21m[0m] O: 1.3159306753256819 
[[32m[1m INFO  [21m[0m] C: 3.5728553331398007 
[[32m[1m INFO  [21m[0m] N: 13.994798788908076 
[[32m[1m INFO  [21m[0m] S: 175.90016517871663 
[[32m[1m INFO  [21m[0m] ------ Live long and prosper \V/ ------
[[32m[1m INFO  [21m[0m]     done
Atmodeller initialized with double precision (float64)
[[93m[1m WARNING [21m[0m] The archive tar file does not exist: /data/rdc49-2/K218b_project/simulation_data/grid_H1_C2_N3_S0_fO21__from_batch06_case_000044__7_crash_atmos_chem_step_vulcan_chem_funs_race_syntax_error/data/data.tar
[[32m[1m INFO  [21m[0m] Observing the planet...
Loading PHOENIX star table in file '/data/rdc49-2/FWL_DATA/prt/input_data/stellar_spectra/phoenix/phoenix.startable.petitRADTRANS.h5'... Done.
