Atmodeller initialized with double precision (float64)
[[93m[1m WARNING [21m[0m] The archive tar file does not exist: /data/rdc49-2/K218b_project/simulation_data/grid_H2_C1_N3_S0_fO22__from_batch11_case_000028__7_crash_atmos_chem_step_vulcan_chem_funs_race_missing_symjac/data/data.tar
[[32m[1m INFO  [21m[0m] Running atmospheric chemistry...
[[32m[1m INFO  [21m[0m]     Using vulcan module, offline
[[32m[1m INFO  [21m[0m] Elements conserved in the network.
[[32m[1m INFO  [21m[0m] No duplicates in the network.
[[32m[1m INFO  [21m[0m] Elements conserved in the network.
[[32m[1m INFO  [21m[0m] No duplicates in the network.
[[32m[1m INFO  [21m[0m] Running VULCAN
[[93m[1m WARNING [21m[0m] P_b and P_t assgined in vulcan.cfg are out of range of the input. Constant extension is used.
[[32m[1m INFO  [21m[0m] Initializing with compositions from ASCII file /data/rdc49-2/K218b_project/simulation_data/grid_H2_C1_N3_S0_fO22__from_batch11_case_000028__7_crash_atmos_chem_step_vulcan_chem_funs_race_missing_symjac/offchem/vmrs.dat
[[32m[1m INFO  [21m[0m] Input stellar spectrum from 2.0 to 700.0
[[32m[1m INFO  [21m[0m] Using wavelength bins from 2.0 to 655.5
[[32m[1m INFO  [21m[0m] Include molecular diffusion.
[[32m[1m INFO  [21m[0m] Starting VULCAN integration with 1 threads...
[[93m[1m WARNING [21m[0m] Keep producing negative values! Clipping negative solutions and moving on!
[[93m[1m WARNING [21m[0m] Keep producing negative values! Clipping negative solutions and moving on!
[[93m[1m WARNING [21m[0m] Keep producing negative values! Clipping negative solutions and moving on!
[[93m[1m WARNING [21m[0m] Keep producing negative values! Clipping negative solutions and moving on!
[[93m[1m WARNING [21m[0m] Keep producing negative values! Clipping negative solutions and moving on!
[[93m[1m WARNING [21m[0m] Keep producing negative values! Clipping negative solutions and moving on!
[[93m[1m WARNING [21m[0m] Keep producing negative values! Clipping negative solutions and moving on!
[[93m[1m WARNING [21m[0m] Keep producing negative values! Clipping negative solutions and moving on!
[[93m[1m WARNING [21m[0m] Keep producing negative values! Clipping negative solutions and moving on!
[[93m[1m WARNING [21m[0m] Keep producing negative values! Clipping negative solutions and moving on!
[[93m[1m WARNING [21m[0m] Keep producing negative values! Clipping negative solutions and moving on!
[[93m[1m WARNING [21m[0m] Keep producing negative values! Clipping negative solutions and moving on!
[[93m[1m WARNING [21m[0m] Keep producing negative values! Clipping negative solutions and moving on!
[[93m[1m WARNING [21m[0m] Keep producing negative values! Clipping negative solutions and moving on!
[[93m[1m WARNING [21m[0m] Keep producing negative values! Clipping negative solutions and moving on!
[[93m[1m WARNING [21m[0m] Keep producing negative values! Clipping negative solutions and moving on!
[[93m[1m WARNING [21m[0m] Keep producing negative values! Clipping negative solutions and moving on!
[[93m[1m WARNING [21m[0m] Keep producing negative values! Clipping negative solutions and moving on!
[[93m[1m WARNING [21m[0m] Keep producing negative values! Clipping negative solutions and moving on!
[[93m[1m WARNING [21m[0m] Keep producing negative values! Clipping negative solutions and moving on!
[[93m[1m WARNING [21m[0m] Keep producing negative values! Clipping negative solutions and moving on!
[[93m[1m WARNING [21m[0m] Keep producing negative values! Clipping negative solutions and moving on!
[[93m[1m WARNING [21m[0m] Keep producing negative values! Clipping negative solutions and moving on!
[[93m[1m WARNING [21m[0m] Keep producing negative values! Clipping negative solutions and moving on!
[[93m[1m WARNING [21m[0m] Keep producing negative values! Clipping negative solutions and moving on!
[[93m[1m WARNING [21m[0m] Keep producing negative values! Clipping negative solutions and moving on!
[[93m[1m WARNING [21m[0m] Keep producing negative values! Clipping negative solutions and moving on!
[[93m[1m WARNING [21m[0m] Keep producing negative values! Clipping negative solutions and moving on!
[[93m[1m WARNING [21m[0m] Keep producing negative values! Clipping negative solutions and moving on!
[[93m[1m WARNING [21m[0m] Keep producing negative values! Clipping negative solutions and moving on!
[[93m[1m WARNING [21m[0m] Keep producing negative values! Clipping negative solutions and moving on!
[[93m[1m WARNING [21m[0m] Keep producing negative values! Clipping negative solutions and moving on!
[[93m[1m WARNING [21m[0m] Keep producing negative values! Clipping negative solutions and moving on!
[[93m[1m WARNING [21m[0m] Keep producing negative values! Clipping negative solutions and moving on!
[[93m[1m WARNING [21m[0m] Keep producing negative values! Clipping negative solutions and moving on!
[[93m[1m WARNING [21m[0m] Keep producing negative values! Clipping negative solutions and moving on!
[[93m[1m WARNING [21m[0m] Element conservation is violated too large
[[93m[1m WARNING [21m[0m] at step: 36
[[93m[1m WARNING [21m[0m] -----------------------------------------------------------------
[[93m[1m WARNING [21m[0m] Keep producing negative values! Clipping negative solutions and moving on!
[[93m[1m WARNING [21m[0m] Element conservation is violated too large
[[93m[1m WARNING [21m[0m] at step: 37
[[93m[1m WARNING [21m[0m] -----------------------------------------------------------------
[[93m[1m WARNING [21m[0m] Keep producing negative values! Clipping negative solutions and moving on!
[[93m[1m WARNING [21m[0m] Element conservation is violated too large
[[93m[1m WARNING [21m[0m] at step: 39
[[93m[1m WARNING [21m[0m] -----------------------------------------------------------------
[[93m[1m WARNING [21m[0m] Keep producing negative values! Clipping negative solutions and moving on!
[[93m[1m WARNING [21m[0m] Element conservation is violated too large
[[93m[1m WARNING [21m[0m] at step: 40
[[93m[1m WARNING [21m[0m] -----------------------------------------------------------------
[[93m[1m WARNING [21m[0m] Keep producing negative values! Clipping negative solutions and moving on!
[[93m[1m WARNING [21m[0m] Element conservation is violated too large
[[93m[1m WARNING [21m[0m] at step: 41
[[93m[1m WARNING [21m[0m] -----------------------------------------------------------------
[[93m[1m WARNING [21m[0m] Keep producing negative values! Clipping negative solutions and moving on!
[[93m[1m WARNING [21m[0m] Element conservation is violated too large
[[93m[1m WARNING [21m[0m] at step: 42
[[93m[1m WARNING [21m[0m] -----------------------------------------------------------------
[[93m[1m WARNING [21m[0m] Keep producing negative values! Clipping negative solutions and moving on!
[[93m[1m WARNING [21m[0m] Element conservation is violated too large
[[93m[1m WARNING [21m[0m] at step: 43
[[93m[1m WARNING [21m[0m] -----------------------------------------------------------------
[[93m[1m WARNING [21m[0m] Keep producing negative values! Clipping negative solutions and moving on!
[[93m[1m WARNING [21m[0m] Element conservation is violated too large
[[93m[1m WARNING [21m[0m] at step: 44
[[93m[1m WARNING [21m[0m] -----------------------------------------------------------------
[[93m[1m WARNING [21m[0m] Keep producing negative values! Clipping negative solutions and moving on!
[[93m[1m WARNING [21m[0m] Element conservation is violated too large
[[93m[1m WARNING [21m[0m] at step: 45
[[93m[1m WARNING [21m[0m] -----------------------------------------------------------------
[[93m[1m WARNING [21m[0m] Keep producing negative values! Clipping negative solutions and moving on!
[[93m[1m WARNING [21m[0m] Element conservation is violated too large
[[93m[1m WARNING [21m[0m] at step: 46
[[93m[1m WARNING [21m[0m] -----------------------------------------------------------------
[[93m[1m WARNING [21m[0m] Keep producing negative values! Clipping negative solutions and moving on!
[[93m[1m WARNING [21m[0m] Element conservation is violated too large
[[93m[1m WARNING [21m[0m] at step: 47
[[93m[1m WARNING [21m[0m] -----------------------------------------------------------------
[[93m[1m WARNING [21m[0m] Keep producing negative values! Clipping negative solutions and moving on!
[[93m[1m WARNING [21m[0m] Element conservation is violated too large
[[93m[1m WARNING [21m[0m] at step: 48
[[93m[1m WARNING [21m[0m] -----------------------------------------------------------------
[[93m[1m WARNING [21m[0m] Keep producing negative values! Clipping negative solutions and moving on!
[[93m[1m WARNING [21m[0m] Element conservation is violated too large
[[93m[1m WARNING [21m[0m] at step: 49
[[93m[1m WARNING [21m[0m] -----------------------------------------------------------------
[[93m[1m WARNING [21m[0m] Keep producing negative values! Clipping negative solutions and moving on!
[[93m[1m WARNING [21m[0m] Element conservation is violated too large
[[93m[1m WARNING [21m[0m] at step: 50
[[93m[1m WARNING [21m[0m] -----------------------------------------------------------------
[[93m[1m WARNING [21m[0m] Keep producing negative values! Clipping negative solutions and moving on!
[[93m[1m WARNING [21m[0m] Element conservation is violated too large
[[93m[1m WARNING [21m[0m] at step: 51
[[93m[1m WARNING [21m[0m] -----------------------------------------------------------------
[[93m[1m WARNING [21m[0m] Keep producing negative values! Clipping negative solutions and moving on!
[[93m[1m WARNING [21m[0m] Element conservation is violated too large
[[93m[1m WARNING [21m[0m] at step: 52
[[93m[1m WARNING [21m[0m] -----------------------------------------------------------------
[[93m[1m WARNING [21m[0m] Keep producing negative values! Clipping negative solutions and moving on!
[[93m[1m WARNING [21m[0m] Element conservation is violated too large
[[93m[1m WARNING [21m[0m] at step: 53
[[93m[1m WARNING [21m[0m] -----------------------------------------------------------------
[[93m[1m WARNING [21m[0m] Keep producing negative values! Clipping negative solutions and moving on!
[[93m[1m WARNING [21m[0m] Element conservation is violated too large
[[93m[1m WARNING [21m[0m] at step: 54
[[93m[1m WARNING [21m[0m] -----------------------------------------------------------------
[[93m[1m WARNING [21m[0m] Keep producing negative values! Clipping negative solutions and moving on!
[[93m[1m WARNING [21m[0m] Element conservation is violated too large
[[93m[1m WARNING [21m[0m] at step: 55
[[93m[1m WARNING [21m[0m] -----------------------------------------------------------------
[[93m[1m WARNING [21m[0m] Keep producing negative values! Clipping negative solutions and moving on!
[[93m[1m WARNING [21m[0m] Element conservation is violated too large
[[93m[1m WARNING [21m[0m] at step: 56
[[93m[1m WARNING [21m[0m] -----------------------------------------------------------------
[[93m[1m WARNING [21m[0m] Keep producing negative values! Clipping negative solutions and moving on!
[[93m[1m WARNING [21m[0m] Element conservation is violated too large
[[93m[1m WARNING [21m[0m] at step: 57
[[93m[1m WARNING [21m[0m] -----------------------------------------------------------------
[[93m[1m WARNING [21m[0m] Keep producing negative values! Clipping negative solutions and moving on!
[[93m[1m WARNING [21m[0m] Element conservation is violated too large
[[93m[1m WARNING [21m[0m] at step: 58
[[93m[1m WARNING [21m[0m] -----------------------------------------------------------------
[[93m[1m WARNING [21m[0m] Keep producing negative values! Clipping negative solutions and moving on!
[[93m[1m WARNING [21m[0m] Element conservation is violated too large
[[93m[1m WARNING [21m[0m] at step: 59
[[93m[1m WARNING [21m[0m] -----------------------------------------------------------------
[[93m[1m WARNING [21m[0m] Keep producing negative values! Clipping negative solutions and moving on!
[[93m[1m WARNING [21m[0m] Element conservation is violated too large
[[93m[1m WARNING [21m[0m] at step: 60
[[93m[1m WARNING [21m[0m] -----------------------------------------------------------------
[[93m[1m WARNING [21m[0m] Keep producing negative values! Clipping negative solutions and moving on!
[[93m[1m WARNING [21m[0m] Element conservation is violated too large
[[93m[1m WARNING [21m[0m] at step: 61
[[93m[1m WARNING [21m[0m] -----------------------------------------------------------------
[[93m[1m WARNING [21m[0m] Keep producing negative values! Clipping negative solutions and moving on!
[[93m[1m WARNING [21m[0m] Element conservation is violated too large
[[93m[1m WARNING [21m[0m] at step: 62
[[93m[1m WARNING [21m[0m] -----------------------------------------------------------------
[[93m[1m WARNING [21m[0m] Keep producing negative values! Clipping negative solutions and moving on!
[[93m[1m WARNING [21m[0m] Element conservation is violated too large
[[93m[1m WARNING [21m[0m] at step: 63
[[93m[1m WARNING [21m[0m] -----------------------------------------------------------------
[[93m[1m WARNING [21m[0m] Keep producing negative values! Clipping negative solutions and moving on!
[[93m[1m WARNING [21m[0m] Element conservation is violated too large
[[93m[1m WARNING [21m[0m] at step: 64
[[93m[1m WARNING [21m[0m] -----------------------------------------------------------------
[[93m[1m WARNING [21m[0m] Keep producing negative values! Clipping negative solutions and moving on!
[[93m[1m WARNING [21m[0m] Element conservation is violated too large
[[93m[1m WARNING [21m[0m] at step: 65
[[93m[1m WARNING [21m[0m] -----------------------------------------------------------------
[[93m[1m WARNING [21m[0m] Keep producing negative values! Clipping negative solutions and moving on!
[[93m[1m WARNING [21m[0m] Element conservation is violated too large
[[93m[1m WARNING [21m[0m] at step: 66
[[93m[1m WARNING [21m[0m] -----------------------------------------------------------------
[[93m[1m WARNING [21m[0m] Keep producing negative values! Clipping negative solutions and moving on!
[[93m[1m WARNING [21m[0m] Element conservation is violated too large
[[93m[1m WARNING [21m[0m] at step: 67
[[93m[1m WARNING [21m[0m] -----------------------------------------------------------------
[[93m[1m WARNING [21m[0m] Keep producing negative values! Clipping negative solutions and moving on!
[[93m[1m WARNING [21m[0m] Element conservation is violated too large
[[93m[1m WARNING [21m[0m] at step: 68
[[93m[1m WARNING [21m[0m] -----------------------------------------------------------------
[[93m[1m WARNING [21m[0m] Keep producing negative values! Clipping negative solutions and moving on!
[[93m[1m WARNING [21m[0m] Element conservation is violated too large
[[93m[1m WARNING [21m[0m] at step: 69
[[93m[1m WARNING [21m[0m] -----------------------------------------------------------------
[[93m[1m WARNING [21m[0m] Keep producing negative values! Clipping negative solutions and moving on!
[[93m[1m WARNING [21m[0m] Element conservation is violated too large
[[93m[1m WARNING [21m[0m] at step: 70
[[93m[1m WARNING [21m[0m] -----------------------------------------------------------------
[[93m[1m WARNING [21m[0m] Keep producing negative values! Clipping negative solutions and moving on!
[[93m[1m WARNING [21m[0m] Element conservation is violated too large
[[93m[1m WARNING [21m[0m] at step: 71
[[93m[1m WARNING [21m[0m] -----------------------------------------------------------------
[[93m[1m WARNING [21m[0m] Keep producing negative values! Clipping negative solutions and moving on!
[[93m[1m WARNING [21m[0m] Element conservation is violated too large
[[93m[1m WARNING [21m[0m] at step: 72
[[93m[1m WARNING [21m[0m] -----------------------------------------------------------------
[[93m[1m WARNING [21m[0m] Keep producing negative values! Clipping negative solutions and moving on!
[[93m[1m WARNING [21m[0m] Element conservation is violated too large
[[93m[1m WARNING [21m[0m] at step: 73
[[93m[1m WARNING [21m[0m] -----------------------------------------------------------------
[[93m[1m WARNING [21m[0m] Keep producing negative values! Clipping negative solutions and moving on!
[[93m[1m WARNING [21m[0m] Element conservation is violated too large
[[93m[1m WARNING [21m[0m] at step: 74
[[93m[1m WARNING [21m[0m] -----------------------------------------------------------------
[[93m[1m WARNING [21m[0m] Keep producing negative values! Clipping negative solutions and moving on!
[[93m[1m WARNING [21m[0m] Element conservation is violated too large
[[93m[1m WARNING [21m[0m] at step: 75
[[93m[1m WARNING [21m[0m] -----------------------------------------------------------------
[[93m[1m WARNING [21m[0m] Keep producing negative values! Clipping negative solutions and moving on!
[[93m[1m WARNING [21m[0m] Element conservation is violated too large
[[93m[1m WARNING [21m[0m] at step: 76
[[93m[1m WARNING [21m[0m] -----------------------------------------------------------------
[[93m[1m WARNING [21m[0m] Keep producing negative values! Clipping negative solutions and moving on!
[[93m[1m WARNING [21m[0m] Element conservation is violated too large
[[93m[1m WARNING [21m[0m] at step: 77
[[93m[1m WARNING [21m[0m] -----------------------------------------------------------------
[[93m[1m WARNING [21m[0m] Keep producing negative values! Clipping negative solutions and moving on!
[[93m[1m WARNING [21m[0m] Element conservation is violated too large
[[93m[1m WARNING [21m[0m] at step: 78
[[93m[1m WARNING [21m[0m] -----------------------------------------------------------------
[[93m[1m WARNING [21m[0m] Keep producing negative values! Clipping negative solutions and moving on!
[[93m[1m WARNING [21m[0m] Element conservation is violated too large
[[93m[1m WARNING [21m[0m] at step: 79
[[93m[1m WARNING [21m[0m] -----------------------------------------------------------------
[[93m[1m WARNING [21m[0m] Keep producing negative values! Clipping negative solutions and moving on!
[[93m[1m WARNING [21m[0m] Element conservation is violated too large
[[93m[1m WARNING [21m[0m] at step: 80
[[93m[1m WARNING [21m[0m] -----------------------------------------------------------------
[[93m[1m WARNING [21m[0m] Keep producing negative values! Clipping negative solutions and moving on!
[[93m[1m WARNING [21m[0m] Element conservation is violated too large
[[93m[1m WARNING [21m[0m] at step: 81
[[93m[1m WARNING [21m[0m] -----------------------------------------------------------------
[[93m[1m WARNING [21m[0m] Keep producing negative values! Clipping negative solutions and moving on!
[[93m[1m WARNING [21m[0m] Element conservation is violated too large
[[93m[1m WARNING [21m[0m] at step: 82
[[93m[1m WARNING [21m[0m] -----------------------------------------------------------------
[[93m[1m WARNING [21m[0m] Keep producing negative values! Clipping negative solutions and moving on!
[[93m[1m WARNING [21m[0m] Element conservation is violated too large
[[93m[1m WARNING [21m[0m] at step: 83
[[93m[1m WARNING [21m[0m] -----------------------------------------------------------------
[[93m[1m WARNING [21m[0m] Keep producing negative values! Clipping negative solutions and moving on!
[[93m[1m WARNING [21m[0m] Element conservation is violated too large
[[93m[1m WARNING [21m[0m] at step: 84
[[93m[1m WARNING [21m[0m] -----------------------------------------------------------------
[[93m[1m WARNING [21m[0m] Keep producing negative values! Clipping negative solutions and moving on!
[[93m[1m WARNING [21m[0m] Element conservation is violated too large
[[93m[1m WARNING [21m[0m] at step: 85
[[93m[1m WARNING [21m[0m] -----------------------------------------------------------------
[[93m[1m WARNING [21m[0m] Keep producing negative values! Clipping negative solutions and moving on!
[[93m[1m WARNING [21m[0m] Element conservation is violated too large
[[93m[1m WARNING [21m[0m] at step: 88
[[93m[1m WARNING [21m[0m] -----------------------------------------------------------------
[[93m[1m WARNING [21m[0m] Element conservation is violated too large
[[93m[1m WARNING [21m[0m] at step: 88
[[93m[1m WARNING [21m[0m] -----------------------------------------------------------------
[[93m[1m WARNING [21m[0m] Keep producing negative values! Clipping negative solutions and moving on!
[[93m[1m WARNING [21m[0m] Element conservation is violated too large
[[93m[1m WARNING [21m[0m] at step: 91
[[93m[1m WARNING [21m[0m] -----------------------------------------------------------------
[[93m[1m WARNING [21m[0m] Element conservation is violated too large
[[93m[1m WARNING [21m[0m] at step: 91
[[93m[1m WARNING [21m[0m] -----------------------------------------------------------------
[[93m[1m WARNING [21m[0m] Keep producing negative values! Clipping negative solutions and moving on!
[[32m[1m INFO  [21m[0m] Elapsed time: 1.22e-06 || Step number: 100/30000
[[32m[1m INFO  [21m[0m] longdy = 1.00e+00      || longdy/dt = 1.00e+00  || dt = 3.86e-08
[[32m[1m INFO  [21m[0m] from nz = 0 and OH
[[32m[1m INFO  [21m[0m] -----------------------------------------------------------------
[[93m[1m WARNING [21m[0m] Element conservation is violated too large
[[93m[1m WARNING [21m[0m] at step: 133
[[93m[1m WARNING [21m[0m] -----------------------------------------------------------------
[[93m[1m WARNING [21m[0m] Element conservation is violated too large
[[93m[1m WARNING [21m[0m] at step: 133
[[93m[1m WARNING [21m[0m] -----------------------------------------------------------------
[[93m[1m WARNING [21m[0m] Keep producing negative values! Clipping negative solutions and moving on!
[[93m[1m WARNING [21m[0m] Element conservation is violated too large
[[93m[1m WARNING [21m[0m] at step: 136
[[93m[1m WARNING [21m[0m] -----------------------------------------------------------------
[[93m[1m WARNING [21m[0m] Element conservation is violated too large
[[93m[1m WARNING [21m[0m] at step: 136
[[93m[1m WARNING [21m[0m] -----------------------------------------------------------------
[[93m[1m WARNING [21m[0m] Element conservation is violated too large
[[93m[1m WARNING [21m[0m] at step: 136
[[93m[1m WARNING [21m[0m] -----------------------------------------------------------------
[[93m[1m WARNING [21m[0m] Keep producing negative values! Clipping negative solutions and moving on!
[[93m[1m WARNING [21m[0m] Element conservation is violated too large
[[93m[1m WARNING [21m[0m] at step: 139
[[93m[1m WARNING [21m[0m] -----------------------------------------------------------------
[[93m[1m WARNING [21m[0m] Element conservation is violated too large
[[93m[1m WARNING [21m[0m] at step: 139
[[93m[1m WARNING [21m[0m] -----------------------------------------------------------------
[[93m[1m WARNING [21m[0m] Element conservation is violated too large
[[93m[1m WARNING [21m[0m] at step: 139
[[93m[1m WARNING [21m[0m] -----------------------------------------------------------------
[[93m[1m WARNING [21m[0m] Keep producing negative values! Clipping negative solutions and moving on!
[[93m[1m WARNING [21m[0m] Element conservation is violated too large
[[93m[1m WARNING [21m[0m] at step: 142
[[93m[1m WARNING [21m[0m] -----------------------------------------------------------------
[[93m[1m WARNING [21m[0m] Element conservation is violated too large
[[93m[1m WARNING [21m[0m] at step: 142
[[93m[1m WARNING [21m[0m] -----------------------------------------------------------------
[[93m[1m WARNING [21m[0m] Element conservation is violated too large
[[93m[1m WARNING [21m[0m] at step: 142
[[93m[1m WARNING [21m[0m] -----------------------------------------------------------------
[[93m[1m WARNING [21m[0m] Keep producing negative values! Clipping negative solutions and moving on!
[[93m[1m WARNING [21m[0m] Element conservation is violated too large
[[93m[1m WARNING [21m[0m] at step: 145
[[93m[1m WARNING [21m[0m] -----------------------------------------------------------------
[[93m[1m WARNING [21m[0m] Element conservation is violated too large
[[93m[1m WARNING [21m[0m] at step: 145
[[93m[1m WARNING [21m[0m] -----------------------------------------------------------------
[[93m[1m WARNING [21m[0m] Element conservation is violated too large
[[93m[1m WARNING [21m[0m] at step: 145
[[93m[1m WARNING [21m[0m] -----------------------------------------------------------------
[[93m[1m WARNING [21m[0m] Keep producing negative values! Clipping negative solutions and moving on!
[[93m[1m WARNING [21m[0m] Element conservation is violated too large
[[93m[1m WARNING [21m[0m] at step: 148
[[93m[1m WARNING [21m[0m] -----------------------------------------------------------------
[[93m[1m WARNING [21m[0m] Element conservation is violated too large
[[93m[1m WARNING [21m[0m] at step: 148
[[93m[1m WARNING [21m[0m] -----------------------------------------------------------------
[[93m[1m WARNING [21m[0m] Element conservation is violated too large
[[93m[1m WARNING [21m[0m] at step: 148
[[93m[1m WARNING [21m[0m] -----------------------------------------------------------------
[[93m[1m WARNING [21m[0m] Keep producing negative values! Clipping negative solutions and moving on!
[[93m[1m WARNING [21m[0m] Element conservation is violated too large
[[93m[1m WARNING [21m[0m] at step: 151
[[93m[1m WARNING [21m[0m] -----------------------------------------------------------------
[[93m[1m WARNING [21m[0m] Element conservation is violated too large
[[93m[1m WARNING [21m[0m] at step: 151
[[93m[1m WARNING [21m[0m] -----------------------------------------------------------------
[[93m[1m WARNING [21m[0m] Element conservation is violated too large
[[93m[1m WARNING [21m[0m] at step: 151
[[93m[1m WARNING [21m[0m] -----------------------------------------------------------------
[[93m[1m WARNING [21m[0m] Keep producing negative values! Clipping negative solutions and moving on!
[[93m[1m WARNING [21m[0m] Element conservation is violated too large
[[93m[1m WARNING [21m[0m] at step: 154
[[93m[1m WARNING [21m[0m] -----------------------------------------------------------------
[[93m[1m WARNING [21m[0m] Element conservation is violated too large
[[93m[1m WARNING [21m[0m] at step: 154
[[93m[1m WARNING [21m[0m] -----------------------------------------------------------------
[[93m[1m WARNING [21m[0m] Element conservation is violated too large
[[93m[1m WARNING [21m[0m] at step: 154
[[93m[1m WARNING [21m[0m] -----------------------------------------------------------------
[[93m[1m WARNING [21m[0m] Keep producing negative values! Clipping negative solutions and moving on!
[[93m[1m WARNING [21m[0m] Element conservation is violated too large
[[93m[1m WARNING [21m[0m] at step: 157
[[93m[1m WARNING [21m[0m] -----------------------------------------------------------------
[[93m[1m WARNING [21m[0m] Element conservation is violated too large
[[93m[1m WARNING [21m[0m] at step: 157
[[93m[1m WARNING [21m[0m] -----------------------------------------------------------------
[[93m[1m WARNING [21m[0m] Element conservation is violated too large
[[93m[1m WARNING [21m[0m] at step: 157
[[93m[1m WARNING [21m[0m] -----------------------------------------------------------------
[[93m[1m WARNING [21m[0m] Keep producing negative values! Clipping negative solutions and moving on!
[[93m[1m WARNING [21m[0m] Element conservation is violated too large
[[93m[1m WARNING [21m[0m] at step: 160
[[93m[1m WARNING [21m[0m] -----------------------------------------------------------------
[[93m[1m WARNING [21m[0m] Element conservation is violated too large
[[93m[1m WARNING [21m[0m] at step: 160
[[93m[1m WARNING [21m[0m] -----------------------------------------------------------------
[[93m[1m WARNING [21m[0m] Element conservation is violated too large
[[93m[1m WARNING [21m[0m] at step: 160
[[93m[1m WARNING [21m[0m] -----------------------------------------------------------------
[[93m[1m WARNING [21m[0m] Keep producing negative values! Clipping negative solutions and moving on!
[[93m[1m WARNING [21m[0m] Element conservation is violated too large
[[93m[1m WARNING [21m[0m] at step: 163
[[93m[1m WARNING [21m[0m] -----------------------------------------------------------------
[[93m[1m WARNING [21m[0m] Element conservation is violated too large
[[93m[1m WARNING [21m[0m] at step: 163
[[93m[1m WARNING [21m[0m] -----------------------------------------------------------------
[[93m[1m WARNING [21m[0m] Element conservation is violated too large
[[93m[1m WARNING [21m[0m] at step: 163
[[93m[1m WARNING [21m[0m] -----------------------------------------------------------------
[[93m[1m WARNING [21m[0m] Keep producing negative values! Clipping negative solutions and moving on!
[[93m[1m WARNING [21m[0m] Element conservation is violated too large
[[93m[1m WARNING [21m[0m] at step: 166
[[93m[1m WARNING [21m[0m] -----------------------------------------------------------------
[[93m[1m WARNING [21m[0m] Element conservation is violated too large
[[93m[1m WARNING [21m[0m] at step: 166
[[93m[1m WARNING [21m[0m] -----------------------------------------------------------------
[[93m[1m WARNING [21m[0m] Element conservation is violated too large
[[93m[1m WARNING [21m[0m] at step: 166
[[93m[1m WARNING [21m[0m] -----------------------------------------------------------------
[[93m[1m WARNING [21m[0m] Keep producing negative values! Clipping negative solutions and moving on!
[[93m[1m WARNING [21m[0m] Element conservation is violated too large
[[93m[1m WARNING [21m[0m] at step: 169
[[93m[1m WARNING [21m[0m] -----------------------------------------------------------------
[[93m[1m WARNING [21m[0m] Element conservation is violated too large
[[93m[1m WARNING [21m[0m] at step: 169
[[93m[1m WARNING [21m[0m] -----------------------------------------------------------------
[[93m[1m WARNING [21m[0m] Element conservation is violated too large
[[93m[1m WARNING [21m[0m] at step: 169
[[93m[1m WARNING [21m[0m] -----------------------------------------------------------------
[[93m[1m WARNING [21m[0m] Keep producing negative values! Clipping negative solutions and moving on!
[[93m[1m WARNING [21m[0m] Element conservation is violated too large
[[93m[1m WARNING [21m[0m] at step: 172
[[93m[1m WARNING [21m[0m] -----------------------------------------------------------------
[[93m[1m WARNING [21m[0m] Element conservation is violated too large
[[93m[1m WARNING [21m[0m] at step: 172
[[93m[1m WARNING [21m[0m] -----------------------------------------------------------------
[[93m[1m WARNING [21m[0m] Element conservation is violated too large
[[93m[1m WARNING [21m[0m] at step: 172
[[93m[1m WARNING [21m[0m] -----------------------------------------------------------------
[[93m[1m WARNING [21m[0m] Keep producing negative values! Clipping negative solutions and moving on!
[[93m[1m WARNING [21m[0m] Element conservation is violated too large
[[93m[1m WARNING [21m[0m] at step: 175
[[93m[1m WARNING [21m[0m] -----------------------------------------------------------------
[[93m[1m WARNING [21m[0m] Element conservation is violated too large
[[93m[1m WARNING [21m[0m] at step: 175
[[93m[1m WARNING [21m[0m] -----------------------------------------------------------------
[[93m[1m WARNING [21m[0m] Element conservation is violated too large
[[93m[1m WARNING [21m[0m] at step: 175
[[93m[1m WARNING [21m[0m] -----------------------------------------------------------------
[[93m[1m WARNING [21m[0m] Keep producing negative values! Clipping negative solutions and moving on!
[[93m[1m WARNING [21m[0m] Element conservation is violated too large
[[93m[1m WARNING [21m[0m] at step: 178
[[93m[1m WARNING [21m[0m] -----------------------------------------------------------------
[[93m[1m WARNING [21m[0m] Element conservation is violated too large
[[93m[1m WARNING [21m[0m] at step: 178
[[93m[1m WARNING [21m[0m] -----------------------------------------------------------------
[[93m[1m WARNING [21m[0m] Element conservation is violated too large
[[93m[1m WARNING [21m[0m] at step: 178
[[93m[1m WARNING [21m[0m] -----------------------------------------------------------------
[[93m[1m WARNING [21m[0m] Keep producing negative values! Clipping negative solutions and moving on!
[[93m[1m WARNING [21m[0m] Element conservation is violated too large
[[93m[1m WARNING [21m[0m] at step: 181
[[93m[1m WARNING [21m[0m] -----------------------------------------------------------------
[[93m[1m WARNING [21m[0m] Element conservation is violated too large
[[93m[1m WARNING [21m[0m] at step: 181
[[93m[1m WARNING [21m[0m] -----------------------------------------------------------------
[[93m[1m WARNING [21m[0m] Element conservation is violated too large
[[93m[1m WARNING [21m[0m] at step: 181
[[93m[1m WARNING [21m[0m] -----------------------------------------------------------------
[[93m[1m WARNING [21m[0m] Keep producing negative values! Clipping negative solutions and moving on!
[[93m[1m WARNING [21m[0m] Element conservation is violated too large
[[93m[1m WARNING [21m[0m] at step: 184
[[93m[1m WARNING [21m[0m] -----------------------------------------------------------------
[[93m[1m WARNING [21m[0m] Element conservation is violated too large
[[93m[1m WARNING [21m[0m] at step: 184
[[93m[1m WARNING [21m[0m] -----------------------------------------------------------------
[[93m[1m WARNING [21m[0m] Element conservation is violated too large
[[93m[1m WARNING [21m[0m] at step: 184
[[93m[1m WARNING [21m[0m] -----------------------------------------------------------------
[[93m[1m WARNING [21m[0m] Keep producing negative values! Clipping negative solutions and moving on!
[[93m[1m WARNING [21m[0m] Element conservation is violated too large
[[93m[1m WARNING [21m[0m] at step: 188
[[93m[1m WARNING [21m[0m] -----------------------------------------------------------------
[[93m[1m WARNING [21m[0m] Element conservation is violated too large
[[93m[1m WARNING [21m[0m] at step: 188
[[93m[1m WARNING [21m[0m] -----------------------------------------------------------------
[[93m[1m WARNING [21m[0m] Element conservation is violated too large
[[93m[1m WARNING [21m[0m] at step: 188
[[93m[1m WARNING [21m[0m] -----------------------------------------------------------------
[[93m[1m WARNING [21m[0m] Keep producing negative values! Clipping negative solutions and moving on!
[[93m[1m WARNING [21m[0m] Element conservation is violated too large
[[93m[1m WARNING [21m[0m] at step: 192
[[93m[1m WARNING [21m[0m] -----------------------------------------------------------------
[[93m[1m WARNING [21m[0m] Element conservation is violated too large
[[93m[1m WARNING [21m[0m] at step: 192
[[93m[1m WARNING [21m[0m] -----------------------------------------------------------------
[[93m[1m WARNING [21m[0m] Element conservation is violated too large
[[93m[1m WARNING [21m[0m] at step: 192
[[93m[1m WARNING [21m[0m] -----------------------------------------------------------------
[[93m[1m WARNING [21m[0m] Keep producing negative values! Clipping negative solutions and moving on!
[[93m[1m WARNING [21m[0m] Element conservation is violated too large
[[93m[1m WARNING [21m[0m] at step: 196
[[93m[1m WARNING [21m[0m] -----------------------------------------------------------------
[[93m[1m WARNING [21m[0m] Element conservation is violated too large
[[93m[1m WARNING [21m[0m] at step: 196
[[93m[1m WARNING [21m[0m] -----------------------------------------------------------------
[[93m[1m WARNING [21m[0m] Element conservation is violated too large
[[93m[1m WARNING [21m[0m] at step: 196
[[93m[1m WARNING [21m[0m] -----------------------------------------------------------------
[[93m[1m WARNING [21m[0m] Keep producing negative values! Clipping negative solutions and moving on!
[[32m[1m INFO  [21m[0m] Elapsed time: 4.00e-06 || Step number: 200/30000
[[32m[1m INFO  [21m[0m] longdy = 1.00e+00      || longdy/dt = 1.00e+00  || dt = 7.95e-08
[[32m[1m INFO  [21m[0m] from nz = 0 and OH
[[32m[1m INFO  [21m[0m] -----------------------------------------------------------------
[[93m[1m WARNING [21m[0m] Element conservation is violated too large
[[93m[1m WARNING [21m[0m] at step: 200
[[93m[1m WARNING [21m[0m] -----------------------------------------------------------------
[[93m[1m WARNING [21m[0m] Element conservation is violated too large
[[93m[1m WARNING [21m[0m] at step: 200
[[93m[1m WARNING [21m[0m] -----------------------------------------------------------------
[[93m[1m WARNING [21m[0m] Element conservation is violated too large
[[93m[1m WARNING [21m[0m] at step: 200
[[93m[1m WARNING [21m[0m] -----------------------------------------------------------------
[[93m[1m WARNING [21m[0m] Keep producing negative values! Clipping negative solutions and moving on!
[[93m[1m WARNING [21m[0m] Element conservation is violated too large
[[93m[1m WARNING [21m[0m] at step: 204
[[93m[1m WARNING [21m[0m] -----------------------------------------------------------------
[[93m[1m WARNING [21m[0m] Element conservation is violated too large
[[93m[1m WARNING [21m[0m] at step: 204
[[93m[1m WARNING [21m[0m] -----------------------------------------------------------------
[[93m[1m WARNING [21m[0m] Element conservation is violated too large
[[93m[1m WARNING [21m[0m] at step: 204
[[93m[1m WARNING [21m[0m] -----------------------------------------------------------------
[[93m[1m WARNING [21m[0m] Element conservation is violated too large
[[93m[1m WARNING [21m[0m] at step: 204
[[93m[1m WARNING [21m[0m] -----------------------------------------------------------------
[[93m[1m WARNING [21m[0m] Keep producing negative values! Clipping negative solutions and moving on!
[[93m[1m WARNING [21m[0m] Element conservation is violated too large
[[93m[1m WARNING [21m[0m] at step: 208
[[93m[1m WARNING [21m[0m] -----------------------------------------------------------------
[[93m[1m WARNING [21m[0m] Element conservation is violated too large
[[93m[1m WARNING [21m[0m] at step: 208
[[93m[1m WARNING [21m[0m] -----------------------------------------------------------------
[[93m[1m WARNING [21m[0m] Element conservation is violated too large
[[93m[1m WARNING [21m[0m] at step: 208
[[93m[1m WARNING [21m[0m] -----------------------------------------------------------------
[[93m[1m WARNING [21m[0m] Element conservation is violated too large
[[93m[1m WARNING [21m[0m] at step: 208
[[93m[1m WARNING [21m[0m] -----------------------------------------------------------------
[[93m[1m WARNING [21m[0m] Keep producing negative values! Clipping negative solutions and moving on!
[[93m[1m WARNING [21m[0m] Element conservation is violated too large
[[93m[1m WARNING [21m[0m] at step: 212
[[93m[1m WARNING [21m[0m] -----------------------------------------------------------------
[[93m[1m WARNING [21m[0m] Element conservation is violated too large
[[93m[1m WARNING [21m[0m] at step: 212
[[93m[1m WARNING [21m[0m] -----------------------------------------------------------------
[[93m[1m WARNING [21m[0m] Element conservation is violated too large
[[93m[1m WARNING [21m[0m] at step: 212
[[93m[1m WARNING [21m[0m] -----------------------------------------------------------------
[[93m[1m WARNING [21m[0m] Element conservation is violated too large
[[93m[1m WARNING [21m[0m] at step: 212
[[93m[1m WARNING [21m[0m] -----------------------------------------------------------------
[[93m[1m WARNING [21m[0m] Keep producing negative values! Clipping negative solutions and moving on!
[[93m[1m WARNING [21m[0m] Element conservation is violated too large
[[93m[1m WARNING [21m[0m] at step: 216
[[93m[1m WARNING [21m[0m] -----------------------------------------------------------------
[[93m[1m WARNING [21m[0m] Element conservation is violated too large
[[93m[1m WARNING [21m[0m] at step: 216
[[93m[1m WARNING [21m[0m] -----------------------------------------------------------------
[[93m[1m WARNING [21m[0m] Element conservation is violated too large
[[93m[1m WARNING [21m[0m] at step: 216
[[93m[1m WARNING [21m[0m] -----------------------------------------------------------------
[[93m[1m WARNING [21m[0m] Element conservation is violated too large
[[93m[1m WARNING [21m[0m] at step: 216
[[93m[1m WARNING [21m[0m] -----------------------------------------------------------------
[[93m[1m WARNING [21m[0m] Keep producing negative values! Clipping negative solutions and moving on!
[[93m[1m WARNING [21m[0m] Element conservation is violated too large
[[93m[1m WARNING [21m[0m] at step: 220
[[93m[1m WARNING [21m[0m] -----------------------------------------------------------------
[[93m[1m WARNING [21m[0m] Element conservation is violated too large
[[93m[1m WARNING [21m[0m] at step: 220
[[93m[1m WARNING [21m[0m] -----------------------------------------------------------------
[[93m[1m WARNING [21m[0m] Element conservation is violated too large
[[93m[1m WARNING [21m[0m] at step: 220
[[93m[1m WARNING [21m[0m] -----------------------------------------------------------------
[[93m[1m WARNING [21m[0m] Element conservation is violated too large
[[93m[1m WARNING [21m[0m] at step: 220
[[93m[1m WARNING [21m[0m] -----------------------------------------------------------------
[[93m[1m WARNING [21m[0m] Keep producing negative values! Clipping negative solutions and moving on!
[[93m[1m WARNING [21m[0m] Element conservation is violated too large
[[93m[1m WARNING [21m[0m] at step: 224
[[93m[1m WARNING [21m[0m] -----------------------------------------------------------------
[[93m[1m WARNING [21m[0m] Element conservation is violated too large
[[93m[1m WARNING [21m[0m] at step: 224
[[93m[1m WARNING [21m[0m] -----------------------------------------------------------------
[[93m[1m WARNING [21m[0m] Element conservation is violated too large
[[93m[1m WARNING [21m[0m] at step: 224
[[93m[1m WARNING [21m[0m] -----------------------------------------------------------------
[[93m[1m WARNING [21m[0m] Element conservation is violated too large
[[93m[1m WARNING [21m[0m] at step: 224
[[93m[1m WARNING [21m[0m] -----------------------------------------------------------------
[[93m[1m WARNING [21m[0m] Keep producing negative values! Clipping negative solutions and moving on!
[[93m[1m WARNING [21m[0m] Element conservation is violated too large
[[93m[1m WARNING [21m[0m] at step: 228
[[93m[1m WARNING [21m[0m] -----------------------------------------------------------------
[[93m[1m WARNING [21m[0m] Element conservation is violated too large
[[93m[1m WARNING [21m[0m] at step: 228
[[93m[1m WARNING [21m[0m] -----------------------------------------------------------------
[[93m[1m WARNING [21m[0m] Element conservation is violated too large
[[93m[1m WARNING [21m[0m] at step: 228
[[93m[1m WARNING [21m[0m] -----------------------------------------------------------------
[[93m[1m WARNING [21m[0m] Element conservation is violated too large
[[93m[1m WARNING [21m[0m] at step: 228
[[93m[1m WARNING [21m[0m] -----------------------------------------------------------------
[[93m[1m WARNING [21m[0m] Keep producing negative values! Clipping negative solutions and moving on!
[[93m[1m WARNING [21m[0m] Element conservation is violated too large
[[93m[1m WARNING [21m[0m] at step: 232
[[93m[1m WARNING [21m[0m] -----------------------------------------------------------------
[[93m[1m WARNING [21m[0m] Element conservation is violated too large
[[93m[1m WARNING [21m[0m] at step: 232
[[93m[1m WARNING [21m[0m] -----------------------------------------------------------------
[[93m[1m WARNING [21m[0m] Element conservation is violated too large
[[93m[1m WARNING [21m[0m] at step: 232
[[93m[1m WARNING [21m[0m] -----------------------------------------------------------------
[[93m[1m WARNING [21m[0m] Element conservation is violated too large
[[93m[1m WARNING [21m[0m] at step: 232
[[93m[1m WARNING [21m[0m] -----------------------------------------------------------------
[[93m[1m WARNING [21m[0m] Keep producing negative values! Clipping negative solutions and moving on!
[[93m[1m WARNING [21m[0m] Element conservation is violated too large
[[93m[1m WARNING [21m[0m] at step: 236
[[93m[1m WARNING [21m[0m] -----------------------------------------------------------------
[[93m[1m WARNING [21m[0m] Element conservation is violated too large
[[93m[1m WARNING [21m[0m] at step: 236
[[93m[1m WARNING [21m[0m] -----------------------------------------------------------------
[[93m[1m WARNING [21m[0m] Element conservation is violated too large
[[93m[1m WARNING [21m[0m] at step: 236
[[93m[1m WARNING [21m[0m] -----------------------------------------------------------------
[[93m[1m WARNING [21m[0m] Element conservation is violated too large
[[93m[1m WARNING [21m[0m] at step: 236
[[93m[1m WARNING [21m[0m] -----------------------------------------------------------------
[[93m[1m WARNING [21m[0m] Keep producing negative values! Clipping negative solutions and moving on!
[[93m[1m WARNING [21m[0m] Element conservation is violated too large
[[93m[1m WARNING [21m[0m] at step: 240
[[93m[1m WARNING [21m[0m] -----------------------------------------------------------------
[[93m[1m WARNING [21m[0m] Element conservation is violated too large
[[93m[1m WARNING [21m[0m] at step: 240
[[93m[1m WARNING [21m[0m] -----------------------------------------------------------------
[[93m[1m WARNING [21m[0m] Element conservation is violated too large
[[93m[1m WARNING [21m[0m] at step: 240
[[93m[1m WARNING [21m[0m] -----------------------------------------------------------------
[[93m[1m WARNING [21m[0m] Element conservation is violated too large
[[93m[1m WARNING [21m[0m] at step: 240
[[93m[1m WARNING [21m[0m] -----------------------------------------------------------------
[[93m[1m WARNING [21m[0m] Keep producing negative values! Clipping negative solutions and moving on!
[[93m[1m WARNING [21m[0m] Element conservation is violated too large
[[93m[1m WARNING [21m[0m] at step: 244
[[93m[1m WARNING [21m[0m] -----------------------------------------------------------------
[[93m[1m WARNING [21m[0m] Element conservation is violated too large
[[93m[1m WARNING [21m[0m] at step: 244
[[93m[1m WARNING [21m[0m] -----------------------------------------------------------------
[[93m[1m WARNING [21m[0m] Element conservation is violated too large
[[93m[1m WARNING [21m[0m] at step: 244
[[93m[1m WARNING [21m[0m] -----------------------------------------------------------------
[[93m[1m WARNING [21m[0m] Element conservation is violated too large
[[93m[1m WARNING [21m[0m] at step: 244
[[93m[1m WARNING [21m[0m] -----------------------------------------------------------------
[[93m[1m WARNING [21m[0m] Keep producing negative values! Clipping negative solutions and moving on!
[[93m[1m WARNING [21m[0m] Element conservation is violated too large
[[93m[1m WARNING [21m[0m] at step: 248
[[93m[1m WARNING [21m[0m] -----------------------------------------------------------------
[[93m[1m WARNING [21m[0m] Element conservation is violated too large
[[93m[1m WARNING [21m[0m] at step: 248
[[93m[1m WARNING [21m[0m] -----------------------------------------------------------------
[[93m[1m WARNING [21m[0m] Element conservation is violated too large
[[93m[1m WARNING [21m[0m] at step: 248
[[93m[1m WARNING [21m[0m] -----------------------------------------------------------------
[[93m[1m WARNING [21m[0m] Element conservation is violated too large
[[93m[1m WARNING [21m[0m] at step: 248
[[93m[1m WARNING [21m[0m] -----------------------------------------------------------------
[[93m[1m WARNING [21m[0m] Keep producing negative values! Clipping negative solutions and moving on!
[[93m[1m WARNING [21m[0m] Element conservation is violated too large
[[93m[1m WARNING [21m[0m] at step: 252
[[93m[1m WARNING [21m[0m] -----------------------------------------------------------------
[[93m[1m WARNING [21m[0m] Element conservation is violated too large
[[93m[1m WARNING [21m[0m] at step: 252
[[93m[1m WARNING [21m[0m] -----------------------------------------------------------------
[[93m[1m WARNING [21m[0m] Element conservation is violated too large
[[93m[1m WARNING [21m[0m] at step: 252
[[93m[1m WARNING [21m[0m] -----------------------------------------------------------------
[[93m[1m WARNING [21m[0m] Element conservation is violated too large
[[93m[1m WARNING [21m[0m] at step: 252
[[93m[1m WARNING [21m[0m] -----------------------------------------------------------------
[[93m[1m WARNING [21m[0m] Keep producing negative values! Clipping negative solutions and moving on!
[[93m[1m WARNING [21m[0m] Element conservation is violated too large
[[93m[1m WARNING [21m[0m] at step: 256
[[93m[1m WARNING [21m[0m] -----------------------------------------------------------------
[[93m[1m WARNING [21m[0m] Element conservation is violated too large
[[93m[1m WARNING [21m[0m] at step: 256
[[93m[1m WARNING [21m[0m] -----------------------------------------------------------------
[[93m[1m WARNING [21m[0m] Element conservation is violated too large
[[93m[1m WARNING [21m[0m] at step: 256
[[93m[1m WARNING [21m[0m] -----------------------------------------------------------------
[[93m[1m WARNING [21m[0m] Element conservation is violated too large
[[93m[1m WARNING [21m[0m] at step: 256
[[93m[1m WARNING [21m[0m] -----------------------------------------------------------------
[[93m[1m WARNING [21m[0m] Keep producing negative values! Clipping negative solutions and moving on!
[[93m[1m WARNING [21m[0m] Element conservation is violated too large
[[93m[1m WARNING [21m[0m] at step: 260
[[93m[1m WARNING [21m[0m] -----------------------------------------------------------------
[[93m[1m WARNING [21m[0m] Element conservation is violated too large
[[93m[1m WARNING [21m[0m] at step: 260
[[93m[1m WARNING [21m[0m] -----------------------------------------------------------------
[[93m[1m WARNING [21m[0m] Element conservation is violated too large
[[93m[1m WARNING [21m[0m] at step: 260
[[93m[1m WARNING [21m[0m] -----------------------------------------------------------------
[[93m[1m WARNING [21m[0m] Element conservation is violated too large
[[93m[1m WARNING [21m[0m] at step: 260
[[93m[1m WARNING [21m[0m] -----------------------------------------------------------------
[[93m[1m WARNING [21m[0m] Keep producing negative values! Clipping negative solutions and moving on!
[[93m[1m WARNING [21m[0m] Element conservation is violated too large
[[93m[1m WARNING [21m[0m] at step: 264
[[93m[1m WARNING [21m[0m] -----------------------------------------------------------------
[[93m[1m WARNING [21m[0m] Element conservation is violated too large
[[93m[1m WARNING [21m[0m] at step: 264
[[93m[1m WARNING [21m[0m] -----------------------------------------------------------------
[[93m[1m WARNING [21m[0m] Element conservation is violated too large
[[93m[1m WARNING [21m[0m] at step: 264
[[93m[1m WARNING [21m[0m] -----------------------------------------------------------------
[[93m[1m WARNING [21m[0m] Element conservation is violated too large
[[93m[1m WARNING [21m[0m] at step: 264
[[93m[1m WARNING [21m[0m] -----------------------------------------------------------------
[[93m[1m WARNING [21m[0m] Keep producing negative values! Clipping negative solutions and moving on!
[[93m[1m WARNING [21m[0m] Element conservation is violated too large
[[93m[1m WARNING [21m[0m] at step: 268
[[93m[1m WARNING [21m[0m] -----------------------------------------------------------------
[[93m[1m WARNING [21m[0m] Element conservation is violated too large
[[93m[1m WARNING [21m[0m] at step: 268
[[93m[1m WARNING [21m[0m] -----------------------------------------------------------------
[[93m[1m WARNING [21m[0m] Element conservation is violated too large
[[93m[1m WARNING [21m[0m] at step: 268
[[93m[1m WARNING [21m[0m] -----------------------------------------------------------------
[[93m[1m WARNING [21m[0m] Element conservation is violated too large
[[93m[1m WARNING [21m[0m] at step: 268
[[93m[1m WARNING [21m[0m] -----------------------------------------------------------------
[[93m[1m WARNING [21m[0m] Keep producing negative values! Clipping negative solutions and moving on!
[[93m[1m WARNING [21m[0m] Element conservation is violated too large
[[93m[1m WARNING [21m[0m] at step: 272
[[93m[1m WARNING [21m[0m] -----------------------------------------------------------------
[[93m[1m WARNING [21m[0m] Element conservation is violated too large
[[93m[1m WARNING [21m[0m] at step: 272
[[93m[1m WARNING [21m[0m] -----------------------------------------------------------------
[[93m[1m WARNING [21m[0m] Element conservation is violated too large
[[93m[1m WARNING [21m[0m] at step: 272
[[93m[1m WARNING [21m[0m] -----------------------------------------------------------------
[[93m[1m WARNING [21m[0m] Element conservation is violated too large
[[93m[1m WARNING [21m[0m] at step: 272
[[93m[1m WARNING [21m[0m] -----------------------------------------------------------------
[[93m[1m WARNING [21m[0m] Keep producing negative values! Clipping negative solutions and moving on!
[[93m[1m WARNING [21m[0m] Element conservation is violated too large
[[93m[1m WARNING [21m[0m] at step: 276
[[93m[1m WARNING [21m[0m] -----------------------------------------------------------------
[[93m[1m WARNING [21m[0m] Element conservation is violated too large
[[93m[1m WARNING [21m[0m] at step: 276
[[93m[1m WARNING [21m[0m] -----------------------------------------------------------------
[[93m[1m WARNING [21m[0m] Element conservation is violated too large
[[93m[1m WARNING [21m[0m] at step: 276
[[93m[1m WARNING [21m[0m] -----------------------------------------------------------------
[[93m[1m WARNING [21m[0m] Element conservation is violated too large
[[93m[1m WARNING [21m[0m] at step: 276
[[93m[1m WARNING [21m[0m] -----------------------------------------------------------------
[[93m[1m WARNING [21m[0m] Keep producing negative values! Clipping negative solutions and moving on!
[[93m[1m WARNING [21m[0m] Element conservation is violated too large
[[93m[1m WARNING [21m[0m] at step: 280
[[93m[1m WARNING [21m[0m] -----------------------------------------------------------------
[[93m[1m WARNING [21m[0m] Element conservation is violated too large
[[93m[1m WARNING [21m[0m] at step: 280
[[93m[1m WARNING [21m[0m] -----------------------------------------------------------------
[[93m[1m WARNING [21m[0m] Element conservation is violated too large
[[93m[1m WARNING [21m[0m] at step: 280
[[93m[1m WARNING [21m[0m] -----------------------------------------------------------------
[[93m[1m WARNING [21m[0m] Element conservation is violated too large
[[93m[1m WARNING [21m[0m] at step: 280
[[93m[1m WARNING [21m[0m] -----------------------------------------------------------------
[[93m[1m WARNING [21m[0m] Keep producing negative values! Clipping negative solutions and moving on!
[[93m[1m WARNING [21m[0m] Element conservation is violated too large
[[93m[1m WARNING [21m[0m] at step: 284
[[93m[1m WARNING [21m[0m] -----------------------------------------------------------------
[[93m[1m WARNING [21m[0m] Element conservation is violated too large
[[93m[1m WARNING [21m[0m] at step: 284
[[93m[1m WARNING [21m[0m] -----------------------------------------------------------------
[[93m[1m WARNING [21m[0m] Element conservation is violated too large
[[93m[1m WARNING [21m[0m] at step: 284
[[93m[1m WARNING [21m[0m] -----------------------------------------------------------------
[[93m[1m WARNING [21m[0m] Element conservation is violated too large
[[93m[1m WARNING [21m[0m] at step: 284
[[93m[1m WARNING [21m[0m] -----------------------------------------------------------------
[[93m[1m WARNING [21m[0m] Keep producing negative values! Clipping negative solutions and moving on!
[[93m[1m WARNING [21m[0m] Element conservation is violated too large
[[93m[1m WARNING [21m[0m] at step: 289
[[93m[1m WARNING [21m[0m] -----------------------------------------------------------------
[[93m[1m WARNING [21m[0m] Element conservation is violated too large
[[93m[1m WARNING [21m[0m] at step: 289
[[93m[1m WARNING [21m[0m] -----------------------------------------------------------------
[[93m[1m WARNING [21m[0m] Element conservation is violated too large
[[93m[1m WARNING [21m[0m] at step: 289
[[93m[1m WARNING [21m[0m] -----------------------------------------------------------------
[[93m[1m WARNING [21m[0m] Element conservation is violated too large
[[93m[1m WARNING [21m[0m] at step: 289
[[93m[1m WARNING [21m[0m] -----------------------------------------------------------------
[[93m[1m WARNING [21m[0m] Keep producing negative values! Clipping negative solutions and moving on!
[[93m[1m WARNING [21m[0m] Element conservation is violated too large
[[93m[1m WARNING [21m[0m] at step: 294
[[93m[1m WARNING [21m[0m] -----------------------------------------------------------------
[[93m[1m WARNING [21m[0m] Element conservation is violated too large
[[93m[1m WARNING [21m[0m] at step: 294
[[93m[1m WARNING [21m[0m] -----------------------------------------------------------------
[[93m[1m WARNING [21m[0m] Element conservation is violated too large
[[93m[1m WARNING [21m[0m] at step: 294
[[93m[1m WARNING [21m[0m] -----------------------------------------------------------------
[[93m[1m WARNING [21m[0m] Element conservation is violated too large
[[93m[1m WARNING [21m[0m] at step: 294
[[93m[1m WARNING [21m[0m] -----------------------------------------------------------------
[[93m[1m WARNING [21m[0m] Keep producing negative values! Clipping negative solutions and moving on!
[[93m[1m WARNING [21m[0m] Element conservation is violated too large
[[93m[1m WARNING [21m[0m] at step: 299
[[93m[1m WARNING [21m[0m] -----------------------------------------------------------------
[[93m[1m WARNING [21m[0m] Element conservation is violated too large
[[93m[1m WARNING [21m[0m] at step: 299
[[93m[1m WARNING [21m[0m] -----------------------------------------------------------------
[[93m[1m WARNING [21m[0m] Element conservation is violated too large
[[93m[1m WARNING [21m[0m] at step: 299
[[93m[1m WARNING [21m[0m] -----------------------------------------------------------------
[[93m[1m WARNING [21m[0m] Element conservation is violated too large
[[93m[1m WARNING [21m[0m] at step: 299
[[93m[1m WARNING [21m[0m] -----------------------------------------------------------------
[[93m[1m WARNING [21m[0m] Keep producing negative values! Clipping negative solutions and moving on!
[[32m[1m INFO  [21m[0m] Elapsed time: 8.03e-06 || Step number: 300/30000
[[32m[1m INFO  [21m[0m] longdy = 1.00e+00      || longdy/dt = 1.00e+00  || dt = 2.00e-08
[[32m[1m INFO  [21m[0m] from nz = 0 and OH
[[32m[1m INFO  [21m[0m] -----------------------------------------------------------------
[[93m[1m WARNING [21m[0m] Element conservation is violated too large
[[93m[1m WARNING [21m[0m] at step: 304
[[93m[1m WARNING [21m[0m] -----------------------------------------------------------------
[[93m[1m WARNING [21m[0m] Element conservation is violated too large
[[93m[1m WARNING [21m[0m] at step: 304
[[93m[1m WARNING [21m[0m] -----------------------------------------------------------------
[[93m[1m WARNING [21m[0m] Element conservation is violated too large
[[93m[1m WARNING [21m[0m] at step: 304
[[93m[1m WARNING [21m[0m] -----------------------------------------------------------------
[[93m[1m WARNING [21m[0m] Element conservation is violated too large
[[93m[1m WARNING [21m[0m] at step: 304
[[93m[1m WARNING [21m[0m] -----------------------------------------------------------------
[[93m[1m WARNING [21m[0m] Keep producing negative values! Clipping negative solutions and moving on!
[[93m[1m WARNING [21m[0m] Element conservation is violated too large
[[93m[1m WARNING [21m[0m] at step: 309
[[93m[1m WARNING [21m[0m] -----------------------------------------------------------------
[[93m[1m WARNING [21m[0m] Element conservation is violated too large
[[93m[1m WARNING [21m[0m] at step: 309
[[93m[1m WARNING [21m[0m] -----------------------------------------------------------------
[[93m[1m WARNING [21m[0m] Element conservation is violated too large
[[93m[1m WARNING [21m[0m] at step: 309
[[93m[1m WARNING [21m[0m] -----------------------------------------------------------------
[[93m[1m WARNING [21m[0m] Element conservation is violated too large
[[93m[1m WARNING [21m[0m] at step: 309
[[93m[1m WARNING [21m[0m] -----------------------------------------------------------------
[[93m[1m WARNING [21m[0m] Element conservation is violated too large
[[93m[1m WARNING [21m[0m] at step: 309
[[93m[1m WARNING [21m[0m] -----------------------------------------------------------------
[[93m[1m WARNING [21m[0m] Keep producing negative values! Clipping negative solutions and moving on!
[[93m[1m WARNING [21m[0m] Element conservation is violated too large
[[93m[1m WARNING [21m[0m] at step: 314
[[93m[1m WARNING [21m[0m] -----------------------------------------------------------------
[[93m[1m WARNING [21m[0m] Element conservation is violated too large
[[93m[1m WARNING [21m[0m] at step: 314
[[93m[1m WARNING [21m[0m] -----------------------------------------------------------------
[[93m[1m WARNING [21m[0m] Element conservation is violated too large
[[93m[1m WARNING [21m[0m] at step: 314
[[93m[1m WARNING [21m[0m] -----------------------------------------------------------------
[[93m[1m WARNING [21m[0m] Element conservation is violated too large
[[93m[1m WARNING [21m[0m] at step: 314
[[93m[1m WARNING [21m[0m] -----------------------------------------------------------------
[[93m[1m WARNING [21m[0m] Element conservation is violated too large
[[93m[1m WARNING [21m[0m] at step: 314
[[93m[1m WARNING [21m[0m] -----------------------------------------------------------------
[[93m[1m WARNING [21m[0m] Keep producing negative values! Clipping negative solutions and moving on!
[[93m[1m WARNING [21m[0m] Element conservation is violated too large
[[93m[1m WARNING [21m[0m] at step: 319
[[93m[1m WARNING [21m[0m] -----------------------------------------------------------------
[[93m[1m WARNING [21m[0m] Element conservation is violated too large
[[93m[1m WARNING [21m[0m] at step: 319
[[93m[1m WARNING [21m[0m] -----------------------------------------------------------------
[[93m[1m WARNING [21m[0m] Element conservation is violated too large
[[93m[1m WARNING [21m[0m] at step: 319
[[93m[1m WARNING [21m[0m] -----------------------------------------------------------------
[[93m[1m WARNING [21m[0m] Element conservation is violated too large
[[93m[1m WARNING [21m[0m] at step: 319
[[93m[1m WARNING [21m[0m] -----------------------------------------------------------------
[[93m[1m WARNING [21m[0m] Element conservation is violated too large
[[93m[1m WARNING [21m[0m] at step: 319
[[93m[1m WARNING [21m[0m] -----------------------------------------------------------------
[[93m[1m WARNING [21m[0m] Keep producing negative values! Clipping negative solutions and moving on!
[[93m[1m WARNING [21m[0m] Element conservation is violated too large
[[93m[1m WARNING [21m[0m] at step: 324
[[93m[1m WARNING [21m[0m] -----------------------------------------------------------------
[[93m[1m WARNING [21m[0m] Element conservation is violated too large
[[93m[1m WARNING [21m[0m] at step: 324
[[93m[1m WARNING [21m[0m] -----------------------------------------------------------------
[[93m[1m WARNING [21m[0m] Element conservation is violated too large
[[93m[1m WARNING [21m[0m] at step: 324
[[93m[1m WARNING [21m[0m] -----------------------------------------------------------------
[[93m[1m WARNING [21m[0m] Element conservation is violated too large
[[93m[1m WARNING [21m[0m] at step: 324
[[93m[1m WARNING [21m[0m] -----------------------------------------------------------------
[[93m[1m WARNING [21m[0m] Element conservation is violated too large
[[93m[1m WARNING [21m[0m] at step: 324
[[93m[1m WARNING [21m[0m] -----------------------------------------------------------------
[[93m[1m WARNING [21m[0m] Keep producing negative values! Clipping negative solutions and moving on!
[[93m[1m WARNING [21m[0m] Element conservation is violated too large
[[93m[1m WARNING [21m[0m] at step: 329
[[93m[1m WARNING [21m[0m] -----------------------------------------------------------------
[[93m[1m WARNING [21m[0m] Element conservation is violated too large
[[93m[1m WARNING [21m[0m] at step: 329
[[93m[1m WARNING [21m[0m] -----------------------------------------------------------------
[[93m[1m WARNING [21m[0m] Element conservation is violated too large
[[93m[1m WARNING [21m[0m] at step: 329
[[93m[1m WARNING [21m[0m] -----------------------------------------------------------------
[[93m[1m WARNING [21m[0m] Element conservation is violated too large
[[93m[1m WARNING [21m[0m] at step: 329
[[93m[1m WARNING [21m[0m] -----------------------------------------------------------------
[[93m[1m WARNING [21m[0m] Element conservation is violated too large
[[93m[1m WARNING [21m[0m] at step: 329
[[93m[1m WARNING [21m[0m] -----------------------------------------------------------------
[[93m[1m WARNING [21m[0m] Keep producing negative values! Clipping negative solutions and moving on!
[[93m[1m WARNING [21m[0m] Element conservation is violated too large
[[93m[1m WARNING [21m[0m] at step: 334
[[93m[1m WARNING [21m[0m] -----------------------------------------------------------------
[[93m[1m WARNING [21m[0m] Element conservation is violated too large
[[93m[1m WARNING [21m[0m] at step: 334
[[93m[1m WARNING [21m[0m] -----------------------------------------------------------------
[[93m[1m WARNING [21m[0m] Element conservation is violated too large
[[93m[1m WARNING [21m[0m] at step: 334
[[93m[1m WARNING [21m[0m] -----------------------------------------------------------------
[[93m[1m WARNING [21m[0m] Element conservation is violated too large
[[93m[1m WARNING [21m[0m] at step: 334
[[93m[1m WARNING [21m[0m] -----------------------------------------------------------------
[[93m[1m WARNING [21m[0m] Element conservation is violated too large
[[93m[1m WARNING [21m[0m] at step: 334
[[93m[1m WARNING [21m[0m] -----------------------------------------------------------------
[[93m[1m WARNING [21m[0m] Keep producing negative values! Clipping negative solutions and moving on!
[[93m[1m WARNING [21m[0m] Element conservation is violated too large
[[93m[1m WARNING [21m[0m] at step: 339
[[93m[1m WARNING [21m[0m] -----------------------------------------------------------------
[[93m[1m WARNING [21m[0m] Element conservation is violated too large
[[93m[1m WARNING [21m[0m] at step: 339
[[93m[1m WARNING [21m[0m] -----------------------------------------------------------------
[[93m[1m WARNING [21m[0m] Element conservation is violated too large
[[93m[1m WARNING [21m[0m] at step: 339
[[93m[1m WARNING [21m[0m] -----------------------------------------------------------------
[[93m[1m WARNING [21m[0m] Element conservation is violated too large
[[93m[1m WARNING [21m[0m] at step: 339
[[93m[1m WARNING [21m[0m] -----------------------------------------------------------------
[[93m[1m WARNING [21m[0m] Element conservation is violated too large
[[93m[1m WARNING [21m[0m] at step: 339
[[93m[1m WARNING [21m[0m] -----------------------------------------------------------------
[[93m[1m WARNING [21m[0m] Keep producing negative values! Clipping negative solutions and moving on!
[[93m[1m WARNING [21m[0m] Element conservation is violated too large
[[93m[1m WARNING [21m[0m] at step: 344
[[93m[1m WARNING [21m[0m] -----------------------------------------------------------------
[[93m[1m WARNING [21m[0m] Element conservation is violated too large
[[93m[1m WARNING [21m[0m] at step: 344
[[93m[1m WARNING [21m[0m] -----------------------------------------------------------------
[[93m[1m WARNING [21m[0m] Element conservation is violated too large
[[93m[1m WARNING [21m[0m] at step: 344
[[93m[1m WARNING [21m[0m] -----------------------------------------------------------------
[[93m[1m WARNING [21m[0m] Element conservation is violated too large
[[93m[1m WARNING [21m[0m] at step: 344
[[93m[1m WARNING [21m[0m] -----------------------------------------------------------------
[[93m[1m WARNING [21m[0m] Element conservation is violated too large
[[93m[1m WARNING [21m[0m] at step: 344
[[93m[1m WARNING [21m[0m] -----------------------------------------------------------------
[[93m[1m WARNING [21m[0m] Keep producing negative values! Clipping negative solutions and moving on!
[[93m[1m WARNING [21m[0m] Element conservation is violated too large
[[93m[1m WARNING [21m[0m] at step: 349
[[93m[1m WARNING [21m[0m] -----------------------------------------------------------------
[[93m[1m WARNING [21m[0m] Element conservation is violated too large
[[93m[1m WARNING [21m[0m] at step: 349
[[93m[1m WARNING [21m[0m] -----------------------------------------------------------------
[[93m[1m WARNING [21m[0m] Element conservation is violated too large
[[93m[1m WARNING [21m[0m] at step: 349
[[93m[1m WARNING [21m[0m] -----------------------------------------------------------------
[[93m[1m WARNING [21m[0m] Element conservation is violated too large
[[93m[1m WARNING [21m[0m] at step: 349
[[93m[1m WARNING [21m[0m] -----------------------------------------------------------------
[[93m[1m WARNING [21m[0m] Element conservation is violated too large
[[93m[1m WARNING [21m[0m] at step: 349
[[93m[1m WARNING [21m[0m] -----------------------------------------------------------------
[[93m[1m WARNING [21m[0m] Keep producing negative values! Clipping negative solutions and moving on!
[[93m[1m WARNING [21m[0m] Element conservation is violated too large
[[93m[1m WARNING [21m[0m] at step: 354
[[93m[1m WARNING [21m[0m] -----------------------------------------------------------------
[[93m[1m WARNING [21m[0m] Element conservation is violated too large
[[93m[1m WARNING [21m[0m] at step: 354
[[93m[1m WARNING [21m[0m] -----------------------------------------------------------------
[[93m[1m WARNING [21m[0m] Element conservation is violated too large
[[93m[1m WARNING [21m[0m] at step: 354
[[93m[1m WARNING [21m[0m] -----------------------------------------------------------------
[[93m[1m WARNING [21m[0m] Element conservation is violated too large
[[93m[1m WARNING [21m[0m] at step: 354
[[93m[1m WARNING [21m[0m] -----------------------------------------------------------------
[[93m[1m WARNING [21m[0m] Element conservation is violated too large
[[93m[1m WARNING [21m[0m] at step: 354
[[93m[1m WARNING [21m[0m] -----------------------------------------------------------------
[[93m[1m WARNING [21m[0m] Keep producing negative values! Clipping negative solutions and moving on!
[[93m[1m WARNING [21m[0m] Element conservation is violated too large
[[93m[1m WARNING [21m[0m] at step: 359
[[93m[1m WARNING [21m[0m] -----------------------------------------------------------------
[[93m[1m WARNING [21m[0m] Element conservation is violated too large
[[93m[1m WARNING [21m[0m] at step: 359
[[93m[1m WARNING [21m[0m] -----------------------------------------------------------------
[[93m[1m WARNING [21m[0m] Element conservation is violated too large
[[93m[1m WARNING [21m[0m] at step: 359
[[93m[1m WARNING [21m[0m] -----------------------------------------------------------------
[[93m[1m WARNING [21m[0m] Element conservation is violated too large
[[93m[1m WARNING [21m[0m] at step: 359
[[93m[1m WARNING [21m[0m] -----------------------------------------------------------------
[[93m[1m WARNING [21m[0m] Element conservation is violated too large
[[93m[1m WARNING [21m[0m] at step: 359
[[93m[1m WARNING [21m[0m] -----------------------------------------------------------------
[[93m[1m WARNING [21m[0m] Keep producing negative values! Clipping negative solutions and moving on!
[[93m[1m WARNING [21m[0m] Element conservation is violated too large
[[93m[1m WARNING [21m[0m] at step: 365
[[93m[1m WARNING [21m[0m] -----------------------------------------------------------------
[[93m[1m WARNING [21m[0m] Element conservation is violated too large
[[93m[1m WARNING [21m[0m] at step: 365
[[93m[1m WARNING [21m[0m] -----------------------------------------------------------------
[[93m[1m WARNING [21m[0m] Element conservation is violated too large
[[93m[1m WARNING [21m[0m] at step: 365
[[93m[1m WARNING [21m[0m] -----------------------------------------------------------------
[[93m[1m WARNING [21m[0m] Element conservation is violated too large
[[93m[1m WARNING [21m[0m] at step: 365
[[93m[1m WARNING [21m[0m] -----------------------------------------------------------------
[[93m[1m WARNING [21m[0m] Element conservation is violated too large
[[93m[1m WARNING [21m[0m] at step: 365
[[93m[1m WARNING [21m[0m] -----------------------------------------------------------------
[[93m[1m WARNING [21m[0m] Keep producing negative values! Clipping negative solutions and moving on!
[[93m[1m WARNING [21m[0m] Element conservation is violated too large
[[93m[1m WARNING [21m[0m] at step: 371
[[93m[1m WARNING [21m[0m] -----------------------------------------------------------------
[[93m[1m WARNING [21m[0m] Element conservation is violated too large
[[93m[1m WARNING [21m[0m] at step: 371
[[93m[1m WARNING [21m[0m] -----------------------------------------------------------------
[[93m[1m WARNING [21m[0m] Element conservation is violated too large
[[93m[1m WARNING [21m[0m] at step: 371
[[93m[1m WARNING [21m[0m] -----------------------------------------------------------------
[[93m[1m WARNING [21m[0m] Element conservation is violated too large
[[93m[1m WARNING [21m[0m] at step: 371
[[93m[1m WARNING [21m[0m] -----------------------------------------------------------------
[[93m[1m WARNING [21m[0m] Element conservation is violated too large
[[93m[1m WARNING [21m[0m] at step: 371
[[93m[1m WARNING [21m[0m] -----------------------------------------------------------------
[[93m[1m WARNING [21m[0m] Keep producing negative values! Clipping negative solutions and moving on!
[[93m[1m WARNING [21m[0m] Element conservation is violated too large
[[93m[1m WARNING [21m[0m] at step: 377
[[93m[1m WARNING [21m[0m] -----------------------------------------------------------------
[[93m[1m WARNING [21m[0m] Element conservation is violated too large
[[93m[1m WARNING [21m[0m] at step: 377
[[93m[1m WARNING [21m[0m] -----------------------------------------------------------------
[[93m[1m WARNING [21m[0m] Element conservation is violated too large
[[93m[1m WARNING [21m[0m] at step: 377
[[93m[1m WARNING [21m[0m] -----------------------------------------------------------------
[[93m[1m WARNING [21m[0m] Element conservation is violated too large
[[93m[1m WARNING [21m[0m] at step: 377
[[93m[1m WARNING [21m[0m] -----------------------------------------------------------------
[[93m[1m WARNING [21m[0m] Element conservation is violated too large
[[93m[1m WARNING [21m[0m] at step: 377
[[93m[1m WARNING [21m[0m] -----------------------------------------------------------------
[[93m[1m WARNING [21m[0m] Keep producing negative values! Clipping negative solutions and moving on!
[[93m[1m WARNING [21m[0m] Element conservation is violated too large
[[93m[1m WARNING [21m[0m] at step: 383
[[93m[1m WARNING [21m[0m] -----------------------------------------------------------------
[[93m[1m WARNING [21m[0m] Element conservation is violated too large
[[93m[1m WARNING [21m[0m] at step: 383
[[93m[1m WARNING [21m[0m] -----------------------------------------------------------------
[[93m[1m WARNING [21m[0m] Element conservation is violated too large
[[93m[1m WARNING [21m[0m] at step: 383
[[93m[1m WARNING [21m[0m] -----------------------------------------------------------------
[[93m[1m WARNING [21m[0m] Element conservation is violated too large
[[93m[1m WARNING [21m[0m] at step: 383
[[93m[1m WARNING [21m[0m] -----------------------------------------------------------------
[[93m[1m WARNING [21m[0m] Element conservation is violated too large
[[93m[1m WARNING [21m[0m] at step: 383
[[93m[1m WARNING [21m[0m] -----------------------------------------------------------------
[[93m[1m WARNING [21m[0m] Keep producing negative values! Clipping negative solutions and moving on!
[[93m[1m WARNING [21m[0m] Element conservation is violated too large
[[93m[1m WARNING [21m[0m] at step: 389
[[93m[1m WARNING [21m[0m] -----------------------------------------------------------------
[[93m[1m WARNING [21m[0m] Element conservation is violated too large
[[93m[1m WARNING [21m[0m] at step: 389
[[93m[1m WARNING [21m[0m] -----------------------------------------------------------------
[[93m[1m WARNING [21m[0m] Element conservation is violated too large
[[93m[1m WARNING [21m[0m] at step: 389
[[93m[1m WARNING [21m[0m] -----------------------------------------------------------------
[[93m[1m WARNING [21m[0m] Element conservation is violated too large
[[93m[1m WARNING [21m[0m] at step: 389
[[93m[1m WARNING [21m[0m] -----------------------------------------------------------------
[[93m[1m WARNING [21m[0m] Element conservation is violated too large
[[93m[1m WARNING [21m[0m] at step: 389
[[93m[1m WARNING [21m[0m] -----------------------------------------------------------------
[[93m[1m WARNING [21m[0m] Keep producing negative values! Clipping negative solutions and moving on!
[[93m[1m WARNING [21m[0m] Element conservation is violated too large
[[93m[1m WARNING [21m[0m] at step: 395
[[93m[1m WARNING [21m[0m] -----------------------------------------------------------------
[[93m[1m WARNING [21m[0m] Element conservation is violated too large
[[93m[1m WARNING [21m[0m] at step: 395
[[93m[1m WARNING [21m[0m] -----------------------------------------------------------------
[[93m[1m WARNING [21m[0m] Element conservation is violated too large
[[93m[1m WARNING [21m[0m] at step: 395
[[93m[1m WARNING [21m[0m] -----------------------------------------------------------------
[[93m[1m WARNING [21m[0m] Element conservation is violated too large
[[93m[1m WARNING [21m[0m] at step: 395
[[93m[1m WARNING [21m[0m] -----------------------------------------------------------------
[[93m[1m WARNING [21m[0m] Element conservation is violated too large
[[93m[1m WARNING [21m[0m] at step: 395
[[93m[1m WARNING [21m[0m] -----------------------------------------------------------------
[[93m[1m WARNING [21m[0m] Keep producing negative values! Clipping negative solutions and moving on!
[[32m[1m INFO  [21m[0m] Elapsed time: 1.54e-05 || Step number: 400/30000
[[32m[1m INFO  [21m[0m] longdy = 1.00e+00      || longdy/dt = 1.00e+00  || dt = 2.89e-07
[[32m[1m INFO  [21m[0m] from nz = 0 and OH
[[32m[1m INFO  [21m[0m] -----------------------------------------------------------------
[[93m[1m WARNING [21m[0m] Element conservation is violated too large
[[93m[1m WARNING [21m[0m] at step: 401
[[93m[1m WARNING [21m[0m] -----------------------------------------------------------------
[[93m[1m WARNING [21m[0m] Element conservation is violated too large
[[93m[1m WARNING [21m[0m] at step: 401
[[93m[1m WARNING [21m[0m] -----------------------------------------------------------------
[[93m[1m WARNING [21m[0m] Element conservation is violated too large
[[93m[1m WARNING [21m[0m] at step: 401
[[93m[1m WARNING [21m[0m] -----------------------------------------------------------------
[[93m[1m WARNING [21m[0m] Element conservation is violated too large
[[93m[1m WARNING [21m[0m] at step: 401
[[93m[1m WARNING [21m[0m] -----------------------------------------------------------------
[[93m[1m WARNING [21m[0m] Element conservation is violated too large
[[93m[1m WARNING [21m[0m] at step: 401
[[93m[1m WARNING [21m[0m] -----------------------------------------------------------------
[[93m[1m WARNING [21m[0m] Keep producing negative values! Clipping negative solutions and moving on!
[[93m[1m WARNING [21m[0m] Element conservation is violated too large
[[93m[1m WARNING [21m[0m] at step: 407
[[93m[1m WARNING [21m[0m] -----------------------------------------------------------------
[[93m[1m WARNING [21m[0m] Element conservation is violated too large
[[93m[1m WARNING [21m[0m] at step: 407
[[93m[1m WARNING [21m[0m] -----------------------------------------------------------------
[[93m[1m WARNING [21m[0m] Element conservation is violated too large
[[93m[1m WARNING [21m[0m] at step: 407
[[93m[1m WARNING [21m[0m] -----------------------------------------------------------------
[[93m[1m WARNING [21m[0m] Element conservation is violated too large
[[93m[1m WARNING [21m[0m] at step: 407
[[93m[1m WARNING [21m[0m] -----------------------------------------------------------------
[[93m[1m WARNING [21m[0m] Element conservation is violated too large
[[93m[1m WARNING [21m[0m] at step: 407
[[93m[1m WARNING [21m[0m] -----------------------------------------------------------------
[[93m[1m WARNING [21m[0m] Keep producing negative values! Clipping negative solutions and moving on!
[[93m[1m WARNING [21m[0m] Element conservation is violated too large
[[93m[1m WARNING [21m[0m] at step: 413
[[93m[1m WARNING [21m[0m] -----------------------------------------------------------------
[[93m[1m WARNING [21m[0m] Element conservation is violated too large
[[93m[1m WARNING [21m[0m] at step: 413
[[93m[1m WARNING [21m[0m] -----------------------------------------------------------------
[[93m[1m WARNING [21m[0m] Element conservation is violated too large
[[93m[1m WARNING [21m[0m] at step: 413
[[93m[1m WARNING [21m[0m] -----------------------------------------------------------------
[[93m[1m WARNING [21m[0m] Element conservation is violated too large
[[93m[1m WARNING [21m[0m] at step: 413
[[93m[1m WARNING [21m[0m] -----------------------------------------------------------------
[[93m[1m WARNING [21m[0m] Element conservation is violated too large
[[93m[1m WARNING [21m[0m] at step: 413
[[93m[1m WARNING [21m[0m] -----------------------------------------------------------------
[[93m[1m WARNING [21m[0m] Keep producing negative values! Clipping negative solutions and moving on!
[[93m[1m WARNING [21m[0m] Element conservation is violated too large
[[93m[1m WARNING [21m[0m] at step: 420
[[93m[1m WARNING [21m[0m] -----------------------------------------------------------------
[[93m[1m WARNING [21m[0m] Element conservation is violated too large
[[93m[1m WARNING [21m[0m] at step: 420
[[93m[1m WARNING [21m[0m] -----------------------------------------------------------------
[[93m[1m WARNING [21m[0m] Element conservation is violated too large
[[93m[1m WARNING [21m[0m] at step: 420
[[93m[1m WARNING [21m[0m] -----------------------------------------------------------------
[[93m[1m WARNING [21m[0m] Element conservation is violated too large
[[93m[1m WARNING [21m[0m] at step: 420
[[93m[1m WARNING [21m[0m] -----------------------------------------------------------------
[[93m[1m WARNING [21m[0m] Element conservation is violated too large
[[93m[1m WARNING [21m[0m] at step: 420
[[93m[1m WARNING [21m[0m] -----------------------------------------------------------------
[[93m[1m WARNING [21m[0m] Element conservation is violated too large
[[93m[1m WARNING [21m[0m] at step: 420
[[93m[1m WARNING [21m[0m] -----------------------------------------------------------------
[[93m[1m WARNING [21m[0m] Keep producing negative values! Clipping negative solutions and moving on!
[[32m[1m INFO  [21m[0m] Elapsed time: 7.48e-05 || Step number: 500/30000
[[32m[1m INFO  [21m[0m] longdy = 1.00e+00      || longdy/dt = 1.00e+00  || dt = 1.24e-06
[[32m[1m INFO  [21m[0m] from nz = 0 and OH
[[32m[1m INFO  [21m[0m] -----------------------------------------------------------------
[[32m[1m INFO  [21m[0m] Elapsed time: 4.65e-04 || Step number: 600/30000
[[32m[1m INFO  [21m[0m] longdy = 1.00e+00      || longdy/dt = 1.00e+00  || dt = 8.92e-06
[[32m[1m INFO  [21m[0m] from nz = 0 and OH
[[32m[1m INFO  [21m[0m] -----------------------------------------------------------------
[[32m[1m INFO  [21m[0m] Elapsed time: 2.71e-03 || Step number: 700/30000
[[32m[1m INFO  [21m[0m] longdy = 1.00e+00      || longdy/dt = 1.00e+00  || dt = 5.45e-05
[[32m[1m INFO  [21m[0m] from nz = 0 and OH
[[32m[1m INFO  [21m[0m] -----------------------------------------------------------------
[[32m[1m INFO  [21m[0m] Elapsed time: 1.55e-02 || Step number: 800/30000
[[32m[1m INFO  [21m[0m] longdy = 1.00e+00      || longdy/dt = 1.00e+00  || dt = 1.86e-04
[[32m[1m INFO  [21m[0m] from nz = 0 and OH
[[32m[1m INFO  [21m[0m] -----------------------------------------------------------------
[[32m[1m INFO  [21m[0m] Elapsed time: 9.47e-02 || Step number: 900/30000
[[32m[1m INFO  [21m[0m] longdy = 1.00e+00      || longdy/dt = 1.00e+00  || dt = 9.90e-04
[[32m[1m INFO  [21m[0m] from nz = 0 and OH
[[32m[1m INFO  [21m[0m] -----------------------------------------------------------------
[[32m[1m INFO  [21m[0m] Elapsed time: 5.54e-01 || Step number: 1000/30000
[[32m[1m INFO  [21m[0m] longdy = 1.00e+00      || longdy/dt = 1.00e+00  || dt = 6.36e-03
[[32m[1m INFO  [21m[0m] from nz = 0 and OH
[[32m[1m INFO  [21m[0m] -----------------------------------------------------------------
[[32m[1m INFO  [21m[0m] Elapsed time: 2.67e+00 || Step number: 1100/30000
[[32m[1m INFO  [21m[0m] longdy = 1.00e+00      || longdy/dt = 1.00e+00  || dt = 3.55e-02
[[32m[1m INFO  [21m[0m] from nz = 0 and OH
[[32m[1m INFO  [21m[0m] -----------------------------------------------------------------
[[32m[1m INFO  [21m[0m] Elapsed time: 8.72e+00 || Step number: 1200/30000
[[32m[1m INFO  [21m[0m] longdy = 1.00e+00      || longdy/dt = 1.00e+00  || dt = 8.85e-02
[[32m[1m INFO  [21m[0m] from nz = 0 and OH
[[32m[1m INFO  [21m[0m] -----------------------------------------------------------------
[[32m[1m INFO  [21m[0m] Elapsed time: 2.17e+01 || Step number: 1300/30000
[[32m[1m INFO  [21m[0m] longdy = 1.00e+00      || longdy/dt = 1.00e+00  || dt = 1.88e-01
[[32m[1m INFO  [21m[0m] from nz = 0 and OH
[[32m[1m INFO  [21m[0m] -----------------------------------------------------------------
[[32m[1m INFO  [21m[0m] Elapsed time: 4.76e+01 || Step number: 1400/30000
[[32m[1m INFO  [21m[0m] longdy = 1.00e+00      || longdy/dt = 1.00e+00  || dt = 3.43e-01
[[32m[1m INFO  [21m[0m] from nz = 0 and OH
[[32m[1m INFO  [21m[0m] -----------------------------------------------------------------
[[32m[1m INFO  [21m[0m] Elapsed time: 9.64e+01 || Step number: 1500/30000
[[32m[1m INFO  [21m[0m] longdy = 1.00e+00      || longdy/dt = 1.00e+00  || dt = 6.19e-01
[[32m[1m INFO  [21m[0m] from nz = 0 and OH
[[32m[1m INFO  [21m[0m] -----------------------------------------------------------------
[[32m[1m INFO  [21m[0m] Elapsed time: 1.57e+02 || Step number: 1600/30000
[[32m[1m INFO  [21m[0m] longdy = 9.80e+00      || longdy/dt = 1.63e-01  || dt = 1.05e+00
[[32m[1m INFO  [21m[0m] from nz = 17 and O2
[[32m[1m INFO  [21m[0m] -----------------------------------------------------------------
[[93m[1m WARNING [21m[0m] Element conservation is violated too large
[[93m[1m WARNING [21m[0m] at step: 1663
[[93m[1m WARNING [21m[0m] -----------------------------------------------------------------
[[93m[1m WARNING [21m[0m] Element conservation is violated too large
[[93m[1m WARNING [21m[0m] at step: 1664
[[93m[1m WARNING [21m[0m] -----------------------------------------------------------------
[[93m[1m WARNING [21m[0m] Element conservation is violated too large
[[93m[1m WARNING [21m[0m] at step: 1665
[[93m[1m WARNING [21m[0m] -----------------------------------------------------------------
[[93m[1m WARNING [21m[0m] Element conservation is violated too large
[[93m[1m WARNING [21m[0m] at step: 1666
[[93m[1m WARNING [21m[0m] -----------------------------------------------------------------
[[93m[1m WARNING [21m[0m] Element conservation is violated too large
[[93m[1m WARNING [21m[0m] at step: 1667
[[93m[1m WARNING [21m[0m] -----------------------------------------------------------------
[[93m[1m WARNING [21m[0m] Element conservation is violated too large
[[93m[1m WARNING [21m[0m] at step: 1668
[[93m[1m WARNING [21m[0m] -----------------------------------------------------------------
[[93m[1m WARNING [21m[0m] Element conservation is violated too large
[[93m[1m WARNING [21m[0m] at step: 1669
[[93m[1m WARNING [21m[0m] -----------------------------------------------------------------
[[93m[1m WARNING [21m[0m] Element conservation is violated too large
[[93m[1m WARNING [21m[0m] at step: 1670
[[93m[1m WARNING [21m[0m] -----------------------------------------------------------------
[[93m[1m WARNING [21m[0m] Element conservation is violated too large
[[93m[1m WARNING [21m[0m] at step: 1671
[[93m[1m WARNING [21m[0m] -----------------------------------------------------------------
[[93m[1m WARNING [21m[0m] Element conservation is violated too large
[[93m[1m WARNING [21m[0m] at step: 1672
[[93m[1m WARNING [21m[0m] -----------------------------------------------------------------
[[93m[1m WARNING [21m[0m] Element conservation is violated too large
[[93m[1m WARNING [21m[0m] at step: 1673
[[93m[1m WARNING [21m[0m] -----------------------------------------------------------------
[[93m[1m WARNING [21m[0m] Element conservation is violated too large
[[93m[1m WARNING [21m[0m] at step: 1674
[[93m[1m WARNING [21m[0m] -----------------------------------------------------------------
[[93m[1m WARNING [21m[0m] Element conservation is violated too large
[[93m[1m WARNING [21m[0m] at step: 1675
[[93m[1m WARNING [21m[0m] -----------------------------------------------------------------
[[93m[1m WARNING [21m[0m] Element conservation is violated too large
[[93m[1m WARNING [21m[0m] at step: 1676
[[93m[1m WARNING [21m[0m] -----------------------------------------------------------------
[[93m[1m WARNING [21m[0m] Element conservation is violated too large
[[93m[1m WARNING [21m[0m] at step: 1677
[[93m[1m WARNING [21m[0m] -----------------------------------------------------------------
[[93m[1m WARNING [21m[0m] Element conservation is violated too large
[[93m[1m WARNING [21m[0m] at step: 1678
[[93m[1m WARNING [21m[0m] -----------------------------------------------------------------
[[93m[1m WARNING [21m[0m] Element conservation is violated too large
[[93m[1m WARNING [21m[0m] at step: 1679
[[93m[1m WARNING [21m[0m] -----------------------------------------------------------------
[[93m[1m WARNING [21m[0m] Element conservation is violated too large
[[93m[1m WARNING [21m[0m] at step: 1680
[[93m[1m WARNING [21m[0m] -----------------------------------------------------------------
[[93m[1m WARNING [21m[0m] Element conservation is violated too large
[[93m[1m WARNING [21m[0m] at step: 1681
[[93m[1m WARNING [21m[0m] -----------------------------------------------------------------
[[93m[1m WARNING [21m[0m] Element conservation is violated too large
[[93m[1m WARNING [21m[0m] at step: 1682
[[93m[1m WARNING [21m[0m] -----------------------------------------------------------------
[[93m[1m WARNING [21m[0m] Element conservation is violated too large
[[93m[1m WARNING [21m[0m] at step: 1683
[[93m[1m WARNING [21m[0m] -----------------------------------------------------------------
[[93m[1m WARNING [21m[0m] Element conservation is violated too large
[[93m[1m WARNING [21m[0m] at step: 1684
[[93m[1m WARNING [21m[0m] -----------------------------------------------------------------
[[93m[1m WARNING [21m[0m] Element conservation is violated too large
[[93m[1m WARNING [21m[0m] at step: 1685
[[93m[1m WARNING [21m[0m] -----------------------------------------------------------------
[[93m[1m WARNING [21m[0m] Element conservation is violated too large
[[93m[1m WARNING [21m[0m] at step: 1686
[[93m[1m WARNING [21m[0m] -----------------------------------------------------------------
[[93m[1m WARNING [21m[0m] Element conservation is violated too large
[[93m[1m WARNING [21m[0m] at step: 1687
[[93m[1m WARNING [21m[0m] -----------------------------------------------------------------
[[93m[1m WARNING [21m[0m] Element conservation is violated too large
[[93m[1m WARNING [21m[0m] at step: 1688
[[93m[1m WARNING [21m[0m] -----------------------------------------------------------------
[[93m[1m WARNING [21m[0m] Element conservation is violated too large
[[93m[1m WARNING [21m[0m] at step: 1689
[[93m[1m WARNING [21m[0m] -----------------------------------------------------------------
[[93m[1m WARNING [21m[0m] Element conservation is violated too large
[[93m[1m WARNING [21m[0m] at step: 1690
[[93m[1m WARNING [21m[0m] -----------------------------------------------------------------
[[93m[1m WARNING [21m[0m] Element conservation is violated too large
[[93m[1m WARNING [21m[0m] at step: 1691
[[93m[1m WARNING [21m[0m] -----------------------------------------------------------------
[[93m[1m WARNING [21m[0m] Element conservation is violated too large
[[93m[1m WARNING [21m[0m] at step: 1692
[[93m[1m WARNING [21m[0m] -----------------------------------------------------------------
[[93m[1m WARNING [21m[0m] Element conservation is violated too large
[[93m[1m WARNING [21m[0m] at step: 1693
[[93m[1m WARNING [21m[0m] -----------------------------------------------------------------
[[93m[1m WARNING [21m[0m] Element conservation is violated too large
[[93m[1m WARNING [21m[0m] at step: 1694
[[93m[1m WARNING [21m[0m] -----------------------------------------------------------------
[[93m[1m WARNING [21m[0m] Element conservation is violated too large
[[93m[1m WARNING [21m[0m] at step: 1695
[[93m[1m WARNING [21m[0m] -----------------------------------------------------------------
[[93m[1m WARNING [21m[0m] Element conservation is violated too large
[[93m[1m WARNING [21m[0m] at step: 1696
[[93m[1m WARNING [21m[0m] -----------------------------------------------------------------
[[93m[1m WARNING [21m[0m] Element conservation is violated too large
[[93m[1m WARNING [21m[0m] at step: 1697
[[93m[1m WARNING [21m[0m] -----------------------------------------------------------------
[[93m[1m WARNING [21m[0m] Element conservation is violated too large
[[93m[1m WARNING [21m[0m] at step: 1698
[[93m[1m WARNING [21m[0m] -----------------------------------------------------------------
[[93m[1m WARNING [21m[0m] Element conservation is violated too large
[[93m[1m WARNING [21m[0m] at step: 1699
[[93m[1m WARNING [21m[0m] -----------------------------------------------------------------
[[32m[1m INFO  [21m[0m] Elapsed time: 2.23e+02 || Step number: 1700/30000
[[32m[1m INFO  [21m[0m] longdy = 2.15e+00      || longdy/dt = 3.33e-02  || dt = 1.37e+00
[[32m[1m INFO  [21m[0m] from nz = 17 and O2
[[32m[1m INFO  [21m[0m] -----------------------------------------------------------------
[[93m[1m WARNING [21m[0m] Element conservation is violated too large
[[93m[1m WARNING [21m[0m] at step: 1722
[[93m[1m WARNING [21m[0m] -----------------------------------------------------------------
[[93m[1m WARNING [21m[0m] Element conservation is violated too large
[[93m[1m WARNING [21m[0m] at step: 1723
[[93m[1m WARNING [21m[0m] -----------------------------------------------------------------
[[93m[1m WARNING [21m[0m] Element conservation is violated too large
[[93m[1m WARNING [21m[0m] at step: 1724
[[93m[1m WARNING [21m[0m] -----------------------------------------------------------------
[[93m[1m WARNING [21m[0m] Element conservation is violated too large
[[93m[1m WARNING [21m[0m] at step: 1725
[[93m[1m WARNING [21m[0m] -----------------------------------------------------------------
[[93m[1m WARNING [21m[0m] Element conservation is violated too large
[[93m[1m WARNING [21m[0m] at step: 1726
[[93m[1m WARNING [21m[0m] -----------------------------------------------------------------
[[93m[1m WARNING [21m[0m] Element conservation is violated too large
[[93m[1m WARNING [21m[0m] at step: 1727
[[93m[1m WARNING [21m[0m] -----------------------------------------------------------------
[[93m[1m WARNING [21m[0m] Element conservation is violated too large
[[93m[1m WARNING [21m[0m] at step: 1728
[[93m[1m WARNING [21m[0m] -----------------------------------------------------------------
[[93m[1m WARNING [21m[0m] Element conservation is violated too large
[[93m[1m WARNING [21m[0m] at step: 1729
[[93m[1m WARNING [21m[0m] -----------------------------------------------------------------
[[93m[1m WARNING [21m[0m] Element conservation is violated too large
[[93m[1m WARNING [21m[0m] at step: 1731
[[93m[1m WARNING [21m[0m] -----------------------------------------------------------------
[[93m[1m WARNING [21m[0m] Element conservation is violated too large
[[93m[1m WARNING [21m[0m] at step: 1732
[[93m[1m WARNING [21m[0m] -----------------------------------------------------------------
[[93m[1m WARNING [21m[0m] Element conservation is violated too large
[[93m[1m WARNING [21m[0m] at step: 1733
[[93m[1m WARNING [21m[0m] -----------------------------------------------------------------
[[93m[1m WARNING [21m[0m] Element conservation is violated too large
[[93m[1m WARNING [21m[0m] at step: 1734
[[93m[1m WARNING [21m[0m] -----------------------------------------------------------------
[[93m[1m WARNING [21m[0m] Element conservation is violated too large
[[93m[1m WARNING [21m[0m] at step: 1735
[[93m[1m WARNING [21m[0m] -----------------------------------------------------------------
[[93m[1m WARNING [21m[0m] Element conservation is violated too large
[[93m[1m WARNING [21m[0m] at step: 1736
[[93m[1m WARNING [21m[0m] -----------------------------------------------------------------
[[93m[1m WARNING [21m[0m] Element conservation is violated too large
[[93m[1m WARNING [21m[0m] at step: 1737
[[93m[1m WARNING [21m[0m] -----------------------------------------------------------------
[[93m[1m WARNING [21m[0m] Element conservation is violated too large
[[93m[1m WARNING [21m[0m] at step: 1738
[[93m[1m WARNING [21m[0m] -----------------------------------------------------------------
[[93m[1m WARNING [21m[0m] Element conservation is violated too large
[[93m[1m WARNING [21m[0m] at step: 1739
[[93m[1m WARNING [21m[0m] -----------------------------------------------------------------
[[93m[1m WARNING [21m[0m] Element conservation is violated too large
[[93m[1m WARNING [21m[0m] at step: 1740
[[93m[1m WARNING [21m[0m] -----------------------------------------------------------------
[[93m[1m WARNING [21m[0m] Element conservation is violated too large
[[93m[1m WARNING [21m[0m] at step: 1741
[[93m[1m WARNING [21m[0m] -----------------------------------------------------------------
[[93m[1m WARNING [21m[0m] Element conservation is violated too large
[[93m[1m WARNING [21m[0m] at step: 1742
[[93m[1m WARNING [21m[0m] -----------------------------------------------------------------
[[93m[1m WARNING [21m[0m] Element conservation is violated too large
[[93m[1m WARNING [21m[0m] at step: 1743
[[93m[1m WARNING [21m[0m] -----------------------------------------------------------------
[[93m[1m WARNING [21m[0m] Element conservation is violated too large
[[93m[1m WARNING [21m[0m] at step: 1744
[[93m[1m WARNING [21m[0m] -----------------------------------------------------------------
[[93m[1m WARNING [21m[0m] Element conservation is violated too large
[[93m[1m WARNING [21m[0m] at step: 1745
[[93m[1m WARNING [21m[0m] -----------------------------------------------------------------
[[93m[1m WARNING [21m[0m] Element conservation is violated too large
[[93m[1m WARNING [21m[0m] at step: 1746
[[93m[1m WARNING [21m[0m] -----------------------------------------------------------------
[[93m[1m WARNING [21m[0m] Element conservation is violated too large
[[93m[1m WARNING [21m[0m] at step: 1747
[[93m[1m WARNING [21m[0m] -----------------------------------------------------------------
[[93m[1m WARNING [21m[0m] Element conservation is violated too large
[[93m[1m WARNING [21m[0m] at step: 1748
[[93m[1m WARNING [21m[0m] -----------------------------------------------------------------
[[93m[1m WARNING [21m[0m] Element conservation is violated too large
[[93m[1m WARNING [21m[0m] at step: 1749
[[93m[1m WARNING [21m[0m] -----------------------------------------------------------------
[[93m[1m WARNING [21m[0m] Element conservation is violated too large
[[93m[1m WARNING [21m[0m] at step: 1750
[[93m[1m WARNING [21m[0m] -----------------------------------------------------------------
[[93m[1m WARNING [21m[0m] Element conservation is violated too large
[[93m[1m WARNING [21m[0m] at step: 1751
[[93m[1m WARNING [21m[0m] -----------------------------------------------------------------
[[93m[1m WARNING [21m[0m] Element conservation is violated too large
[[93m[1m WARNING [21m[0m] at step: 1752
[[93m[1m WARNING [21m[0m] -----------------------------------------------------------------
[[93m[1m WARNING [21m[0m] Element conservation is violated too large
[[93m[1m WARNING [21m[0m] at step: 1753
[[93m[1m WARNING [21m[0m] -----------------------------------------------------------------
[[93m[1m WARNING [21m[0m] Element conservation is violated too large
[[93m[1m WARNING [21m[0m] at step: 1754
[[93m[1m WARNING [21m[0m] -----------------------------------------------------------------
[[93m[1m WARNING [21m[0m] Element conservation is violated too large
[[93m[1m WARNING [21m[0m] at step: 1755
[[93m[1m WARNING [21m[0m] -----------------------------------------------------------------
[[93m[1m WARNING [21m[0m] Element conservation is violated too large
[[93m[1m WARNING [21m[0m] at step: 1756
[[93m[1m WARNING [21m[0m] -----------------------------------------------------------------
[[93m[1m WARNING [21m[0m] Element conservation is violated too large
[[93m[1m WARNING [21m[0m] at step: 1757
[[93m[1m WARNING [21m[0m] -----------------------------------------------------------------
[[93m[1m WARNING [21m[0m] Element conservation is violated too large
[[93m[1m WARNING [21m[0m] at step: 1758
[[93m[1m WARNING [21m[0m] -----------------------------------------------------------------
[[93m[1m WARNING [21m[0m] Element conservation is violated too large
[[93m[1m WARNING [21m[0m] at step: 1759
[[93m[1m WARNING [21m[0m] -----------------------------------------------------------------
[[93m[1m WARNING [21m[0m] Element conservation is violated too large
[[93m[1m WARNING [21m[0m] at step: 1760
[[93m[1m WARNING [21m[0m] -----------------------------------------------------------------
[[93m[1m WARNING [21m[0m] Element conservation is violated too large
[[93m[1m WARNING [21m[0m] at step: 1761
[[93m[1m WARNING [21m[0m] -----------------------------------------------------------------
[[93m[1m WARNING [21m[0m] Element conservation is violated too large
[[93m[1m WARNING [21m[0m] at step: 1762
[[93m[1m WARNING [21m[0m] -----------------------------------------------------------------
[[93m[1m WARNING [21m[0m] Element conservation is violated too large
[[93m[1m WARNING [21m[0m] at step: 1763
[[93m[1m WARNING [21m[0m] -----------------------------------------------------------------
[[93m[1m WARNING [21m[0m] Element conservation is violated too large
[[93m[1m WARNING [21m[0m] at step: 1764
[[93m[1m WARNING [21m[0m] -----------------------------------------------------------------
[[93m[1m WARNING [21m[0m] Element conservation is violated too large
[[93m[1m WARNING [21m[0m] at step: 1765
[[93m[1m WARNING [21m[0m] -----------------------------------------------------------------
[[93m[1m WARNING [21m[0m] Element conservation is violated too large
[[93m[1m WARNING [21m[0m] at step: 1766
[[93m[1m WARNING [21m[0m] -----------------------------------------------------------------
[[93m[1m WARNING [21m[0m] Element conservation is violated too large
[[93m[1m WARNING [21m[0m] at step: 1767
[[93m[1m WARNING [21m[0m] -----------------------------------------------------------------
[[93m[1m WARNING [21m[0m] Element conservation is violated too large
[[93m[1m WARNING [21m[0m] at step: 1768
[[93m[1m WARNING [21m[0m] -----------------------------------------------------------------
[[93m[1m WARNING [21m[0m] Element conservation is violated too large
[[93m[1m WARNING [21m[0m] at step: 1770
[[93m[1m WARNING [21m[0m] -----------------------------------------------------------------
[[93m[1m WARNING [21m[0m] Element conservation is violated too large
[[93m[1m WARNING [21m[0m] at step: 1771
[[93m[1m WARNING [21m[0m] -----------------------------------------------------------------
[[93m[1m WARNING [21m[0m] Element conservation is violated too large
[[93m[1m WARNING [21m[0m] at step: 1772
[[93m[1m WARNING [21m[0m] -----------------------------------------------------------------
[[93m[1m WARNING [21m[0m] Element conservation is violated too large
[[93m[1m WARNING [21m[0m] at step: 1773
[[93m[1m WARNING [21m[0m] -----------------------------------------------------------------
[[93m[1m WARNING [21m[0m] Element conservation is violated too large
[[93m[1m WARNING [21m[0m] at step: 1774
[[93m[1m WARNING [21m[0m] -----------------------------------------------------------------
[[93m[1m WARNING [21m[0m] Element conservation is violated too large
[[93m[1m WARNING [21m[0m] at step: 1775
[[93m[1m WARNING [21m[0m] -----------------------------------------------------------------
[[93m[1m WARNING [21m[0m] Element conservation is violated too large
[[93m[1m WARNING [21m[0m] at step: 1776
[[93m[1m WARNING [21m[0m] -----------------------------------------------------------------
[[93m[1m WARNING [21m[0m] Element conservation is violated too large
[[93m[1m WARNING [21m[0m] at step: 1777
[[93m[1m WARNING [21m[0m] -----------------------------------------------------------------
[[93m[1m WARNING [21m[0m] Element conservation is violated too large
[[93m[1m WARNING [21m[0m] at step: 1778
[[93m[1m WARNING [21m[0m] -----------------------------------------------------------------
[[93m[1m WARNING [21m[0m] Element conservation is violated too large
[[93m[1m WARNING [21m[0m] at step: 1779
[[93m[1m WARNING [21m[0m] -----------------------------------------------------------------
[[93m[1m WARNING [21m[0m] Element conservation is violated too large
[[93m[1m WARNING [21m[0m] at step: 1780
[[93m[1m WARNING [21m[0m] -----------------------------------------------------------------
[[93m[1m WARNING [21m[0m] Element conservation is violated too large
[[93m[1m WARNING [21m[0m] at step: 1781
[[93m[1m WARNING [21m[0m] -----------------------------------------------------------------
[[93m[1m WARNING [21m[0m] Element conservation is violated too large
[[93m[1m WARNING [21m[0m] at step: 1782
[[93m[1m WARNING [21m[0m] -----------------------------------------------------------------
[[93m[1m WARNING [21m[0m] Element conservation is violated too large
[[93m[1m WARNING [21m[0m] at step: 1783
[[93m[1m WARNING [21m[0m] -----------------------------------------------------------------
[[93m[1m WARNING [21m[0m] Element conservation is violated too large
[[93m[1m WARNING [21m[0m] at step: 1784
[[93m[1m WARNING [21m[0m] -----------------------------------------------------------------
[[93m[1m WARNING [21m[0m] Element conservation is violated too large
[[93m[1m WARNING [21m[0m] at step: 1785
[[93m[1m WARNING [21m[0m] -----------------------------------------------------------------
[[93m[1m WARNING [21m[0m] Element conservation is violated too large
[[93m[1m WARNING [21m[0m] at step: 1786
[[93m[1m WARNING [21m[0m] -----------------------------------------------------------------
[[93m[1m WARNING [21m[0m] Element conservation is violated too large
[[93m[1m WARNING [21m[0m] at step: 1787
[[93m[1m WARNING [21m[0m] -----------------------------------------------------------------
[[93m[1m WARNING [21m[0m] Element conservation is violated too large
[[93m[1m WARNING [21m[0m] at step: 1788
[[93m[1m WARNING [21m[0m] -----------------------------------------------------------------
[[93m[1m WARNING [21m[0m] Element conservation is violated too large
[[93m[1m WARNING [21m[0m] at step: 1789
[[93m[1m WARNING [21m[0m] -----------------------------------------------------------------
[[93m[1m WARNING [21m[0m] Element conservation is violated too large
[[93m[1m WARNING [21m[0m] at step: 1790
[[93m[1m WARNING [21m[0m] -----------------------------------------------------------------
[[93m[1m WARNING [21m[0m] Element conservation is violated too large
[[93m[1m WARNING [21m[0m] at step: 1791
[[93m[1m WARNING [21m[0m] -----------------------------------------------------------------
[[93m[1m WARNING [21m[0m] Element conservation is violated too large
[[93m[1m WARNING [21m[0m] at step: 1792
[[93m[1m WARNING [21m[0m] -----------------------------------------------------------------
[[93m[1m WARNING [21m[0m] Element conservation is violated too large
[[93m[1m WARNING [21m[0m] at step: 1793
[[93m[1m WARNING [21m[0m] -----------------------------------------------------------------
[[93m[1m WARNING [21m[0m] Element conservation is violated too large
[[93m[1m WARNING [21m[0m] at step: 1794
[[93m[1m WARNING [21m[0m] -----------------------------------------------------------------
[[93m[1m WARNING [21m[0m] Element conservation is violated too large
[[93m[1m WARNING [21m[0m] at step: 1795
[[93m[1m WARNING [21m[0m] -----------------------------------------------------------------
[[93m[1m WARNING [21m[0m] Element conservation is violated too large
[[93m[1m WARNING [21m[0m] at step: 1796
[[93m[1m WARNING [21m[0m] -----------------------------------------------------------------
[[93m[1m WARNING [21m[0m] Element conservation is violated too large
[[93m[1m WARNING [21m[0m] at step: 1797
[[93m[1m WARNING [21m[0m] -----------------------------------------------------------------
[[93m[1m WARNING [21m[0m] Element conservation is violated too large
[[93m[1m WARNING [21m[0m] at step: 1798
[[93m[1m WARNING [21m[0m] -----------------------------------------------------------------
[[93m[1m WARNING [21m[0m] Element conservation is violated too large
[[93m[1m WARNING [21m[0m] at step: 1799
[[93m[1m WARNING [21m[0m] -----------------------------------------------------------------
[[32m[1m INFO  [21m[0m] Elapsed time: 2.83e+02 || Step number: 1800/30000
[[32m[1m INFO  [21m[0m] longdy = 1.35e+00      || longdy/dt = 2.29e-02  || dt = 1.48e+00
[[32m[1m INFO  [21m[0m] from nz = 36 and HCS
[[32m[1m INFO  [21m[0m] -----------------------------------------------------------------
[[93m[1m WARNING [21m[0m] Element conservation is violated too large
[[93m[1m WARNING [21m[0m] at step: 1819
[[93m[1m WARNING [21m[0m] -----------------------------------------------------------------
[[93m[1m WARNING [21m[0m] Element conservation is violated too large
[[93m[1m WARNING [21m[0m] at step: 1820
[[93m[1m WARNING [21m[0m] -----------------------------------------------------------------
[[93m[1m WARNING [21m[0m] Element conservation is violated too large
[[93m[1m WARNING [21m[0m] at step: 1821
[[93m[1m WARNING [21m[0m] -----------------------------------------------------------------
[[93m[1m WARNING [21m[0m] Element conservation is violated too large
[[93m[1m WARNING [21m[0m] at step: 1822
[[93m[1m WARNING [21m[0m] -----------------------------------------------------------------
[[93m[1m WARNING [21m[0m] Element conservation is violated too large
[[93m[1m WARNING [21m[0m] at step: 1823
[[93m[1m WARNING [21m[0m] -----------------------------------------------------------------
[[93m[1m WARNING [21m[0m] Element conservation is violated too large
[[93m[1m WARNING [21m[0m] at step: 1824
[[93m[1m WARNING [21m[0m] -----------------------------------------------------------------
[[93m[1m WARNING [21m[0m] Element conservation is violated too large
[[93m[1m WARNING [21m[0m] at step: 1825
[[93m[1m WARNING [21m[0m] -----------------------------------------------------------------
[[93m[1m WARNING [21m[0m] Element conservation is violated too large
[[93m[1m WARNING [21m[0m] at step: 1826
[[93m[1m WARNING [21m[0m] -----------------------------------------------------------------
[[93m[1m WARNING [21m[0m] Element conservation is violated too large
[[93m[1m WARNING [21m[0m] at step: 1827
[[93m[1m WARNING [21m[0m] -----------------------------------------------------------------
[[93m[1m WARNING [21m[0m] Element conservation is violated too large
[[93m[1m WARNING [21m[0m] at step: 1828
[[93m[1m WARNING [21m[0m] -----------------------------------------------------------------
[[93m[1m WARNING [21m[0m] Element conservation is violated too large
[[93m[1m WARNING [21m[0m] at step: 1829
[[93m[1m WARNING [21m[0m] -----------------------------------------------------------------
[[93m[1m WARNING [21m[0m] Element conservation is violated too large
[[93m[1m WARNING [21m[0m] at step: 1830
[[93m[1m WARNING [21m[0m] -----------------------------------------------------------------
[[93m[1m WARNING [21m[0m] Element conservation is violated too large
[[93m[1m WARNING [21m[0m] at step: 1831
[[93m[1m WARNING [21m[0m] -----------------------------------------------------------------
[[93m[1m WARNING [21m[0m] Element conservation is violated too large
[[93m[1m WARNING [21m[0m] at step: 1832
[[93m[1m WARNING [21m[0m] -----------------------------------------------------------------
[[93m[1m WARNING [21m[0m] Element conservation is violated too large
[[93m[1m WARNING [21m[0m] at step: 1833
[[93m[1m WARNING [21m[0m] -----------------------------------------------------------------
[[93m[1m WARNING [21m[0m] Element conservation is violated too large
[[93m[1m WARNING [21m[0m] at step: 1834
[[93m[1m WARNING [21m[0m] -----------------------------------------------------------------
[[93m[1m WARNING [21m[0m] Element conservation is violated too large
[[93m[1m WARNING [21m[0m] at step: 1835
[[93m[1m WARNING [21m[0m] -----------------------------------------------------------------
[[93m[1m WARNING [21m[0m] Element conservation is violated too large
[[93m[1m WARNING [21m[0m] at step: 1836
[[93m[1m WARNING [21m[0m] -----------------------------------------------------------------
[[93m[1m WARNING [21m[0m] Element conservation is violated too large
[[93m[1m WARNING [21m[0m] at step: 1837
[[93m[1m WARNING [21m[0m] -----------------------------------------------------------------
[[93m[1m WARNING [21m[0m] Element conservation is violated too large
[[93m[1m WARNING [21m[0m] at step: 1838
[[93m[1m WARNING [21m[0m] -----------------------------------------------------------------
[[93m[1m WARNING [21m[0m] Element conservation is violated too large
[[93m[1m WARNING [21m[0m] at step: 1839
[[93m[1m WARNING [21m[0m] -----------------------------------------------------------------
[[93m[1m WARNING [21m[0m] Element conservation is violated too large
[[93m[1m WARNING [21m[0m] at step: 1840
[[93m[1m WARNING [21m[0m] -----------------------------------------------------------------
[[93m[1m WARNING [21m[0m] Element conservation is violated too large
[[93m[1m WARNING [21m[0m] at step: 1841
[[93m[1m WARNING [21m[0m] -----------------------------------------------------------------
[[93m[1m WARNING [21m[0m] Element conservation is violated too large
[[93m[1m WARNING [21m[0m] at step: 1842
[[93m[1m WARNING [21m[0m] -----------------------------------------------------------------
[[93m[1m WARNING [21m[0m] Element conservation is violated too large
[[93m[1m WARNING [21m[0m] at step: 1843
[[93m[1m WARNING [21m[0m] -----------------------------------------------------------------
[[93m[1m WARNING [21m[0m] Element conservation is violated too large
[[93m[1m WARNING [21m[0m] at step: 1844
[[93m[1m WARNING [21m[0m] -----------------------------------------------------------------
[[93m[1m WARNING [21m[0m] Element conservation is violated too large
[[93m[1m WARNING [21m[0m] at step: 1845
[[93m[1m WARNING [21m[0m] -----------------------------------------------------------------
[[93m[1m WARNING [21m[0m] Element conservation is violated too large
[[93m[1m WARNING [21m[0m] at step: 1846
[[93m[1m WARNING [21m[0m] -----------------------------------------------------------------
[[93m[1m WARNING [21m[0m] Element conservation is violated too large
[[93m[1m WARNING [21m[0m] at step: 1847
[[93m[1m WARNING [21m[0m] -----------------------------------------------------------------
[[93m[1m WARNING [21m[0m] Element conservation is violated too large
[[93m[1m WARNING [21m[0m] at step: 1848
[[93m[1m WARNING [21m[0m] -----------------------------------------------------------------
[[93m[1m WARNING [21m[0m] Element conservation is violated too large
[[93m[1m WARNING [21m[0m] at step: 1849
[[93m[1m WARNING [21m[0m] -----------------------------------------------------------------
[[93m[1m WARNING [21m[0m] Element conservation is violated too large
[[93m[1m WARNING [21m[0m] at step: 1850
[[93m[1m WARNING [21m[0m] -----------------------------------------------------------------
[[93m[1m WARNING [21m[0m] Element conservation is violated too large
[[93m[1m WARNING [21m[0m] at step: 1851
[[93m[1m WARNING [21m[0m] -----------------------------------------------------------------
[[93m[1m WARNING [21m[0m] Element conservation is violated too large
[[93m[1m WARNING [21m[0m] at step: 1852
[[93m[1m WARNING [21m[0m] -----------------------------------------------------------------
[[93m[1m WARNING [21m[0m] Element conservation is violated too large
[[93m[1m WARNING [21m[0m] at step: 1853
[[93m[1m WARNING [21m[0m] -----------------------------------------------------------------
[[93m[1m WARNING [21m[0m] Element conservation is violated too large
[[93m[1m WARNING [21m[0m] at step: 1854
[[93m[1m WARNING [21m[0m] -----------------------------------------------------------------
[[93m[1m WARNING [21m[0m] Element conservation is violated too large
[[93m[1m WARNING [21m[0m] at step: 1855
[[93m[1m WARNING [21m[0m] -----------------------------------------------------------------
[[93m[1m WARNING [21m[0m] Element conservation is violated too large
[[93m[1m WARNING [21m[0m] at step: 1856
[[93m[1m WARNING [21m[0m] -----------------------------------------------------------------
[[93m[1m WARNING [21m[0m] Element conservation is violated too large
[[93m[1m WARNING [21m[0m] at step: 1857
[[93m[1m WARNING [21m[0m] -----------------------------------------------------------------
[[93m[1m WARNING [21m[0m] Element conservation is violated too large
[[93m[1m WARNING [21m[0m] at step: 1858
[[93m[1m WARNING [21m[0m] -----------------------------------------------------------------
[[93m[1m WARNING [21m[0m] Element conservation is violated too large
[[93m[1m WARNING [21m[0m] at step: 1859
[[93m[1m WARNING [21m[0m] -----------------------------------------------------------------
[[93m[1m WARNING [21m[0m] Element conservation is violated too large
[[93m[1m WARNING [21m[0m] at step: 1860
[[93m[1m WARNING [21m[0m] -----------------------------------------------------------------
[[93m[1m WARNING [21m[0m] Element conservation is violated too large
[[93m[1m WARNING [21m[0m] at step: 1861
[[93m[1m WARNING [21m[0m] -----------------------------------------------------------------
[[93m[1m WARNING [21m[0m] Element conservation is violated too large
[[93m[1m WARNING [21m[0m] at step: 1862
[[93m[1m WARNING [21m[0m] -----------------------------------------------------------------
[[93m[1m WARNING [21m[0m] Element conservation is violated too large
[[93m[1m WARNING [21m[0m] at step: 1863
[[93m[1m WARNING [21m[0m] -----------------------------------------------------------------
[[93m[1m WARNING [21m[0m] Element conservation is violated too large
[[93m[1m WARNING [21m[0m] at step: 1864
[[93m[1m WARNING [21m[0m] -----------------------------------------------------------------
[[93m[1m WARNING [21m[0m] Element conservation is violated too large
[[93m[1m WARNING [21m[0m] at step: 1865
[[93m[1m WARNING [21m[0m] -----------------------------------------------------------------
[[93m[1m WARNING [21m[0m] Element conservation is violated too large
[[93m[1m WARNING [21m[0m] at step: 1866
[[93m[1m WARNING [21m[0m] -----------------------------------------------------------------
[[93m[1m WARNING [21m[0m] Element conservation is violated too large
[[93m[1m WARNING [21m[0m] at step: 1867
[[93m[1m WARNING [21m[0m] -----------------------------------------------------------------
[[93m[1m WARNING [21m[0m] Element conservation is violated too large
[[93m[1m WARNING [21m[0m] at step: 1868
[[93m[1m WARNING [21m[0m] -----------------------------------------------------------------
[[93m[1m WARNING [21m[0m] Element conservation is violated too large
[[93m[1m WARNING [21m[0m] at step: 1869
[[93m[1m WARNING [21m[0m] -----------------------------------------------------------------
[[93m[1m WARNING [21m[0m] Element conservation is violated too large
[[93m[1m WARNING [21m[0m] at step: 1870
[[93m[1m WARNING [21m[0m] -----------------------------------------------------------------
[[93m[1m WARNING [21m[0m] Element conservation is violated too large
[[93m[1m WARNING [21m[0m] at step: 1871
[[93m[1m WARNING [21m[0m] -----------------------------------------------------------------
[[93m[1m WARNING [21m[0m] Element conservation is violated too large
[[93m[1m WARNING [21m[0m] at step: 1872
[[93m[1m WARNING [21m[0m] -----------------------------------------------------------------
[[93m[1m WARNING [21m[0m] Element conservation is violated too large
[[93m[1m WARNING [21m[0m] at step: 1873
[[93m[1m WARNING [21m[0m] -----------------------------------------------------------------
[[93m[1m WARNING [21m[0m] Element conservation is violated too large
[[93m[1m WARNING [21m[0m] at step: 1874
[[93m[1m WARNING [21m[0m] -----------------------------------------------------------------
[[93m[1m WARNING [21m[0m] Element conservation is violated too large
[[93m[1m WARNING [21m[0m] at step: 1875
[[93m[1m WARNING [21m[0m] -----------------------------------------------------------------
[[93m[1m WARNING [21m[0m] Element conservation is violated too large
[[93m[1m WARNING [21m[0m] at step: 1876
[[93m[1m WARNING [21m[0m] -----------------------------------------------------------------
[[93m[1m WARNING [21m[0m] Element conservation is violated too large
[[93m[1m WARNING [21m[0m] at step: 1877
[[93m[1m WARNING [21m[0m] -----------------------------------------------------------------
[[93m[1m WARNING [21m[0m] Element conservation is violated too large
[[93m[1m WARNING [21m[0m] at step: 1878
[[93m[1m WARNING [21m[0m] -----------------------------------------------------------------
[[93m[1m WARNING [21m[0m] Element conservation is violated too large
[[93m[1m WARNING [21m[0m] at step: 1879
[[93m[1m WARNING [21m[0m] -----------------------------------------------------------------
[[93m[1m WARNING [21m[0m] Element conservation is violated too large
[[93m[1m WARNING [21m[0m] at step: 1880
[[93m[1m WARNING [21m[0m] -----------------------------------------------------------------
[[93m[1m WARNING [21m[0m] Element conservation is violated too large
[[93m[1m WARNING [21m[0m] at step: 1881
[[93m[1m WARNING [21m[0m] -----------------------------------------------------------------
[[93m[1m WARNING [21m[0m] Element conservation is violated too large
[[93m[1m WARNING [21m[0m] at step: 1882
[[93m[1m WARNING [21m[0m] -----------------------------------------------------------------
[[93m[1m WARNING [21m[0m] Element conservation is violated too large
[[93m[1m WARNING [21m[0m] at step: 1883
[[93m[1m WARNING [21m[0m] -----------------------------------------------------------------
[[93m[1m WARNING [21m[0m] Element conservation is violated too large
[[93m[1m WARNING [21m[0m] at step: 1884
[[93m[1m WARNING [21m[0m] -----------------------------------------------------------------
[[93m[1m WARNING [21m[0m] Element conservation is violated too large
[[93m[1m WARNING [21m[0m] at step: 1885
[[93m[1m WARNING [21m[0m] -----------------------------------------------------------------
[[93m[1m WARNING [21m[0m] Element conservation is violated too large
[[93m[1m WARNING [21m[0m] at step: 1886
[[93m[1m WARNING [21m[0m] -----------------------------------------------------------------
[[93m[1m WARNING [21m[0m] Element conservation is violated too large
[[93m[1m WARNING [21m[0m] at step: 1887
[[93m[1m WARNING [21m[0m] -----------------------------------------------------------------
[[93m[1m WARNING [21m[0m] Element conservation is violated too large
[[93m[1m WARNING [21m[0m] at step: 1888
[[93m[1m WARNING [21m[0m] -----------------------------------------------------------------
[[93m[1m WARNING [21m[0m] Element conservation is violated too large
[[93m[1m WARNING [21m[0m] at step: 1889
[[93m[1m WARNING [21m[0m] -----------------------------------------------------------------
[[93m[1m WARNING [21m[0m] Element conservation is violated too large
[[93m[1m WARNING [21m[0m] at step: 1890
[[93m[1m WARNING [21m[0m] -----------------------------------------------------------------
[[93m[1m WARNING [21m[0m] Element conservation is violated too large
[[93m[1m WARNING [21m[0m] at step: 1891
[[93m[1m WARNING [21m[0m] -----------------------------------------------------------------
[[93m[1m WARNING [21m[0m] Element conservation is violated too large
[[93m[1m WARNING [21m[0m] at step: 1892
[[93m[1m WARNING [21m[0m] -----------------------------------------------------------------
[[93m[1m WARNING [21m[0m] Element conservation is violated too large
[[93m[1m WARNING [21m[0m] at step: 1893
[[93m[1m WARNING [21m[0m] -----------------------------------------------------------------
[[93m[1m WARNING [21m[0m] Element conservation is violated too large
[[93m[1m WARNING [21m[0m] at step: 1894
[[93m[1m WARNING [21m[0m] -----------------------------------------------------------------
[[93m[1m WARNING [21m[0m] Element conservation is violated too large
[[93m[1m WARNING [21m[0m] at step: 1895
[[93m[1m WARNING [21m[0m] -----------------------------------------------------------------
[[93m[1m WARNING [21m[0m] Element conservation is violated too large
[[93m[1m WARNING [21m[0m] at step: 1896
[[93m[1m WARNING [21m[0m] -----------------------------------------------------------------
[[93m[1m WARNING [21m[0m] Element conservation is violated too large
[[93m[1m WARNING [21m[0m] at step: 1897
[[93m[1m WARNING [21m[0m] -----------------------------------------------------------------
[[93m[1m WARNING [21m[0m] Element conservation is violated too large
[[93m[1m WARNING [21m[0m] at step: 1898
[[93m[1m WARNING [21m[0m] -----------------------------------------------------------------
[[93m[1m WARNING [21m[0m] Element conservation is violated too large
[[93m[1m WARNING [21m[0m] at step: 1899
[[93m[1m WARNING [21m[0m] -----------------------------------------------------------------
[[32m[1m INFO  [21m[0m] Elapsed time: 3.48e+02 || Step number: 1900/30000
[[32m[1m INFO  [21m[0m] longdy = 1.31e+00      || longdy/dt = 2.04e-02  || dt = 1.54e+00
[[32m[1m INFO  [21m[0m] from nz = 35 and HCS
[[32m[1m INFO  [21m[0m] -----------------------------------------------------------------
[[93m[1m WARNING [21m[0m] Element conservation is violated too large
[[93m[1m WARNING [21m[0m] at step: 1916
[[93m[1m WARNING [21m[0m] -----------------------------------------------------------------
[[93m[1m WARNING [21m[0m] Element conservation is violated too large
[[93m[1m WARNING [21m[0m] at step: 1917
[[93m[1m WARNING [21m[0m] -----------------------------------------------------------------
[[93m[1m WARNING [21m[0m] Element conservation is violated too large
[[93m[1m WARNING [21m[0m] at step: 1918
[[93m[1m WARNING [21m[0m] -----------------------------------------------------------------
[[93m[1m WARNING [21m[0m] Element conservation is violated too large
[[93m[1m WARNING [21m[0m] at step: 1919
[[93m[1m WARNING [21m[0m] -----------------------------------------------------------------
[[93m[1m WARNING [21m[0m] Element conservation is violated too large
[[93m[1m WARNING [21m[0m] at step: 1920
[[93m[1m WARNING [21m[0m] -----------------------------------------------------------------
[[93m[1m WARNING [21m[0m] Element conservation is violated too large
[[93m[1m WARNING [21m[0m] at step: 1921
[[93m[1m WARNING [21m[0m] -----------------------------------------------------------------
[[93m[1m WARNING [21m[0m] Element conservation is violated too large
[[93m[1m WARNING [21m[0m] at step: 1922
[[93m[1m WARNING [21m[0m] -----------------------------------------------------------------
[[93m[1m WARNING [21m[0m] Element conservation is violated too large
[[93m[1m WARNING [21m[0m] at step: 1923
[[93m[1m WARNING [21m[0m] -----------------------------------------------------------------
[[93m[1m WARNING [21m[0m] Element conservation is violated too large
[[93m[1m WARNING [21m[0m] at step: 1924
[[93m[1m WARNING [21m[0m] -----------------------------------------------------------------
[[93m[1m WARNING [21m[0m] Element conservation is violated too large
[[93m[1m WARNING [21m[0m] at step: 1925
[[93m[1m WARNING [21m[0m] -----------------------------------------------------------------
[[93m[1m WARNING [21m[0m] Element conservation is violated too large
[[93m[1m WARNING [21m[0m] at step: 1926
[[93m[1m WARNING [21m[0m] -----------------------------------------------------------------
[[93m[1m WARNING [21m[0m] Element conservation is violated too large
[[93m[1m WARNING [21m[0m] at step: 1927
[[93m[1m WARNING [21m[0m] -----------------------------------------------------------------
[[93m[1m WARNING [21m[0m] Element conservation is violated too large
[[93m[1m WARNING [21m[0m] at step: 1928
[[93m[1m WARNING [21m[0m] -----------------------------------------------------------------
[[93m[1m WARNING [21m[0m] Element conservation is violated too large
[[93m[1m WARNING [21m[0m] at step: 1929
[[93m[1m WARNING [21m[0m] -----------------------------------------------------------------
[[93m[1m WARNING [21m[0m] Element conservation is violated too large
[[93m[1m WARNING [21m[0m] at step: 1930
[[93m[1m WARNING [21m[0m] -----------------------------------------------------------------
[[93m[1m WARNING [21m[0m] Element conservation is violated too large
[[93m[1m WARNING [21m[0m] at step: 1931
[[93m[1m WARNING [21m[0m] -----------------------------------------------------------------
[[93m[1m WARNING [21m[0m] Element conservation is violated too large
[[93m[1m WARNING [21m[0m] at step: 1932
[[93m[1m WARNING [21m[0m] -----------------------------------------------------------------
[[93m[1m WARNING [21m[0m] Element conservation is violated too large
[[93m[1m WARNING [21m[0m] at step: 1933
[[93m[1m WARNING [21m[0m] -----------------------------------------------------------------
[[93m[1m WARNING [21m[0m] Element conservation is violated too large
[[93m[1m WARNING [21m[0m] at step: 1934
[[93m[1m WARNING [21m[0m] -----------------------------------------------------------------
[[93m[1m WARNING [21m[0m] Element conservation is violated too large
[[93m[1m WARNING [21m[0m] at step: 1935
[[93m[1m WARNING [21m[0m] -----------------------------------------------------------------
[[93m[1m WARNING [21m[0m] Element conservation is violated too large
[[93m[1m WARNING [21m[0m] at step: 1936
[[93m[1m WARNING [21m[0m] -----------------------------------------------------------------
[[93m[1m WARNING [21m[0m] Element conservation is violated too large
[[93m[1m WARNING [21m[0m] at step: 1937
[[93m[1m WARNING [21m[0m] -----------------------------------------------------------------
[[93m[1m WARNING [21m[0m] Element conservation is violated too large
[[93m[1m WARNING [21m[0m] at step: 1938
[[93m[1m WARNING [21m[0m] -----------------------------------------------------------------
[[93m[1m WARNING [21m[0m] Element conservation is violated too large
[[93m[1m WARNING [21m[0m] at step: 1939
[[93m[1m WARNING [21m[0m] -----------------------------------------------------------------
[[93m[1m WARNING [21m[0m] Element conservation is violated too large
[[93m[1m WARNING [21m[0m] at step: 1940
[[93m[1m WARNING [21m[0m] -----------------------------------------------------------------
[[93m[1m WARNING [21m[0m] Element conservation is violated too large
[[93m[1m WARNING [21m[0m] at step: 1941
[[93m[1m WARNING [21m[0m] -----------------------------------------------------------------
[[93m[1m WARNING [21m[0m] Element conservation is violated too large
[[93m[1m WARNING [21m[0m] at step: 1942
[[93m[1m WARNING [21m[0m] -----------------------------------------------------------------
[[93m[1m WARNING [21m[0m] Element conservation is violated too large
[[93m[1m WARNING [21m[0m] at step: 1943
[[93m[1m WARNING [21m[0m] -----------------------------------------------------------------
[[93m[1m WARNING [21m[0m] Element conservation is violated too large
[[93m[1m WARNING [21m[0m] at step: 1944
[[93m[1m WARNING [21m[0m] -----------------------------------------------------------------
[[93m[1m WARNING [21m[0m] Element conservation is violated too large
[[93m[1m WARNING [21m[0m] at step: 1945
[[93m[1m WARNING [21m[0m] -----------------------------------------------------------------
[[93m[1m WARNING [21m[0m] Element conservation is violated too large
[[93m[1m WARNING [21m[0m] at step: 1946
[[93m[1m WARNING [21m[0m] -----------------------------------------------------------------
[[93m[1m WARNING [21m[0m] Element conservation is violated too large
[[93m[1m WARNING [21m[0m] at step: 1947
[[93m[1m WARNING [21m[0m] -----------------------------------------------------------------
[[93m[1m WARNING [21m[0m] Element conservation is violated too large
[[93m[1m WARNING [21m[0m] at step: 1948
[[93m[1m WARNING [21m[0m] -----------------------------------------------------------------
[[93m[1m WARNING [21m[0m] Element conservation is violated too large
[[93m[1m WARNING [21m[0m] at step: 1949
[[93m[1m WARNING [21m[0m] -----------------------------------------------------------------
[[93m[1m WARNING [21m[0m] Element conservation is violated too large
[[93m[1m WARNING [21m[0m] at step: 1950
[[93m[1m WARNING [21m[0m] -----------------------------------------------------------------
[[93m[1m WARNING [21m[0m] Element conservation is violated too large
[[93m[1m WARNING [21m[0m] at step: 1951
[[93m[1m WARNING [21m[0m] -----------------------------------------------------------------
[[93m[1m WARNING [21m[0m] Element conservation is violated too large
[[93m[1m WARNING [21m[0m] at step: 1952
[[93m[1m WARNING [21m[0m] -----------------------------------------------------------------
[[93m[1m WARNING [21m[0m] Element conservation is violated too large
[[93m[1m WARNING [21m[0m] at step: 1953
[[93m[1m WARNING [21m[0m] -----------------------------------------------------------------
[[93m[1m WARNING [21m[0m] Element conservation is violated too large
[[93m[1m WARNING [21m[0m] at step: 1954
[[93m[1m WARNING [21m[0m] -----------------------------------------------------------------
[[93m[1m WARNING [21m[0m] Element conservation is violated too large
[[93m[1m WARNING [21m[0m] at step: 1955
[[93m[1m WARNING [21m[0m] -----------------------------------------------------------------
[[93m[1m WARNING [21m[0m] Element conservation is violated too large
[[93m[1m WARNING [21m[0m] at step: 1956
[[93m[1m WARNING [21m[0m] -----------------------------------------------------------------
[[93m[1m WARNING [21m[0m] Element conservation is violated too large
[[93m[1m WARNING [21m[0m] at step: 1957
[[93m[1m WARNING [21m[0m] -----------------------------------------------------------------
[[93m[1m WARNING [21m[0m] Element conservation is violated too large
[[93m[1m WARNING [21m[0m] at step: 1958
[[93m[1m WARNING [21m[0m] -----------------------------------------------------------------
[[93m[1m WARNING [21m[0m] Element conservation is violated too large
[[93m[1m WARNING [21m[0m] at step: 1959
[[93m[1m WARNING [21m[0m] -----------------------------------------------------------------
[[93m[1m WARNING [21m[0m] Element conservation is violated too large
[[93m[1m WARNING [21m[0m] at step: 1960
[[93m[1m WARNING [21m[0m] -----------------------------------------------------------------
[[93m[1m WARNING [21m[0m] Element conservation is violated too large
[[93m[1m WARNING [21m[0m] at step: 1961
[[93m[1m WARNING [21m[0m] -----------------------------------------------------------------
[[93m[1m WARNING [21m[0m] Element conservation is violated too large
[[93m[1m WARNING [21m[0m] at step: 1962
[[93m[1m WARNING [21m[0m] -----------------------------------------------------------------
[[93m[1m WARNING [21m[0m] Element conservation is violated too large
[[93m[1m WARNING [21m[0m] at step: 1963
[[93m[1m WARNING [21m[0m] -----------------------------------------------------------------
[[93m[1m WARNING [21m[0m] Element conservation is violated too large
[[93m[1m WARNING [21m[0m] at step: 1964
[[93m[1m WARNING [21m[0m] -----------------------------------------------------------------
[[93m[1m WARNING [21m[0m] Element conservation is violated too large
[[93m[1m WARNING [21m[0m] at step: 1965
[[93m[1m WARNING [21m[0m] -----------------------------------------------------------------
[[93m[1m WARNING [21m[0m] Element conservation is violated too large
[[93m[1m WARNING [21m[0m] at step: 1966
[[93m[1m WARNING [21m[0m] -----------------------------------------------------------------
[[93m[1m WARNING [21m[0m] Element conservation is violated too large
[[93m[1m WARNING [21m[0m] at step: 1967
[[93m[1m WARNING [21m[0m] -----------------------------------------------------------------
[[93m[1m WARNING [21m[0m] Element conservation is violated too large
[[93m[1m WARNING [21m[0m] at step: 1968
[[93m[1m WARNING [21m[0m] -----------------------------------------------------------------
[[93m[1m WARNING [21m[0m] Element conservation is violated too large
[[93m[1m WARNING [21m[0m] at step: 1969
[[93m[1m WARNING [21m[0m] -----------------------------------------------------------------
[[93m[1m WARNING [21m[0m] Element conservation is violated too large
[[93m[1m WARNING [21m[0m] at step: 1970
[[93m[1m WARNING [21m[0m] -----------------------------------------------------------------
[[93m[1m WARNING [21m[0m] Element conservation is violated too large
[[93m[1m WARNING [21m[0m] at step: 1971
[[93m[1m WARNING [21m[0m] -----------------------------------------------------------------
[[93m[1m WARNING [21m[0m] Element conservation is violated too large
[[93m[1m WARNING [21m[0m] at step: 1972
[[93m[1m WARNING [21m[0m] -----------------------------------------------------------------
[[93m[1m WARNING [21m[0m] Element conservation is violated too large
[[93m[1m WARNING [21m[0m] at step: 1973
[[93m[1m WARNING [21m[0m] -----------------------------------------------------------------
[[93m[1m WARNING [21m[0m] Element conservation is violated too large
[[93m[1m WARNING [21m[0m] at step: 1974
[[93m[1m WARNING [21m[0m] -----------------------------------------------------------------
[[93m[1m WARNING [21m[0m] Element conservation is violated too large
[[93m[1m WARNING [21m[0m] at step: 1975
[[93m[1m WARNING [21m[0m] -----------------------------------------------------------------
[[93m[1m WARNING [21m[0m] Element conservation is violated too large
[[93m[1m WARNING [21m[0m] at step: 1976
[[93m[1m WARNING [21m[0m] -----------------------------------------------------------------
[[93m[1m WARNING [21m[0m] Element conservation is violated too large
[[93m[1m WARNING [21m[0m] at step: 1977
[[93m[1m WARNING [21m[0m] -----------------------------------------------------------------
[[93m[1m WARNING [21m[0m] Element conservation is violated too large
[[93m[1m WARNING [21m[0m] at step: 1978
[[93m[1m WARNING [21m[0m] -----------------------------------------------------------------
[[93m[1m WARNING [21m[0m] Element conservation is violated too large
[[93m[1m WARNING [21m[0m] at step: 1979
[[93m[1m WARNING [21m[0m] -----------------------------------------------------------------
[[93m[1m WARNING [21m[0m] Element conservation is violated too large
[[93m[1m WARNING [21m[0m] at step: 1980
[[93m[1m WARNING [21m[0m] -----------------------------------------------------------------
[[93m[1m WARNING [21m[0m] Element conservation is violated too large
[[93m[1m WARNING [21m[0m] at step: 1981
[[93m[1m WARNING [21m[0m] -----------------------------------------------------------------
[[93m[1m WARNING [21m[0m] Element conservation is violated too large
[[93m[1m WARNING [21m[0m] at step: 1982
[[93m[1m WARNING [21m[0m] -----------------------------------------------------------------
[[93m[1m WARNING [21m[0m] Element conservation is violated too large
[[93m[1m WARNING [21m[0m] at step: 1983
[[93m[1m WARNING [21m[0m] -----------------------------------------------------------------
[[93m[1m WARNING [21m[0m] Element conservation is violated too large
[[93m[1m WARNING [21m[0m] at step: 1984
[[93m[1m WARNING [21m[0m] -----------------------------------------------------------------
[[93m[1m WARNING [21m[0m] Element conservation is violated too large
[[93m[1m WARNING [21m[0m] at step: 1985
[[93m[1m WARNING [21m[0m] -----------------------------------------------------------------
[[93m[1m WARNING [21m[0m] Element conservation is violated too large
[[93m[1m WARNING [21m[0m] at step: 1986
[[93m[1m WARNING [21m[0m] -----------------------------------------------------------------
[[93m[1m WARNING [21m[0m] Element conservation is violated too large
[[93m[1m WARNING [21m[0m] at step: 1987
[[93m[1m WARNING [21m[0m] -----------------------------------------------------------------
[[93m[1m WARNING [21m[0m] Element conservation is violated too large
[[93m[1m WARNING [21m[0m] at step: 1988
[[93m[1m WARNING [21m[0m] -----------------------------------------------------------------
[[93m[1m WARNING [21m[0m] Element conservation is violated too large
[[93m[1m WARNING [21m[0m] at step: 1989
[[93m[1m WARNING [21m[0m] -----------------------------------------------------------------
[[93m[1m WARNING [21m[0m] Element conservation is violated too large
[[93m[1m WARNING [21m[0m] at step: 1990
[[93m[1m WARNING [21m[0m] -----------------------------------------------------------------
[[93m[1m WARNING [21m[0m] Element conservation is violated too large
[[93m[1m WARNING [21m[0m] at step: 1991
[[93m[1m WARNING [21m[0m] -----------------------------------------------------------------
[[93m[1m WARNING [21m[0m] Element conservation is violated too large
[[93m[1m WARNING [21m[0m] at step: 1992
[[93m[1m WARNING [21m[0m] -----------------------------------------------------------------
[[93m[1m WARNING [21m[0m] Element conservation is violated too large
[[93m[1m WARNING [21m[0m] at step: 1993
[[93m[1m WARNING [21m[0m] -----------------------------------------------------------------
[[93m[1m WARNING [21m[0m] Element conservation is violated too large
[[93m[1m WARNING [21m[0m] at step: 1994
[[93m[1m WARNING [21m[0m] -----------------------------------------------------------------
[[93m[1m WARNING [21m[0m] Element conservation is violated too large
[[93m[1m WARNING [21m[0m] at step: 1995
[[93m[1m WARNING [21m[0m] -----------------------------------------------------------------
[[93m[1m WARNING [21m[0m] Element conservation is violated too large
[[93m[1m WARNING [21m[0m] at step: 1996
[[93m[1m WARNING [21m[0m] -----------------------------------------------------------------
[[93m[1m WARNING [21m[0m] Element conservation is violated too large
[[93m[1m WARNING [21m[0m] at step: 1997
[[93m[1m WARNING [21m[0m] -----------------------------------------------------------------
[[93m[1m WARNING [21m[0m] Element conservation is violated too large
[[93m[1m WARNING [21m[0m] at step: 1998
[[93m[1m WARNING [21m[0m] -----------------------------------------------------------------
[[93m[1m WARNING [21m[0m] Element conservation is violated too large
[[93m[1m WARNING [21m[0m] at step: 1999
[[93m[1m WARNING [21m[0m] -----------------------------------------------------------------
[[32m[1m INFO  [21m[0m] Elapsed time: 4.18e+02 || Step number: 2000/30000
[[32m[1m INFO  [21m[0m] longdy = 1.22e+00      || longdy/dt = 1.75e-02  || dt = 1.64e+00
[[32m[1m INFO  [21m[0m] from nz = 34 and HCS
[[32m[1m INFO  [21m[0m] -----------------------------------------------------------------
[[93m[1m WARNING [21m[0m] Element conservation is violated too large
[[93m[1m WARNING [21m[0m] at step: 2014
[[93m[1m WARNING [21m[0m] -----------------------------------------------------------------
[[93m[1m WARNING [21m[0m] Element conservation is violated too large
[[93m[1m WARNING [21m[0m] at step: 2015
[[93m[1m WARNING [21m[0m] -----------------------------------------------------------------
[[93m[1m WARNING [21m[0m] Element conservation is violated too large
[[93m[1m WARNING [21m[0m] at step: 2016
[[93m[1m WARNING [21m[0m] -----------------------------------------------------------------
[[93m[1m WARNING [21m[0m] Element conservation is violated too large
[[93m[1m WARNING [21m[0m] at step: 2017
[[93m[1m WARNING [21m[0m] -----------------------------------------------------------------
[[93m[1m WARNING [21m[0m] Element conservation is violated too large
[[93m[1m WARNING [21m[0m] at step: 2018
[[93m[1m WARNING [21m[0m] -----------------------------------------------------------------
[[93m[1m WARNING [21m[0m] Element conservation is violated too large
[[93m[1m WARNING [21m[0m] at step: 2019
[[93m[1m WARNING [21m[0m] -----------------------------------------------------------------
[[93m[1m WARNING [21m[0m] Element conservation is violated too large
[[93m[1m WARNING [21m[0m] at step: 2020
[[93m[1m WARNING [21m[0m] -----------------------------------------------------------------
[[93m[1m WARNING [21m[0m] Element conservation is violated too large
[[93m[1m WARNING [21m[0m] at step: 2021
[[93m[1m WARNING [21m[0m] -----------------------------------------------------------------
[[93m[1m WARNING [21m[0m] Element conservation is violated too large
[[93m[1m WARNING [21m[0m] at step: 2022
[[93m[1m WARNING [21m[0m] -----------------------------------------------------------------
[[93m[1m WARNING [21m[0m] Element conservation is violated too large
[[93m[1m WARNING [21m[0m] at step: 2023
[[93m[1m WARNING [21m[0m] -----------------------------------------------------------------
[[93m[1m WARNING [21m[0m] Element conservation is violated too large
[[93m[1m WARNING [21m[0m] at step: 2024
[[93m[1m WARNING [21m[0m] -----------------------------------------------------------------
[[93m[1m WARNING [21m[0m] Element conservation is violated too large
[[93m[1m WARNING [21m[0m] at step: 2025
[[93m[1m WARNING [21m[0m] -----------------------------------------------------------------
[[93m[1m WARNING [21m[0m] Element conservation is violated too large
[[93m[1m WARNING [21m[0m] at step: 2026
[[93m[1m WARNING [21m[0m] -----------------------------------------------------------------
[[93m[1m WARNING [21m[0m] Element conservation is violated too large
[[93m[1m WARNING [21m[0m] at step: 2027
[[93m[1m WARNING [21m[0m] -----------------------------------------------------------------
[[93m[1m WARNING [21m[0m] Element conservation is violated too large
[[93m[1m WARNING [21m[0m] at step: 2028
[[93m[1m WARNING [21m[0m] -----------------------------------------------------------------
[[93m[1m WARNING [21m[0m] Element conservation is violated too large
[[93m[1m WARNING [21m[0m] at step: 2029
[[93m[1m WARNING [21m[0m] -----------------------------------------------------------------
[[93m[1m WARNING [21m[0m] Element conservation is violated too large
[[93m[1m WARNING [21m[0m] at step: 2030
[[93m[1m WARNING [21m[0m] -----------------------------------------------------------------
[[93m[1m WARNING [21m[0m] Element conservation is violated too large
[[93m[1m WARNING [21m[0m] at step: 2031
[[93m[1m WARNING [21m[0m] -----------------------------------------------------------------
[[93m[1m WARNING [21m[0m] Element conservation is violated too large
[[93m[1m WARNING [21m[0m] at step: 2032
[[93m[1m WARNING [21m[0m] -----------------------------------------------------------------
[[93m[1m WARNING [21m[0m] Element conservation is violated too large
[[93m[1m WARNING [21m[0m] at step: 2033
[[93m[1m WARNING [21m[0m] -----------------------------------------------------------------
[[93m[1m WARNING [21m[0m] Element conservation is violated too large
[[93m[1m WARNING [21m[0m] at step: 2034
[[93m[1m WARNING [21m[0m] -----------------------------------------------------------------
[[93m[1m WARNING [21m[0m] Element conservation is violated too large
[[93m[1m WARNING [21m[0m] at step: 2035
[[93m[1m WARNING [21m[0m] -----------------------------------------------------------------
[[93m[1m WARNING [21m[0m] Element conservation is violated too large
[[93m[1m WARNING [21m[0m] at step: 2036
[[93m[1m WARNING [21m[0m] -----------------------------------------------------------------
[[93m[1m WARNING [21m[0m] Element conservation is violated too large
[[93m[1m WARNING [21m[0m] at step: 2037
[[93m[1m WARNING [21m[0m] -----------------------------------------------------------------
[[93m[1m WARNING [21m[0m] Element conservation is violated too large
[[93m[1m WARNING [21m[0m] at step: 2038
[[93m[1m WARNING [21m[0m] -----------------------------------------------------------------
[[93m[1m WARNING [21m[0m] Element conservation is violated too large
[[93m[1m WARNING [21m[0m] at step: 2039
[[93m[1m WARNING [21m[0m] -----------------------------------------------------------------
[[93m[1m WARNING [21m[0m] Element conservation is violated too large
[[93m[1m WARNING [21m[0m] at step: 2040
[[93m[1m WARNING [21m[0m] -----------------------------------------------------------------
[[93m[1m WARNING [21m[0m] Element conservation is violated too large
[[93m[1m WARNING [21m[0m] at step: 2041
[[93m[1m WARNING [21m[0m] -----------------------------------------------------------------
[[93m[1m WARNING [21m[0m] Element conservation is violated too large
[[93m[1m WARNING [21m[0m] at step: 2042
[[93m[1m WARNING [21m[0m] -----------------------------------------------------------------
[[93m[1m WARNING [21m[0m] Element conservation is violated too large
[[93m[1m WARNING [21m[0m] at step: 2043
[[93m[1m WARNING [21m[0m] -----------------------------------------------------------------
[[93m[1m WARNING [21m[0m] Element conservation is violated too large
[[93m[1m WARNING [21m[0m] at step: 2044
[[93m[1m WARNING [21m[0m] -----------------------------------------------------------------
[[93m[1m WARNING [21m[0m] Element conservation is violated too large
[[93m[1m WARNING [21m[0m] at step: 2045
[[93m[1m WARNING [21m[0m] -----------------------------------------------------------------
[[93m[1m WARNING [21m[0m] Element conservation is violated too large
[[93m[1m WARNING [21m[0m] at step: 2046
[[93m[1m WARNING [21m[0m] -----------------------------------------------------------------
[[93m[1m WARNING [21m[0m] Element conservation is violated too large
[[93m[1m WARNING [21m[0m] at step: 2047
[[93m[1m WARNING [21m[0m] -----------------------------------------------------------------
[[93m[1m WARNING [21m[0m] Element conservation is violated too large
[[93m[1m WARNING [21m[0m] at step: 2048
[[93m[1m WARNING [21m[0m] -----------------------------------------------------------------
[[93m[1m WARNING [21m[0m] Element conservation is violated too large
[[93m[1m WARNING [21m[0m] at step: 2049
[[93m[1m WARNING [21m[0m] -----------------------------------------------------------------
[[93m[1m WARNING [21m[0m] Element conservation is violated too large
[[93m[1m WARNING [21m[0m] at step: 2050
[[93m[1m WARNING [21m[0m] -----------------------------------------------------------------
[[93m[1m WARNING [21m[0m] Element conservation is violated too large
[[93m[1m WARNING [21m[0m] at step: 2051
[[93m[1m WARNING [21m[0m] -----------------------------------------------------------------
[[93m[1m WARNING [21m[0m] Element conservation is violated too large
[[93m[1m WARNING [21m[0m] at step: 2052
[[93m[1m WARNING [21m[0m] -----------------------------------------------------------------
[[93m[1m WARNING [21m[0m] Element conservation is violated too large
[[93m[1m WARNING [21m[0m] at step: 2053
[[93m[1m WARNING [21m[0m] -----------------------------------------------------------------
[[93m[1m WARNING [21m[0m] Element conservation is violated too large
[[93m[1m WARNING [21m[0m] at step: 2054
[[93m[1m WARNING [21m[0m] -----------------------------------------------------------------
[[93m[1m WARNING [21m[0m] Element conservation is violated too large
[[93m[1m WARNING [21m[0m] at step: 2055
[[93m[1m WARNING [21m[0m] -----------------------------------------------------------------
[[93m[1m WARNING [21m[0m] Element conservation is violated too large
[[93m[1m WARNING [21m[0m] at step: 2056
[[93m[1m WARNING [21m[0m] -----------------------------------------------------------------
[[93m[1m WARNING [21m[0m] Element conservation is violated too large
[[93m[1m WARNING [21m[0m] at step: 2057
[[93m[1m WARNING [21m[0m] -----------------------------------------------------------------
[[93m[1m WARNING [21m[0m] Element conservation is violated too large
[[93m[1m WARNING [21m[0m] at step: 2058
[[93m[1m WARNING [21m[0m] -----------------------------------------------------------------
[[93m[1m WARNING [21m[0m] Element conservation is violated too large
[[93m[1m WARNING [21m[0m] at step: 2059
[[93m[1m WARNING [21m[0m] -----------------------------------------------------------------
[[93m[1m WARNING [21m[0m] Element conservation is violated too large
[[93m[1m WARNING [21m[0m] at step: 2060
[[93m[1m WARNING [21m[0m] -----------------------------------------------------------------
[[93m[1m WARNING [21m[0m] Element conservation is violated too large
[[93m[1m WARNING [21m[0m] at step: 2061
[[93m[1m WARNING [21m[0m] -----------------------------------------------------------------
[[93m[1m WARNING [21m[0m] Element conservation is violated too large
[[93m[1m WARNING [21m[0m] at step: 2062
[[93m[1m WARNING [21m[0m] -----------------------------------------------------------------
[[93m[1m WARNING [21m[0m] Element conservation is violated too large
[[93m[1m WARNING [21m[0m] at step: 2063
[[93m[1m WARNING [21m[0m] -----------------------------------------------------------------
[[93m[1m WARNING [21m[0m] Element conservation is violated too large
[[93m[1m WARNING [21m[0m] at step: 2064
[[93m[1m WARNING [21m[0m] -----------------------------------------------------------------
[[93m[1m WARNING [21m[0m] Element conservation is violated too large
[[93m[1m WARNING [21m[0m] at step: 2065
[[93m[1m WARNING [21m[0m] -----------------------------------------------------------------
[[93m[1m WARNING [21m[0m] Element conservation is violated too large
[[93m[1m WARNING [21m[0m] at step: 2066
[[93m[1m WARNING [21m[0m] -----------------------------------------------------------------
[[93m[1m WARNING [21m[0m] Element conservation is violated too large
[[93m[1m WARNING [21m[0m] at step: 2067
[[93m[1m WARNING [21m[0m] -----------------------------------------------------------------
[[93m[1m WARNING [21m[0m] Element conservation is violated too large
[[93m[1m WARNING [21m[0m] at step: 2068
[[93m[1m WARNING [21m[0m] -----------------------------------------------------------------
[[93m[1m WARNING [21m[0m] Element conservation is violated too large
[[93m[1m WARNING [21m[0m] at step: 2069
[[93m[1m WARNING [21m[0m] -----------------------------------------------------------------
[[93m[1m WARNING [21m[0m] Element conservation is violated too large
[[93m[1m WARNING [21m[0m] at step: 2070
[[93m[1m WARNING [21m[0m] -----------------------------------------------------------------
[[93m[1m WARNING [21m[0m] Element conservation is violated too large
[[93m[1m WARNING [21m[0m] at step: 2071
[[93m[1m WARNING [21m[0m] -----------------------------------------------------------------
[[93m[1m WARNING [21m[0m] Element conservation is violated too large
[[93m[1m WARNING [21m[0m] at step: 2072
[[93m[1m WARNING [21m[0m] -----------------------------------------------------------------
[[93m[1m WARNING [21m[0m] Element conservation is violated too large
[[93m[1m WARNING [21m[0m] at step: 2073
[[93m[1m WARNING [21m[0m] -----------------------------------------------------------------
[[93m[1m WARNING [21m[0m] Element conservation is violated too large
[[93m[1m WARNING [21m[0m] at step: 2074
[[93m[1m WARNING [21m[0m] -----------------------------------------------------------------
[[93m[1m WARNING [21m[0m] Element conservation is violated too large
[[93m[1m WARNING [21m[0m] at step: 2075
[[93m[1m WARNING [21m[0m] -----------------------------------------------------------------
[[93m[1m WARNING [21m[0m] Element conservation is violated too large
[[93m[1m WARNING [21m[0m] at step: 2076
[[93m[1m WARNING [21m[0m] -----------------------------------------------------------------
[[93m[1m WARNING [21m[0m] Element conservation is violated too large
[[93m[1m WARNING [21m[0m] at step: 2077
[[93m[1m WARNING [21m[0m] -----------------------------------------------------------------
[[93m[1m WARNING [21m[0m] Element conservation is violated too large
[[93m[1m WARNING [21m[0m] at step: 2078
[[93m[1m WARNING [21m[0m] -----------------------------------------------------------------
[[93m[1m WARNING [21m[0m] Element conservation is violated too large
[[93m[1m WARNING [21m[0m] at step: 2079
[[93m[1m WARNING [21m[0m] -----------------------------------------------------------------
[[93m[1m WARNING [21m[0m] Element conservation is violated too large
[[93m[1m WARNING [21m[0m] at step: 2080
[[93m[1m WARNING [21m[0m] -----------------------------------------------------------------
[[93m[1m WARNING [21m[0m] Element conservation is violated too large
[[93m[1m WARNING [21m[0m] at step: 2081
[[93m[1m WARNING [21m[0m] -----------------------------------------------------------------
[[93m[1m WARNING [21m[0m] Element conservation is violated too large
[[93m[1m WARNING [21m[0m] at step: 2082
[[93m[1m WARNING [21m[0m] -----------------------------------------------------------------
[[93m[1m WARNING [21m[0m] Element conservation is violated too large
[[93m[1m WARNING [21m[0m] at step: 2083
[[93m[1m WARNING [21m[0m] -----------------------------------------------------------------
[[93m[1m WARNING [21m[0m] Element conservation is violated too large
[[93m[1m WARNING [21m[0m] at step: 2084
[[93m[1m WARNING [21m[0m] -----------------------------------------------------------------
[[93m[1m WARNING [21m[0m] Element conservation is violated too large
[[93m[1m WARNING [21m[0m] at step: 2085
[[93m[1m WARNING [21m[0m] -----------------------------------------------------------------
[[93m[1m WARNING [21m[0m] Element conservation is violated too large
[[93m[1m WARNING [21m[0m] at step: 2086
[[93m[1m WARNING [21m[0m] -----------------------------------------------------------------
[[93m[1m WARNING [21m[0m] Element conservation is violated too large
[[93m[1m WARNING [21m[0m] at step: 2087
[[93m[1m WARNING [21m[0m] -----------------------------------------------------------------
[[93m[1m WARNING [21m[0m] Element conservation is violated too large
[[93m[1m WARNING [21m[0m] at step: 2088
[[93m[1m WARNING [21m[0m] -----------------------------------------------------------------
[[93m[1m WARNING [21m[0m] Element conservation is violated too large
[[93m[1m WARNING [21m[0m] at step: 2089
[[93m[1m WARNING [21m[0m] -----------------------------------------------------------------
[[93m[1m WARNING [21m[0m] Element conservation is violated too large
[[93m[1m WARNING [21m[0m] at step: 2090
[[93m[1m WARNING [21m[0m] -----------------------------------------------------------------
[[93m[1m WARNING [21m[0m] Element conservation is violated too large
[[93m[1m WARNING [21m[0m] at step: 2091
[[93m[1m WARNING [21m[0m] -----------------------------------------------------------------
[[93m[1m WARNING [21m[0m] Element conservation is violated too large
[[93m[1m WARNING [21m[0m] at step: 2092
[[93m[1m WARNING [21m[0m] -----------------------------------------------------------------
[[93m[1m WARNING [21m[0m] Element conservation is violated too large
[[93m[1m WARNING [21m[0m] at step: 2093
[[93m[1m WARNING [21m[0m] -----------------------------------------------------------------
[[93m[1m WARNING [21m[0m] Element conservation is violated too large
[[93m[1m WARNING [21m[0m] at step: 2094
[[93m[1m WARNING [21m[0m] -----------------------------------------------------------------
[[93m[1m WARNING [21m[0m] Element conservation is violated too large
[[93m[1m WARNING [21m[0m] at step: 2095
[[93m[1m WARNING [21m[0m] -----------------------------------------------------------------
[[93m[1m WARNING [21m[0m] Element conservation is violated too large
[[93m[1m WARNING [21m[0m] at step: 2096
[[93m[1m WARNING [21m[0m] -----------------------------------------------------------------
[[93m[1m WARNING [21m[0m] Element conservation is violated too large
[[93m[1m WARNING [21m[0m] at step: 2097
[[93m[1m WARNING [21m[0m] -----------------------------------------------------------------
[[93m[1m WARNING [21m[0m] Element conservation is violated too large
[[93m[1m WARNING [21m[0m] at step: 2098
[[93m[1m WARNING [21m[0m] -----------------------------------------------------------------
[[93m[1m WARNING [21m[0m] Element conservation is violated too large
[[93m[1m WARNING [21m[0m] at step: 2099
[[93m[1m WARNING [21m[0m] -----------------------------------------------------------------
[[32m[1m INFO  [21m[0m] Elapsed time: 5.17e+02 || Step number: 2100/30000
[[32m[1m INFO  [21m[0m] longdy = 1.64e+00      || longdy/dt = 1.68e-02  || dt = 2.24e+00
[[32m[1m INFO  [21m[0m] from nz = 33 and HCS
[[32m[1m INFO  [21m[0m] -----------------------------------------------------------------
[[93m[1m WARNING [21m[0m] Element conservation is violated too large
[[93m[1m WARNING [21m[0m] at step: 2113
[[93m[1m WARNING [21m[0m] -----------------------------------------------------------------
[[93m[1m WARNING [21m[0m] Element conservation is violated too large
[[93m[1m WARNING [21m[0m] at step: 2114
[[93m[1m WARNING [21m[0m] -----------------------------------------------------------------
[[93m[1m WARNING [21m[0m] Element conservation is violated too large
[[93m[1m WARNING [21m[0m] at step: 2115
[[93m[1m WARNING [21m[0m] -----------------------------------------------------------------
[[93m[1m WARNING [21m[0m] Element conservation is violated too large
[[93m[1m WARNING [21m[0m] at step: 2116
[[93m[1m WARNING [21m[0m] -----------------------------------------------------------------
[[93m[1m WARNING [21m[0m] Element conservation is violated too large
[[93m[1m WARNING [21m[0m] at step: 2117
[[93m[1m WARNING [21m[0m] -----------------------------------------------------------------
[[93m[1m WARNING [21m[0m] Element conservation is violated too large
[[93m[1m WARNING [21m[0m] at step: 2118
[[93m[1m WARNING [21m[0m] -----------------------------------------------------------------
[[93m[1m WARNING [21m[0m] Element conservation is violated too large
[[93m[1m WARNING [21m[0m] at step: 2119
[[93m[1m WARNING [21m[0m] -----------------------------------------------------------------
[[93m[1m WARNING [21m[0m] Element conservation is violated too large
[[93m[1m WARNING [21m[0m] at step: 2120
[[93m[1m WARNING [21m[0m] -----------------------------------------------------------------
[[93m[1m WARNING [21m[0m] Element conservation is violated too large
[[93m[1m WARNING [21m[0m] at step: 2121
[[93m[1m WARNING [21m[0m] -----------------------------------------------------------------
[[93m[1m WARNING [21m[0m] Element conservation is violated too large
[[93m[1m WARNING [21m[0m] at step: 2122
[[93m[1m WARNING [21m[0m] -----------------------------------------------------------------
[[93m[1m WARNING [21m[0m] Element conservation is violated too large
[[93m[1m WARNING [21m[0m] at step: 2123
[[93m[1m WARNING [21m[0m] -----------------------------------------------------------------
[[93m[1m WARNING [21m[0m] Element conservation is violated too large
[[93m[1m WARNING [21m[0m] at step: 2124
[[93m[1m WARNING [21m[0m] -----------------------------------------------------------------
[[93m[1m WARNING [21m[0m] Element conservation is violated too large
[[93m[1m WARNING [21m[0m] at step: 2125
[[93m[1m WARNING [21m[0m] -----------------------------------------------------------------
[[93m[1m WARNING [21m[0m] Element conservation is violated too large
[[93m[1m WARNING [21m[0m] at step: 2126
[[93m[1m WARNING [21m[0m] -----------------------------------------------------------------
[[93m[1m WARNING [21m[0m] Element conservation is violated too large
[[93m[1m WARNING [21m[0m] at step: 2127
[[93m[1m WARNING [21m[0m] -----------------------------------------------------------------
[[93m[1m WARNING [21m[0m] Element conservation is violated too large
[[93m[1m WARNING [21m[0m] at step: 2128
[[93m[1m WARNING [21m[0m] -----------------------------------------------------------------
[[93m[1m WARNING [21m[0m] Element conservation is violated too large
[[93m[1m WARNING [21m[0m] at step: 2129
[[93m[1m WARNING [21m[0m] -----------------------------------------------------------------
[[93m[1m WARNING [21m[0m] Element conservation is violated too large
[[93m[1m WARNING [21m[0m] at step: 2130
[[93m[1m WARNING [21m[0m] -----------------------------------------------------------------
[[93m[1m WARNING [21m[0m] Element conservation is violated too large
[[93m[1m WARNING [21m[0m] at step: 2131
[[93m[1m WARNING [21m[0m] -----------------------------------------------------------------
[[93m[1m WARNING [21m[0m] Element conservation is violated too large
[[93m[1m WARNING [21m[0m] at step: 2132
[[93m[1m WARNING [21m[0m] -----------------------------------------------------------------
[[93m[1m WARNING [21m[0m] Element conservation is violated too large
[[93m[1m WARNING [21m[0m] at step: 2133
[[93m[1m WARNING [21m[0m] -----------------------------------------------------------------
[[93m[1m WARNING [21m[0m] Element conservation is violated too large
[[93m[1m WARNING [21m[0m] at step: 2134
[[93m[1m WARNING [21m[0m] -----------------------------------------------------------------
[[93m[1m WARNING [21m[0m] Element conservation is violated too large
[[93m[1m WARNING [21m[0m] at step: 2135
[[93m[1m WARNING [21m[0m] -----------------------------------------------------------------
[[93m[1m WARNING [21m[0m] Element conservation is violated too large
[[93m[1m WARNING [21m[0m] at step: 2136
[[93m[1m WARNING [21m[0m] -----------------------------------------------------------------
[[93m[1m WARNING [21m[0m] Element conservation is violated too large
[[93m[1m WARNING [21m[0m] at step: 2137
[[93m[1m WARNING [21m[0m] -----------------------------------------------------------------
[[93m[1m WARNING [21m[0m] Element conservation is violated too large
[[93m[1m WARNING [21m[0m] at step: 2138
[[93m[1m WARNING [21m[0m] -----------------------------------------------------------------
[[93m[1m WARNING [21m[0m] Element conservation is violated too large
[[93m[1m WARNING [21m[0m] at step: 2139
[[93m[1m WARNING [21m[0m] -----------------------------------------------------------------
[[93m[1m WARNING [21m[0m] Element conservation is violated too large
[[93m[1m WARNING [21m[0m] at step: 2140
[[93m[1m WARNING [21m[0m] -----------------------------------------------------------------
[[93m[1m WARNING [21m[0m] Element conservation is violated too large
[[93m[1m WARNING [21m[0m] at step: 2141
[[93m[1m WARNING [21m[0m] -----------------------------------------------------------------
[[93m[1m WARNING [21m[0m] Element conservation is violated too large
[[93m[1m WARNING [21m[0m] at step: 2142
[[93m[1m WARNING [21m[0m] -----------------------------------------------------------------
[[93m[1m WARNING [21m[0m] Element conservation is violated too large
[[93m[1m WARNING [21m[0m] at step: 2143
[[93m[1m WARNING [21m[0m] -----------------------------------------------------------------
[[93m[1m WARNING [21m[0m] Element conservation is violated too large
[[93m[1m WARNING [21m[0m] at step: 2144
[[93m[1m WARNING [21m[0m] -----------------------------------------------------------------
[[93m[1m WARNING [21m[0m] Element conservation is violated too large
[[93m[1m WARNING [21m[0m] at step: 2145
[[93m[1m WARNING [21m[0m] -----------------------------------------------------------------
[[93m[1m WARNING [21m[0m] Element conservation is violated too large
[[93m[1m WARNING [21m[0m] at step: 2146
[[93m[1m WARNING [21m[0m] -----------------------------------------------------------------
[[93m[1m WARNING [21m[0m] Element conservation is violated too large
[[93m[1m WARNING [21m[0m] at step: 2147
[[93m[1m WARNING [21m[0m] -----------------------------------------------------------------
[[93m[1m WARNING [21m[0m] Element conservation is violated too large
[[93m[1m WARNING [21m[0m] at step: 2148
[[93m[1m WARNING [21m[0m] -----------------------------------------------------------------
[[93m[1m WARNING [21m[0m] Element conservation is violated too large
[[93m[1m WARNING [21m[0m] at step: 2149
[[93m[1m WARNING [21m[0m] -----------------------------------------------------------------
[[93m[1m WARNING [21m[0m] Element conservation is violated too large
[[93m[1m WARNING [21m[0m] at step: 2150
[[93m[1m WARNING [21m[0m] -----------------------------------------------------------------
[[93m[1m WARNING [21m[0m] Element conservation is violated too large
[[93m[1m WARNING [21m[0m] at step: 2151
[[93m[1m WARNING [21m[0m] -----------------------------------------------------------------
[[93m[1m WARNING [21m[0m] Element conservation is violated too large
[[93m[1m WARNING [21m[0m] at step: 2152
[[93m[1m WARNING [21m[0m] -----------------------------------------------------------------
[[93m[1m WARNING [21m[0m] Element conservation is violated too large
[[93m[1m WARNING [21m[0m] at step: 2153
[[93m[1m WARNING [21m[0m] -----------------------------------------------------------------
[[93m[1m WARNING [21m[0m] Element conservation is violated too large
[[93m[1m WARNING [21m[0m] at step: 2154
[[93m[1m WARNING [21m[0m] -----------------------------------------------------------------
[[93m[1m WARNING [21m[0m] Element conservation is violated too large
[[93m[1m WARNING [21m[0m] at step: 2155
[[93m[1m WARNING [21m[0m] -----------------------------------------------------------------
[[93m[1m WARNING [21m[0m] Element conservation is violated too large
[[93m[1m WARNING [21m[0m] at step: 2156
[[93m[1m WARNING [21m[0m] -----------------------------------------------------------------
[[93m[1m WARNING [21m[0m] Element conservation is violated too large
[[93m[1m WARNING [21m[0m] at step: 2157
[[93m[1m WARNING [21m[0m] -----------------------------------------------------------------
[[93m[1m WARNING [21m[0m] Element conservation is violated too large
[[93m[1m WARNING [21m[0m] at step: 2158
[[93m[1m WARNING [21m[0m] -----------------------------------------------------------------
[[93m[1m WARNING [21m[0m] Element conservation is violated too large
[[93m[1m WARNING [21m[0m] at step: 2159
[[93m[1m WARNING [21m[0m] -----------------------------------------------------------------
[[93m[1m WARNING [21m[0m] Element conservation is violated too large
[[93m[1m WARNING [21m[0m] at step: 2160
[[93m[1m WARNING [21m[0m] -----------------------------------------------------------------
[[93m[1m WARNING [21m[0m] Element conservation is violated too large
[[93m[1m WARNING [21m[0m] at step: 2161
[[93m[1m WARNING [21m[0m] -----------------------------------------------------------------
[[93m[1m WARNING [21m[0m] Element conservation is violated too large
[[93m[1m WARNING [21m[0m] at step: 2162
[[93m[1m WARNING [21m[0m] -----------------------------------------------------------------
[[93m[1m WARNING [21m[0m] Element conservation is violated too large
[[93m[1m WARNING [21m[0m] at step: 2163
[[93m[1m WARNING [21m[0m] -----------------------------------------------------------------
[[93m[1m WARNING [21m[0m] Element conservation is violated too large
[[93m[1m WARNING [21m[0m] at step: 2164
[[93m[1m WARNING [21m[0m] -----------------------------------------------------------------
[[93m[1m WARNING [21m[0m] Element conservation is violated too large
[[93m[1m WARNING [21m[0m] at step: 2165
[[93m[1m WARNING [21m[0m] -----------------------------------------------------------------
[[93m[1m WARNING [21m[0m] Element conservation is violated too large
[[93m[1m WARNING [21m[0m] at step: 2166
[[93m[1m WARNING [21m[0m] -----------------------------------------------------------------
[[93m[1m WARNING [21m[0m] Element conservation is violated too large
[[93m[1m WARNING [21m[0m] at step: 2167
[[93m[1m WARNING [21m[0m] -----------------------------------------------------------------
[[93m[1m WARNING [21m[0m] Element conservation is violated too large
[[93m[1m WARNING [21m[0m] at step: 2168
[[93m[1m WARNING [21m[0m] -----------------------------------------------------------------
[[93m[1m WARNING [21m[0m] Element conservation is violated too large
[[93m[1m WARNING [21m[0m] at step: 2169
[[93m[1m WARNING [21m[0m] -----------------------------------------------------------------
[[93m[1m WARNING [21m[0m] Element conservation is violated too large
[[93m[1m WARNING [21m[0m] at step: 2170
[[93m[1m WARNING [21m[0m] -----------------------------------------------------------------
[[93m[1m WARNING [21m[0m] Element conservation is violated too large
[[93m[1m WARNING [21m[0m] at step: 2171
[[93m[1m WARNING [21m[0m] -----------------------------------------------------------------
[[93m[1m WARNING [21m[0m] Element conservation is violated too large
[[93m[1m WARNING [21m[0m] at step: 2172
[[93m[1m WARNING [21m[0m] -----------------------------------------------------------------
[[93m[1m WARNING [21m[0m] Element conservation is violated too large
[[93m[1m WARNING [21m[0m] at step: 2173
[[93m[1m WARNING [21m[0m] -----------------------------------------------------------------
[[93m[1m WARNING [21m[0m] Element conservation is violated too large
[[93m[1m WARNING [21m[0m] at step: 2174
[[93m[1m WARNING [21m[0m] -----------------------------------------------------------------
[[93m[1m WARNING [21m[0m] Element conservation is violated too large
[[93m[1m WARNING [21m[0m] at step: 2175
[[93m[1m WARNING [21m[0m] -----------------------------------------------------------------
[[93m[1m WARNING [21m[0m] Element conservation is violated too large
[[93m[1m WARNING [21m[0m] at step: 2176
[[93m[1m WARNING [21m[0m] -----------------------------------------------------------------
[[93m[1m WARNING [21m[0m] Element conservation is violated too large
[[93m[1m WARNING [21m[0m] at step: 2177
[[93m[1m WARNING [21m[0m] -----------------------------------------------------------------
[[93m[1m WARNING [21m[0m] Element conservation is violated too large
[[93m[1m WARNING [21m[0m] at step: 2178
[[93m[1m WARNING [21m[0m] -----------------------------------------------------------------
[[93m[1m WARNING [21m[0m] Element conservation is violated too large
[[93m[1m WARNING [21m[0m] at step: 2179
[[93m[1m WARNING [21m[0m] -----------------------------------------------------------------
[[93m[1m WARNING [21m[0m] Element conservation is violated too large
[[93m[1m WARNING [21m[0m] at step: 2180
[[93m[1m WARNING [21m[0m] -----------------------------------------------------------------
[[93m[1m WARNING [21m[0m] Element conservation is violated too large
[[93m[1m WARNING [21m[0m] at step: 2181
[[93m[1m WARNING [21m[0m] -----------------------------------------------------------------
[[93m[1m WARNING [21m[0m] Element conservation is violated too large
[[93m[1m WARNING [21m[0m] at step: 2182
[[93m[1m WARNING [21m[0m] -----------------------------------------------------------------
[[93m[1m WARNING [21m[0m] Element conservation is violated too large
[[93m[1m WARNING [21m[0m] at step: 2183
[[93m[1m WARNING [21m[0m] -----------------------------------------------------------------
[[93m[1m WARNING [21m[0m] Element conservation is violated too large
[[93m[1m WARNING [21m[0m] at step: 2184
[[93m[1m WARNING [21m[0m] -----------------------------------------------------------------
[[93m[1m WARNING [21m[0m] Element conservation is violated too large
[[93m[1m WARNING [21m[0m] at step: 2185
[[93m[1m WARNING [21m[0m] -----------------------------------------------------------------
[[93m[1m WARNING [21m[0m] Element conservation is violated too large
[[93m[1m WARNING [21m[0m] at step: 2186
[[93m[1m WARNING [21m[0m] -----------------------------------------------------------------
[[93m[1m WARNING [21m[0m] Element conservation is violated too large
[[93m[1m WARNING [21m[0m] at step: 2187
[[93m[1m WARNING [21m[0m] -----------------------------------------------------------------
[[93m[1m WARNING [21m[0m] Element conservation is violated too large
[[93m[1m WARNING [21m[0m] at step: 2188
[[93m[1m WARNING [21m[0m] -----------------------------------------------------------------
[[93m[1m WARNING [21m[0m] Element conservation is violated too large
[[93m[1m WARNING [21m[0m] at step: 2189
[[93m[1m WARNING [21m[0m] -----------------------------------------------------------------
[[93m[1m WARNING [21m[0m] Element conservation is violated too large
[[93m[1m WARNING [21m[0m] at step: 2190
[[93m[1m WARNING [21m[0m] -----------------------------------------------------------------
[[93m[1m WARNING [21m[0m] Element conservation is violated too large
[[93m[1m WARNING [21m[0m] at step: 2191
[[93m[1m WARNING [21m[0m] -----------------------------------------------------------------
[[93m[1m WARNING [21m[0m] Element conservation is violated too large
[[93m[1m WARNING [21m[0m] at step: 2192
[[93m[1m WARNING [21m[0m] -----------------------------------------------------------------
[[93m[1m WARNING [21m[0m] Element conservation is violated too large
[[93m[1m WARNING [21m[0m] at step: 2193
[[93m[1m WARNING [21m[0m] -----------------------------------------------------------------
[[93m[1m WARNING [21m[0m] Element conservation is violated too large
[[93m[1m WARNING [21m[0m] at step: 2194
[[93m[1m WARNING [21m[0m] -----------------------------------------------------------------
[[93m[1m WARNING [21m[0m] Element conservation is violated too large
[[93m[1m WARNING [21m[0m] at step: 2195
[[93m[1m WARNING [21m[0m] -----------------------------------------------------------------
[[93m[1m WARNING [21m[0m] Element conservation is violated too large
[[93m[1m WARNING [21m[0m] at step: 2196
[[93m[1m WARNING [21m[0m] -----------------------------------------------------------------
[[93m[1m WARNING [21m[0m] Element conservation is violated too large
[[93m[1m WARNING [21m[0m] at step: 2197
[[93m[1m WARNING [21m[0m] -----------------------------------------------------------------
[[93m[1m WARNING [21m[0m] Element conservation is violated too large
[[93m[1m WARNING [21m[0m] at step: 2198
[[93m[1m WARNING [21m[0m] -----------------------------------------------------------------
[[93m[1m WARNING [21m[0m] Element conservation is violated too large
[[93m[1m WARNING [21m[0m] at step: 2199
[[93m[1m WARNING [21m[0m] -----------------------------------------------------------------
[[32m[1m INFO  [21m[0m] Elapsed time: 6.19e+02 || Step number: 2200/30000
[[32m[1m INFO  [21m[0m] longdy = 1.49e+00      || longdy/dt = 1.48e-02  || dt = 2.29e+00
[[32m[1m INFO  [21m[0m] from nz = 33 and HCS
[[32m[1m INFO  [21m[0m] -----------------------------------------------------------------
[[93m[1m WARNING [21m[0m] Element conservation is violated too large
[[93m[1m WARNING [21m[0m] at step: 2211
[[93m[1m WARNING [21m[0m] -----------------------------------------------------------------
[[93m[1m WARNING [21m[0m] Element conservation is violated too large
[[93m[1m WARNING [21m[0m] at step: 2212
[[93m[1m WARNING [21m[0m] -----------------------------------------------------------------
[[93m[1m WARNING [21m[0m] Element conservation is violated too large
[[93m[1m WARNING [21m[0m] at step: 2213
[[93m[1m WARNING [21m[0m] -----------------------------------------------------------------
[[93m[1m WARNING [21m[0m] Element conservation is violated too large
[[93m[1m WARNING [21m[0m] at step: 2214
[[93m[1m WARNING [21m[0m] -----------------------------------------------------------------
[[93m[1m WARNING [21m[0m] Element conservation is violated too large
[[93m[1m WARNING [21m[0m] at step: 2215
[[93m[1m WARNING [21m[0m] -----------------------------------------------------------------
[[93m[1m WARNING [21m[0m] Element conservation is violated too large
[[93m[1m WARNING [21m[0m] at step: 2216
[[93m[1m WARNING [21m[0m] -----------------------------------------------------------------
[[93m[1m WARNING [21m[0m] Element conservation is violated too large
[[93m[1m WARNING [21m[0m] at step: 2217
[[93m[1m WARNING [21m[0m] -----------------------------------------------------------------
[[93m[1m WARNING [21m[0m] Element conservation is violated too large
[[93m[1m WARNING [21m[0m] at step: 2218
[[93m[1m WARNING [21m[0m] -----------------------------------------------------------------
[[93m[1m WARNING [21m[0m] Element conservation is violated too large
[[93m[1m WARNING [21m[0m] at step: 2219
[[93m[1m WARNING [21m[0m] -----------------------------------------------------------------
[[93m[1m WARNING [21m[0m] Element conservation is violated too large
[[93m[1m WARNING [21m[0m] at step: 2220
[[93m[1m WARNING [21m[0m] -----------------------------------------------------------------
[[93m[1m WARNING [21m[0m] Element conservation is violated too large
[[93m[1m WARNING [21m[0m] at step: 2221
[[93m[1m WARNING [21m[0m] -----------------------------------------------------------------
[[93m[1m WARNING [21m[0m] Element conservation is violated too large
[[93m[1m WARNING [21m[0m] at step: 2222
[[93m[1m WARNING [21m[0m] -----------------------------------------------------------------
[[93m[1m WARNING [21m[0m] Element conservation is violated too large
[[93m[1m WARNING [21m[0m] at step: 2223
[[93m[1m WARNING [21m[0m] -----------------------------------------------------------------
[[93m[1m WARNING [21m[0m] Element conservation is violated too large
[[93m[1m WARNING [21m[0m] at step: 2224
[[93m[1m WARNING [21m[0m] -----------------------------------------------------------------
[[93m[1m WARNING [21m[0m] Element conservation is violated too large
[[93m[1m WARNING [21m[0m] at step: 2225
[[93m[1m WARNING [21m[0m] -----------------------------------------------------------------
[[93m[1m WARNING [21m[0m] Element conservation is violated too large
[[93m[1m WARNING [21m[0m] at step: 2226
[[93m[1m WARNING [21m[0m] -----------------------------------------------------------------
[[93m[1m WARNING [21m[0m] Element conservation is violated too large
[[93m[1m WARNING [21m[0m] at step: 2227
[[93m[1m WARNING [21m[0m] -----------------------------------------------------------------
[[93m[1m WARNING [21m[0m] Element conservation is violated too large
[[93m[1m WARNING [21m[0m] at step: 2228
[[93m[1m WARNING [21m[0m] -----------------------------------------------------------------
[[93m[1m WARNING [21m[0m] Element conservation is violated too large
[[93m[1m WARNING [21m[0m] at step: 2229
[[93m[1m WARNING [21m[0m] -----------------------------------------------------------------
[[93m[1m WARNING [21m[0m] Element conservation is violated too large
[[93m[1m WARNING [21m[0m] at step: 2230
[[93m[1m WARNING [21m[0m] -----------------------------------------------------------------
[[93m[1m WARNING [21m[0m] Element conservation is violated too large
[[93m[1m WARNING [21m[0m] at step: 2231
[[93m[1m WARNING [21m[0m] -----------------------------------------------------------------
[[93m[1m WARNING [21m[0m] Element conservation is violated too large
[[93m[1m WARNING [21m[0m] at step: 2232
[[93m[1m WARNING [21m[0m] -----------------------------------------------------------------
[[93m[1m WARNING [21m[0m] Element conservation is violated too large
[[93m[1m WARNING [21m[0m] at step: 2233
[[93m[1m WARNING [21m[0m] -----------------------------------------------------------------
[[93m[1m WARNING [21m[0m] Element conservation is violated too large
[[93m[1m WARNING [21m[0m] at step: 2234
[[93m[1m WARNING [21m[0m] -----------------------------------------------------------------
[[93m[1m WARNING [21m[0m] Element conservation is violated too large
[[93m[1m WARNING [21m[0m] at step: 2235
[[93m[1m WARNING [21m[0m] -----------------------------------------------------------------
[[93m[1m WARNING [21m[0m] Element conservation is violated too large
[[93m[1m WARNING [21m[0m] at step: 2236
[[93m[1m WARNING [21m[0m] -----------------------------------------------------------------
[[93m[1m WARNING [21m[0m] Element conservation is violated too large
[[93m[1m WARNING [21m[0m] at step: 2237
[[93m[1m WARNING [21m[0m] -----------------------------------------------------------------
[[93m[1m WARNING [21m[0m] Element conservation is violated too large
[[93m[1m WARNING [21m[0m] at step: 2238
[[93m[1m WARNING [21m[0m] -----------------------------------------------------------------
[[93m[1m WARNING [21m[0m] Element conservation is violated too large
[[93m[1m WARNING [21m[0m] at step: 2239
[[93m[1m WARNING [21m[0m] -----------------------------------------------------------------
[[93m[1m WARNING [21m[0m] Element conservation is violated too large
[[93m[1m WARNING [21m[0m] at step: 2240
[[93m[1m WARNING [21m[0m] -----------------------------------------------------------------
[[93m[1m WARNING [21m[0m] Element conservation is violated too large
[[93m[1m WARNING [21m[0m] at step: 2241
[[93m[1m WARNING [21m[0m] -----------------------------------------------------------------
[[93m[1m WARNING [21m[0m] Element conservation is violated too large
[[93m[1m WARNING [21m[0m] at step: 2242
[[93m[1m WARNING [21m[0m] -----------------------------------------------------------------
[[93m[1m WARNING [21m[0m] Element conservation is violated too large
[[93m[1m WARNING [21m[0m] at step: 2243
[[93m[1m WARNING [21m[0m] -----------------------------------------------------------------
[[93m[1m WARNING [21m[0m] Element conservation is violated too large
[[93m[1m WARNING [21m[0m] at step: 2244
[[93m[1m WARNING [21m[0m] -----------------------------------------------------------------
[[93m[1m WARNING [21m[0m] Element conservation is violated too large
[[93m[1m WARNING [21m[0m] at step: 2245
[[93m[1m WARNING [21m[0m] -----------------------------------------------------------------
[[93m[1m WARNING [21m[0m] Element conservation is violated too large
[[93m[1m WARNING [21m[0m] at step: 2246
[[93m[1m WARNING [21m[0m] -----------------------------------------------------------------
[[93m[1m WARNING [21m[0m] Element conservation is violated too large
[[93m[1m WARNING [21m[0m] at step: 2247
[[93m[1m WARNING [21m[0m] -----------------------------------------------------------------
[[93m[1m WARNING [21m[0m] Element conservation is violated too large
[[93m[1m WARNING [21m[0m] at step: 2248
[[93m[1m WARNING [21m[0m] -----------------------------------------------------------------
[[93m[1m WARNING [21m[0m] Element conservation is violated too large
[[93m[1m WARNING [21m[0m] at step: 2249
[[93m[1m WARNING [21m[0m] -----------------------------------------------------------------
[[93m[1m WARNING [21m[0m] Element conservation is violated too large
[[93m[1m WARNING [21m[0m] at step: 2250
[[93m[1m WARNING [21m[0m] -----------------------------------------------------------------
[[93m[1m WARNING [21m[0m] Element conservation is violated too large
[[93m[1m WARNING [21m[0m] at step: 2251
[[93m[1m WARNING [21m[0m] -----------------------------------------------------------------
[[93m[1m WARNING [21m[0m] Element conservation is violated too large
[[93m[1m WARNING [21m[0m] at step: 2252
[[93m[1m WARNING [21m[0m] -----------------------------------------------------------------
[[93m[1m WARNING [21m[0m] Element conservation is violated too large
[[93m[1m WARNING [21m[0m] at step: 2253
[[93m[1m WARNING [21m[0m] -----------------------------------------------------------------
[[93m[1m WARNING [21m[0m] Element conservation is violated too large
[[93m[1m WARNING [21m[0m] at step: 2254
[[93m[1m WARNING [21m[0m] -----------------------------------------------------------------
[[93m[1m WARNING [21m[0m] Element conservation is violated too large
[[93m[1m WARNING [21m[0m] at step: 2255
[[93m[1m WARNING [21m[0m] -----------------------------------------------------------------
[[93m[1m WARNING [21m[0m] Element conservation is violated too large
[[93m[1m WARNING [21m[0m] at step: 2256
[[93m[1m WARNING [21m[0m] -----------------------------------------------------------------
[[93m[1m WARNING [21m[0m] Element conservation is violated too large
[[93m[1m WARNING [21m[0m] at step: 2257
[[93m[1m WARNING [21m[0m] -----------------------------------------------------------------
[[93m[1m WARNING [21m[0m] Element conservation is violated too large
[[93m[1m WARNING [21m[0m] at step: 2258
[[93m[1m WARNING [21m[0m] -----------------------------------------------------------------
[[93m[1m WARNING [21m[0m] Element conservation is violated too large
[[93m[1m WARNING [21m[0m] at step: 2259
[[93m[1m WARNING [21m[0m] -----------------------------------------------------------------
[[93m[1m WARNING [21m[0m] Element conservation is violated too large
[[93m[1m WARNING [21m[0m] at step: 2260
[[93m[1m WARNING [21m[0m] -----------------------------------------------------------------
[[93m[1m WARNING [21m[0m] Element conservation is violated too large
[[93m[1m WARNING [21m[0m] at step: 2261
[[93m[1m WARNING [21m[0m] -----------------------------------------------------------------
[[93m[1m WARNING [21m[0m] Element conservation is violated too large
[[93m[1m WARNING [21m[0m] at step: 2262
[[93m[1m WARNING [21m[0m] -----------------------------------------------------------------
[[93m[1m WARNING [21m[0m] Element conservation is violated too large
[[93m[1m WARNING [21m[0m] at step: 2263
[[93m[1m WARNING [21m[0m] -----------------------------------------------------------------
[[93m[1m WARNING [21m[0m] Element conservation is violated too large
[[93m[1m WARNING [21m[0m] at step: 2264
[[93m[1m WARNING [21m[0m] -----------------------------------------------------------------
[[93m[1m WARNING [21m[0m] Element conservation is violated too large
[[93m[1m WARNING [21m[0m] at step: 2265
[[93m[1m WARNING [21m[0m] -----------------------------------------------------------------
[[93m[1m WARNING [21m[0m] Element conservation is violated too large
[[93m[1m WARNING [21m[0m] at step: 2266
[[93m[1m WARNING [21m[0m] -----------------------------------------------------------------
[[93m[1m WARNING [21m[0m] Element conservation is violated too large
[[93m[1m WARNING [21m[0m] at step: 2267
[[93m[1m WARNING [21m[0m] -----------------------------------------------------------------
[[93m[1m WARNING [21m[0m] Element conservation is violated too large
[[93m[1m WARNING [21m[0m] at step: 2268
[[93m[1m WARNING [21m[0m] -----------------------------------------------------------------
[[93m[1m WARNING [21m[0m] Element conservation is violated too large
[[93m[1m WARNING [21m[0m] at step: 2269
[[93m[1m WARNING [21m[0m] -----------------------------------------------------------------
[[93m[1m WARNING [21m[0m] Element conservation is violated too large
[[93m[1m WARNING [21m[0m] at step: 2270
[[93m[1m WARNING [21m[0m] -----------------------------------------------------------------
[[93m[1m WARNING [21m[0m] Element conservation is violated too large
[[93m[1m WARNING [21m[0m] at step: 2271
[[93m[1m WARNING [21m[0m] -----------------------------------------------------------------
[[93m[1m WARNING [21m[0m] Element conservation is violated too large
[[93m[1m WARNING [21m[0m] at step: 2272
[[93m[1m WARNING [21m[0m] -----------------------------------------------------------------
[[93m[1m WARNING [21m[0m] Element conservation is violated too large
[[93m[1m WARNING [21m[0m] at step: 2273
[[93m[1m WARNING [21m[0m] -----------------------------------------------------------------
[[93m[1m WARNING [21m[0m] Element conservation is violated too large
[[93m[1m WARNING [21m[0m] at step: 2274
[[93m[1m WARNING [21m[0m] -----------------------------------------------------------------
[[93m[1m WARNING [21m[0m] Element conservation is violated too large
[[93m[1m WARNING [21m[0m] at step: 2275
[[93m[1m WARNING [21m[0m] -----------------------------------------------------------------
[[93m[1m WARNING [21m[0m] Element conservation is violated too large
[[93m[1m WARNING [21m[0m] at step: 2276
[[93m[1m WARNING [21m[0m] -----------------------------------------------------------------
[[93m[1m WARNING [21m[0m] Element conservation is violated too large
[[93m[1m WARNING [21m[0m] at step: 2277
[[93m[1m WARNING [21m[0m] -----------------------------------------------------------------
[[93m[1m WARNING [21m[0m] Element conservation is violated too large
[[93m[1m WARNING [21m[0m] at step: 2278
[[93m[1m WARNING [21m[0m] -----------------------------------------------------------------
[[93m[1m WARNING [21m[0m] Element conservation is violated too large
[[93m[1m WARNING [21m[0m] at step: 2279
[[93m[1m WARNING [21m[0m] -----------------------------------------------------------------
[[93m[1m WARNING [21m[0m] Element conservation is violated too large
[[93m[1m WARNING [21m[0m] at step: 2280
[[93m[1m WARNING [21m[0m] -----------------------------------------------------------------
[[93m[1m WARNING [21m[0m] Element conservation is violated too large
[[93m[1m WARNING [21m[0m] at step: 2281
[[93m[1m WARNING [21m[0m] -----------------------------------------------------------------
[[93m[1m WARNING [21m[0m] Element conservation is violated too large
[[93m[1m WARNING [21m[0m] at step: 2282
[[93m[1m WARNING [21m[0m] -----------------------------------------------------------------
[[93m[1m WARNING [21m[0m] Element conservation is violated too large
[[93m[1m WARNING [21m[0m] at step: 2283
[[93m[1m WARNING [21m[0m] -----------------------------------------------------------------
[[93m[1m WARNING [21m[0m] Element conservation is violated too large
[[93m[1m WARNING [21m[0m] at step: 2284
[[93m[1m WARNING [21m[0m] -----------------------------------------------------------------
[[93m[1m WARNING [21m[0m] Element conservation is violated too large
[[93m[1m WARNING [21m[0m] at step: 2285
[[93m[1m WARNING [21m[0m] -----------------------------------------------------------------
[[93m[1m WARNING [21m[0m] Element conservation is violated too large
[[93m[1m WARNING [21m[0m] at step: 2286
[[93m[1m WARNING [21m[0m] -----------------------------------------------------------------
[[93m[1m WARNING [21m[0m] Element conservation is violated too large
[[93m[1m WARNING [21m[0m] at step: 2287
[[93m[1m WARNING [21m[0m] -----------------------------------------------------------------
[[93m[1m WARNING [21m[0m] Element conservation is violated too large
[[93m[1m WARNING [21m[0m] at step: 2288
[[93m[1m WARNING [21m[0m] -----------------------------------------------------------------
[[93m[1m WARNING [21m[0m] Element conservation is violated too large
[[93m[1m WARNING [21m[0m] at step: 2289
[[93m[1m WARNING [21m[0m] -----------------------------------------------------------------
[[93m[1m WARNING [21m[0m] Element conservation is violated too large
[[93m[1m WARNING [21m[0m] at step: 2290
[[93m[1m WARNING [21m[0m] -----------------------------------------------------------------
[[93m[1m WARNING [21m[0m] Element conservation is violated too large
[[93m[1m WARNING [21m[0m] at step: 2291
[[93m[1m WARNING [21m[0m] -----------------------------------------------------------------
[[93m[1m WARNING [21m[0m] Element conservation is violated too large
[[93m[1m WARNING [21m[0m] at step: 2292
[[93m[1m WARNING [21m[0m] -----------------------------------------------------------------
[[93m[1m WARNING [21m[0m] Element conservation is violated too large
[[93m[1m WARNING [21m[0m] at step: 2293
[[93m[1m WARNING [21m[0m] -----------------------------------------------------------------
[[93m[1m WARNING [21m[0m] Element conservation is violated too large
[[93m[1m WARNING [21m[0m] at step: 2294
[[93m[1m WARNING [21m[0m] -----------------------------------------------------------------
[[93m[1m WARNING [21m[0m] Element conservation is violated too large
[[93m[1m WARNING [21m[0m] at step: 2295
[[93m[1m WARNING [21m[0m] -----------------------------------------------------------------
[[93m[1m WARNING [21m[0m] Element conservation is violated too large
[[93m[1m WARNING [21m[0m] at step: 2296
[[93m[1m WARNING [21m[0m] -----------------------------------------------------------------
[[93m[1m WARNING [21m[0m] Element conservation is violated too large
[[93m[1m WARNING [21m[0m] at step: 2297
[[93m[1m WARNING [21m[0m] -----------------------------------------------------------------
[[93m[1m WARNING [21m[0m] Element conservation is violated too large
[[93m[1m WARNING [21m[0m] at step: 2298
[[93m[1m WARNING [21m[0m] -----------------------------------------------------------------
[[93m[1m WARNING [21m[0m] Element conservation is violated too large
[[93m[1m WARNING [21m[0m] at step: 2299
[[93m[1m WARNING [21m[0m] -----------------------------------------------------------------
[[32m[1m INFO  [21m[0m] Elapsed time: 7.48e+02 || Step number: 2300/30000
[[32m[1m INFO  [21m[0m] longdy = 1.95e+00      || longdy/dt = 1.53e-02  || dt = 2.84e+00
[[32m[1m INFO  [21m[0m] from nz = 32 and HCS
[[32m[1m INFO  [21m[0m] -----------------------------------------------------------------
[[93m[1m WARNING [21m[0m] Element conservation is violated too large
[[93m[1m WARNING [21m[0m] at step: 2309
[[93m[1m WARNING [21m[0m] -----------------------------------------------------------------
[[93m[1m WARNING [21m[0m] Element conservation is violated too large
[[93m[1m WARNING [21m[0m] at step: 2310
[[93m[1m WARNING [21m[0m] -----------------------------------------------------------------
[[93m[1m WARNING [21m[0m] Element conservation is violated too large
[[93m[1m WARNING [21m[0m] at step: 2311
[[93m[1m WARNING [21m[0m] -----------------------------------------------------------------
[[93m[1m WARNING [21m[0m] Element conservation is violated too large
[[93m[1m WARNING [21m[0m] at step: 2312
[[93m[1m WARNING [21m[0m] -----------------------------------------------------------------
[[93m[1m WARNING [21m[0m] Element conservation is violated too large
[[93m[1m WARNING [21m[0m] at step: 2313
[[93m[1m WARNING [21m[0m] -----------------------------------------------------------------
[[93m[1m WARNING [21m[0m] Element conservation is violated too large
[[93m[1m WARNING [21m[0m] at step: 2314
[[93m[1m WARNING [21m[0m] -----------------------------------------------------------------
[[93m[1m WARNING [21m[0m] Element conservation is violated too large
[[93m[1m WARNING [21m[0m] at step: 2315
[[93m[1m WARNING [21m[0m] -----------------------------------------------------------------
[[93m[1m WARNING [21m[0m] Element conservation is violated too large
[[93m[1m WARNING [21m[0m] at step: 2316
[[93m[1m WARNING [21m[0m] -----------------------------------------------------------------
[[93m[1m WARNING [21m[0m] Element conservation is violated too large
[[93m[1m WARNING [21m[0m] at step: 2317
[[93m[1m WARNING [21m[0m] -----------------------------------------------------------------
[[93m[1m WARNING [21m[0m] Element conservation is violated too large
[[93m[1m WARNING [21m[0m] at step: 2318
[[93m[1m WARNING [21m[0m] -----------------------------------------------------------------
[[93m[1m WARNING [21m[0m] Element conservation is violated too large
[[93m[1m WARNING [21m[0m] at step: 2319
[[93m[1m WARNING [21m[0m] -----------------------------------------------------------------
[[93m[1m WARNING [21m[0m] Element conservation is violated too large
[[93m[1m WARNING [21m[0m] at step: 2320
[[93m[1m WARNING [21m[0m] -----------------------------------------------------------------
[[93m[1m WARNING [21m[0m] Element conservation is violated too large
[[93m[1m WARNING [21m[0m] at step: 2321
[[93m[1m WARNING [21m[0m] -----------------------------------------------------------------
[[93m[1m WARNING [21m[0m] Element conservation is violated too large
[[93m[1m WARNING [21m[0m] at step: 2322
[[93m[1m WARNING [21m[0m] -----------------------------------------------------------------
[[93m[1m WARNING [21m[0m] Element conservation is violated too large
[[93m[1m WARNING [21m[0m] at step: 2323
[[93m[1m WARNING [21m[0m] -----------------------------------------------------------------
[[93m[1m WARNING [21m[0m] Element conservation is violated too large
[[93m[1m WARNING [21m[0m] at step: 2324
[[93m[1m WARNING [21m[0m] -----------------------------------------------------------------
[[93m[1m WARNING [21m[0m] Element conservation is violated too large
[[93m[1m WARNING [21m[0m] at step: 2325
[[93m[1m WARNING [21m[0m] -----------------------------------------------------------------
[[93m[1m WARNING [21m[0m] Element conservation is violated too large
[[93m[1m WARNING [21m[0m] at step: 2326
[[93m[1m WARNING [21m[0m] -----------------------------------------------------------------
[[93m[1m WARNING [21m[0m] Element conservation is violated too large
[[93m[1m WARNING [21m[0m] at step: 2327
[[93m[1m WARNING [21m[0m] -----------------------------------------------------------------
[[93m[1m WARNING [21m[0m] Element conservation is violated too large
[[93m[1m WARNING [21m[0m] at step: 2328
[[93m[1m WARNING [21m[0m] -----------------------------------------------------------------
[[93m[1m WARNING [21m[0m] Element conservation is violated too large
[[93m[1m WARNING [21m[0m] at step: 2329
[[93m[1m WARNING [21m[0m] -----------------------------------------------------------------
[[93m[1m WARNING [21m[0m] Element conservation is violated too large
[[93m[1m WARNING [21m[0m] at step: 2330
[[93m[1m WARNING [21m[0m] -----------------------------------------------------------------
[[93m[1m WARNING [21m[0m] Element conservation is violated too large
[[93m[1m WARNING [21m[0m] at step: 2331
[[93m[1m WARNING [21m[0m] -----------------------------------------------------------------
[[93m[1m WARNING [21m[0m] Element conservation is violated too large
[[93m[1m WARNING [21m[0m] at step: 2332
[[93m[1m WARNING [21m[0m] -----------------------------------------------------------------
[[93m[1m WARNING [21m[0m] Element conservation is violated too large
[[93m[1m WARNING [21m[0m] at step: 2333
[[93m[1m WARNING [21m[0m] -----------------------------------------------------------------
[[93m[1m WARNING [21m[0m] Element conservation is violated too large
[[93m[1m WARNING [21m[0m] at step: 2334
[[93m[1m WARNING [21m[0m] -----------------------------------------------------------------
[[93m[1m WARNING [21m[0m] Element conservation is violated too large
[[93m[1m WARNING [21m[0m] at step: 2335
[[93m[1m WARNING [21m[0m] -----------------------------------------------------------------
[[93m[1m WARNING [21m[0m] Element conservation is violated too large
[[93m[1m WARNING [21m[0m] at step: 2336
[[93m[1m WARNING [21m[0m] -----------------------------------------------------------------
[[93m[1m WARNING [21m[0m] Element conservation is violated too large
[[93m[1m WARNING [21m[0m] at step: 2337
[[93m[1m WARNING [21m[0m] -----------------------------------------------------------------
[[93m[1m WARNING [21m[0m] Element conservation is violated too large
[[93m[1m WARNING [21m[0m] at step: 2338
[[93m[1m WARNING [21m[0m] -----------------------------------------------------------------
[[93m[1m WARNING [21m[0m] Element conservation is violated too large
[[93m[1m WARNING [21m[0m] at step: 2339
[[93m[1m WARNING [21m[0m] -----------------------------------------------------------------
[[93m[1m WARNING [21m[0m] Element conservation is violated too large
[[93m[1m WARNING [21m[0m] at step: 2340
[[93m[1m WARNING [21m[0m] -----------------------------------------------------------------
[[93m[1m WARNING [21m[0m] Element conservation is violated too large
[[93m[1m WARNING [21m[0m] at step: 2341
[[93m[1m WARNING [21m[0m] -----------------------------------------------------------------
[[93m[1m WARNING [21m[0m] Element conservation is violated too large
[[93m[1m WARNING [21m[0m] at step: 2342
[[93m[1m WARNING [21m[0m] -----------------------------------------------------------------
[[93m[1m WARNING [21m[0m] Element conservation is violated too large
[[93m[1m WARNING [21m[0m] at step: 2343
[[93m[1m WARNING [21m[0m] -----------------------------------------------------------------
[[93m[1m WARNING [21m[0m] Element conservation is violated too large
[[93m[1m WARNING [21m[0m] at step: 2344
[[93m[1m WARNING [21m[0m] -----------------------------------------------------------------
[[93m[1m WARNING [21m[0m] Element conservation is violated too large
[[93m[1m WARNING [21m[0m] at step: 2345
[[93m[1m WARNING [21m[0m] -----------------------------------------------------------------
[[93m[1m WARNING [21m[0m] Element conservation is violated too large
[[93m[1m WARNING [21m[0m] at step: 2346
[[93m[1m WARNING [21m[0m] -----------------------------------------------------------------
[[93m[1m WARNING [21m[0m] Element conservation is violated too large
[[93m[1m WARNING [21m[0m] at step: 2347
[[93m[1m WARNING [21m[0m] -----------------------------------------------------------------
[[93m[1m WARNING [21m[0m] Element conservation is violated too large
[[93m[1m WARNING [21m[0m] at step: 2348
[[93m[1m WARNING [21m[0m] -----------------------------------------------------------------
[[93m[1m WARNING [21m[0m] Element conservation is violated too large
[[93m[1m WARNING [21m[0m] at step: 2349
[[93m[1m WARNING [21m[0m] -----------------------------------------------------------------
[[93m[1m WARNING [21m[0m] Element conservation is violated too large
[[93m[1m WARNING [21m[0m] at step: 2350
[[93m[1m WARNING [21m[0m] -----------------------------------------------------------------
[[93m[1m WARNING [21m[0m] Element conservation is violated too large
[[93m[1m WARNING [21m[0m] at step: 2351
[[93m[1m WARNING [21m[0m] -----------------------------------------------------------------
[[93m[1m WARNING [21m[0m] Element conservation is violated too large
[[93m[1m WARNING [21m[0m] at step: 2352
[[93m[1m WARNING [21m[0m] -----------------------------------------------------------------
[[93m[1m WARNING [21m[0m] Element conservation is violated too large
[[93m[1m WARNING [21m[0m] at step: 2353
[[93m[1m WARNING [21m[0m] -----------------------------------------------------------------
[[93m[1m WARNING [21m[0m] Element conservation is violated too large
[[93m[1m WARNING [21m[0m] at step: 2354
[[93m[1m WARNING [21m[0m] -----------------------------------------------------------------
[[93m[1m WARNING [21m[0m] Element conservation is violated too large
[[93m[1m WARNING [21m[0m] at step: 2355
[[93m[1m WARNING [21m[0m] -----------------------------------------------------------------
[[93m[1m WARNING [21m[0m] Element conservation is violated too large
[[93m[1m WARNING [21m[0m] at step: 2356
[[93m[1m WARNING [21m[0m] -----------------------------------------------------------------
[[93m[1m WARNING [21m[0m] Element conservation is violated too large
[[93m[1m WARNING [21m[0m] at step: 2357
[[93m[1m WARNING [21m[0m] -----------------------------------------------------------------
[[93m[1m WARNING [21m[0m] Element conservation is violated too large
[[93m[1m WARNING [21m[0m] at step: 2358
[[93m[1m WARNING [21m[0m] -----------------------------------------------------------------
[[93m[1m WARNING [21m[0m] Element conservation is violated too large
[[93m[1m WARNING [21m[0m] at step: 2359
[[93m[1m WARNING [21m[0m] -----------------------------------------------------------------
[[93m[1m WARNING [21m[0m] Element conservation is violated too large
[[93m[1m WARNING [21m[0m] at step: 2360
[[93m[1m WARNING [21m[0m] -----------------------------------------------------------------
[[93m[1m WARNING [21m[0m] Element conservation is violated too large
[[93m[1m WARNING [21m[0m] at step: 2361
[[93m[1m WARNING [21m[0m] -----------------------------------------------------------------
[[93m[1m WARNING [21m[0m] Element conservation is violated too large
[[93m[1m WARNING [21m[0m] at step: 2362
[[93m[1m WARNING [21m[0m] -----------------------------------------------------------------
[[93m[1m WARNING [21m[0m] Element conservation is violated too large
[[93m[1m WARNING [21m[0m] at step: 2363
[[93m[1m WARNING [21m[0m] -----------------------------------------------------------------
[[93m[1m WARNING [21m[0m] Element conservation is violated too large
[[93m[1m WARNING [21m[0m] at step: 2364
[[93m[1m WARNING [21m[0m] -----------------------------------------------------------------
[[93m[1m WARNING [21m[0m] Element conservation is violated too large
[[93m[1m WARNING [21m[0m] at step: 2365
[[93m[1m WARNING [21m[0m] -----------------------------------------------------------------
[[93m[1m WARNING [21m[0m] Element conservation is violated too large
[[93m[1m WARNING [21m[0m] at step: 2366
[[93m[1m WARNING [21m[0m] -----------------------------------------------------------------
[[93m[1m WARNING [21m[0m] Element conservation is violated too large
[[93m[1m WARNING [21m[0m] at step: 2367
[[93m[1m WARNING [21m[0m] -----------------------------------------------------------------
[[93m[1m WARNING [21m[0m] Element conservation is violated too large
[[93m[1m WARNING [21m[0m] at step: 2368
[[93m[1m WARNING [21m[0m] -----------------------------------------------------------------
[[93m[1m WARNING [21m[0m] Element conservation is violated too large
[[93m[1m WARNING [21m[0m] at step: 2369
[[93m[1m WARNING [21m[0m] -----------------------------------------------------------------
[[93m[1m WARNING [21m[0m] Element conservation is violated too large
[[93m[1m WARNING [21m[0m] at step: 2370
[[93m[1m WARNING [21m[0m] -----------------------------------------------------------------
[[93m[1m WARNING [21m[0m] Element conservation is violated too large
[[93m[1m WARNING [21m[0m] at step: 2371
[[93m[1m WARNING [21m[0m] -----------------------------------------------------------------
[[93m[1m WARNING [21m[0m] Element conservation is violated too large
[[93m[1m WARNING [21m[0m] at step: 2372
[[93m[1m WARNING [21m[0m] -----------------------------------------------------------------
[[93m[1m WARNING [21m[0m] Element conservation is violated too large
[[93m[1m WARNING [21m[0m] at step: 2373
[[93m[1m WARNING [21m[0m] -----------------------------------------------------------------
[[93m[1m WARNING [21m[0m] Element conservation is violated too large
[[93m[1m WARNING [21m[0m] at step: 2374
[[93m[1m WARNING [21m[0m] -----------------------------------------------------------------
[[93m[1m WARNING [21m[0m] Element conservation is violated too large
[[93m[1m WARNING [21m[0m] at step: 2375
[[93m[1m WARNING [21m[0m] -----------------------------------------------------------------
[[93m[1m WARNING [21m[0m] Element conservation is violated too large
[[93m[1m WARNING [21m[0m] at step: 2376
[[93m[1m WARNING [21m[0m] -----------------------------------------------------------------
[[93m[1m WARNING [21m[0m] Element conservation is violated too large
[[93m[1m WARNING [21m[0m] at step: 2377
[[93m[1m WARNING [21m[0m] -----------------------------------------------------------------
[[93m[1m WARNING [21m[0m] Element conservation is violated too large
[[93m[1m WARNING [21m[0m] at step: 2378
[[93m[1m WARNING [21m[0m] -----------------------------------------------------------------
[[93m[1m WARNING [21m[0m] Element conservation is violated too large
[[93m[1m WARNING [21m[0m] at step: 2379
[[93m[1m WARNING [21m[0m] -----------------------------------------------------------------
[[93m[1m WARNING [21m[0m] Element conservation is violated too large
[[93m[1m WARNING [21m[0m] at step: 2380
[[93m[1m WARNING [21m[0m] -----------------------------------------------------------------
[[93m[1m WARNING [21m[0m] Element conservation is violated too large
[[93m[1m WARNING [21m[0m] at step: 2381
[[93m[1m WARNING [21m[0m] -----------------------------------------------------------------
[[93m[1m WARNING [21m[0m] Element conservation is violated too large
[[93m[1m WARNING [21m[0m] at step: 2382
[[93m[1m WARNING [21m[0m] -----------------------------------------------------------------
[[93m[1m WARNING [21m[0m] Element conservation is violated too large
[[93m[1m WARNING [21m[0m] at step: 2383
[[93m[1m WARNING [21m[0m] -----------------------------------------------------------------
[[93m[1m WARNING [21m[0m] Element conservation is violated too large
[[93m[1m WARNING [21m[0m] at step: 2384
[[93m[1m WARNING [21m[0m] -----------------------------------------------------------------
[[93m[1m WARNING [21m[0m] Element conservation is violated too large
[[93m[1m WARNING [21m[0m] at step: 2385
[[93m[1m WARNING [21m[0m] -----------------------------------------------------------------
[[93m[1m WARNING [21m[0m] Element conservation is violated too large
[[93m[1m WARNING [21m[0m] at step: 2386
[[93m[1m WARNING [21m[0m] -----------------------------------------------------------------
[[93m[1m WARNING [21m[0m] Element conservation is violated too large
[[93m[1m WARNING [21m[0m] at step: 2387
[[93m[1m WARNING [21m[0m] -----------------------------------------------------------------
[[93m[1m WARNING [21m[0m] Element conservation is violated too large
[[93m[1m WARNING [21m[0m] at step: 2388
[[93m[1m WARNING [21m[0m] -----------------------------------------------------------------
[[93m[1m WARNING [21m[0m] Element conservation is violated too large
[[93m[1m WARNING [21m[0m] at step: 2389
[[93m[1m WARNING [21m[0m] -----------------------------------------------------------------
[[93m[1m WARNING [21m[0m] Element conservation is violated too large
[[93m[1m WARNING [21m[0m] at step: 2390
[[93m[1m WARNING [21m[0m] -----------------------------------------------------------------
[[93m[1m WARNING [21m[0m] Element conservation is violated too large
[[93m[1m WARNING [21m[0m] at step: 2391
[[93m[1m WARNING [21m[0m] -----------------------------------------------------------------
[[93m[1m WARNING [21m[0m] Element conservation is violated too large
[[93m[1m WARNING [21m[0m] at step: 2392
[[93m[1m WARNING [21m[0m] -----------------------------------------------------------------
[[93m[1m WARNING [21m[0m] Element conservation is violated too large
[[93m[1m WARNING [21m[0m] at step: 2393
[[93m[1m WARNING [21m[0m] -----------------------------------------------------------------
[[93m[1m WARNING [21m[0m] Element conservation is violated too large
[[93m[1m WARNING [21m[0m] at step: 2394
[[93m[1m WARNING [21m[0m] -----------------------------------------------------------------
[[93m[1m WARNING [21m[0m] Element conservation is violated too large
[[93m[1m WARNING [21m[0m] at step: 2395
[[93m[1m WARNING [21m[0m] -----------------------------------------------------------------
[[93m[1m WARNING [21m[0m] Element conservation is violated too large
[[93m[1m WARNING [21m[0m] at step: 2396
[[93m[1m WARNING [21m[0m] -----------------------------------------------------------------
[[93m[1m WARNING [21m[0m] Element conservation is violated too large
[[93m[1m WARNING [21m[0m] at step: 2397
[[93m[1m WARNING [21m[0m] -----------------------------------------------------------------
[[93m[1m WARNING [21m[0m] Element conservation is violated too large
[[93m[1m WARNING [21m[0m] at step: 2398
[[93m[1m WARNING [21m[0m] -----------------------------------------------------------------
[[93m[1m WARNING [21m[0m] Element conservation is violated too large
[[93m[1m WARNING [21m[0m] at step: 2399
[[93m[1m WARNING [21m[0m] -----------------------------------------------------------------
[[32m[1m INFO  [21m[0m] Elapsed time: 8.53e+02 || Step number: 2400/30000
[[32m[1m INFO  [21m[0m] longdy = 1.28e+00      || longdy/dt = 1.24e-02  || dt = 2.15e+00
[[32m[1m INFO  [21m[0m] from nz = 31 and HCS
[[32m[1m INFO  [21m[0m] -----------------------------------------------------------------
[[93m[1m WARNING [21m[0m] Element conservation is violated too large
[[93m[1m WARNING [21m[0m] at step: 2400
[[93m[1m WARNING [21m[0m] -----------------------------------------------------------------
[[93m[1m WARNING [21m[0m] Element conservation is violated too large
[[93m[1m WARNING [21m[0m] at step: 2403
[[93m[1m WARNING [21m[0m] -----------------------------------------------------------------
[[93m[1m WARNING [21m[0m] Element conservation is violated too large
[[93m[1m WARNING [21m[0m] at step: 2404
[[93m[1m WARNING [21m[0m] -----------------------------------------------------------------
[[93m[1m WARNING [21m[0m] Element conservation is violated too large
[[93m[1m WARNING [21m[0m] at step: 2405
[[93m[1m WARNING [21m[0m] -----------------------------------------------------------------
[[93m[1m WARNING [21m[0m] Element conservation is violated too large
[[93m[1m WARNING [21m[0m] at step: 2406
[[93m[1m WARNING [21m[0m] -----------------------------------------------------------------
[[93m[1m WARNING [21m[0m] Element conservation is violated too large
[[93m[1m WARNING [21m[0m] at step: 2407
[[93m[1m WARNING [21m[0m] -----------------------------------------------------------------
[[93m[1m WARNING [21m[0m] Element conservation is violated too large
[[93m[1m WARNING [21m[0m] at step: 2408
[[93m[1m WARNING [21m[0m] -----------------------------------------------------------------
[[93m[1m WARNING [21m[0m] Element conservation is violated too large
[[93m[1m WARNING [21m[0m] at step: 2409
[[93m[1m WARNING [21m[0m] -----------------------------------------------------------------
[[93m[1m WARNING [21m[0m] Element conservation is violated too large
[[93m[1m WARNING [21m[0m] at step: 2410
[[93m[1m WARNING [21m[0m] -----------------------------------------------------------------
[[93m[1m WARNING [21m[0m] Element conservation is violated too large
[[93m[1m WARNING [21m[0m] at step: 2411
[[93m[1m WARNING [21m[0m] -----------------------------------------------------------------
[[93m[1m WARNING [21m[0m] Element conservation is violated too large
[[93m[1m WARNING [21m[0m] at step: 2412
[[93m[1m WARNING [21m[0m] -----------------------------------------------------------------
[[93m[1m WARNING [21m[0m] Element conservation is violated too large
[[93m[1m WARNING [21m[0m] at step: 2413
[[93m[1m WARNING [21m[0m] -----------------------------------------------------------------
[[93m[1m WARNING [21m[0m] Element conservation is violated too large
[[93m[1m WARNING [21m[0m] at step: 2414
[[93m[1m WARNING [21m[0m] -----------------------------------------------------------------
[[93m[1m WARNING [21m[0m] Element conservation is violated too large
[[93m[1m WARNING [21m[0m] at step: 2415
[[93m[1m WARNING [21m[0m] -----------------------------------------------------------------
[[93m[1m WARNING [21m[0m] Element conservation is violated too large
[[93m[1m WARNING [21m[0m] at step: 2416
[[93m[1m WARNING [21m[0m] -----------------------------------------------------------------
[[93m[1m WARNING [21m[0m] Element conservation is violated too large
[[93m[1m WARNING [21m[0m] at step: 2417
[[93m[1m WARNING [21m[0m] -----------------------------------------------------------------
[[93m[1m WARNING [21m[0m] Element conservation is violated too large
[[93m[1m WARNING [21m[0m] at step: 2418
[[93m[1m WARNING [21m[0m] -----------------------------------------------------------------
[[93m[1m WARNING [21m[0m] Element conservation is violated too large
[[93m[1m WARNING [21m[0m] at step: 2419
[[93m[1m WARNING [21m[0m] -----------------------------------------------------------------
[[93m[1m WARNING [21m[0m] Element conservation is violated too large
[[93m[1m WARNING [21m[0m] at step: 2420
[[93m[1m WARNING [21m[0m] -----------------------------------------------------------------
[[93m[1m WARNING [21m[0m] Element conservation is violated too large
[[93m[1m WARNING [21m[0m] at step: 2421
[[93m[1m WARNING [21m[0m] -----------------------------------------------------------------
[[93m[1m WARNING [21m[0m] Element conservation is violated too large
[[93m[1m WARNING [21m[0m] at step: 2422
[[93m[1m WARNING [21m[0m] -----------------------------------------------------------------
[[93m[1m WARNING [21m[0m] Element conservation is violated too large
[[93m[1m WARNING [21m[0m] at step: 2423
[[93m[1m WARNING [21m[0m] -----------------------------------------------------------------
[[93m[1m WARNING [21m[0m] Element conservation is violated too large
[[93m[1m WARNING [21m[0m] at step: 2424
[[93m[1m WARNING [21m[0m] -----------------------------------------------------------------
[[93m[1m WARNING [21m[0m] Element conservation is violated too large
[[93m[1m WARNING [21m[0m] at step: 2425
[[93m[1m WARNING [21m[0m] -----------------------------------------------------------------
[[93m[1m WARNING [21m[0m] Element conservation is violated too large
[[93m[1m WARNING [21m[0m] at step: 2426
[[93m[1m WARNING [21m[0m] -----------------------------------------------------------------
[[93m[1m WARNING [21m[0m] Element conservation is violated too large
[[93m[1m WARNING [21m[0m] at step: 2427
[[93m[1m WARNING [21m[0m] -----------------------------------------------------------------
[[93m[1m WARNING [21m[0m] Element conservation is violated too large
[[93m[1m WARNING [21m[0m] at step: 2428
[[93m[1m WARNING [21m[0m] -----------------------------------------------------------------
[[93m[1m WARNING [21m[0m] Element conservation is violated too large
[[93m[1m WARNING [21m[0m] at step: 2429
[[93m[1m WARNING [21m[0m] -----------------------------------------------------------------
[[93m[1m WARNING [21m[0m] Element conservation is violated too large
[[93m[1m WARNING [21m[0m] at step: 2430
[[93m[1m WARNING [21m[0m] -----------------------------------------------------------------
[[93m[1m WARNING [21m[0m] Element conservation is violated too large
[[93m[1m WARNING [21m[0m] at step: 2431
[[93m[1m WARNING [21m[0m] -----------------------------------------------------------------
[[93m[1m WARNING [21m[0m] Element conservation is violated too large
[[93m[1m WARNING [21m[0m] at step: 2432
[[93m[1m WARNING [21m[0m] -----------------------------------------------------------------
[[93m[1m WARNING [21m[0m] Element conservation is violated too large
[[93m[1m WARNING [21m[0m] at step: 2433
[[93m[1m WARNING [21m[0m] -----------------------------------------------------------------
[[93m[1m WARNING [21m[0m] Element conservation is violated too large
[[93m[1m WARNING [21m[0m] at step: 2434
[[93m[1m WARNING [21m[0m] -----------------------------------------------------------------
[[93m[1m WARNING [21m[0m] Element conservation is violated too large
[[93m[1m WARNING [21m[0m] at step: 2435
[[93m[1m WARNING [21m[0m] -----------------------------------------------------------------
[[93m[1m WARNING [21m[0m] Element conservation is violated too large
[[93m[1m WARNING [21m[0m] at step: 2436
[[93m[1m WARNING [21m[0m] -----------------------------------------------------------------
[[93m[1m WARNING [21m[0m] Element conservation is violated too large
[[93m[1m WARNING [21m[0m] at step: 2437
[[93m[1m WARNING [21m[0m] -----------------------------------------------------------------
[[93m[1m WARNING [21m[0m] Element conservation is violated too large
[[93m[1m WARNING [21m[0m] at step: 2438
[[93m[1m WARNING [21m[0m] -----------------------------------------------------------------
[[93m[1m WARNING [21m[0m] Element conservation is violated too large
[[93m[1m WARNING [21m[0m] at step: 2439
[[93m[1m WARNING [21m[0m] -----------------------------------------------------------------
[[93m[1m WARNING [21m[0m] Element conservation is violated too large
[[93m[1m WARNING [21m[0m] at step: 2440
[[93m[1m WARNING [21m[0m] -----------------------------------------------------------------
[[93m[1m WARNING [21m[0m] Element conservation is violated too large
[[93m[1m WARNING [21m[0m] at step: 2441
[[93m[1m WARNING [21m[0m] -----------------------------------------------------------------
[[93m[1m WARNING [21m[0m] Element conservation is violated too large
[[93m[1m WARNING [21m[0m] at step: 2442
[[93m[1m WARNING [21m[0m] -----------------------------------------------------------------
[[93m[1m WARNING [21m[0m] Element conservation is violated too large
[[93m[1m WARNING [21m[0m] at step: 2443
[[93m[1m WARNING [21m[0m] -----------------------------------------------------------------
[[93m[1m WARNING [21m[0m] Element conservation is violated too large
[[93m[1m WARNING [21m[0m] at step: 2444
[[93m[1m WARNING [21m[0m] -----------------------------------------------------------------
[[93m[1m WARNING [21m[0m] Element conservation is violated too large
[[93m[1m WARNING [21m[0m] at step: 2445
[[93m[1m WARNING [21m[0m] -----------------------------------------------------------------
[[93m[1m WARNING [21m[0m] Element conservation is violated too large
[[93m[1m WARNING [21m[0m] at step: 2446
[[93m[1m WARNING [21m[0m] -----------------------------------------------------------------
[[93m[1m WARNING [21m[0m] Element conservation is violated too large
[[93m[1m WARNING [21m[0m] at step: 2447
[[93m[1m WARNING [21m[0m] -----------------------------------------------------------------
[[93m[1m WARNING [21m[0m] Element conservation is violated too large
[[93m[1m WARNING [21m[0m] at step: 2448
[[93m[1m WARNING [21m[0m] -----------------------------------------------------------------
[[93m[1m WARNING [21m[0m] Element conservation is violated too large
[[93m[1m WARNING [21m[0m] at step: 2449
[[93m[1m WARNING [21m[0m] -----------------------------------------------------------------
[[93m[1m WARNING [21m[0m] Element conservation is violated too large
[[93m[1m WARNING [21m[0m] at step: 2450
[[93m[1m WARNING [21m[0m] -----------------------------------------------------------------
[[93m[1m WARNING [21m[0m] Element conservation is violated too large
[[93m[1m WARNING [21m[0m] at step: 2451
[[93m[1m WARNING [21m[0m] -----------------------------------------------------------------
[[93m[1m WARNING [21m[0m] Element conservation is violated too large
[[93m[1m WARNING [21m[0m] at step: 2453
[[93m[1m WARNING [21m[0m] -----------------------------------------------------------------
[[93m[1m WARNING [21m[0m] Element conservation is violated too large
[[93m[1m WARNING [21m[0m] at step: 2454
[[93m[1m WARNING [21m[0m] -----------------------------------------------------------------
[[93m[1m WARNING [21m[0m] Element conservation is violated too large
[[93m[1m WARNING [21m[0m] at step: 2455
[[93m[1m WARNING [21m[0m] -----------------------------------------------------------------
[[93m[1m WARNING [21m[0m] Element conservation is violated too large
[[93m[1m WARNING [21m[0m] at step: 2456
[[93m[1m WARNING [21m[0m] -----------------------------------------------------------------
[[93m[1m WARNING [21m[0m] Element conservation is violated too large
[[93m[1m WARNING [21m[0m] at step: 2457
[[93m[1m WARNING [21m[0m] -----------------------------------------------------------------
[[93m[1m WARNING [21m[0m] Element conservation is violated too large
[[93m[1m WARNING [21m[0m] at step: 2458
[[93m[1m WARNING [21m[0m] -----------------------------------------------------------------
[[93m[1m WARNING [21m[0m] Element conservation is violated too large
[[93m[1m WARNING [21m[0m] at step: 2459
[[93m[1m WARNING [21m[0m] -----------------------------------------------------------------
[[93m[1m WARNING [21m[0m] Element conservation is violated too large
[[93m[1m WARNING [21m[0m] at step: 2460
[[93m[1m WARNING [21m[0m] -----------------------------------------------------------------
[[93m[1m WARNING [21m[0m] Element conservation is violated too large
[[93m[1m WARNING [21m[0m] at step: 2461
[[93m[1m WARNING [21m[0m] -----------------------------------------------------------------
[[93m[1m WARNING [21m[0m] Element conservation is violated too large
[[93m[1m WARNING [21m[0m] at step: 2462
[[93m[1m WARNING [21m[0m] -----------------------------------------------------------------
[[93m[1m WARNING [21m[0m] Element conservation is violated too large
[[93m[1m WARNING [21m[0m] at step: 2463
[[93m[1m WARNING [21m[0m] -----------------------------------------------------------------
[[93m[1m WARNING [21m[0m] Element conservation is violated too large
[[93m[1m WARNING [21m[0m] at step: 2464
[[93m[1m WARNING [21m[0m] -----------------------------------------------------------------
[[93m[1m WARNING [21m[0m] Element conservation is violated too large
[[93m[1m WARNING [21m[0m] at step: 2465
[[93m[1m WARNING [21m[0m] -----------------------------------------------------------------
[[93m[1m WARNING [21m[0m] Element conservation is violated too large
[[93m[1m WARNING [21m[0m] at step: 2466
[[93m[1m WARNING [21m[0m] -----------------------------------------------------------------
[[93m[1m WARNING [21m[0m] Element conservation is violated too large
[[93m[1m WARNING [21m[0m] at step: 2467
[[93m[1m WARNING [21m[0m] -----------------------------------------------------------------
[[93m[1m WARNING [21m[0m] Element conservation is violated too large
[[93m[1m WARNING [21m[0m] at step: 2468
[[93m[1m WARNING [21m[0m] -----------------------------------------------------------------
[[93m[1m WARNING [21m[0m] Element conservation is violated too large
[[93m[1m WARNING [21m[0m] at step: 2469
[[93m[1m WARNING [21m[0m] -----------------------------------------------------------------
[[93m[1m WARNING [21m[0m] Element conservation is violated too large
[[93m[1m WARNING [21m[0m] at step: 2470
[[93m[1m WARNING [21m[0m] -----------------------------------------------------------------
[[93m[1m WARNING [21m[0m] Element conservation is violated too large
[[93m[1m WARNING [21m[0m] at step: 2471
[[93m[1m WARNING [21m[0m] -----------------------------------------------------------------
[[93m[1m WARNING [21m[0m] Element conservation is violated too large
[[93m[1m WARNING [21m[0m] at step: 2472
[[93m[1m WARNING [21m[0m] -----------------------------------------------------------------
[[93m[1m WARNING [21m[0m] Element conservation is violated too large
[[93m[1m WARNING [21m[0m] at step: 2473
[[93m[1m WARNING [21m[0m] -----------------------------------------------------------------
[[93m[1m WARNING [21m[0m] Element conservation is violated too large
[[93m[1m WARNING [21m[0m] at step: 2474
[[93m[1m WARNING [21m[0m] -----------------------------------------------------------------
[[93m[1m WARNING [21m[0m] Element conservation is violated too large
[[93m[1m WARNING [21m[0m] at step: 2475
[[93m[1m WARNING [21m[0m] -----------------------------------------------------------------
[[93m[1m WARNING [21m[0m] Element conservation is violated too large
[[93m[1m WARNING [21m[0m] at step: 2476
[[93m[1m WARNING [21m[0m] -----------------------------------------------------------------
[[93m[1m WARNING [21m[0m] Element conservation is violated too large
[[93m[1m WARNING [21m[0m] at step: 2477
[[93m[1m WARNING [21m[0m] -----------------------------------------------------------------
[[93m[1m WARNING [21m[0m] Element conservation is violated too large
[[93m[1m WARNING [21m[0m] at step: 2478
[[93m[1m WARNING [21m[0m] -----------------------------------------------------------------
[[93m[1m WARNING [21m[0m] Element conservation is violated too large
[[93m[1m WARNING [21m[0m] at step: 2479
[[93m[1m WARNING [21m[0m] -----------------------------------------------------------------
[[93m[1m WARNING [21m[0m] Element conservation is violated too large
[[93m[1m WARNING [21m[0m] at step: 2480
[[93m[1m WARNING [21m[0m] -----------------------------------------------------------------
[[93m[1m WARNING [21m[0m] Element conservation is violated too large
[[93m[1m WARNING [21m[0m] at step: 2481
[[93m[1m WARNING [21m[0m] -----------------------------------------------------------------
[[93m[1m WARNING [21m[0m] Element conservation is violated too large
[[93m[1m WARNING [21m[0m] at step: 2482
[[93m[1m WARNING [21m[0m] -----------------------------------------------------------------
[[93m[1m WARNING [21m[0m] Element conservation is violated too large
[[93m[1m WARNING [21m[0m] at step: 2483
[[93m[1m WARNING [21m[0m] -----------------------------------------------------------------
[[93m[1m WARNING [21m[0m] Element conservation is violated too large
[[93m[1m WARNING [21m[0m] at step: 2484
[[93m[1m WARNING [21m[0m] -----------------------------------------------------------------
[[93m[1m WARNING [21m[0m] Element conservation is violated too large
[[93m[1m WARNING [21m[0m] at step: 2485
[[93m[1m WARNING [21m[0m] -----------------------------------------------------------------
[[93m[1m WARNING [21m[0m] Element conservation is violated too large
[[93m[1m WARNING [21m[0m] at step: 2486
[[93m[1m WARNING [21m[0m] -----------------------------------------------------------------
[[93m[1m WARNING [21m[0m] Element conservation is violated too large
[[93m[1m WARNING [21m[0m] at step: 2487
[[93m[1m WARNING [21m[0m] -----------------------------------------------------------------
[[93m[1m WARNING [21m[0m] Element conservation is violated too large
[[93m[1m WARNING [21m[0m] at step: 2488
[[93m[1m WARNING [21m[0m] -----------------------------------------------------------------
[[93m[1m WARNING [21m[0m] Element conservation is violated too large
[[93m[1m WARNING [21m[0m] at step: 2489
[[93m[1m WARNING [21m[0m] -----------------------------------------------------------------
[[93m[1m WARNING [21m[0m] Element conservation is violated too large
[[93m[1m WARNING [21m[0m] at step: 2490
[[93m[1m WARNING [21m[0m] -----------------------------------------------------------------
[[93m[1m WARNING [21m[0m] Element conservation is violated too large
[[93m[1m WARNING [21m[0m] at step: 2491
[[93m[1m WARNING [21m[0m] -----------------------------------------------------------------
[[93m[1m WARNING [21m[0m] Element conservation is violated too large
[[93m[1m WARNING [21m[0m] at step: 2492
[[93m[1m WARNING [21m[0m] -----------------------------------------------------------------
[[93m[1m WARNING [21m[0m] Element conservation is violated too large
[[93m[1m WARNING [21m[0m] at step: 2493
[[93m[1m WARNING [21m[0m] -----------------------------------------------------------------
[[93m[1m WARNING [21m[0m] Element conservation is violated too large
[[93m[1m WARNING [21m[0m] at step: 2494
[[93m[1m WARNING [21m[0m] -----------------------------------------------------------------
[[93m[1m WARNING [21m[0m] Element conservation is violated too large
[[93m[1m WARNING [21m[0m] at step: 2495
[[93m[1m WARNING [21m[0m] -----------------------------------------------------------------
[[93m[1m WARNING [21m[0m] Element conservation is violated too large
[[93m[1m WARNING [21m[0m] at step: 2496
[[93m[1m WARNING [21m[0m] -----------------------------------------------------------------
[[93m[1m WARNING [21m[0m] Element conservation is violated too large
[[93m[1m WARNING [21m[0m] at step: 2497
[[93m[1m WARNING [21m[0m] -----------------------------------------------------------------
[[93m[1m WARNING [21m[0m] Element conservation is violated too large
[[93m[1m WARNING [21m[0m] at step: 2498
[[93m[1m WARNING [21m[0m] -----------------------------------------------------------------
[[93m[1m WARNING [21m[0m] Element conservation is violated too large
[[93m[1m WARNING [21m[0m] at step: 2499
[[93m[1m WARNING [21m[0m] -----------------------------------------------------------------
[[32m[1m INFO  [21m[0m] Elapsed time: 1.04e+03 || Step number: 2500/30000
[[32m[1m INFO  [21m[0m] longdy = 2.86e+00      || longdy/dt = 1.53e-02  || dt = 4.10e+00
[[32m[1m INFO  [21m[0m] from nz = 30 and HCS
[[32m[1m INFO  [21m[0m] -----------------------------------------------------------------
[[93m[1m WARNING [21m[0m] Element conservation is violated too large
[[93m[1m WARNING [21m[0m] at step: 2500
[[93m[1m WARNING [21m[0m] -----------------------------------------------------------------
[[93m[1m WARNING [21m[0m] Element conservation is violated too large
[[93m[1m WARNING [21m[0m] at step: 2503
[[93m[1m WARNING [21m[0m] -----------------------------------------------------------------
[[93m[1m WARNING [21m[0m] Element conservation is violated too large
[[93m[1m WARNING [21m[0m] at step: 2504
[[93m[1m WARNING [21m[0m] -----------------------------------------------------------------
[[93m[1m WARNING [21m[0m] Element conservation is violated too large
[[93m[1m WARNING [21m[0m] at step: 2505
[[93m[1m WARNING [21m[0m] -----------------------------------------------------------------
[[93m[1m WARNING [21m[0m] Element conservation is violated too large
[[93m[1m WARNING [21m[0m] at step: 2506
[[93m[1m WARNING [21m[0m] -----------------------------------------------------------------
[[93m[1m WARNING [21m[0m] Element conservation is violated too large
[[93m[1m WARNING [21m[0m] at step: 2507
[[93m[1m WARNING [21m[0m] -----------------------------------------------------------------
[[93m[1m WARNING [21m[0m] Element conservation is violated too large
[[93m[1m WARNING [21m[0m] at step: 2508
[[93m[1m WARNING [21m[0m] -----------------------------------------------------------------
[[93m[1m WARNING [21m[0m] Element conservation is violated too large
[[93m[1m WARNING [21m[0m] at step: 2509
[[93m[1m WARNING [21m[0m] -----------------------------------------------------------------
[[93m[1m WARNING [21m[0m] Element conservation is violated too large
[[93m[1m WARNING [21m[0m] at step: 2510
[[93m[1m WARNING [21m[0m] -----------------------------------------------------------------
[[93m[1m WARNING [21m[0m] Element conservation is violated too large
[[93m[1m WARNING [21m[0m] at step: 2511
[[93m[1m WARNING [21m[0m] -----------------------------------------------------------------
[[93m[1m WARNING [21m[0m] Element conservation is violated too large
[[93m[1m WARNING [21m[0m] at step: 2512
[[93m[1m WARNING [21m[0m] -----------------------------------------------------------------
[[93m[1m WARNING [21m[0m] Element conservation is violated too large
[[93m[1m WARNING [21m[0m] at step: 2513
[[93m[1m WARNING [21m[0m] -----------------------------------------------------------------
[[93m[1m WARNING [21m[0m] Element conservation is violated too large
[[93m[1m WARNING [21m[0m] at step: 2514
[[93m[1m WARNING [21m[0m] -----------------------------------------------------------------
[[93m[1m WARNING [21m[0m] Element conservation is violated too large
[[93m[1m WARNING [21m[0m] at step: 2515
[[93m[1m WARNING [21m[0m] -----------------------------------------------------------------
[[93m[1m WARNING [21m[0m] Element conservation is violated too large
[[93m[1m WARNING [21m[0m] at step: 2516
[[93m[1m WARNING [21m[0m] -----------------------------------------------------------------
[[93m[1m WARNING [21m[0m] Element conservation is violated too large
[[93m[1m WARNING [21m[0m] at step: 2517
[[93m[1m WARNING [21m[0m] -----------------------------------------------------------------
[[93m[1m WARNING [21m[0m] Element conservation is violated too large
[[93m[1m WARNING [21m[0m] at step: 2518
[[93m[1m WARNING [21m[0m] -----------------------------------------------------------------
[[93m[1m WARNING [21m[0m] Element conservation is violated too large
[[93m[1m WARNING [21m[0m] at step: 2519
[[93m[1m WARNING [21m[0m] -----------------------------------------------------------------
[[93m[1m WARNING [21m[0m] Element conservation is violated too large
[[93m[1m WARNING [21m[0m] at step: 2520
[[93m[1m WARNING [21m[0m] -----------------------------------------------------------------
[[93m[1m WARNING [21m[0m] Element conservation is violated too large
[[93m[1m WARNING [21m[0m] at step: 2521
[[93m[1m WARNING [21m[0m] -----------------------------------------------------------------
[[93m[1m WARNING [21m[0m] Element conservation is violated too large
[[93m[1m WARNING [21m[0m] at step: 2522
[[93m[1m WARNING [21m[0m] -----------------------------------------------------------------
[[93m[1m WARNING [21m[0m] Element conservation is violated too large
[[93m[1m WARNING [21m[0m] at step: 2523
[[93m[1m WARNING [21m[0m] -----------------------------------------------------------------
[[93m[1m WARNING [21m[0m] Element conservation is violated too large
[[93m[1m WARNING [21m[0m] at step: 2524
[[93m[1m WARNING [21m[0m] -----------------------------------------------------------------
[[93m[1m WARNING [21m[0m] Element conservation is violated too large
[[93m[1m WARNING [21m[0m] at step: 2525
[[93m[1m WARNING [21m[0m] -----------------------------------------------------------------
[[93m[1m WARNING [21m[0m] Element conservation is violated too large
[[93m[1m WARNING [21m[0m] at step: 2526
[[93m[1m WARNING [21m[0m] -----------------------------------------------------------------
[[93m[1m WARNING [21m[0m] Element conservation is violated too large
[[93m[1m WARNING [21m[0m] at step: 2527
[[93m[1m WARNING [21m[0m] -----------------------------------------------------------------
[[93m[1m WARNING [21m[0m] Element conservation is violated too large
[[93m[1m WARNING [21m[0m] at step: 2528
[[93m[1m WARNING [21m[0m] -----------------------------------------------------------------
[[93m[1m WARNING [21m[0m] Element conservation is violated too large
[[93m[1m WARNING [21m[0m] at step: 2529
[[93m[1m WARNING [21m[0m] -----------------------------------------------------------------
[[93m[1m WARNING [21m[0m] Element conservation is violated too large
[[93m[1m WARNING [21m[0m] at step: 2530
[[93m[1m WARNING [21m[0m] -----------------------------------------------------------------
[[93m[1m WARNING [21m[0m] Element conservation is violated too large
[[93m[1m WARNING [21m[0m] at step: 2531
[[93m[1m WARNING [21m[0m] -----------------------------------------------------------------
[[93m[1m WARNING [21m[0m] Element conservation is violated too large
[[93m[1m WARNING [21m[0m] at step: 2532
[[93m[1m WARNING [21m[0m] -----------------------------------------------------------------
[[93m[1m WARNING [21m[0m] Element conservation is violated too large
[[93m[1m WARNING [21m[0m] at step: 2533
[[93m[1m WARNING [21m[0m] -----------------------------------------------------------------
[[93m[1m WARNING [21m[0m] Element conservation is violated too large
[[93m[1m WARNING [21m[0m] at step: 2534
[[93m[1m WARNING [21m[0m] -----------------------------------------------------------------
[[93m[1m WARNING [21m[0m] Element conservation is violated too large
[[93m[1m WARNING [21m[0m] at step: 2535
[[93m[1m WARNING [21m[0m] -----------------------------------------------------------------
[[93m[1m WARNING [21m[0m] Element conservation is violated too large
[[93m[1m WARNING [21m[0m] at step: 2536
[[93m[1m WARNING [21m[0m] -----------------------------------------------------------------
[[93m[1m WARNING [21m[0m] Element conservation is violated too large
[[93m[1m WARNING [21m[0m] at step: 2537
[[93m[1m WARNING [21m[0m] -----------------------------------------------------------------
[[93m[1m WARNING [21m[0m] Element conservation is violated too large
[[93m[1m WARNING [21m[0m] at step: 2538
[[93m[1m WARNING [21m[0m] -----------------------------------------------------------------
[[93m[1m WARNING [21m[0m] Element conservation is violated too large
[[93m[1m WARNING [21m[0m] at step: 2539
[[93m[1m WARNING [21m[0m] -----------------------------------------------------------------
[[93m[1m WARNING [21m[0m] Element conservation is violated too large
[[93m[1m WARNING [21m[0m] at step: 2540
[[93m[1m WARNING [21m[0m] -----------------------------------------------------------------
[[93m[1m WARNING [21m[0m] Element conservation is violated too large
[[93m[1m WARNING [21m[0m] at step: 2541
[[93m[1m WARNING [21m[0m] -----------------------------------------------------------------
[[93m[1m WARNING [21m[0m] Element conservation is violated too large
[[93m[1m WARNING [21m[0m] at step: 2542
[[93m[1m WARNING [21m[0m] -----------------------------------------------------------------
[[93m[1m WARNING [21m[0m] Element conservation is violated too large
[[93m[1m WARNING [21m[0m] at step: 2543
[[93m[1m WARNING [21m[0m] -----------------------------------------------------------------
[[93m[1m WARNING [21m[0m] Element conservation is violated too large
[[93m[1m WARNING [21m[0m] at step: 2544
[[93m[1m WARNING [21m[0m] -----------------------------------------------------------------
[[93m[1m WARNING [21m[0m] Element conservation is violated too large
[[93m[1m WARNING [21m[0m] at step: 2545
[[93m[1m WARNING [21m[0m] -----------------------------------------------------------------
[[93m[1m WARNING [21m[0m] Element conservation is violated too large
[[93m[1m WARNING [21m[0m] at step: 2546
[[93m[1m WARNING [21m[0m] -----------------------------------------------------------------
[[93m[1m WARNING [21m[0m] Element conservation is violated too large
[[93m[1m WARNING [21m[0m] at step: 2547
[[93m[1m WARNING [21m[0m] -----------------------------------------------------------------
[[93m[1m WARNING [21m[0m] Element conservation is violated too large
[[93m[1m WARNING [21m[0m] at step: 2548
[[93m[1m WARNING [21m[0m] -----------------------------------------------------------------
[[93m[1m WARNING [21m[0m] Element conservation is violated too large
[[93m[1m WARNING [21m[0m] at step: 2549
[[93m[1m WARNING [21m[0m] -----------------------------------------------------------------
[[93m[1m WARNING [21m[0m] Element conservation is violated too large
[[93m[1m WARNING [21m[0m] at step: 2550
[[93m[1m WARNING [21m[0m] -----------------------------------------------------------------
[[93m[1m WARNING [21m[0m] Element conservation is violated too large
[[93m[1m WARNING [21m[0m] at step: 2551
[[93m[1m WARNING [21m[0m] -----------------------------------------------------------------
[[93m[1m WARNING [21m[0m] Element conservation is violated too large
[[93m[1m WARNING [21m[0m] at step: 2553
[[93m[1m WARNING [21m[0m] -----------------------------------------------------------------
[[93m[1m WARNING [21m[0m] Element conservation is violated too large
[[93m[1m WARNING [21m[0m] at step: 2554
[[93m[1m WARNING [21m[0m] -----------------------------------------------------------------
[[93m[1m WARNING [21m[0m] Element conservation is violated too large
[[93m[1m WARNING [21m[0m] at step: 2555
[[93m[1m WARNING [21m[0m] -----------------------------------------------------------------
[[93m[1m WARNING [21m[0m] Element conservation is violated too large
[[93m[1m WARNING [21m[0m] at step: 2556
[[93m[1m WARNING [21m[0m] -----------------------------------------------------------------
[[93m[1m WARNING [21m[0m] Element conservation is violated too large
[[93m[1m WARNING [21m[0m] at step: 2557
[[93m[1m WARNING [21m[0m] -----------------------------------------------------------------
[[93m[1m WARNING [21m[0m] Element conservation is violated too large
[[93m[1m WARNING [21m[0m] at step: 2558
[[93m[1m WARNING [21m[0m] -----------------------------------------------------------------
[[93m[1m WARNING [21m[0m] Element conservation is violated too large
[[93m[1m WARNING [21m[0m] at step: 2559
[[93m[1m WARNING [21m[0m] -----------------------------------------------------------------
[[93m[1m WARNING [21m[0m] Element conservation is violated too large
[[93m[1m WARNING [21m[0m] at step: 2560
[[93m[1m WARNING [21m[0m] -----------------------------------------------------------------
[[93m[1m WARNING [21m[0m] Element conservation is violated too large
[[93m[1m WARNING [21m[0m] at step: 2561
[[93m[1m WARNING [21m[0m] -----------------------------------------------------------------
[[93m[1m WARNING [21m[0m] Element conservation is violated too large
[[93m[1m WARNING [21m[0m] at step: 2562
[[93m[1m WARNING [21m[0m] -----------------------------------------------------------------
[[93m[1m WARNING [21m[0m] Element conservation is violated too large
[[93m[1m WARNING [21m[0m] at step: 2563
[[93m[1m WARNING [21m[0m] -----------------------------------------------------------------
[[93m[1m WARNING [21m[0m] Element conservation is violated too large
[[93m[1m WARNING [21m[0m] at step: 2564
[[93m[1m WARNING [21m[0m] -----------------------------------------------------------------
[[93m[1m WARNING [21m[0m] Element conservation is violated too large
[[93m[1m WARNING [21m[0m] at step: 2565
[[93m[1m WARNING [21m[0m] -----------------------------------------------------------------
[[93m[1m WARNING [21m[0m] Element conservation is violated too large
[[93m[1m WARNING [21m[0m] at step: 2566
[[93m[1m WARNING [21m[0m] -----------------------------------------------------------------
[[93m[1m WARNING [21m[0m] Element conservation is violated too large
[[93m[1m WARNING [21m[0m] at step: 2567
[[93m[1m WARNING [21m[0m] -----------------------------------------------------------------
[[93m[1m WARNING [21m[0m] Element conservation is violated too large
[[93m[1m WARNING [21m[0m] at step: 2568
[[93m[1m WARNING [21m[0m] -----------------------------------------------------------------
[[93m[1m WARNING [21m[0m] Element conservation is violated too large
[[93m[1m WARNING [21m[0m] at step: 2569
[[93m[1m WARNING [21m[0m] -----------------------------------------------------------------
[[93m[1m WARNING [21m[0m] Element conservation is violated too large
[[93m[1m WARNING [21m[0m] at step: 2570
[[93m[1m WARNING [21m[0m] -----------------------------------------------------------------
[[93m[1m WARNING [21m[0m] Element conservation is violated too large
[[93m[1m WARNING [21m[0m] at step: 2571
[[93m[1m WARNING [21m[0m] -----------------------------------------------------------------
[[93m[1m WARNING [21m[0m] Element conservation is violated too large
[[93m[1m WARNING [21m[0m] at step: 2572
[[93m[1m WARNING [21m[0m] -----------------------------------------------------------------
[[93m[1m WARNING [21m[0m] Element conservation is violated too large
[[93m[1m WARNING [21m[0m] at step: 2573
[[93m[1m WARNING [21m[0m] -----------------------------------------------------------------
[[93m[1m WARNING [21m[0m] Element conservation is violated too large
[[93m[1m WARNING [21m[0m] at step: 2574
[[93m[1m WARNING [21m[0m] -----------------------------------------------------------------
[[93m[1m WARNING [21m[0m] Element conservation is violated too large
[[93m[1m WARNING [21m[0m] at step: 2575
[[93m[1m WARNING [21m[0m] -----------------------------------------------------------------
[[93m[1m WARNING [21m[0m] Element conservation is violated too large
[[93m[1m WARNING [21m[0m] at step: 2576
[[93m[1m WARNING [21m[0m] -----------------------------------------------------------------
[[93m[1m WARNING [21m[0m] Element conservation is violated too large
[[93m[1m WARNING [21m[0m] at step: 2577
[[93m[1m WARNING [21m[0m] -----------------------------------------------------------------
[[93m[1m WARNING [21m[0m] Element conservation is violated too large
[[93m[1m WARNING [21m[0m] at step: 2578
[[93m[1m WARNING [21m[0m] -----------------------------------------------------------------
[[93m[1m WARNING [21m[0m] Element conservation is violated too large
[[93m[1m WARNING [21m[0m] at step: 2579
[[93m[1m WARNING [21m[0m] -----------------------------------------------------------------
[[93m[1m WARNING [21m[0m] Element conservation is violated too large
[[93m[1m WARNING [21m[0m] at step: 2580
[[93m[1m WARNING [21m[0m] -----------------------------------------------------------------
[[93m[1m WARNING [21m[0m] Element conservation is violated too large
[[93m[1m WARNING [21m[0m] at step: 2581
[[93m[1m WARNING [21m[0m] -----------------------------------------------------------------
[[93m[1m WARNING [21m[0m] Element conservation is violated too large
[[93m[1m WARNING [21m[0m] at step: 2582
[[93m[1m WARNING [21m[0m] -----------------------------------------------------------------
[[93m[1m WARNING [21m[0m] Element conservation is violated too large
[[93m[1m WARNING [21m[0m] at step: 2583
[[93m[1m WARNING [21m[0m] -----------------------------------------------------------------
[[93m[1m WARNING [21m[0m] Element conservation is violated too large
[[93m[1m WARNING [21m[0m] at step: 2584
[[93m[1m WARNING [21m[0m] -----------------------------------------------------------------
[[93m[1m WARNING [21m[0m] Element conservation is violated too large
[[93m[1m WARNING [21m[0m] at step: 2585
[[93m[1m WARNING [21m[0m] -----------------------------------------------------------------
[[93m[1m WARNING [21m[0m] Element conservation is violated too large
[[93m[1m WARNING [21m[0m] at step: 2586
[[93m[1m WARNING [21m[0m] -----------------------------------------------------------------
[[93m[1m WARNING [21m[0m] Element conservation is violated too large
[[93m[1m WARNING [21m[0m] at step: 2587
[[93m[1m WARNING [21m[0m] -----------------------------------------------------------------
[[93m[1m WARNING [21m[0m] Element conservation is violated too large
[[93m[1m WARNING [21m[0m] at step: 2588
[[93m[1m WARNING [21m[0m] -----------------------------------------------------------------
[[93m[1m WARNING [21m[0m] Element conservation is violated too large
[[93m[1m WARNING [21m[0m] at step: 2589
[[93m[1m WARNING [21m[0m] -----------------------------------------------------------------
[[93m[1m WARNING [21m[0m] Element conservation is violated too large
[[93m[1m WARNING [21m[0m] at step: 2590
[[93m[1m WARNING [21m[0m] -----------------------------------------------------------------
[[93m[1m WARNING [21m[0m] Element conservation is violated too large
[[93m[1m WARNING [21m[0m] at step: 2591
[[93m[1m WARNING [21m[0m] -----------------------------------------------------------------
[[93m[1m WARNING [21m[0m] Element conservation is violated too large
[[93m[1m WARNING [21m[0m] at step: 2592
[[93m[1m WARNING [21m[0m] -----------------------------------------------------------------
[[93m[1m WARNING [21m[0m] Element conservation is violated too large
[[93m[1m WARNING [21m[0m] at step: 2593
[[93m[1m WARNING [21m[0m] -----------------------------------------------------------------
[[93m[1m WARNING [21m[0m] Element conservation is violated too large
[[93m[1m WARNING [21m[0m] at step: 2594
[[93m[1m WARNING [21m[0m] -----------------------------------------------------------------
[[93m[1m WARNING [21m[0m] Element conservation is violated too large
[[93m[1m WARNING [21m[0m] at step: 2595
[[93m[1m WARNING [21m[0m] -----------------------------------------------------------------
[[93m[1m WARNING [21m[0m] Element conservation is violated too large
[[93m[1m WARNING [21m[0m] at step: 2596
[[93m[1m WARNING [21m[0m] -----------------------------------------------------------------
[[93m[1m WARNING [21m[0m] Element conservation is violated too large
[[93m[1m WARNING [21m[0m] at step: 2597
[[93m[1m WARNING [21m[0m] -----------------------------------------------------------------
[[93m[1m WARNING [21m[0m] Element conservation is violated too large
[[93m[1m WARNING [21m[0m] at step: 2598
[[93m[1m WARNING [21m[0m] -----------------------------------------------------------------
[[93m[1m WARNING [21m[0m] Element conservation is violated too large
[[93m[1m WARNING [21m[0m] at step: 2599
[[93m[1m WARNING [21m[0m] -----------------------------------------------------------------
[[32m[1m INFO  [21m[0m] Elapsed time: 1.22e+03 || Step number: 2600/30000
[[32m[1m INFO  [21m[0m] longdy = 2.37e+00      || longdy/dt = 1.34e-02  || dt = 3.47e+00
[[32m[1m INFO  [21m[0m] from nz = 30 and HCS
[[32m[1m INFO  [21m[0m] -----------------------------------------------------------------
[[93m[1m WARNING [21m[0m] Element conservation is violated too large
[[93m[1m WARNING [21m[0m] at step: 2600
[[93m[1m WARNING [21m[0m] -----------------------------------------------------------------
[[93m[1m WARNING [21m[0m] Element conservation is violated too large
[[93m[1m WARNING [21m[0m] at step: 2603
[[93m[1m WARNING [21m[0m] -----------------------------------------------------------------
[[93m[1m WARNING [21m[0m] Element conservation is violated too large
[[93m[1m WARNING [21m[0m] at step: 2604
[[93m[1m WARNING [21m[0m] -----------------------------------------------------------------
[[93m[1m WARNING [21m[0m] Element conservation is violated too large
[[93m[1m WARNING [21m[0m] at step: 2605
[[93m[1m WARNING [21m[0m] -----------------------------------------------------------------
[[93m[1m WARNING [21m[0m] Element conservation is violated too large
[[93m[1m WARNING [21m[0m] at step: 2606
[[93m[1m WARNING [21m[0m] -----------------------------------------------------------------
[[93m[1m WARNING [21m[0m] Element conservation is violated too large
[[93m[1m WARNING [21m[0m] at step: 2607
[[93m[1m WARNING [21m[0m] -----------------------------------------------------------------
[[93m[1m WARNING [21m[0m] Element conservation is violated too large
[[93m[1m WARNING [21m[0m] at step: 2608
[[93m[1m WARNING [21m[0m] -----------------------------------------------------------------
[[93m[1m WARNING [21m[0m] Element conservation is violated too large
[[93m[1m WARNING [21m[0m] at step: 2609
[[93m[1m WARNING [21m[0m] -----------------------------------------------------------------
[[93m[1m WARNING [21m[0m] Element conservation is violated too large
[[93m[1m WARNING [21m[0m] at step: 2610
[[93m[1m WARNING [21m[0m] -----------------------------------------------------------------
[[93m[1m WARNING [21m[0m] Element conservation is violated too large
[[93m[1m WARNING [21m[0m] at step: 2611
[[93m[1m WARNING [21m[0m] -----------------------------------------------------------------
[[93m[1m WARNING [21m[0m] Element conservation is violated too large
[[93m[1m WARNING [21m[0m] at step: 2612
[[93m[1m WARNING [21m[0m] -----------------------------------------------------------------
[[93m[1m WARNING [21m[0m] Element conservation is violated too large
[[93m[1m WARNING [21m[0m] at step: 2613
[[93m[1m WARNING [21m[0m] -----------------------------------------------------------------
[[93m[1m WARNING [21m[0m] Element conservation is violated too large
[[93m[1m WARNING [21m[0m] at step: 2614
[[93m[1m WARNING [21m[0m] -----------------------------------------------------------------
[[93m[1m WARNING [21m[0m] Element conservation is violated too large
[[93m[1m WARNING [21m[0m] at step: 2615
[[93m[1m WARNING [21m[0m] -----------------------------------------------------------------
[[93m[1m WARNING [21m[0m] Element conservation is violated too large
[[93m[1m WARNING [21m[0m] at step: 2616
[[93m[1m WARNING [21m[0m] -----------------------------------------------------------------
[[93m[1m WARNING [21m[0m] Element conservation is violated too large
[[93m[1m WARNING [21m[0m] at step: 2617
[[93m[1m WARNING [21m[0m] -----------------------------------------------------------------
[[93m[1m WARNING [21m[0m] Element conservation is violated too large
[[93m[1m WARNING [21m[0m] at step: 2618
[[93m[1m WARNING [21m[0m] -----------------------------------------------------------------
[[93m[1m WARNING [21m[0m] Element conservation is violated too large
[[93m[1m WARNING [21m[0m] at step: 2619
[[93m[1m WARNING [21m[0m] -----------------------------------------------------------------
[[93m[1m WARNING [21m[0m] Element conservation is violated too large
[[93m[1m WARNING [21m[0m] at step: 2620
[[93m[1m WARNING [21m[0m] -----------------------------------------------------------------
[[93m[1m WARNING [21m[0m] Element conservation is violated too large
[[93m[1m WARNING [21m[0m] at step: 2621
[[93m[1m WARNING [21m[0m] -----------------------------------------------------------------
[[93m[1m WARNING [21m[0m] Element conservation is violated too large
[[93m[1m WARNING [21m[0m] at step: 2622
[[93m[1m WARNING [21m[0m] -----------------------------------------------------------------
[[93m[1m WARNING [21m[0m] Element conservation is violated too large
[[93m[1m WARNING [21m[0m] at step: 2623
[[93m[1m WARNING [21m[0m] -----------------------------------------------------------------
[[93m[1m WARNING [21m[0m] Element conservation is violated too large
[[93m[1m WARNING [21m[0m] at step: 2624
[[93m[1m WARNING [21m[0m] -----------------------------------------------------------------
[[93m[1m WARNING [21m[0m] Element conservation is violated too large
[[93m[1m WARNING [21m[0m] at step: 2625
[[93m[1m WARNING [21m[0m] -----------------------------------------------------------------
[[93m[1m WARNING [21m[0m] Element conservation is violated too large
[[93m[1m WARNING [21m[0m] at step: 2626
[[93m[1m WARNING [21m[0m] -----------------------------------------------------------------
[[93m[1m WARNING [21m[0m] Element conservation is violated too large
[[93m[1m WARNING [21m[0m] at step: 2627
[[93m[1m WARNING [21m[0m] -----------------------------------------------------------------
[[93m[1m WARNING [21m[0m] Element conservation is violated too large
[[93m[1m WARNING [21m[0m] at step: 2628
[[93m[1m WARNING [21m[0m] -----------------------------------------------------------------
[[93m[1m WARNING [21m[0m] Element conservation is violated too large
[[93m[1m WARNING [21m[0m] at step: 2629
[[93m[1m WARNING [21m[0m] -----------------------------------------------------------------
[[93m[1m WARNING [21m[0m] Element conservation is violated too large
[[93m[1m WARNING [21m[0m] at step: 2630
[[93m[1m WARNING [21m[0m] -----------------------------------------------------------------
[[93m[1m WARNING [21m[0m] Element conservation is violated too large
[[93m[1m WARNING [21m[0m] at step: 2631
[[93m[1m WARNING [21m[0m] -----------------------------------------------------------------
[[93m[1m WARNING [21m[0m] Element conservation is violated too large
[[93m[1m WARNING [21m[0m] at step: 2632
[[93m[1m WARNING [21m[0m] -----------------------------------------------------------------
[[93m[1m WARNING [21m[0m] Element conservation is violated too large
[[93m[1m WARNING [21m[0m] at step: 2633
[[93m[1m WARNING [21m[0m] -----------------------------------------------------------------
[[93m[1m WARNING [21m[0m] Element conservation is violated too large
[[93m[1m WARNING [21m[0m] at step: 2634
[[93m[1m WARNING [21m[0m] -----------------------------------------------------------------
[[93m[1m WARNING [21m[0m] Element conservation is violated too large
[[93m[1m WARNING [21m[0m] at step: 2635
[[93m[1m WARNING [21m[0m] -----------------------------------------------------------------
[[93m[1m WARNING [21m[0m] Element conservation is violated too large
[[93m[1m WARNING [21m[0m] at step: 2636
[[93m[1m WARNING [21m[0m] -----------------------------------------------------------------
[[93m[1m WARNING [21m[0m] Element conservation is violated too large
[[93m[1m WARNING [21m[0m] at step: 2637
[[93m[1m WARNING [21m[0m] -----------------------------------------------------------------
[[93m[1m WARNING [21m[0m] Element conservation is violated too large
[[93m[1m WARNING [21m[0m] at step: 2638
[[93m[1m WARNING [21m[0m] -----------------------------------------------------------------
[[93m[1m WARNING [21m[0m] Element conservation is violated too large
[[93m[1m WARNING [21m[0m] at step: 2639
[[93m[1m WARNING [21m[0m] -----------------------------------------------------------------
[[93m[1m WARNING [21m[0m] Element conservation is violated too large
[[93m[1m WARNING [21m[0m] at step: 2640
[[93m[1m WARNING [21m[0m] -----------------------------------------------------------------
[[93m[1m WARNING [21m[0m] Element conservation is violated too large
[[93m[1m WARNING [21m[0m] at step: 2641
[[93m[1m WARNING [21m[0m] -----------------------------------------------------------------
[[93m[1m WARNING [21m[0m] Element conservation is violated too large
[[93m[1m WARNING [21m[0m] at step: 2642
[[93m[1m WARNING [21m[0m] -----------------------------------------------------------------
[[93m[1m WARNING [21m[0m] Element conservation is violated too large
[[93m[1m WARNING [21m[0m] at step: 2643
[[93m[1m WARNING [21m[0m] -----------------------------------------------------------------
[[93m[1m WARNING [21m[0m] Element conservation is violated too large
[[93m[1m WARNING [21m[0m] at step: 2644
[[93m[1m WARNING [21m[0m] -----------------------------------------------------------------
[[93m[1m WARNING [21m[0m] Element conservation is violated too large
[[93m[1m WARNING [21m[0m] at step: 2645
[[93m[1m WARNING [21m[0m] -----------------------------------------------------------------
[[93m[1m WARNING [21m[0m] Element conservation is violated too large
[[93m[1m WARNING [21m[0m] at step: 2646
[[93m[1m WARNING [21m[0m] -----------------------------------------------------------------
[[93m[1m WARNING [21m[0m] Element conservation is violated too large
[[93m[1m WARNING [21m[0m] at step: 2647
[[93m[1m WARNING [21m[0m] -----------------------------------------------------------------
[[93m[1m WARNING [21m[0m] Element conservation is violated too large
[[93m[1m WARNING [21m[0m] at step: 2648
[[93m[1m WARNING [21m[0m] -----------------------------------------------------------------
[[93m[1m WARNING [21m[0m] Element conservation is violated too large
[[93m[1m WARNING [21m[0m] at step: 2649
[[93m[1m WARNING [21m[0m] -----------------------------------------------------------------
[[93m[1m WARNING [21m[0m] Element conservation is violated too large
[[93m[1m WARNING [21m[0m] at step: 2650
[[93m[1m WARNING [21m[0m] -----------------------------------------------------------------
[[93m[1m WARNING [21m[0m] Element conservation is violated too large
[[93m[1m WARNING [21m[0m] at step: 2651
[[93m[1m WARNING [21m[0m] -----------------------------------------------------------------
[[93m[1m WARNING [21m[0m] Element conservation is violated too large
[[93m[1m WARNING [21m[0m] at step: 2654
[[93m[1m WARNING [21m[0m] -----------------------------------------------------------------
[[93m[1m WARNING [21m[0m] Element conservation is violated too large
[[93m[1m WARNING [21m[0m] at step: 2655
[[93m[1m WARNING [21m[0m] -----------------------------------------------------------------
[[93m[1m WARNING [21m[0m] Element conservation is violated too large
[[93m[1m WARNING [21m[0m] at step: 2656
[[93m[1m WARNING [21m[0m] -----------------------------------------------------------------
[[93m[1m WARNING [21m[0m] Element conservation is violated too large
[[93m[1m WARNING [21m[0m] at step: 2657
[[93m[1m WARNING [21m[0m] -----------------------------------------------------------------
[[93m[1m WARNING [21m[0m] Element conservation is violated too large
[[93m[1m WARNING [21m[0m] at step: 2658
[[93m[1m WARNING [21m[0m] -----------------------------------------------------------------
[[93m[1m WARNING [21m[0m] Element conservation is violated too large
[[93m[1m WARNING [21m[0m] at step: 2659
[[93m[1m WARNING [21m[0m] -----------------------------------------------------------------
[[93m[1m WARNING [21m[0m] Element conservation is violated too large
[[93m[1m WARNING [21m[0m] at step: 2660
[[93m[1m WARNING [21m[0m] -----------------------------------------------------------------
[[93m[1m WARNING [21m[0m] Element conservation is violated too large
[[93m[1m WARNING [21m[0m] at step: 2661
[[93m[1m WARNING [21m[0m] -----------------------------------------------------------------
[[93m[1m WARNING [21m[0m] Element conservation is violated too large
[[93m[1m WARNING [21m[0m] at step: 2662
[[93m[1m WARNING [21m[0m] -----------------------------------------------------------------
[[93m[1m WARNING [21m[0m] Element conservation is violated too large
[[93m[1m WARNING [21m[0m] at step: 2663
[[93m[1m WARNING [21m[0m] -----------------------------------------------------------------
[[93m[1m WARNING [21m[0m] Element conservation is violated too large
[[93m[1m WARNING [21m[0m] at step: 2664
[[93m[1m WARNING [21m[0m] -----------------------------------------------------------------
[[93m[1m WARNING [21m[0m] Element conservation is violated too large
[[93m[1m WARNING [21m[0m] at step: 2665
[[93m[1m WARNING [21m[0m] -----------------------------------------------------------------
[[93m[1m WARNING [21m[0m] Element conservation is violated too large
[[93m[1m WARNING [21m[0m] at step: 2666
[[93m[1m WARNING [21m[0m] -----------------------------------------------------------------
[[93m[1m WARNING [21m[0m] Element conservation is violated too large
[[93m[1m WARNING [21m[0m] at step: 2667
[[93m[1m WARNING [21m[0m] -----------------------------------------------------------------
[[93m[1m WARNING [21m[0m] Element conservation is violated too large
[[93m[1m WARNING [21m[0m] at step: 2668
[[93m[1m WARNING [21m[0m] -----------------------------------------------------------------
[[93m[1m WARNING [21m[0m] Element conservation is violated too large
[[93m[1m WARNING [21m[0m] at step: 2669
[[93m[1m WARNING [21m[0m] -----------------------------------------------------------------
[[93m[1m WARNING [21m[0m] Element conservation is violated too large
[[93m[1m WARNING [21m[0m] at step: 2670
[[93m[1m WARNING [21m[0m] -----------------------------------------------------------------
[[93m[1m WARNING [21m[0m] Element conservation is violated too large
[[93m[1m WARNING [21m[0m] at step: 2671
[[93m[1m WARNING [21m[0m] -----------------------------------------------------------------
[[93m[1m WARNING [21m[0m] Element conservation is violated too large
[[93m[1m WARNING [21m[0m] at step: 2672
[[93m[1m WARNING [21m[0m] -----------------------------------------------------------------
[[93m[1m WARNING [21m[0m] Element conservation is violated too large
[[93m[1m WARNING [21m[0m] at step: 2673
[[93m[1m WARNING [21m[0m] -----------------------------------------------------------------
[[93m[1m WARNING [21m[0m] Element conservation is violated too large
[[93m[1m WARNING [21m[0m] at step: 2674
[[93m[1m WARNING [21m[0m] -----------------------------------------------------------------
[[93m[1m WARNING [21m[0m] Element conservation is violated too large
[[93m[1m WARNING [21m[0m] at step: 2675
[[93m[1m WARNING [21m[0m] -----------------------------------------------------------------
[[93m[1m WARNING [21m[0m] Element conservation is violated too large
[[93m[1m WARNING [21m[0m] at step: 2676
[[93m[1m WARNING [21m[0m] -----------------------------------------------------------------
[[93m[1m WARNING [21m[0m] Element conservation is violated too large
[[93m[1m WARNING [21m[0m] at step: 2677
[[93m[1m WARNING [21m[0m] -----------------------------------------------------------------
[[93m[1m WARNING [21m[0m] Element conservation is violated too large
[[93m[1m WARNING [21m[0m] at step: 2678
[[93m[1m WARNING [21m[0m] -----------------------------------------------------------------
[[93m[1m WARNING [21m[0m] Element conservation is violated too large
[[93m[1m WARNING [21m[0m] at step: 2679
[[93m[1m WARNING [21m[0m] -----------------------------------------------------------------
[[93m[1m WARNING [21m[0m] Element conservation is violated too large
[[93m[1m WARNING [21m[0m] at step: 2680
[[93m[1m WARNING [21m[0m] -----------------------------------------------------------------
[[93m[1m WARNING [21m[0m] Element conservation is violated too large
[[93m[1m WARNING [21m[0m] at step: 2681
[[93m[1m WARNING [21m[0m] -----------------------------------------------------------------
[[93m[1m WARNING [21m[0m] Element conservation is violated too large
[[93m[1m WARNING [21m[0m] at step: 2682
[[93m[1m WARNING [21m[0m] -----------------------------------------------------------------
[[93m[1m WARNING [21m[0m] Element conservation is violated too large
[[93m[1m WARNING [21m[0m] at step: 2683
[[93m[1m WARNING [21m[0m] -----------------------------------------------------------------
[[93m[1m WARNING [21m[0m] Element conservation is violated too large
[[93m[1m WARNING [21m[0m] at step: 2684
[[93m[1m WARNING [21m[0m] -----------------------------------------------------------------
[[93m[1m WARNING [21m[0m] Element conservation is violated too large
[[93m[1m WARNING [21m[0m] at step: 2685
[[93m[1m WARNING [21m[0m] -----------------------------------------------------------------
[[93m[1m WARNING [21m[0m] Element conservation is violated too large
[[93m[1m WARNING [21m[0m] at step: 2686
[[93m[1m WARNING [21m[0m] -----------------------------------------------------------------
[[93m[1m WARNING [21m[0m] Element conservation is violated too large
[[93m[1m WARNING [21m[0m] at step: 2687
[[93m[1m WARNING [21m[0m] -----------------------------------------------------------------
[[93m[1m WARNING [21m[0m] Element conservation is violated too large
[[93m[1m WARNING [21m[0m] at step: 2688
[[93m[1m WARNING [21m[0m] -----------------------------------------------------------------
[[93m[1m WARNING [21m[0m] Element conservation is violated too large
[[93m[1m WARNING [21m[0m] at step: 2689
[[93m[1m WARNING [21m[0m] -----------------------------------------------------------------
[[93m[1m WARNING [21m[0m] Element conservation is violated too large
[[93m[1m WARNING [21m[0m] at step: 2690
[[93m[1m WARNING [21m[0m] -----------------------------------------------------------------
[[93m[1m WARNING [21m[0m] Element conservation is violated too large
[[93m[1m WARNING [21m[0m] at step: 2691
[[93m[1m WARNING [21m[0m] -----------------------------------------------------------------
[[93m[1m WARNING [21m[0m] Element conservation is violated too large
[[93m[1m WARNING [21m[0m] at step: 2692
[[93m[1m WARNING [21m[0m] -----------------------------------------------------------------
[[93m[1m WARNING [21m[0m] Element conservation is violated too large
[[93m[1m WARNING [21m[0m] at step: 2693
[[93m[1m WARNING [21m[0m] -----------------------------------------------------------------
[[93m[1m WARNING [21m[0m] Element conservation is violated too large
[[93m[1m WARNING [21m[0m] at step: 2694
[[93m[1m WARNING [21m[0m] -----------------------------------------------------------------
[[93m[1m WARNING [21m[0m] Element conservation is violated too large
[[93m[1m WARNING [21m[0m] at step: 2695
[[93m[1m WARNING [21m[0m] -----------------------------------------------------------------
[[93m[1m WARNING [21m[0m] Element conservation is violated too large
[[93m[1m WARNING [21m[0m] at step: 2696
[[93m[1m WARNING [21m[0m] -----------------------------------------------------------------
[[93m[1m WARNING [21m[0m] Element conservation is violated too large
[[93m[1m WARNING [21m[0m] at step: 2697
[[93m[1m WARNING [21m[0m] -----------------------------------------------------------------
[[93m[1m WARNING [21m[0m] Element conservation is violated too large
[[93m[1m WARNING [21m[0m] at step: 2698
[[93m[1m WARNING [21m[0m] -----------------------------------------------------------------
[[93m[1m WARNING [21m[0m] Element conservation is violated too large
[[93m[1m WARNING [21m[0m] at step: 2699
[[93m[1m WARNING [21m[0m] -----------------------------------------------------------------
[[32m[1m INFO  [21m[0m] Elapsed time: 1.46e+03 || Step number: 2700/30000
[[32m[1m INFO  [21m[0m] longdy = 3.86e+00      || longdy/dt = 1.66e-02  || dt = 6.25e+00
[[32m[1m INFO  [21m[0m] from nz = 29 and HCS
[[32m[1m INFO  [21m[0m] -----------------------------------------------------------------
[[93m[1m WARNING [21m[0m] Element conservation is violated too large
[[93m[1m WARNING [21m[0m] at step: 2700
[[93m[1m WARNING [21m[0m] -----------------------------------------------------------------
[[93m[1m WARNING [21m[0m] Element conservation is violated too large
[[93m[1m WARNING [21m[0m] at step: 2725
[[93m[1m WARNING [21m[0m] -----------------------------------------------------------------
[[93m[1m WARNING [21m[0m] Element conservation is violated too large
[[93m[1m WARNING [21m[0m] at step: 2726
[[93m[1m WARNING [21m[0m] -----------------------------------------------------------------
[[93m[1m WARNING [21m[0m] Element conservation is violated too large
[[93m[1m WARNING [21m[0m] at step: 2727
[[93m[1m WARNING [21m[0m] -----------------------------------------------------------------
[[93m[1m WARNING [21m[0m] Element conservation is violated too large
[[93m[1m WARNING [21m[0m] at step: 2728
[[93m[1m WARNING [21m[0m] -----------------------------------------------------------------
[[93m[1m WARNING [21m[0m] Element conservation is violated too large
[[93m[1m WARNING [21m[0m] at step: 2729
[[93m[1m WARNING [21m[0m] -----------------------------------------------------------------
[[93m[1m WARNING [21m[0m] Element conservation is violated too large
[[93m[1m WARNING [21m[0m] at step: 2730
[[93m[1m WARNING [21m[0m] -----------------------------------------------------------------
[[93m[1m WARNING [21m[0m] Element conservation is violated too large
[[93m[1m WARNING [21m[0m] at step: 2731
[[93m[1m WARNING [21m[0m] -----------------------------------------------------------------
[[93m[1m WARNING [21m[0m] Element conservation is violated too large
[[93m[1m WARNING [21m[0m] at step: 2732
[[93m[1m WARNING [21m[0m] -----------------------------------------------------------------
[[93m[1m WARNING [21m[0m] Element conservation is violated too large
[[93m[1m WARNING [21m[0m] at step: 2733
[[93m[1m WARNING [21m[0m] -----------------------------------------------------------------
[[93m[1m WARNING [21m[0m] Element conservation is violated too large
[[93m[1m WARNING [21m[0m] at step: 2734
[[93m[1m WARNING [21m[0m] -----------------------------------------------------------------
[[93m[1m WARNING [21m[0m] Element conservation is violated too large
[[93m[1m WARNING [21m[0m] at step: 2735
[[93m[1m WARNING [21m[0m] -----------------------------------------------------------------
[[93m[1m WARNING [21m[0m] Element conservation is violated too large
[[93m[1m WARNING [21m[0m] at step: 2736
[[93m[1m WARNING [21m[0m] -----------------------------------------------------------------
[[93m[1m WARNING [21m[0m] Element conservation is violated too large
[[93m[1m WARNING [21m[0m] at step: 2737
[[93m[1m WARNING [21m[0m] -----------------------------------------------------------------
[[93m[1m WARNING [21m[0m] Element conservation is violated too large
[[93m[1m WARNING [21m[0m] at step: 2738
[[93m[1m WARNING [21m[0m] -----------------------------------------------------------------
[[93m[1m WARNING [21m[0m] Element conservation is violated too large
[[93m[1m WARNING [21m[0m] at step: 2739
[[93m[1m WARNING [21m[0m] -----------------------------------------------------------------
[[93m[1m WARNING [21m[0m] Element conservation is violated too large
[[93m[1m WARNING [21m[0m] at step: 2740
[[93m[1m WARNING [21m[0m] -----------------------------------------------------------------
[[93m[1m WARNING [21m[0m] Element conservation is violated too large
[[93m[1m WARNING [21m[0m] at step: 2741
[[93m[1m WARNING [21m[0m] -----------------------------------------------------------------
[[93m[1m WARNING [21m[0m] Element conservation is violated too large
[[93m[1m WARNING [21m[0m] at step: 2742
[[93m[1m WARNING [21m[0m] -----------------------------------------------------------------
[[93m[1m WARNING [21m[0m] Element conservation is violated too large
[[93m[1m WARNING [21m[0m] at step: 2743
[[93m[1m WARNING [21m[0m] -----------------------------------------------------------------
[[93m[1m WARNING [21m[0m] Element conservation is violated too large
[[93m[1m WARNING [21m[0m] at step: 2744
[[93m[1m WARNING [21m[0m] -----------------------------------------------------------------
[[93m[1m WARNING [21m[0m] Element conservation is violated too large
[[93m[1m WARNING [21m[0m] at step: 2745
[[93m[1m WARNING [21m[0m] -----------------------------------------------------------------
[[93m[1m WARNING [21m[0m] Element conservation is violated too large
[[93m[1m WARNING [21m[0m] at step: 2746
[[93m[1m WARNING [21m[0m] -----------------------------------------------------------------
[[93m[1m WARNING [21m[0m] Element conservation is violated too large
[[93m[1m WARNING [21m[0m] at step: 2747
[[93m[1m WARNING [21m[0m] -----------------------------------------------------------------
[[93m[1m WARNING [21m[0m] Element conservation is violated too large
[[93m[1m WARNING [21m[0m] at step: 2748
[[93m[1m WARNING [21m[0m] -----------------------------------------------------------------
[[93m[1m WARNING [21m[0m] Element conservation is violated too large
[[93m[1m WARNING [21m[0m] at step: 2749
[[93m[1m WARNING [21m[0m] -----------------------------------------------------------------
[[93m[1m WARNING [21m[0m] Element conservation is violated too large
[[93m[1m WARNING [21m[0m] at step: 2750
[[93m[1m WARNING [21m[0m] -----------------------------------------------------------------
[[93m[1m WARNING [21m[0m] Element conservation is violated too large
[[93m[1m WARNING [21m[0m] at step: 2751
[[93m[1m WARNING [21m[0m] -----------------------------------------------------------------
[[93m[1m WARNING [21m[0m] Element conservation is violated too large
[[93m[1m WARNING [21m[0m] at step: 2753
[[93m[1m WARNING [21m[0m] -----------------------------------------------------------------
[[93m[1m WARNING [21m[0m] Element conservation is violated too large
[[93m[1m WARNING [21m[0m] at step: 2754
[[93m[1m WARNING [21m[0m] -----------------------------------------------------------------
[[93m[1m WARNING [21m[0m] Element conservation is violated too large
[[93m[1m WARNING [21m[0m] at step: 2755
[[93m[1m WARNING [21m[0m] -----------------------------------------------------------------
[[93m[1m WARNING [21m[0m] Element conservation is violated too large
[[93m[1m WARNING [21m[0m] at step: 2756
[[93m[1m WARNING [21m[0m] -----------------------------------------------------------------
[[93m[1m WARNING [21m[0m] Element conservation is violated too large
[[93m[1m WARNING [21m[0m] at step: 2757
[[93m[1m WARNING [21m[0m] -----------------------------------------------------------------
[[93m[1m WARNING [21m[0m] Element conservation is violated too large
[[93m[1m WARNING [21m[0m] at step: 2758
[[93m[1m WARNING [21m[0m] -----------------------------------------------------------------
[[93m[1m WARNING [21m[0m] Element conservation is violated too large
[[93m[1m WARNING [21m[0m] at step: 2759
[[93m[1m WARNING [21m[0m] -----------------------------------------------------------------
[[93m[1m WARNING [21m[0m] Element conservation is violated too large
[[93m[1m WARNING [21m[0m] at step: 2760
[[93m[1m WARNING [21m[0m] -----------------------------------------------------------------
[[93m[1m WARNING [21m[0m] Element conservation is violated too large
[[93m[1m WARNING [21m[0m] at step: 2761
[[93m[1m WARNING [21m[0m] -----------------------------------------------------------------
[[93m[1m WARNING [21m[0m] Element conservation is violated too large
[[93m[1m WARNING [21m[0m] at step: 2762
[[93m[1m WARNING [21m[0m] -----------------------------------------------------------------
[[93m[1m WARNING [21m[0m] Element conservation is violated too large
[[93m[1m WARNING [21m[0m] at step: 2763
[[93m[1m WARNING [21m[0m] -----------------------------------------------------------------
[[93m[1m WARNING [21m[0m] Element conservation is violated too large
[[93m[1m WARNING [21m[0m] at step: 2764
[[93m[1m WARNING [21m[0m] -----------------------------------------------------------------
[[93m[1m WARNING [21m[0m] Element conservation is violated too large
[[93m[1m WARNING [21m[0m] at step: 2765
[[93m[1m WARNING [21m[0m] -----------------------------------------------------------------
[[93m[1m WARNING [21m[0m] Element conservation is violated too large
[[93m[1m WARNING [21m[0m] at step: 2766
[[93m[1m WARNING [21m[0m] -----------------------------------------------------------------
[[93m[1m WARNING [21m[0m] Element conservation is violated too large
[[93m[1m WARNING [21m[0m] at step: 2767
[[93m[1m WARNING [21m[0m] -----------------------------------------------------------------
[[93m[1m WARNING [21m[0m] Element conservation is violated too large
[[93m[1m WARNING [21m[0m] at step: 2768
[[93m[1m WARNING [21m[0m] -----------------------------------------------------------------
[[93m[1m WARNING [21m[0m] Element conservation is violated too large
[[93m[1m WARNING [21m[0m] at step: 2769
[[93m[1m WARNING [21m[0m] -----------------------------------------------------------------
[[93m[1m WARNING [21m[0m] Element conservation is violated too large
[[93m[1m WARNING [21m[0m] at step: 2770
[[93m[1m WARNING [21m[0m] -----------------------------------------------------------------
[[93m[1m WARNING [21m[0m] Element conservation is violated too large
[[93m[1m WARNING [21m[0m] at step: 2771
[[93m[1m WARNING [21m[0m] -----------------------------------------------------------------
[[93m[1m WARNING [21m[0m] Element conservation is violated too large
[[93m[1m WARNING [21m[0m] at step: 2772
[[93m[1m WARNING [21m[0m] -----------------------------------------------------------------
[[93m[1m WARNING [21m[0m] Element conservation is violated too large
[[93m[1m WARNING [21m[0m] at step: 2773
[[93m[1m WARNING [21m[0m] -----------------------------------------------------------------
[[93m[1m WARNING [21m[0m] Element conservation is violated too large
[[93m[1m WARNING [21m[0m] at step: 2774
[[93m[1m WARNING [21m[0m] -----------------------------------------------------------------
[[93m[1m WARNING [21m[0m] Element conservation is violated too large
[[93m[1m WARNING [21m[0m] at step: 2775
[[93m[1m WARNING [21m[0m] -----------------------------------------------------------------
[[93m[1m WARNING [21m[0m] Element conservation is violated too large
[[93m[1m WARNING [21m[0m] at step: 2776
[[93m[1m WARNING [21m[0m] -----------------------------------------------------------------
[[93m[1m WARNING [21m[0m] Element conservation is violated too large
[[93m[1m WARNING [21m[0m] at step: 2777
[[93m[1m WARNING [21m[0m] -----------------------------------------------------------------
[[93m[1m WARNING [21m[0m] Element conservation is violated too large
[[93m[1m WARNING [21m[0m] at step: 2778
[[93m[1m WARNING [21m[0m] -----------------------------------------------------------------
[[93m[1m WARNING [21m[0m] Element conservation is violated too large
[[93m[1m WARNING [21m[0m] at step: 2779
[[93m[1m WARNING [21m[0m] -----------------------------------------------------------------
[[93m[1m WARNING [21m[0m] Element conservation is violated too large
[[93m[1m WARNING [21m[0m] at step: 2780
[[93m[1m WARNING [21m[0m] -----------------------------------------------------------------
[[93m[1m WARNING [21m[0m] Element conservation is violated too large
[[93m[1m WARNING [21m[0m] at step: 2781
[[93m[1m WARNING [21m[0m] -----------------------------------------------------------------
[[93m[1m WARNING [21m[0m] Element conservation is violated too large
[[93m[1m WARNING [21m[0m] at step: 2782
[[93m[1m WARNING [21m[0m] -----------------------------------------------------------------
[[93m[1m WARNING [21m[0m] Element conservation is violated too large
[[93m[1m WARNING [21m[0m] at step: 2783
[[93m[1m WARNING [21m[0m] -----------------------------------------------------------------
[[93m[1m WARNING [21m[0m] Element conservation is violated too large
[[93m[1m WARNING [21m[0m] at step: 2784
[[93m[1m WARNING [21m[0m] -----------------------------------------------------------------
[[93m[1m WARNING [21m[0m] Element conservation is violated too large
[[93m[1m WARNING [21m[0m] at step: 2785
[[93m[1m WARNING [21m[0m] -----------------------------------------------------------------
[[93m[1m WARNING [21m[0m] Element conservation is violated too large
[[93m[1m WARNING [21m[0m] at step: 2786
[[93m[1m WARNING [21m[0m] -----------------------------------------------------------------
[[93m[1m WARNING [21m[0m] Element conservation is violated too large
[[93m[1m WARNING [21m[0m] at step: 2787
[[93m[1m WARNING [21m[0m] -----------------------------------------------------------------
[[93m[1m WARNING [21m[0m] Element conservation is violated too large
[[93m[1m WARNING [21m[0m] at step: 2788
[[93m[1m WARNING [21m[0m] -----------------------------------------------------------------
[[93m[1m WARNING [21m[0m] Element conservation is violated too large
[[93m[1m WARNING [21m[0m] at step: 2789
[[93m[1m WARNING [21m[0m] -----------------------------------------------------------------
[[93m[1m WARNING [21m[0m] Element conservation is violated too large
[[93m[1m WARNING [21m[0m] at step: 2790
[[93m[1m WARNING [21m[0m] -----------------------------------------------------------------
[[93m[1m WARNING [21m[0m] Element conservation is violated too large
[[93m[1m WARNING [21m[0m] at step: 2791
[[93m[1m WARNING [21m[0m] -----------------------------------------------------------------
[[93m[1m WARNING [21m[0m] Element conservation is violated too large
[[93m[1m WARNING [21m[0m] at step: 2792
[[93m[1m WARNING [21m[0m] -----------------------------------------------------------------
[[93m[1m WARNING [21m[0m] Element conservation is violated too large
[[93m[1m WARNING [21m[0m] at step: 2793
[[93m[1m WARNING [21m[0m] -----------------------------------------------------------------
[[93m[1m WARNING [21m[0m] Element conservation is violated too large
[[93m[1m WARNING [21m[0m] at step: 2794
[[93m[1m WARNING [21m[0m] -----------------------------------------------------------------
[[93m[1m WARNING [21m[0m] Element conservation is violated too large
[[93m[1m WARNING [21m[0m] at step: 2795
[[93m[1m WARNING [21m[0m] -----------------------------------------------------------------
[[93m[1m WARNING [21m[0m] Element conservation is violated too large
[[93m[1m WARNING [21m[0m] at step: 2796
[[93m[1m WARNING [21m[0m] -----------------------------------------------------------------
[[93m[1m WARNING [21m[0m] Element conservation is violated too large
[[93m[1m WARNING [21m[0m] at step: 2797
[[93m[1m WARNING [21m[0m] -----------------------------------------------------------------
[[93m[1m WARNING [21m[0m] Element conservation is violated too large
[[93m[1m WARNING [21m[0m] at step: 2798
[[93m[1m WARNING [21m[0m] -----------------------------------------------------------------
[[93m[1m WARNING [21m[0m] Element conservation is violated too large
[[93m[1m WARNING [21m[0m] at step: 2799
[[93m[1m WARNING [21m[0m] -----------------------------------------------------------------
[[32m[1m INFO  [21m[0m] Elapsed time: 1.67e+03 || Step number: 2800/30000
[[32m[1m INFO  [21m[0m] longdy = 2.89e+00      || longdy/dt = 1.38e-02  || dt = 5.61e+00
[[32m[1m INFO  [21m[0m] from nz = 28 and HCS
[[32m[1m INFO  [21m[0m] -----------------------------------------------------------------
[[93m[1m WARNING [21m[0m] Element conservation is violated too large
[[93m[1m WARNING [21m[0m] at step: 2800
[[93m[1m WARNING [21m[0m] -----------------------------------------------------------------
[[93m[1m WARNING [21m[0m] Element conservation is violated too large
[[93m[1m WARNING [21m[0m] at step: 2803
[[93m[1m WARNING [21m[0m] -----------------------------------------------------------------
[[93m[1m WARNING [21m[0m] Element conservation is violated too large
[[93m[1m WARNING [21m[0m] at step: 2804
[[93m[1m WARNING [21m[0m] -----------------------------------------------------------------
[[93m[1m WARNING [21m[0m] Element conservation is violated too large
[[93m[1m WARNING [21m[0m] at step: 2805
[[93m[1m WARNING [21m[0m] -----------------------------------------------------------------
[[93m[1m WARNING [21m[0m] Element conservation is violated too large
[[93m[1m WARNING [21m[0m] at step: 2806
[[93m[1m WARNING [21m[0m] -----------------------------------------------------------------
[[93m[1m WARNING [21m[0m] Element conservation is violated too large
[[93m[1m WARNING [21m[0m] at step: 2807
[[93m[1m WARNING [21m[0m] -----------------------------------------------------------------
[[93m[1m WARNING [21m[0m] Element conservation is violated too large
[[93m[1m WARNING [21m[0m] at step: 2808
[[93m[1m WARNING [21m[0m] -----------------------------------------------------------------
[[93m[1m WARNING [21m[0m] Element conservation is violated too large
[[93m[1m WARNING [21m[0m] at step: 2809
[[93m[1m WARNING [21m[0m] -----------------------------------------------------------------
[[93m[1m WARNING [21m[0m] Element conservation is violated too large
[[93m[1m WARNING [21m[0m] at step: 2810
[[93m[1m WARNING [21m[0m] -----------------------------------------------------------------
[[93m[1m WARNING [21m[0m] Element conservation is violated too large
[[93m[1m WARNING [21m[0m] at step: 2811
[[93m[1m WARNING [21m[0m] -----------------------------------------------------------------
[[93m[1m WARNING [21m[0m] Element conservation is violated too large
[[93m[1m WARNING [21m[0m] at step: 2812
[[93m[1m WARNING [21m[0m] -----------------------------------------------------------------
[[93m[1m WARNING [21m[0m] Element conservation is violated too large
[[93m[1m WARNING [21m[0m] at step: 2813
[[93m[1m WARNING [21m[0m] -----------------------------------------------------------------
[[93m[1m WARNING [21m[0m] Element conservation is violated too large
[[93m[1m WARNING [21m[0m] at step: 2814
[[93m[1m WARNING [21m[0m] -----------------------------------------------------------------
[[93m[1m WARNING [21m[0m] Element conservation is violated too large
[[93m[1m WARNING [21m[0m] at step: 2815
[[93m[1m WARNING [21m[0m] -----------------------------------------------------------------
[[93m[1m WARNING [21m[0m] Element conservation is violated too large
[[93m[1m WARNING [21m[0m] at step: 2816
[[93m[1m WARNING [21m[0m] -----------------------------------------------------------------
[[93m[1m WARNING [21m[0m] Element conservation is violated too large
[[93m[1m WARNING [21m[0m] at step: 2817
[[93m[1m WARNING [21m[0m] -----------------------------------------------------------------
[[93m[1m WARNING [21m[0m] Element conservation is violated too large
[[93m[1m WARNING [21m[0m] at step: 2818
[[93m[1m WARNING [21m[0m] -----------------------------------------------------------------
[[93m[1m WARNING [21m[0m] Element conservation is violated too large
[[93m[1m WARNING [21m[0m] at step: 2819
[[93m[1m WARNING [21m[0m] -----------------------------------------------------------------
[[93m[1m WARNING [21m[0m] Element conservation is violated too large
[[93m[1m WARNING [21m[0m] at step: 2820
[[93m[1m WARNING [21m[0m] -----------------------------------------------------------------
[[93m[1m WARNING [21m[0m] Element conservation is violated too large
[[93m[1m WARNING [21m[0m] at step: 2821
[[93m[1m WARNING [21m[0m] -----------------------------------------------------------------
[[93m[1m WARNING [21m[0m] Element conservation is violated too large
[[93m[1m WARNING [21m[0m] at step: 2822
[[93m[1m WARNING [21m[0m] -----------------------------------------------------------------
[[93m[1m WARNING [21m[0m] Element conservation is violated too large
[[93m[1m WARNING [21m[0m] at step: 2823
[[93m[1m WARNING [21m[0m] -----------------------------------------------------------------
[[93m[1m WARNING [21m[0m] Element conservation is violated too large
[[93m[1m WARNING [21m[0m] at step: 2824
[[93m[1m WARNING [21m[0m] -----------------------------------------------------------------
[[93m[1m WARNING [21m[0m] Element conservation is violated too large
[[93m[1m WARNING [21m[0m] at step: 2825
[[93m[1m WARNING [21m[0m] -----------------------------------------------------------------
[[93m[1m WARNING [21m[0m] Element conservation is violated too large
[[93m[1m WARNING [21m[0m] at step: 2826
[[93m[1m WARNING [21m[0m] -----------------------------------------------------------------
[[93m[1m WARNING [21m[0m] Element conservation is violated too large
[[93m[1m WARNING [21m[0m] at step: 2827
[[93m[1m WARNING [21m[0m] -----------------------------------------------------------------
[[93m[1m WARNING [21m[0m] Element conservation is violated too large
[[93m[1m WARNING [21m[0m] at step: 2828
[[93m[1m WARNING [21m[0m] -----------------------------------------------------------------
[[93m[1m WARNING [21m[0m] Element conservation is violated too large
[[93m[1m WARNING [21m[0m] at step: 2829
[[93m[1m WARNING [21m[0m] -----------------------------------------------------------------
[[93m[1m WARNING [21m[0m] Element conservation is violated too large
[[93m[1m WARNING [21m[0m] at step: 2830
[[93m[1m WARNING [21m[0m] -----------------------------------------------------------------
[[93m[1m WARNING [21m[0m] Element conservation is violated too large
[[93m[1m WARNING [21m[0m] at step: 2831
[[93m[1m WARNING [21m[0m] -----------------------------------------------------------------
[[93m[1m WARNING [21m[0m] Element conservation is violated too large
[[93m[1m WARNING [21m[0m] at step: 2832
[[93m[1m WARNING [21m[0m] -----------------------------------------------------------------
[[93m[1m WARNING [21m[0m] Element conservation is violated too large
[[93m[1m WARNING [21m[0m] at step: 2833
[[93m[1m WARNING [21m[0m] -----------------------------------------------------------------
[[93m[1m WARNING [21m[0m] Element conservation is violated too large
[[93m[1m WARNING [21m[0m] at step: 2834
[[93m[1m WARNING [21m[0m] -----------------------------------------------------------------
[[93m[1m WARNING [21m[0m] Element conservation is violated too large
[[93m[1m WARNING [21m[0m] at step: 2835
[[93m[1m WARNING [21m[0m] -----------------------------------------------------------------
[[93m[1m WARNING [21m[0m] Element conservation is violated too large
[[93m[1m WARNING [21m[0m] at step: 2836
[[93m[1m WARNING [21m[0m] -----------------------------------------------------------------
[[93m[1m WARNING [21m[0m] Element conservation is violated too large
[[93m[1m WARNING [21m[0m] at step: 2837
[[93m[1m WARNING [21m[0m] -----------------------------------------------------------------
[[93m[1m WARNING [21m[0m] Element conservation is violated too large
[[93m[1m WARNING [21m[0m] at step: 2838
[[93m[1m WARNING [21m[0m] -----------------------------------------------------------------
[[93m[1m WARNING [21m[0m] Element conservation is violated too large
[[93m[1m WARNING [21m[0m] at step: 2839
[[93m[1m WARNING [21m[0m] -----------------------------------------------------------------
[[93m[1m WARNING [21m[0m] Element conservation is violated too large
[[93m[1m WARNING [21m[0m] at step: 2840
[[93m[1m WARNING [21m[0m] -----------------------------------------------------------------
[[93m[1m WARNING [21m[0m] Element conservation is violated too large
[[93m[1m WARNING [21m[0m] at step: 2841
[[93m[1m WARNING [21m[0m] -----------------------------------------------------------------
[[93m[1m WARNING [21m[0m] Element conservation is violated too large
[[93m[1m WARNING [21m[0m] at step: 2842
[[93m[1m WARNING [21m[0m] -----------------------------------------------------------------
[[93m[1m WARNING [21m[0m] Element conservation is violated too large
[[93m[1m WARNING [21m[0m] at step: 2843
[[93m[1m WARNING [21m[0m] -----------------------------------------------------------------
[[93m[1m WARNING [21m[0m] Element conservation is violated too large
[[93m[1m WARNING [21m[0m] at step: 2844
[[93m[1m WARNING [21m[0m] -----------------------------------------------------------------
[[93m[1m WARNING [21m[0m] Element conservation is violated too large
[[93m[1m WARNING [21m[0m] at step: 2845
[[93m[1m WARNING [21m[0m] -----------------------------------------------------------------
[[93m[1m WARNING [21m[0m] Element conservation is violated too large
[[93m[1m WARNING [21m[0m] at step: 2846
[[93m[1m WARNING [21m[0m] -----------------------------------------------------------------
[[93m[1m WARNING [21m[0m] Element conservation is violated too large
[[93m[1m WARNING [21m[0m] at step: 2847
[[93m[1m WARNING [21m[0m] -----------------------------------------------------------------
[[93m[1m WARNING [21m[0m] Element conservation is violated too large
[[93m[1m WARNING [21m[0m] at step: 2848
[[93m[1m WARNING [21m[0m] -----------------------------------------------------------------
[[93m[1m WARNING [21m[0m] Element conservation is violated too large
[[93m[1m WARNING [21m[0m] at step: 2849
[[93m[1m WARNING [21m[0m] -----------------------------------------------------------------
[[93m[1m WARNING [21m[0m] Element conservation is violated too large
[[93m[1m WARNING [21m[0m] at step: 2850
[[93m[1m WARNING [21m[0m] -----------------------------------------------------------------
[[93m[1m WARNING [21m[0m] Element conservation is violated too large
[[93m[1m WARNING [21m[0m] at step: 2851
[[93m[1m WARNING [21m[0m] -----------------------------------------------------------------
[[93m[1m WARNING [21m[0m] Element conservation is violated too large
[[93m[1m WARNING [21m[0m] at step: 2853
[[93m[1m WARNING [21m[0m] -----------------------------------------------------------------
[[93m[1m WARNING [21m[0m] Element conservation is violated too large
[[93m[1m WARNING [21m[0m] at step: 2854
[[93m[1m WARNING [21m[0m] -----------------------------------------------------------------
[[93m[1m WARNING [21m[0m] Element conservation is violated too large
[[93m[1m WARNING [21m[0m] at step: 2855
[[93m[1m WARNING [21m[0m] -----------------------------------------------------------------
[[93m[1m WARNING [21m[0m] Element conservation is violated too large
[[93m[1m WARNING [21m[0m] at step: 2856
[[93m[1m WARNING [21m[0m] -----------------------------------------------------------------
[[93m[1m WARNING [21m[0m] Element conservation is violated too large
[[93m[1m WARNING [21m[0m] at step: 2857
[[93m[1m WARNING [21m[0m] -----------------------------------------------------------------
[[93m[1m WARNING [21m[0m] Element conservation is violated too large
[[93m[1m WARNING [21m[0m] at step: 2858
[[93m[1m WARNING [21m[0m] -----------------------------------------------------------------
[[93m[1m WARNING [21m[0m] Element conservation is violated too large
[[93m[1m WARNING [21m[0m] at step: 2859
[[93m[1m WARNING [21m[0m] -----------------------------------------------------------------
[[93m[1m WARNING [21m[0m] Element conservation is violated too large
[[93m[1m WARNING [21m[0m] at step: 2860
[[93m[1m WARNING [21m[0m] -----------------------------------------------------------------
[[93m[1m WARNING [21m[0m] Element conservation is violated too large
[[93m[1m WARNING [21m[0m] at step: 2861
[[93m[1m WARNING [21m[0m] -----------------------------------------------------------------
[[93m[1m WARNING [21m[0m] Element conservation is violated too large
[[93m[1m WARNING [21m[0m] at step: 2862
[[93m[1m WARNING [21m[0m] -----------------------------------------------------------------
[[93m[1m WARNING [21m[0m] Element conservation is violated too large
[[93m[1m WARNING [21m[0m] at step: 2863
[[93m[1m WARNING [21m[0m] -----------------------------------------------------------------
[[93m[1m WARNING [21m[0m] Element conservation is violated too large
[[93m[1m WARNING [21m[0m] at step: 2864
[[93m[1m WARNING [21m[0m] -----------------------------------------------------------------
[[93m[1m WARNING [21m[0m] Element conservation is violated too large
[[93m[1m WARNING [21m[0m] at step: 2865
[[93m[1m WARNING [21m[0m] -----------------------------------------------------------------
[[93m[1m WARNING [21m[0m] Element conservation is violated too large
[[93m[1m WARNING [21m[0m] at step: 2866
[[93m[1m WARNING [21m[0m] -----------------------------------------------------------------
[[93m[1m WARNING [21m[0m] Element conservation is violated too large
[[93m[1m WARNING [21m[0m] at step: 2867
[[93m[1m WARNING [21m[0m] -----------------------------------------------------------------
[[93m[1m WARNING [21m[0m] Element conservation is violated too large
[[93m[1m WARNING [21m[0m] at step: 2868
[[93m[1m WARNING [21m[0m] -----------------------------------------------------------------
[[93m[1m WARNING [21m[0m] Element conservation is violated too large
[[93m[1m WARNING [21m[0m] at step: 2869
[[93m[1m WARNING [21m[0m] -----------------------------------------------------------------
[[93m[1m WARNING [21m[0m] Element conservation is violated too large
[[93m[1m WARNING [21m[0m] at step: 2870
[[93m[1m WARNING [21m[0m] -----------------------------------------------------------------
[[93m[1m WARNING [21m[0m] Element conservation is violated too large
[[93m[1m WARNING [21m[0m] at step: 2871
[[93m[1m WARNING [21m[0m] -----------------------------------------------------------------
[[93m[1m WARNING [21m[0m] Element conservation is violated too large
[[93m[1m WARNING [21m[0m] at step: 2872
[[93m[1m WARNING [21m[0m] -----------------------------------------------------------------
[[93m[1m WARNING [21m[0m] Element conservation is violated too large
[[93m[1m WARNING [21m[0m] at step: 2873
[[93m[1m WARNING [21m[0m] -----------------------------------------------------------------
[[93m[1m WARNING [21m[0m] Element conservation is violated too large
[[93m[1m WARNING [21m[0m] at step: 2874
[[93m[1m WARNING [21m[0m] -----------------------------------------------------------------
[[93m[1m WARNING [21m[0m] Element conservation is violated too large
[[93m[1m WARNING [21m[0m] at step: 2875
[[93m[1m WARNING [21m[0m] -----------------------------------------------------------------
[[93m[1m WARNING [21m[0m] Element conservation is violated too large
[[93m[1m WARNING [21m[0m] at step: 2876
[[93m[1m WARNING [21m[0m] -----------------------------------------------------------------
[[93m[1m WARNING [21m[0m] Element conservation is violated too large
[[93m[1m WARNING [21m[0m] at step: 2877
[[93m[1m WARNING [21m[0m] -----------------------------------------------------------------
[[93m[1m WARNING [21m[0m] Element conservation is violated too large
[[93m[1m WARNING [21m[0m] at step: 2878
[[93m[1m WARNING [21m[0m] -----------------------------------------------------------------
[[93m[1m WARNING [21m[0m] Element conservation is violated too large
[[93m[1m WARNING [21m[0m] at step: 2879
[[93m[1m WARNING [21m[0m] -----------------------------------------------------------------
[[93m[1m WARNING [21m[0m] Element conservation is violated too large
[[93m[1m WARNING [21m[0m] at step: 2880
[[93m[1m WARNING [21m[0m] -----------------------------------------------------------------
[[93m[1m WARNING [21m[0m] Element conservation is violated too large
[[93m[1m WARNING [21m[0m] at step: 2881
[[93m[1m WARNING [21m[0m] -----------------------------------------------------------------
[[93m[1m WARNING [21m[0m] Element conservation is violated too large
[[93m[1m WARNING [21m[0m] at step: 2882
[[93m[1m WARNING [21m[0m] -----------------------------------------------------------------
[[93m[1m WARNING [21m[0m] Element conservation is violated too large
[[93m[1m WARNING [21m[0m] at step: 2883
[[93m[1m WARNING [21m[0m] -----------------------------------------------------------------
[[93m[1m WARNING [21m[0m] Element conservation is violated too large
[[93m[1m WARNING [21m[0m] at step: 2884
[[93m[1m WARNING [21m[0m] -----------------------------------------------------------------
[[93m[1m WARNING [21m[0m] Element conservation is violated too large
[[93m[1m WARNING [21m[0m] at step: 2885
[[93m[1m WARNING [21m[0m] -----------------------------------------------------------------
[[93m[1m WARNING [21m[0m] Element conservation is violated too large
[[93m[1m WARNING [21m[0m] at step: 2886
[[93m[1m WARNING [21m[0m] -----------------------------------------------------------------
[[93m[1m WARNING [21m[0m] Element conservation is violated too large
[[93m[1m WARNING [21m[0m] at step: 2887
[[93m[1m WARNING [21m[0m] -----------------------------------------------------------------
[[93m[1m WARNING [21m[0m] Element conservation is violated too large
[[93m[1m WARNING [21m[0m] at step: 2888
[[93m[1m WARNING [21m[0m] -----------------------------------------------------------------
[[93m[1m WARNING [21m[0m] Element conservation is violated too large
[[93m[1m WARNING [21m[0m] at step: 2889
[[93m[1m WARNING [21m[0m] -----------------------------------------------------------------
[[93m[1m WARNING [21m[0m] Element conservation is violated too large
[[93m[1m WARNING [21m[0m] at step: 2890
[[93m[1m WARNING [21m[0m] -----------------------------------------------------------------
[[93m[1m WARNING [21m[0m] Element conservation is violated too large
[[93m[1m WARNING [21m[0m] at step: 2891
[[93m[1m WARNING [21m[0m] -----------------------------------------------------------------
[[93m[1m WARNING [21m[0m] Element conservation is violated too large
[[93m[1m WARNING [21m[0m] at step: 2892
[[93m[1m WARNING [21m[0m] -----------------------------------------------------------------
[[93m[1m WARNING [21m[0m] Element conservation is violated too large
[[93m[1m WARNING [21m[0m] at step: 2893
[[93m[1m WARNING [21m[0m] -----------------------------------------------------------------
[[93m[1m WARNING [21m[0m] Element conservation is violated too large
[[93m[1m WARNING [21m[0m] at step: 2894
[[93m[1m WARNING [21m[0m] -----------------------------------------------------------------
[[93m[1m WARNING [21m[0m] Element conservation is violated too large
[[93m[1m WARNING [21m[0m] at step: 2895
[[93m[1m WARNING [21m[0m] -----------------------------------------------------------------
[[93m[1m WARNING [21m[0m] Element conservation is violated too large
[[93m[1m WARNING [21m[0m] at step: 2896
[[93m[1m WARNING [21m[0m] -----------------------------------------------------------------
[[93m[1m WARNING [21m[0m] Element conservation is violated too large
[[93m[1m WARNING [21m[0m] at step: 2897
[[93m[1m WARNING [21m[0m] -----------------------------------------------------------------
[[93m[1m WARNING [21m[0m] Element conservation is violated too large
[[93m[1m WARNING [21m[0m] at step: 2898
[[93m[1m WARNING [21m[0m] -----------------------------------------------------------------
[[93m[1m WARNING [21m[0m] Element conservation is violated too large
[[93m[1m WARNING [21m[0m] at step: 2899
[[93m[1m WARNING [21m[0m] -----------------------------------------------------------------
[[32m[1m INFO  [21m[0m] Elapsed time: 2.06e+03 || Step number: 2900/30000
[[32m[1m INFO  [21m[0m] longdy = 7.07e+00      || longdy/dt = 1.85e-02  || dt = 9.14e+00
[[32m[1m INFO  [21m[0m] from nz = 30 and CS
[[32m[1m INFO  [21m[0m] -----------------------------------------------------------------
[[93m[1m WARNING [21m[0m] Element conservation is violated too large
[[93m[1m WARNING [21m[0m] at step: 2900
[[93m[1m WARNING [21m[0m] -----------------------------------------------------------------
[[93m[1m WARNING [21m[0m] Element conservation is violated too large
[[93m[1m WARNING [21m[0m] at step: 2902
[[93m[1m WARNING [21m[0m] -----------------------------------------------------------------
[[93m[1m WARNING [21m[0m] Element conservation is violated too large
[[93m[1m WARNING [21m[0m] at step: 2903
[[93m[1m WARNING [21m[0m] -----------------------------------------------------------------
[[93m[1m WARNING [21m[0m] Element conservation is violated too large
[[93m[1m WARNING [21m[0m] at step: 2904
[[93m[1m WARNING [21m[0m] -----------------------------------------------------------------
[[93m[1m WARNING [21m[0m] Element conservation is violated too large
[[93m[1m WARNING [21m[0m] at step: 2905
[[93m[1m WARNING [21m[0m] -----------------------------------------------------------------
[[93m[1m WARNING [21m[0m] Element conservation is violated too large
[[93m[1m WARNING [21m[0m] at step: 2906
[[93m[1m WARNING [21m[0m] -----------------------------------------------------------------
[[93m[1m WARNING [21m[0m] Element conservation is violated too large
[[93m[1m WARNING [21m[0m] at step: 2907
[[93m[1m WARNING [21m[0m] -----------------------------------------------------------------
[[93m[1m WARNING [21m[0m] Element conservation is violated too large
[[93m[1m WARNING [21m[0m] at step: 2908
[[93m[1m WARNING [21m[0m] -----------------------------------------------------------------
[[93m[1m WARNING [21m[0m] Element conservation is violated too large
[[93m[1m WARNING [21m[0m] at step: 2909
[[93m[1m WARNING [21m[0m] -----------------------------------------------------------------
[[93m[1m WARNING [21m[0m] Element conservation is violated too large
[[93m[1m WARNING [21m[0m] at step: 2910
[[93m[1m WARNING [21m[0m] -----------------------------------------------------------------
[[93m[1m WARNING [21m[0m] Element conservation is violated too large
[[93m[1m WARNING [21m[0m] at step: 2911
[[93m[1m WARNING [21m[0m] -----------------------------------------------------------------
[[93m[1m WARNING [21m[0m] Element conservation is violated too large
[[93m[1m WARNING [21m[0m] at step: 2912
[[93m[1m WARNING [21m[0m] -----------------------------------------------------------------
[[93m[1m WARNING [21m[0m] Element conservation is violated too large
[[93m[1m WARNING [21m[0m] at step: 2913
[[93m[1m WARNING [21m[0m] -----------------------------------------------------------------
[[93m[1m WARNING [21m[0m] Element conservation is violated too large
[[93m[1m WARNING [21m[0m] at step: 2914
[[93m[1m WARNING [21m[0m] -----------------------------------------------------------------
[[93m[1m WARNING [21m[0m] Element conservation is violated too large
[[93m[1m WARNING [21m[0m] at step: 2915
[[93m[1m WARNING [21m[0m] -----------------------------------------------------------------
[[93m[1m WARNING [21m[0m] Element conservation is violated too large
[[93m[1m WARNING [21m[0m] at step: 2916
[[93m[1m WARNING [21m[0m] -----------------------------------------------------------------
[[93m[1m WARNING [21m[0m] Element conservation is violated too large
[[93m[1m WARNING [21m[0m] at step: 2917
[[93m[1m WARNING [21m[0m] -----------------------------------------------------------------
[[93m[1m WARNING [21m[0m] Element conservation is violated too large
[[93m[1m WARNING [21m[0m] at step: 2918
[[93m[1m WARNING [21m[0m] -----------------------------------------------------------------
[[93m[1m WARNING [21m[0m] Element conservation is violated too large
[[93m[1m WARNING [21m[0m] at step: 2919
[[93m[1m WARNING [21m[0m] -----------------------------------------------------------------
[[93m[1m WARNING [21m[0m] Element conservation is violated too large
[[93m[1m WARNING [21m[0m] at step: 2920
[[93m[1m WARNING [21m[0m] -----------------------------------------------------------------
[[93m[1m WARNING [21m[0m] Element conservation is violated too large
[[93m[1m WARNING [21m[0m] at step: 2921
[[93m[1m WARNING [21m[0m] -----------------------------------------------------------------
[[93m[1m WARNING [21m[0m] Element conservation is violated too large
[[93m[1m WARNING [21m[0m] at step: 2922
[[93m[1m WARNING [21m[0m] -----------------------------------------------------------------
[[93m[1m WARNING [21m[0m] Element conservation is violated too large
[[93m[1m WARNING [21m[0m] at step: 2923
[[93m[1m WARNING [21m[0m] -----------------------------------------------------------------
[[93m[1m WARNING [21m[0m] Element conservation is violated too large
[[93m[1m WARNING [21m[0m] at step: 2924
[[93m[1m WARNING [21m[0m] -----------------------------------------------------------------
[[93m[1m WARNING [21m[0m] Element conservation is violated too large
[[93m[1m WARNING [21m[0m] at step: 2925
[[93m[1m WARNING [21m[0m] -----------------------------------------------------------------
[[93m[1m WARNING [21m[0m] Element conservation is violated too large
[[93m[1m WARNING [21m[0m] at step: 2926
[[93m[1m WARNING [21m[0m] -----------------------------------------------------------------
[[93m[1m WARNING [21m[0m] Element conservation is violated too large
[[93m[1m WARNING [21m[0m] at step: 2927
[[93m[1m WARNING [21m[0m] -----------------------------------------------------------------
[[93m[1m WARNING [21m[0m] Element conservation is violated too large
[[93m[1m WARNING [21m[0m] at step: 2928
[[93m[1m WARNING [21m[0m] -----------------------------------------------------------------
[[93m[1m WARNING [21m[0m] Element conservation is violated too large
[[93m[1m WARNING [21m[0m] at step: 2929
[[93m[1m WARNING [21m[0m] -----------------------------------------------------------------
[[93m[1m WARNING [21m[0m] Element conservation is violated too large
[[93m[1m WARNING [21m[0m] at step: 2930
[[93m[1m WARNING [21m[0m] -----------------------------------------------------------------
[[93m[1m WARNING [21m[0m] Element conservation is violated too large
[[93m[1m WARNING [21m[0m] at step: 2931
[[93m[1m WARNING [21m[0m] -----------------------------------------------------------------
[[93m[1m WARNING [21m[0m] Element conservation is violated too large
[[93m[1m WARNING [21m[0m] at step: 2932
[[93m[1m WARNING [21m[0m] -----------------------------------------------------------------
[[93m[1m WARNING [21m[0m] Element conservation is violated too large
[[93m[1m WARNING [21m[0m] at step: 2933
[[93m[1m WARNING [21m[0m] -----------------------------------------------------------------
[[93m[1m WARNING [21m[0m] Element conservation is violated too large
[[93m[1m WARNING [21m[0m] at step: 2934
[[93m[1m WARNING [21m[0m] -----------------------------------------------------------------
[[93m[1m WARNING [21m[0m] Element conservation is violated too large
[[93m[1m WARNING [21m[0m] at step: 2935
[[93m[1m WARNING [21m[0m] -----------------------------------------------------------------
[[93m[1m WARNING [21m[0m] Element conservation is violated too large
[[93m[1m WARNING [21m[0m] at step: 2936
[[93m[1m WARNING [21m[0m] -----------------------------------------------------------------
[[93m[1m WARNING [21m[0m] Element conservation is violated too large
[[93m[1m WARNING [21m[0m] at step: 2937
[[93m[1m WARNING [21m[0m] -----------------------------------------------------------------
[[93m[1m WARNING [21m[0m] Element conservation is violated too large
[[93m[1m WARNING [21m[0m] at step: 2938
[[93m[1m WARNING [21m[0m] -----------------------------------------------------------------
[[93m[1m WARNING [21m[0m] Element conservation is violated too large
[[93m[1m WARNING [21m[0m] at step: 2939
[[93m[1m WARNING [21m[0m] -----------------------------------------------------------------
[[93m[1m WARNING [21m[0m] Element conservation is violated too large
[[93m[1m WARNING [21m[0m] at step: 2940
[[93m[1m WARNING [21m[0m] -----------------------------------------------------------------
[[93m[1m WARNING [21m[0m] Element conservation is violated too large
[[93m[1m WARNING [21m[0m] at step: 2941
[[93m[1m WARNING [21m[0m] -----------------------------------------------------------------
[[93m[1m WARNING [21m[0m] Element conservation is violated too large
[[93m[1m WARNING [21m[0m] at step: 2942
[[93m[1m WARNING [21m[0m] -----------------------------------------------------------------
[[93m[1m WARNING [21m[0m] Element conservation is violated too large
[[93m[1m WARNING [21m[0m] at step: 2943
[[93m[1m WARNING [21m[0m] -----------------------------------------------------------------
[[93m[1m WARNING [21m[0m] Element conservation is violated too large
[[93m[1m WARNING [21m[0m] at step: 2944
[[93m[1m WARNING [21m[0m] -----------------------------------------------------------------
[[93m[1m WARNING [21m[0m] Element conservation is violated too large
[[93m[1m WARNING [21m[0m] at step: 2945
[[93m[1m WARNING [21m[0m] -----------------------------------------------------------------
[[93m[1m WARNING [21m[0m] Element conservation is violated too large
[[93m[1m WARNING [21m[0m] at step: 2946
[[93m[1m WARNING [21m[0m] -----------------------------------------------------------------
[[93m[1m WARNING [21m[0m] Element conservation is violated too large
[[93m[1m WARNING [21m[0m] at step: 2947
[[93m[1m WARNING [21m[0m] -----------------------------------------------------------------
[[93m[1m WARNING [21m[0m] Element conservation is violated too large
[[93m[1m WARNING [21m[0m] at step: 2948
[[93m[1m WARNING [21m[0m] -----------------------------------------------------------------
[[93m[1m WARNING [21m[0m] Element conservation is violated too large
[[93m[1m WARNING [21m[0m] at step: 2949
[[93m[1m WARNING [21m[0m] -----------------------------------------------------------------
[[93m[1m WARNING [21m[0m] Element conservation is violated too large
[[93m[1m WARNING [21m[0m] at step: 2950
[[93m[1m WARNING [21m[0m] -----------------------------------------------------------------
[[93m[1m WARNING [21m[0m] Element conservation is violated too large
[[93m[1m WARNING [21m[0m] at step: 2951
[[93m[1m WARNING [21m[0m] -----------------------------------------------------------------
[[93m[1m WARNING [21m[0m] Element conservation is violated too large
[[93m[1m WARNING [21m[0m] at step: 2952
[[93m[1m WARNING [21m[0m] -----------------------------------------------------------------
[[93m[1m WARNING [21m[0m] Element conservation is violated too large
[[93m[1m WARNING [21m[0m] at step: 2953
[[93m[1m WARNING [21m[0m] -----------------------------------------------------------------
[[93m[1m WARNING [21m[0m] Element conservation is violated too large
[[93m[1m WARNING [21m[0m] at step: 2954
[[93m[1m WARNING [21m[0m] -----------------------------------------------------------------
[[93m[1m WARNING [21m[0m] Element conservation is violated too large
[[93m[1m WARNING [21m[0m] at step: 2955
[[93m[1m WARNING [21m[0m] -----------------------------------------------------------------
[[93m[1m WARNING [21m[0m] Element conservation is violated too large
[[93m[1m WARNING [21m[0m] at step: 2956
[[93m[1m WARNING [21m[0m] -----------------------------------------------------------------
[[93m[1m WARNING [21m[0m] Element conservation is violated too large
[[93m[1m WARNING [21m[0m] at step: 2957
[[93m[1m WARNING [21m[0m] -----------------------------------------------------------------
[[93m[1m WARNING [21m[0m] Element conservation is violated too large
[[93m[1m WARNING [21m[0m] at step: 2958
[[93m[1m WARNING [21m[0m] -----------------------------------------------------------------
[[93m[1m WARNING [21m[0m] Element conservation is violated too large
[[93m[1m WARNING [21m[0m] at step: 2959
[[93m[1m WARNING [21m[0m] -----------------------------------------------------------------
[[93m[1m WARNING [21m[0m] Element conservation is violated too large
[[93m[1m WARNING [21m[0m] at step: 2960
[[93m[1m WARNING [21m[0m] -----------------------------------------------------------------
[[93m[1m WARNING [21m[0m] Element conservation is violated too large
[[93m[1m WARNING [21m[0m] at step: 2961
[[93m[1m WARNING [21m[0m] -----------------------------------------------------------------
[[93m[1m WARNING [21m[0m] Element conservation is violated too large
[[93m[1m WARNING [21m[0m] at step: 2962
[[93m[1m WARNING [21m[0m] -----------------------------------------------------------------
[[93m[1m WARNING [21m[0m] Element conservation is violated too large
[[93m[1m WARNING [21m[0m] at step: 2963
[[93m[1m WARNING [21m[0m] -----------------------------------------------------------------
[[93m[1m WARNING [21m[0m] Element conservation is violated too large
[[93m[1m WARNING [21m[0m] at step: 2964
[[93m[1m WARNING [21m[0m] -----------------------------------------------------------------
[[93m[1m WARNING [21m[0m] Element conservation is violated too large
[[93m[1m WARNING [21m[0m] at step: 2965
[[93m[1m WARNING [21m[0m] -----------------------------------------------------------------
[[93m[1m WARNING [21m[0m] Element conservation is violated too large
[[93m[1m WARNING [21m[0m] at step: 2966
[[93m[1m WARNING [21m[0m] -----------------------------------------------------------------
[[93m[1m WARNING [21m[0m] Element conservation is violated too large
[[93m[1m WARNING [21m[0m] at step: 2967
[[93m[1m WARNING [21m[0m] -----------------------------------------------------------------
[[93m[1m WARNING [21m[0m] Element conservation is violated too large
[[93m[1m WARNING [21m[0m] at step: 2968
[[93m[1m WARNING [21m[0m] -----------------------------------------------------------------
[[93m[1m WARNING [21m[0m] Element conservation is violated too large
[[93m[1m WARNING [21m[0m] at step: 2969
[[93m[1m WARNING [21m[0m] -----------------------------------------------------------------
[[93m[1m WARNING [21m[0m] Element conservation is violated too large
[[93m[1m WARNING [21m[0m] at step: 2970
[[93m[1m WARNING [21m[0m] -----------------------------------------------------------------
[[93m[1m WARNING [21m[0m] Element conservation is violated too large
[[93m[1m WARNING [21m[0m] at step: 2971
[[93m[1m WARNING [21m[0m] -----------------------------------------------------------------
[[93m[1m WARNING [21m[0m] Element conservation is violated too large
[[93m[1m WARNING [21m[0m] at step: 2972
[[93m[1m WARNING [21m[0m] -----------------------------------------------------------------
[[93m[1m WARNING [21m[0m] Element conservation is violated too large
[[93m[1m WARNING [21m[0m] at step: 2973
[[93m[1m WARNING [21m[0m] -----------------------------------------------------------------
[[93m[1m WARNING [21m[0m] Element conservation is violated too large
[[93m[1m WARNING [21m[0m] at step: 2974
[[93m[1m WARNING [21m[0m] -----------------------------------------------------------------
[[93m[1m WARNING [21m[0m] Element conservation is violated too large
[[93m[1m WARNING [21m[0m] at step: 2975
[[93m[1m WARNING [21m[0m] -----------------------------------------------------------------
[[93m[1m WARNING [21m[0m] Element conservation is violated too large
[[93m[1m WARNING [21m[0m] at step: 2976
[[93m[1m WARNING [21m[0m] -----------------------------------------------------------------
[[93m[1m WARNING [21m[0m] Element conservation is violated too large
[[93m[1m WARNING [21m[0m] at step: 2977
[[93m[1m WARNING [21m[0m] -----------------------------------------------------------------
[[93m[1m WARNING [21m[0m] Element conservation is violated too large
[[93m[1m WARNING [21m[0m] at step: 2978
[[93m[1m WARNING [21m[0m] -----------------------------------------------------------------
[[93m[1m WARNING [21m[0m] Element conservation is violated too large
[[93m[1m WARNING [21m[0m] at step: 2979
[[93m[1m WARNING [21m[0m] -----------------------------------------------------------------
[[93m[1m WARNING [21m[0m] Element conservation is violated too large
[[93m[1m WARNING [21m[0m] at step: 2980
[[93m[1m WARNING [21m[0m] -----------------------------------------------------------------
[[93m[1m WARNING [21m[0m] Element conservation is violated too large
[[93m[1m WARNING [21m[0m] at step: 2981
[[93m[1m WARNING [21m[0m] -----------------------------------------------------------------
[[93m[1m WARNING [21m[0m] Element conservation is violated too large
[[93m[1m WARNING [21m[0m] at step: 2982
[[93m[1m WARNING [21m[0m] -----------------------------------------------------------------
[[93m[1m WARNING [21m[0m] Element conservation is violated too large
[[93m[1m WARNING [21m[0m] at step: 2983
[[93m[1m WARNING [21m[0m] -----------------------------------------------------------------
[[93m[1m WARNING [21m[0m] Element conservation is violated too large
[[93m[1m WARNING [21m[0m] at step: 2984
[[93m[1m WARNING [21m[0m] -----------------------------------------------------------------
[[93m[1m WARNING [21m[0m] Element conservation is violated too large
[[93m[1m WARNING [21m[0m] at step: 2985
[[93m[1m WARNING [21m[0m] -----------------------------------------------------------------
[[93m[1m WARNING [21m[0m] Element conservation is violated too large
[[93m[1m WARNING [21m[0m] at step: 2986
[[93m[1m WARNING [21m[0m] -----------------------------------------------------------------
[[93m[1m WARNING [21m[0m] Element conservation is violated too large
[[93m[1m WARNING [21m[0m] at step: 2987
[[93m[1m WARNING [21m[0m] -----------------------------------------------------------------
[[93m[1m WARNING [21m[0m] Element conservation is violated too large
[[93m[1m WARNING [21m[0m] at step: 2988
[[93m[1m WARNING [21m[0m] -----------------------------------------------------------------
[[93m[1m WARNING [21m[0m] Element conservation is violated too large
[[93m[1m WARNING [21m[0m] at step: 2989
[[93m[1m WARNING [21m[0m] -----------------------------------------------------------------
[[93m[1m WARNING [21m[0m] Element conservation is violated too large
[[93m[1m WARNING [21m[0m] at step: 2990
[[93m[1m WARNING [21m[0m] -----------------------------------------------------------------
[[93m[1m WARNING [21m[0m] Element conservation is violated too large
[[93m[1m WARNING [21m[0m] at step: 2991
[[93m[1m WARNING [21m[0m] -----------------------------------------------------------------
[[93m[1m WARNING [21m[0m] Element conservation is violated too large
[[93m[1m WARNING [21m[0m] at step: 2992
[[93m[1m WARNING [21m[0m] -----------------------------------------------------------------
[[93m[1m WARNING [21m[0m] Element conservation is violated too large
[[93m[1m WARNING [21m[0m] at step: 2993
[[93m[1m WARNING [21m[0m] -----------------------------------------------------------------
[[93m[1m WARNING [21m[0m] Element conservation is violated too large
[[93m[1m WARNING [21m[0m] at step: 2994
[[93m[1m WARNING [21m[0m] -----------------------------------------------------------------
[[93m[1m WARNING [21m[0m] Element conservation is violated too large
[[93m[1m WARNING [21m[0m] at step: 2995
[[93m[1m WARNING [21m[0m] -----------------------------------------------------------------
[[93m[1m WARNING [21m[0m] Element conservation is violated too large
[[93m[1m WARNING [21m[0m] at step: 2996
[[93m[1m WARNING [21m[0m] -----------------------------------------------------------------
[[93m[1m WARNING [21m[0m] Element conservation is violated too large
[[93m[1m WARNING [21m[0m] at step: 2997
[[93m[1m WARNING [21m[0m] -----------------------------------------------------------------
[[93m[1m WARNING [21m[0m] Element conservation is violated too large
[[93m[1m WARNING [21m[0m] at step: 2998
[[93m[1m WARNING [21m[0m] -----------------------------------------------------------------
[[93m[1m WARNING [21m[0m] Element conservation is violated too large
[[93m[1m WARNING [21m[0m] at step: 2999
[[93m[1m WARNING [21m[0m] -----------------------------------------------------------------
[[32m[1m INFO  [21m[0m] Elapsed time: 2.52e+03 || Step number: 3000/30000
[[32m[1m INFO  [21m[0m] longdy = 1.43e+01      || longdy/dt = 3.08e-02  || dt = 9.40e+00
[[32m[1m INFO  [21m[0m] from nz = 29 and CS
[[32m[1m INFO  [21m[0m] -----------------------------------------------------------------
[[93m[1m WARNING [21m[0m] Element conservation is violated too large
[[93m[1m WARNING [21m[0m] at step: 3000
[[93m[1m WARNING [21m[0m] -----------------------------------------------------------------
[[93m[1m WARNING [21m[0m] Element conservation is violated too large
[[93m[1m WARNING [21m[0m] at step: 3002
[[93m[1m WARNING [21m[0m] -----------------------------------------------------------------
[[93m[1m WARNING [21m[0m] Element conservation is violated too large
[[93m[1m WARNING [21m[0m] at step: 3003
[[93m[1m WARNING [21m[0m] -----------------------------------------------------------------
[[93m[1m WARNING [21m[0m] Element conservation is violated too large
[[93m[1m WARNING [21m[0m] at step: 3004
[[93m[1m WARNING [21m[0m] -----------------------------------------------------------------
[[93m[1m WARNING [21m[0m] Element conservation is violated too large
[[93m[1m WARNING [21m[0m] at step: 3005
[[93m[1m WARNING [21m[0m] -----------------------------------------------------------------
[[93m[1m WARNING [21m[0m] Element conservation is violated too large
[[93m[1m WARNING [21m[0m] at step: 3006
[[93m[1m WARNING [21m[0m] -----------------------------------------------------------------
[[93m[1m WARNING [21m[0m] Element conservation is violated too large
[[93m[1m WARNING [21m[0m] at step: 3007
[[93m[1m WARNING [21m[0m] -----------------------------------------------------------------
[[93m[1m WARNING [21m[0m] Element conservation is violated too large
[[93m[1m WARNING [21m[0m] at step: 3008
[[93m[1m WARNING [21m[0m] -----------------------------------------------------------------
[[93m[1m WARNING [21m[0m] Element conservation is violated too large
[[93m[1m WARNING [21m[0m] at step: 3009
[[93m[1m WARNING [21m[0m] -----------------------------------------------------------------
[[93m[1m WARNING [21m[0m] Element conservation is violated too large
[[93m[1m WARNING [21m[0m] at step: 3010
[[93m[1m WARNING [21m[0m] -----------------------------------------------------------------
[[93m[1m WARNING [21m[0m] Element conservation is violated too large
[[93m[1m WARNING [21m[0m] at step: 3011
[[93m[1m WARNING [21m[0m] -----------------------------------------------------------------
[[93m[1m WARNING [21m[0m] Element conservation is violated too large
[[93m[1m WARNING [21m[0m] at step: 3012
[[93m[1m WARNING [21m[0m] -----------------------------------------------------------------
[[93m[1m WARNING [21m[0m] Element conservation is violated too large
[[93m[1m WARNING [21m[0m] at step: 3013
[[93m[1m WARNING [21m[0m] -----------------------------------------------------------------
[[93m[1m WARNING [21m[0m] Element conservation is violated too large
[[93m[1m WARNING [21m[0m] at step: 3014
[[93m[1m WARNING [21m[0m] -----------------------------------------------------------------
[[93m[1m WARNING [21m[0m] Element conservation is violated too large
[[93m[1m WARNING [21m[0m] at step: 3015
[[93m[1m WARNING [21m[0m] -----------------------------------------------------------------
[[93m[1m WARNING [21m[0m] Element conservation is violated too large
[[93m[1m WARNING [21m[0m] at step: 3016
[[93m[1m WARNING [21m[0m] -----------------------------------------------------------------
[[93m[1m WARNING [21m[0m] Element conservation is violated too large
[[93m[1m WARNING [21m[0m] at step: 3017
[[93m[1m WARNING [21m[0m] -----------------------------------------------------------------
[[93m[1m WARNING [21m[0m] Element conservation is violated too large
[[93m[1m WARNING [21m[0m] at step: 3018
[[93m[1m WARNING [21m[0m] -----------------------------------------------------------------
[[93m[1m WARNING [21m[0m] Element conservation is violated too large
[[93m[1m WARNING [21m[0m] at step: 3019
[[93m[1m WARNING [21m[0m] -----------------------------------------------------------------
[[93m[1m WARNING [21m[0m] Element conservation is violated too large
[[93m[1m WARNING [21m[0m] at step: 3020
[[93m[1m WARNING [21m[0m] -----------------------------------------------------------------
[[93m[1m WARNING [21m[0m] Element conservation is violated too large
[[93m[1m WARNING [21m[0m] at step: 3021
[[93m[1m WARNING [21m[0m] -----------------------------------------------------------------
[[93m[1m WARNING [21m[0m] Element conservation is violated too large
[[93m[1m WARNING [21m[0m] at step: 3022
[[93m[1m WARNING [21m[0m] -----------------------------------------------------------------
[[93m[1m WARNING [21m[0m] Element conservation is violated too large
[[93m[1m WARNING [21m[0m] at step: 3023
[[93m[1m WARNING [21m[0m] -----------------------------------------------------------------
[[93m[1m WARNING [21m[0m] Element conservation is violated too large
[[93m[1m WARNING [21m[0m] at step: 3024
[[93m[1m WARNING [21m[0m] -----------------------------------------------------------------
[[93m[1m WARNING [21m[0m] Element conservation is violated too large
[[93m[1m WARNING [21m[0m] at step: 3025
[[93m[1m WARNING [21m[0m] -----------------------------------------------------------------
[[93m[1m WARNING [21m[0m] Element conservation is violated too large
[[93m[1m WARNING [21m[0m] at step: 3026
[[93m[1m WARNING [21m[0m] -----------------------------------------------------------------
[[93m[1m WARNING [21m[0m] Element conservation is violated too large
[[93m[1m WARNING [21m[0m] at step: 3027
[[93m[1m WARNING [21m[0m] -----------------------------------------------------------------
[[93m[1m WARNING [21m[0m] Element conservation is violated too large
[[93m[1m WARNING [21m[0m] at step: 3028
[[93m[1m WARNING [21m[0m] -----------------------------------------------------------------
[[93m[1m WARNING [21m[0m] Element conservation is violated too large
[[93m[1m WARNING [21m[0m] at step: 3029
[[93m[1m WARNING [21m[0m] -----------------------------------------------------------------
[[93m[1m WARNING [21m[0m] Element conservation is violated too large
[[93m[1m WARNING [21m[0m] at step: 3030
[[93m[1m WARNING [21m[0m] -----------------------------------------------------------------
[[93m[1m WARNING [21m[0m] Element conservation is violated too large
[[93m[1m WARNING [21m[0m] at step: 3031
[[93m[1m WARNING [21m[0m] -----------------------------------------------------------------
[[93m[1m WARNING [21m[0m] Element conservation is violated too large
[[93m[1m WARNING [21m[0m] at step: 3032
[[93m[1m WARNING [21m[0m] -----------------------------------------------------------------
[[93m[1m WARNING [21m[0m] Element conservation is violated too large
[[93m[1m WARNING [21m[0m] at step: 3033
[[93m[1m WARNING [21m[0m] -----------------------------------------------------------------
[[93m[1m WARNING [21m[0m] Element conservation is violated too large
[[93m[1m WARNING [21m[0m] at step: 3034
[[93m[1m WARNING [21m[0m] -----------------------------------------------------------------
[[93m[1m WARNING [21m[0m] Element conservation is violated too large
[[93m[1m WARNING [21m[0m] at step: 3035
[[93m[1m WARNING [21m[0m] -----------------------------------------------------------------
[[93m[1m WARNING [21m[0m] Element conservation is violated too large
[[93m[1m WARNING [21m[0m] at step: 3036
[[93m[1m WARNING [21m[0m] -----------------------------------------------------------------
[[93m[1m WARNING [21m[0m] Element conservation is violated too large
[[93m[1m WARNING [21m[0m] at step: 3037
[[93m[1m WARNING [21m[0m] -----------------------------------------------------------------
[[93m[1m WARNING [21m[0m] Element conservation is violated too large
[[93m[1m WARNING [21m[0m] at step: 3038
[[93m[1m WARNING [21m[0m] -----------------------------------------------------------------
[[93m[1m WARNING [21m[0m] Element conservation is violated too large
[[93m[1m WARNING [21m[0m] at step: 3039
[[93m[1m WARNING [21m[0m] -----------------------------------------------------------------
[[93m[1m WARNING [21m[0m] Element conservation is violated too large
[[93m[1m WARNING [21m[0m] at step: 3040
[[93m[1m WARNING [21m[0m] -----------------------------------------------------------------
[[93m[1m WARNING [21m[0m] Element conservation is violated too large
[[93m[1m WARNING [21m[0m] at step: 3041
[[93m[1m WARNING [21m[0m] -----------------------------------------------------------------
[[93m[1m WARNING [21m[0m] Element conservation is violated too large
[[93m[1m WARNING [21m[0m] at step: 3042
[[93m[1m WARNING [21m[0m] -----------------------------------------------------------------
[[93m[1m WARNING [21m[0m] Element conservation is violated too large
[[93m[1m WARNING [21m[0m] at step: 3043
[[93m[1m WARNING [21m[0m] -----------------------------------------------------------------
[[93m[1m WARNING [21m[0m] Element conservation is violated too large
[[93m[1m WARNING [21m[0m] at step: 3044
[[93m[1m WARNING [21m[0m] -----------------------------------------------------------------
[[93m[1m WARNING [21m[0m] Element conservation is violated too large
[[93m[1m WARNING [21m[0m] at step: 3045
[[93m[1m WARNING [21m[0m] -----------------------------------------------------------------
[[93m[1m WARNING [21m[0m] Element conservation is violated too large
[[93m[1m WARNING [21m[0m] at step: 3046
[[93m[1m WARNING [21m[0m] -----------------------------------------------------------------
[[93m[1m WARNING [21m[0m] Element conservation is violated too large
[[93m[1m WARNING [21m[0m] at step: 3047
[[93m[1m WARNING [21m[0m] -----------------------------------------------------------------
[[93m[1m WARNING [21m[0m] Element conservation is violated too large
[[93m[1m WARNING [21m[0m] at step: 3048
[[93m[1m WARNING [21m[0m] -----------------------------------------------------------------
[[93m[1m WARNING [21m[0m] Element conservation is violated too large
[[93m[1m WARNING [21m[0m] at step: 3049
[[93m[1m WARNING [21m[0m] -----------------------------------------------------------------
[[93m[1m WARNING [21m[0m] Element conservation is violated too large
[[93m[1m WARNING [21m[0m] at step: 3050
[[93m[1m WARNING [21m[0m] -----------------------------------------------------------------
[[93m[1m WARNING [21m[0m] Element conservation is violated too large
[[93m[1m WARNING [21m[0m] at step: 3051
[[93m[1m WARNING [21m[0m] -----------------------------------------------------------------
[[93m[1m WARNING [21m[0m] Element conservation is violated too large
[[93m[1m WARNING [21m[0m] at step: 3052
[[93m[1m WARNING [21m[0m] -----------------------------------------------------------------
[[93m[1m WARNING [21m[0m] Element conservation is violated too large
[[93m[1m WARNING [21m[0m] at step: 3053
[[93m[1m WARNING [21m[0m] -----------------------------------------------------------------
[[93m[1m WARNING [21m[0m] Element conservation is violated too large
[[93m[1m WARNING [21m[0m] at step: 3054
[[93m[1m WARNING [21m[0m] -----------------------------------------------------------------
[[93m[1m WARNING [21m[0m] Element conservation is violated too large
[[93m[1m WARNING [21m[0m] at step: 3055
[[93m[1m WARNING [21m[0m] -----------------------------------------------------------------
[[93m[1m WARNING [21m[0m] Element conservation is violated too large
[[93m[1m WARNING [21m[0m] at step: 3056
[[93m[1m WARNING [21m[0m] -----------------------------------------------------------------
[[93m[1m WARNING [21m[0m] Element conservation is violated too large
[[93m[1m WARNING [21m[0m] at step: 3057
[[93m[1m WARNING [21m[0m] -----------------------------------------------------------------
[[93m[1m WARNING [21m[0m] Element conservation is violated too large
[[93m[1m WARNING [21m[0m] at step: 3058
[[93m[1m WARNING [21m[0m] -----------------------------------------------------------------
[[93m[1m WARNING [21m[0m] Element conservation is violated too large
[[93m[1m WARNING [21m[0m] at step: 3059
[[93m[1m WARNING [21m[0m] -----------------------------------------------------------------
[[93m[1m WARNING [21m[0m] Element conservation is violated too large
[[93m[1m WARNING [21m[0m] at step: 3060
[[93m[1m WARNING [21m[0m] -----------------------------------------------------------------
[[93m[1m WARNING [21m[0m] Element conservation is violated too large
[[93m[1m WARNING [21m[0m] at step: 3061
[[93m[1m WARNING [21m[0m] -----------------------------------------------------------------
[[93m[1m WARNING [21m[0m] Element conservation is violated too large
[[93m[1m WARNING [21m[0m] at step: 3062
[[93m[1m WARNING [21m[0m] -----------------------------------------------------------------
[[93m[1m WARNING [21m[0m] Element conservation is violated too large
[[93m[1m WARNING [21m[0m] at step: 3063
[[93m[1m WARNING [21m[0m] -----------------------------------------------------------------
[[93m[1m WARNING [21m[0m] Element conservation is violated too large
[[93m[1m WARNING [21m[0m] at step: 3064
[[93m[1m WARNING [21m[0m] -----------------------------------------------------------------
[[93m[1m WARNING [21m[0m] Element conservation is violated too large
[[93m[1m WARNING [21m[0m] at step: 3065
[[93m[1m WARNING [21m[0m] -----------------------------------------------------------------
[[93m[1m WARNING [21m[0m] Element conservation is violated too large
[[93m[1m WARNING [21m[0m] at step: 3066
[[93m[1m WARNING [21m[0m] -----------------------------------------------------------------
[[93m[1m WARNING [21m[0m] Element conservation is violated too large
[[93m[1m WARNING [21m[0m] at step: 3067
[[93m[1m WARNING [21m[0m] -----------------------------------------------------------------
[[93m[1m WARNING [21m[0m] Element conservation is violated too large
[[93m[1m WARNING [21m[0m] at step: 3068
[[93m[1m WARNING [21m[0m] -----------------------------------------------------------------
[[93m[1m WARNING [21m[0m] Element conservation is violated too large
[[93m[1m WARNING [21m[0m] at step: 3069
[[93m[1m WARNING [21m[0m] -----------------------------------------------------------------
[[93m[1m WARNING [21m[0m] Element conservation is violated too large
[[93m[1m WARNING [21m[0m] at step: 3070
[[93m[1m WARNING [21m[0m] -----------------------------------------------------------------
[[93m[1m WARNING [21m[0m] Element conservation is violated too large
[[93m[1m WARNING [21m[0m] at step: 3071
[[93m[1m WARNING [21m[0m] -----------------------------------------------------------------
[[93m[1m WARNING [21m[0m] Element conservation is violated too large
[[93m[1m WARNING [21m[0m] at step: 3072
[[93m[1m WARNING [21m[0m] -----------------------------------------------------------------
[[93m[1m WARNING [21m[0m] Element conservation is violated too large
[[93m[1m WARNING [21m[0m] at step: 3073
[[93m[1m WARNING [21m[0m] -----------------------------------------------------------------
[[93m[1m WARNING [21m[0m] Element conservation is violated too large
[[93m[1m WARNING [21m[0m] at step: 3074
[[93m[1m WARNING [21m[0m] -----------------------------------------------------------------
[[93m[1m WARNING [21m[0m] Element conservation is violated too large
[[93m[1m WARNING [21m[0m] at step: 3075
[[93m[1m WARNING [21m[0m] -----------------------------------------------------------------
[[93m[1m WARNING [21m[0m] Element conservation is violated too large
[[93m[1m WARNING [21m[0m] at step: 3076
[[93m[1m WARNING [21m[0m] -----------------------------------------------------------------
[[93m[1m WARNING [21m[0m] Element conservation is violated too large
[[93m[1m WARNING [21m[0m] at step: 3077
[[93m[1m WARNING [21m[0m] -----------------------------------------------------------------
[[93m[1m WARNING [21m[0m] Element conservation is violated too large
[[93m[1m WARNING [21m[0m] at step: 3078
[[93m[1m WARNING [21m[0m] -----------------------------------------------------------------
[[93m[1m WARNING [21m[0m] Element conservation is violated too large
[[93m[1m WARNING [21m[0m] at step: 3079
[[93m[1m WARNING [21m[0m] -----------------------------------------------------------------
[[93m[1m WARNING [21m[0m] Element conservation is violated too large
[[93m[1m WARNING [21m[0m] at step: 3080
[[93m[1m WARNING [21m[0m] -----------------------------------------------------------------
[[93m[1m WARNING [21m[0m] Element conservation is violated too large
[[93m[1m WARNING [21m[0m] at step: 3081
[[93m[1m WARNING [21m[0m] -----------------------------------------------------------------
[[93m[1m WARNING [21m[0m] Element conservation is violated too large
[[93m[1m WARNING [21m[0m] at step: 3082
[[93m[1m WARNING [21m[0m] -----------------------------------------------------------------
[[93m[1m WARNING [21m[0m] Element conservation is violated too large
[[93m[1m WARNING [21m[0m] at step: 3083
[[93m[1m WARNING [21m[0m] -----------------------------------------------------------------
[[93m[1m WARNING [21m[0m] Element conservation is violated too large
[[93m[1m WARNING [21m[0m] at step: 3084
[[93m[1m WARNING [21m[0m] -----------------------------------------------------------------
[[93m[1m WARNING [21m[0m] Element conservation is violated too large
[[93m[1m WARNING [21m[0m] at step: 3085
[[93m[1m WARNING [21m[0m] -----------------------------------------------------------------
[[93m[1m WARNING [21m[0m] Element conservation is violated too large
[[93m[1m WARNING [21m[0m] at step: 3086
[[93m[1m WARNING [21m[0m] -----------------------------------------------------------------
[[93m[1m WARNING [21m[0m] Element conservation is violated too large
[[93m[1m WARNING [21m[0m] at step: 3087
[[93m[1m WARNING [21m[0m] -----------------------------------------------------------------
[[93m[1m WARNING [21m[0m] Element conservation is violated too large
[[93m[1m WARNING [21m[0m] at step: 3088
[[93m[1m WARNING [21m[0m] -----------------------------------------------------------------
[[93m[1m WARNING [21m[0m] Element conservation is violated too large
[[93m[1m WARNING [21m[0m] at step: 3089
[[93m[1m WARNING [21m[0m] -----------------------------------------------------------------
[[93m[1m WARNING [21m[0m] Element conservation is violated too large
[[93m[1m WARNING [21m[0m] at step: 3090
[[93m[1m WARNING [21m[0m] -----------------------------------------------------------------
[[93m[1m WARNING [21m[0m] Element conservation is violated too large
[[93m[1m WARNING [21m[0m] at step: 3091
[[93m[1m WARNING [21m[0m] -----------------------------------------------------------------
[[93m[1m WARNING [21m[0m] Element conservation is violated too large
[[93m[1m WARNING [21m[0m] at step: 3092
[[93m[1m WARNING [21m[0m] -----------------------------------------------------------------
[[93m[1m WARNING [21m[0m] Element conservation is violated too large
[[93m[1m WARNING [21m[0m] at step: 3093
[[93m[1m WARNING [21m[0m] -----------------------------------------------------------------
[[93m[1m WARNING [21m[0m] Element conservation is violated too large
[[93m[1m WARNING [21m[0m] at step: 3094
[[93m[1m WARNING [21m[0m] -----------------------------------------------------------------
[[93m[1m WARNING [21m[0m] Element conservation is violated too large
[[93m[1m WARNING [21m[0m] at step: 3095
[[93m[1m WARNING [21m[0m] -----------------------------------------------------------------
[[93m[1m WARNING [21m[0m] Element conservation is violated too large
[[93m[1m WARNING [21m[0m] at step: 3096
[[93m[1m WARNING [21m[0m] -----------------------------------------------------------------
[[93m[1m WARNING [21m[0m] Element conservation is violated too large
[[93m[1m WARNING [21m[0m] at step: 3097
[[93m[1m WARNING [21m[0m] -----------------------------------------------------------------
[[93m[1m WARNING [21m[0m] Element conservation is violated too large
[[93m[1m WARNING [21m[0m] at step: 3098
[[93m[1m WARNING [21m[0m] -----------------------------------------------------------------
[[93m[1m WARNING [21m[0m] Element conservation is violated too large
[[93m[1m WARNING [21m[0m] at step: 3099
[[93m[1m WARNING [21m[0m] -----------------------------------------------------------------
[[32m[1m INFO  [21m[0m] Elapsed time: 3.04e+03 || Step number: 3100/30000
[[32m[1m INFO  [21m[0m] longdy = 2.81e+01      || longdy/dt = 5.56e-02  || dt = 1.02e+01
[[32m[1m INFO  [21m[0m] from nz = 28 and CS
[[32m[1m INFO  [21m[0m] -----------------------------------------------------------------
[[93m[1m WARNING [21m[0m] Element conservation is violated too large
[[93m[1m WARNING [21m[0m] at step: 3100
[[93m[1m WARNING [21m[0m] -----------------------------------------------------------------
[[93m[1m WARNING [21m[0m] Element conservation is violated too large
[[93m[1m WARNING [21m[0m] at step: 3102
[[93m[1m WARNING [21m[0m] -----------------------------------------------------------------
[[93m[1m WARNING [21m[0m] Element conservation is violated too large
[[93m[1m WARNING [21m[0m] at step: 3103
[[93m[1m WARNING [21m[0m] -----------------------------------------------------------------
[[93m[1m WARNING [21m[0m] Element conservation is violated too large
[[93m[1m WARNING [21m[0m] at step: 3104
[[93m[1m WARNING [21m[0m] -----------------------------------------------------------------
[[93m[1m WARNING [21m[0m] Element conservation is violated too large
[[93m[1m WARNING [21m[0m] at step: 3105
[[93m[1m WARNING [21m[0m] -----------------------------------------------------------------
[[93m[1m WARNING [21m[0m] Element conservation is violated too large
[[93m[1m WARNING [21m[0m] at step: 3106
[[93m[1m WARNING [21m[0m] -----------------------------------------------------------------
[[93m[1m WARNING [21m[0m] Element conservation is violated too large
[[93m[1m WARNING [21m[0m] at step: 3107
[[93m[1m WARNING [21m[0m] -----------------------------------------------------------------
[[93m[1m WARNING [21m[0m] Element conservation is violated too large
[[93m[1m WARNING [21m[0m] at step: 3108
[[93m[1m WARNING [21m[0m] -----------------------------------------------------------------
[[93m[1m WARNING [21m[0m] Element conservation is violated too large
[[93m[1m WARNING [21m[0m] at step: 3109
[[93m[1m WARNING [21m[0m] -----------------------------------------------------------------
[[93m[1m WARNING [21m[0m] Element conservation is violated too large
[[93m[1m WARNING [21m[0m] at step: 3110
[[93m[1m WARNING [21m[0m] -----------------------------------------------------------------
[[93m[1m WARNING [21m[0m] Element conservation is violated too large
[[93m[1m WARNING [21m[0m] at step: 3111
[[93m[1m WARNING [21m[0m] -----------------------------------------------------------------
[[93m[1m WARNING [21m[0m] Element conservation is violated too large
[[93m[1m WARNING [21m[0m] at step: 3112
[[93m[1m WARNING [21m[0m] -----------------------------------------------------------------
[[93m[1m WARNING [21m[0m] Element conservation is violated too large
[[93m[1m WARNING [21m[0m] at step: 3113
[[93m[1m WARNING [21m[0m] -----------------------------------------------------------------
[[93m[1m WARNING [21m[0m] Element conservation is violated too large
[[93m[1m WARNING [21m[0m] at step: 3114
[[93m[1m WARNING [21m[0m] -----------------------------------------------------------------
[[93m[1m WARNING [21m[0m] Element conservation is violated too large
[[93m[1m WARNING [21m[0m] at step: 3115
[[93m[1m WARNING [21m[0m] -----------------------------------------------------------------
[[93m[1m WARNING [21m[0m] Element conservation is violated too large
[[93m[1m WARNING [21m[0m] at step: 3116
[[93m[1m WARNING [21m[0m] -----------------------------------------------------------------
[[93m[1m WARNING [21m[0m] Element conservation is violated too large
[[93m[1m WARNING [21m[0m] at step: 3117
[[93m[1m WARNING [21m[0m] -----------------------------------------------------------------
[[93m[1m WARNING [21m[0m] Element conservation is violated too large
[[93m[1m WARNING [21m[0m] at step: 3118
[[93m[1m WARNING [21m[0m] -----------------------------------------------------------------
[[93m[1m WARNING [21m[0m] Element conservation is violated too large
[[93m[1m WARNING [21m[0m] at step: 3119
[[93m[1m WARNING [21m[0m] -----------------------------------------------------------------
[[93m[1m WARNING [21m[0m] Element conservation is violated too large
[[93m[1m WARNING [21m[0m] at step: 3120
[[93m[1m WARNING [21m[0m] -----------------------------------------------------------------
[[93m[1m WARNING [21m[0m] Element conservation is violated too large
[[93m[1m WARNING [21m[0m] at step: 3121
[[93m[1m WARNING [21m[0m] -----------------------------------------------------------------
[[93m[1m WARNING [21m[0m] Element conservation is violated too large
[[93m[1m WARNING [21m[0m] at step: 3122
[[93m[1m WARNING [21m[0m] -----------------------------------------------------------------
[[93m[1m WARNING [21m[0m] Element conservation is violated too large
[[93m[1m WARNING [21m[0m] at step: 3123
[[93m[1m WARNING [21m[0m] -----------------------------------------------------------------
[[93m[1m WARNING [21m[0m] Element conservation is violated too large
[[93m[1m WARNING [21m[0m] at step: 3124
[[93m[1m WARNING [21m[0m] -----------------------------------------------------------------
[[93m[1m WARNING [21m[0m] Element conservation is violated too large
[[93m[1m WARNING [21m[0m] at step: 3125
[[93m[1m WARNING [21m[0m] -----------------------------------------------------------------
[[93m[1m WARNING [21m[0m] Element conservation is violated too large
[[93m[1m WARNING [21m[0m] at step: 3126
[[93m[1m WARNING [21m[0m] -----------------------------------------------------------------
[[93m[1m WARNING [21m[0m] Element conservation is violated too large
[[93m[1m WARNING [21m[0m] at step: 3127
[[93m[1m WARNING [21m[0m] -----------------------------------------------------------------
[[93m[1m WARNING [21m[0m] Element conservation is violated too large
[[93m[1m WARNING [21m[0m] at step: 3128
[[93m[1m WARNING [21m[0m] -----------------------------------------------------------------
[[93m[1m WARNING [21m[0m] Element conservation is violated too large
[[93m[1m WARNING [21m[0m] at step: 3129
[[93m[1m WARNING [21m[0m] -----------------------------------------------------------------
[[93m[1m WARNING [21m[0m] Element conservation is violated too large
[[93m[1m WARNING [21m[0m] at step: 3130
[[93m[1m WARNING [21m[0m] -----------------------------------------------------------------
[[93m[1m WARNING [21m[0m] Element conservation is violated too large
[[93m[1m WARNING [21m[0m] at step: 3131
[[93m[1m WARNING [21m[0m] -----------------------------------------------------------------
[[93m[1m WARNING [21m[0m] Element conservation is violated too large
[[93m[1m WARNING [21m[0m] at step: 3132
[[93m[1m WARNING [21m[0m] -----------------------------------------------------------------
[[93m[1m WARNING [21m[0m] Element conservation is violated too large
[[93m[1m WARNING [21m[0m] at step: 3133
[[93m[1m WARNING [21m[0m] -----------------------------------------------------------------
[[93m[1m WARNING [21m[0m] Element conservation is violated too large
[[93m[1m WARNING [21m[0m] at step: 3134
[[93m[1m WARNING [21m[0m] -----------------------------------------------------------------
[[93m[1m WARNING [21m[0m] Element conservation is violated too large
[[93m[1m WARNING [21m[0m] at step: 3135
[[93m[1m WARNING [21m[0m] -----------------------------------------------------------------
[[93m[1m WARNING [21m[0m] Element conservation is violated too large
[[93m[1m WARNING [21m[0m] at step: 3136
[[93m[1m WARNING [21m[0m] -----------------------------------------------------------------
[[93m[1m WARNING [21m[0m] Element conservation is violated too large
[[93m[1m WARNING [21m[0m] at step: 3137
[[93m[1m WARNING [21m[0m] -----------------------------------------------------------------
[[93m[1m WARNING [21m[0m] Element conservation is violated too large
[[93m[1m WARNING [21m[0m] at step: 3138
[[93m[1m WARNING [21m[0m] -----------------------------------------------------------------
[[93m[1m WARNING [21m[0m] Element conservation is violated too large
[[93m[1m WARNING [21m[0m] at step: 3139
[[93m[1m WARNING [21m[0m] -----------------------------------------------------------------
[[93m[1m WARNING [21m[0m] Element conservation is violated too large
[[93m[1m WARNING [21m[0m] at step: 3140
[[93m[1m WARNING [21m[0m] -----------------------------------------------------------------
[[93m[1m WARNING [21m[0m] Element conservation is violated too large
[[93m[1m WARNING [21m[0m] at step: 3141
[[93m[1m WARNING [21m[0m] -----------------------------------------------------------------
[[93m[1m WARNING [21m[0m] Element conservation is violated too large
[[93m[1m WARNING [21m[0m] at step: 3142
[[93m[1m WARNING [21m[0m] -----------------------------------------------------------------
[[93m[1m WARNING [21m[0m] Element conservation is violated too large
[[93m[1m WARNING [21m[0m] at step: 3143
[[93m[1m WARNING [21m[0m] -----------------------------------------------------------------
[[93m[1m WARNING [21m[0m] Element conservation is violated too large
[[93m[1m WARNING [21m[0m] at step: 3144
[[93m[1m WARNING [21m[0m] -----------------------------------------------------------------
[[93m[1m WARNING [21m[0m] Element conservation is violated too large
[[93m[1m WARNING [21m[0m] at step: 3145
[[93m[1m WARNING [21m[0m] -----------------------------------------------------------------
[[93m[1m WARNING [21m[0m] Element conservation is violated too large
[[93m[1m WARNING [21m[0m] at step: 3146
[[93m[1m WARNING [21m[0m] -----------------------------------------------------------------
[[93m[1m WARNING [21m[0m] Element conservation is violated too large
[[93m[1m WARNING [21m[0m] at step: 3147
[[93m[1m WARNING [21m[0m] -----------------------------------------------------------------
[[93m[1m WARNING [21m[0m] Element conservation is violated too large
[[93m[1m WARNING [21m[0m] at step: 3148
[[93m[1m WARNING [21m[0m] -----------------------------------------------------------------
[[93m[1m WARNING [21m[0m] Element conservation is violated too large
[[93m[1m WARNING [21m[0m] at step: 3149
[[93m[1m WARNING [21m[0m] -----------------------------------------------------------------
[[93m[1m WARNING [21m[0m] Element conservation is violated too large
[[93m[1m WARNING [21m[0m] at step: 3150
[[93m[1m WARNING [21m[0m] -----------------------------------------------------------------
[[93m[1m WARNING [21m[0m] Element conservation is violated too large
[[93m[1m WARNING [21m[0m] at step: 3151
[[93m[1m WARNING [21m[0m] -----------------------------------------------------------------
[[93m[1m WARNING [21m[0m] Element conservation is violated too large
[[93m[1m WARNING [21m[0m] at step: 3152
[[93m[1m WARNING [21m[0m] -----------------------------------------------------------------
[[93m[1m WARNING [21m[0m] Element conservation is violated too large
[[93m[1m WARNING [21m[0m] at step: 3153
[[93m[1m WARNING [21m[0m] -----------------------------------------------------------------
[[93m[1m WARNING [21m[0m] Element conservation is violated too large
[[93m[1m WARNING [21m[0m] at step: 3154
[[93m[1m WARNING [21m[0m] -----------------------------------------------------------------
[[93m[1m WARNING [21m[0m] Element conservation is violated too large
[[93m[1m WARNING [21m[0m] at step: 3155
[[93m[1m WARNING [21m[0m] -----------------------------------------------------------------
[[93m[1m WARNING [21m[0m] Element conservation is violated too large
[[93m[1m WARNING [21m[0m] at step: 3156
[[93m[1m WARNING [21m[0m] -----------------------------------------------------------------
[[93m[1m WARNING [21m[0m] Element conservation is violated too large
[[93m[1m WARNING [21m[0m] at step: 3157
[[93m[1m WARNING [21m[0m] -----------------------------------------------------------------
[[93m[1m WARNING [21m[0m] Element conservation is violated too large
[[93m[1m WARNING [21m[0m] at step: 3158
[[93m[1m WARNING [21m[0m] -----------------------------------------------------------------
[[93m[1m WARNING [21m[0m] Element conservation is violated too large
[[93m[1m WARNING [21m[0m] at step: 3159
[[93m[1m WARNING [21m[0m] -----------------------------------------------------------------
[[93m[1m WARNING [21m[0m] Element conservation is violated too large
[[93m[1m WARNING [21m[0m] at step: 3160
[[93m[1m WARNING [21m[0m] -----------------------------------------------------------------
[[93m[1m WARNING [21m[0m] Element conservation is violated too large
[[93m[1m WARNING [21m[0m] at step: 3161
[[93m[1m WARNING [21m[0m] -----------------------------------------------------------------
[[93m[1m WARNING [21m[0m] Element conservation is violated too large
[[93m[1m WARNING [21m[0m] at step: 3162
[[93m[1m WARNING [21m[0m] -----------------------------------------------------------------
[[93m[1m WARNING [21m[0m] Element conservation is violated too large
[[93m[1m WARNING [21m[0m] at step: 3163
[[93m[1m WARNING [21m[0m] -----------------------------------------------------------------
[[93m[1m WARNING [21m[0m] Element conservation is violated too large
[[93m[1m WARNING [21m[0m] at step: 3164
[[93m[1m WARNING [21m[0m] -----------------------------------------------------------------
[[93m[1m WARNING [21m[0m] Element conservation is violated too large
[[93m[1m WARNING [21m[0m] at step: 3165
[[93m[1m WARNING [21m[0m] -----------------------------------------------------------------
[[93m[1m WARNING [21m[0m] Element conservation is violated too large
[[93m[1m WARNING [21m[0m] at step: 3166
[[93m[1m WARNING [21m[0m] -----------------------------------------------------------------
[[93m[1m WARNING [21m[0m] Element conservation is violated too large
[[93m[1m WARNING [21m[0m] at step: 3167
[[93m[1m WARNING [21m[0m] -----------------------------------------------------------------
[[93m[1m WARNING [21m[0m] Element conservation is violated too large
[[93m[1m WARNING [21m[0m] at step: 3168
[[93m[1m WARNING [21m[0m] -----------------------------------------------------------------
[[93m[1m WARNING [21m[0m] Element conservation is violated too large
[[93m[1m WARNING [21m[0m] at step: 3169
[[93m[1m WARNING [21m[0m] -----------------------------------------------------------------
[[93m[1m WARNING [21m[0m] Element conservation is violated too large
[[93m[1m WARNING [21m[0m] at step: 3170
[[93m[1m WARNING [21m[0m] -----------------------------------------------------------------
[[93m[1m WARNING [21m[0m] Element conservation is violated too large
[[93m[1m WARNING [21m[0m] at step: 3171
[[93m[1m WARNING [21m[0m] -----------------------------------------------------------------
[[93m[1m WARNING [21m[0m] Element conservation is violated too large
[[93m[1m WARNING [21m[0m] at step: 3172
[[93m[1m WARNING [21m[0m] -----------------------------------------------------------------
[[93m[1m WARNING [21m[0m] Element conservation is violated too large
[[93m[1m WARNING [21m[0m] at step: 3173
[[93m[1m WARNING [21m[0m] -----------------------------------------------------------------
[[93m[1m WARNING [21m[0m] Element conservation is violated too large
[[93m[1m WARNING [21m[0m] at step: 3174
[[93m[1m WARNING [21m[0m] -----------------------------------------------------------------
[[93m[1m WARNING [21m[0m] Element conservation is violated too large
[[93m[1m WARNING [21m[0m] at step: 3175
[[93m[1m WARNING [21m[0m] -----------------------------------------------------------------
[[93m[1m WARNING [21m[0m] Element conservation is violated too large
[[93m[1m WARNING [21m[0m] at step: 3176
[[93m[1m WARNING [21m[0m] -----------------------------------------------------------------
[[93m[1m WARNING [21m[0m] Element conservation is violated too large
[[93m[1m WARNING [21m[0m] at step: 3177
[[93m[1m WARNING [21m[0m] -----------------------------------------------------------------
[[93m[1m WARNING [21m[0m] Element conservation is violated too large
[[93m[1m WARNING [21m[0m] at step: 3178
[[93m[1m WARNING [21m[0m] -----------------------------------------------------------------
[[93m[1m WARNING [21m[0m] Element conservation is violated too large
[[93m[1m WARNING [21m[0m] at step: 3179
[[93m[1m WARNING [21m[0m] -----------------------------------------------------------------
[[93m[1m WARNING [21m[0m] Element conservation is violated too large
[[93m[1m WARNING [21m[0m] at step: 3180
[[93m[1m WARNING [21m[0m] -----------------------------------------------------------------
[[93m[1m WARNING [21m[0m] Element conservation is violated too large
[[93m[1m WARNING [21m[0m] at step: 3181
[[93m[1m WARNING [21m[0m] -----------------------------------------------------------------
[[93m[1m WARNING [21m[0m] Element conservation is violated too large
[[93m[1m WARNING [21m[0m] at step: 3182
[[93m[1m WARNING [21m[0m] -----------------------------------------------------------------
[[93m[1m WARNING [21m[0m] Element conservation is violated too large
[[93m[1m WARNING [21m[0m] at step: 3183
[[93m[1m WARNING [21m[0m] -----------------------------------------------------------------
[[93m[1m WARNING [21m[0m] Element conservation is violated too large
[[93m[1m WARNING [21m[0m] at step: 3184
[[93m[1m WARNING [21m[0m] -----------------------------------------------------------------
[[93m[1m WARNING [21m[0m] Element conservation is violated too large
[[93m[1m WARNING [21m[0m] at step: 3185
[[93m[1m WARNING [21m[0m] -----------------------------------------------------------------
[[93m[1m WARNING [21m[0m] Element conservation is violated too large
[[93m[1m WARNING [21m[0m] at step: 3186
[[93m[1m WARNING [21m[0m] -----------------------------------------------------------------
[[93m[1m WARNING [21m[0m] Element conservation is violated too large
[[93m[1m WARNING [21m[0m] at step: 3187
[[93m[1m WARNING [21m[0m] -----------------------------------------------------------------
[[93m[1m WARNING [21m[0m] Element conservation is violated too large
[[93m[1m WARNING [21m[0m] at step: 3188
[[93m[1m WARNING [21m[0m] -----------------------------------------------------------------
[[93m[1m WARNING [21m[0m] Element conservation is violated too large
[[93m[1m WARNING [21m[0m] at step: 3189
[[93m[1m WARNING [21m[0m] -----------------------------------------------------------------
[[93m[1m WARNING [21m[0m] Element conservation is violated too large
[[93m[1m WARNING [21m[0m] at step: 3190
[[93m[1m WARNING [21m[0m] -----------------------------------------------------------------
[[93m[1m WARNING [21m[0m] Element conservation is violated too large
[[93m[1m WARNING [21m[0m] at step: 3191
[[93m[1m WARNING [21m[0m] -----------------------------------------------------------------
[[93m[1m WARNING [21m[0m] Element conservation is violated too large
[[93m[1m WARNING [21m[0m] at step: 3192
[[93m[1m WARNING [21m[0m] -----------------------------------------------------------------
[[93m[1m WARNING [21m[0m] Element conservation is violated too large
[[93m[1m WARNING [21m[0m] at step: 3193
[[93m[1m WARNING [21m[0m] -----------------------------------------------------------------
[[93m[1m WARNING [21m[0m] Element conservation is violated too large
[[93m[1m WARNING [21m[0m] at step: 3194
[[93m[1m WARNING [21m[0m] -----------------------------------------------------------------
[[93m[1m WARNING [21m[0m] Element conservation is violated too large
[[93m[1m WARNING [21m[0m] at step: 3195
[[93m[1m WARNING [21m[0m] -----------------------------------------------------------------
[[93m[1m WARNING [21m[0m] Element conservation is violated too large
[[93m[1m WARNING [21m[0m] at step: 3196
[[93m[1m WARNING [21m[0m] -----------------------------------------------------------------
[[93m[1m WARNING [21m[0m] Element conservation is violated too large
[[93m[1m WARNING [21m[0m] at step: 3197
[[93m[1m WARNING [21m[0m] -----------------------------------------------------------------
[[93m[1m WARNING [21m[0m] Element conservation is violated too large
[[93m[1m WARNING [21m[0m] at step: 3198
[[93m[1m WARNING [21m[0m] -----------------------------------------------------------------
[[32m[1m INFO  [21m[0m] Elapsed time: 3.66e+03 || Step number: 3200/30000
[[32m[1m INFO  [21m[0m] longdy = 2.47e+02      || longdy/dt = 4.06e-01  || dt = 1.20e+01
[[32m[1m INFO  [21m[0m] from nz = 26 and CS
[[32m[1m INFO  [21m[0m] -----------------------------------------------------------------
[[93m[1m WARNING [21m[0m] Element conservation is violated too large
[[93m[1m WARNING [21m[0m] at step: 3200
[[93m[1m WARNING [21m[0m] -----------------------------------------------------------------
[[93m[1m WARNING [21m[0m] Element conservation is violated too large
[[93m[1m WARNING [21m[0m] at step: 3223
[[93m[1m WARNING [21m[0m] -----------------------------------------------------------------
[[93m[1m WARNING [21m[0m] Element conservation is violated too large
[[93m[1m WARNING [21m[0m] at step: 3224
[[93m[1m WARNING [21m[0m] -----------------------------------------------------------------
[[93m[1m WARNING [21m[0m] Element conservation is violated too large
[[93m[1m WARNING [21m[0m] at step: 3225
[[93m[1m WARNING [21m[0m] -----------------------------------------------------------------
[[93m[1m WARNING [21m[0m] Element conservation is violated too large
[[93m[1m WARNING [21m[0m] at step: 3226
[[93m[1m WARNING [21m[0m] -----------------------------------------------------------------
[[93m[1m WARNING [21m[0m] Element conservation is violated too large
[[93m[1m WARNING [21m[0m] at step: 3227
[[93m[1m WARNING [21m[0m] -----------------------------------------------------------------
[[93m[1m WARNING [21m[0m] Element conservation is violated too large
[[93m[1m WARNING [21m[0m] at step: 3228
[[93m[1m WARNING [21m[0m] -----------------------------------------------------------------
[[93m[1m WARNING [21m[0m] Element conservation is violated too large
[[93m[1m WARNING [21m[0m] at step: 3229
[[93m[1m WARNING [21m[0m] -----------------------------------------------------------------
[[93m[1m WARNING [21m[0m] Element conservation is violated too large
[[93m[1m WARNING [21m[0m] at step: 3230
[[93m[1m WARNING [21m[0m] -----------------------------------------------------------------
[[93m[1m WARNING [21m[0m] Element conservation is violated too large
[[93m[1m WARNING [21m[0m] at step: 3231
[[93m[1m WARNING [21m[0m] -----------------------------------------------------------------
[[93m[1m WARNING [21m[0m] Element conservation is violated too large
[[93m[1m WARNING [21m[0m] at step: 3232
[[93m[1m WARNING [21m[0m] -----------------------------------------------------------------
[[93m[1m WARNING [21m[0m] Element conservation is violated too large
[[93m[1m WARNING [21m[0m] at step: 3233
[[93m[1m WARNING [21m[0m] -----------------------------------------------------------------
[[93m[1m WARNING [21m[0m] Element conservation is violated too large
[[93m[1m WARNING [21m[0m] at step: 3234
[[93m[1m WARNING [21m[0m] -----------------------------------------------------------------
[[93m[1m WARNING [21m[0m] Element conservation is violated too large
[[93m[1m WARNING [21m[0m] at step: 3235
[[93m[1m WARNING [21m[0m] -----------------------------------------------------------------
[[93m[1m WARNING [21m[0m] Element conservation is violated too large
[[93m[1m WARNING [21m[0m] at step: 3236
[[93m[1m WARNING [21m[0m] -----------------------------------------------------------------
[[93m[1m WARNING [21m[0m] Element conservation is violated too large
[[93m[1m WARNING [21m[0m] at step: 3237
[[93m[1m WARNING [21m[0m] -----------------------------------------------------------------
[[93m[1m WARNING [21m[0m] Element conservation is violated too large
[[93m[1m WARNING [21m[0m] at step: 3239
[[93m[1m WARNING [21m[0m] -----------------------------------------------------------------
[[93m[1m WARNING [21m[0m] Element conservation is violated too large
[[93m[1m WARNING [21m[0m] at step: 3240
[[93m[1m WARNING [21m[0m] -----------------------------------------------------------------
[[93m[1m WARNING [21m[0m] Element conservation is violated too large
[[93m[1m WARNING [21m[0m] at step: 3241
[[93m[1m WARNING [21m[0m] -----------------------------------------------------------------
[[93m[1m WARNING [21m[0m] Element conservation is violated too large
[[93m[1m WARNING [21m[0m] at step: 3242
[[93m[1m WARNING [21m[0m] -----------------------------------------------------------------
[[93m[1m WARNING [21m[0m] Element conservation is violated too large
[[93m[1m WARNING [21m[0m] at step: 3243
[[93m[1m WARNING [21m[0m] -----------------------------------------------------------------
[[93m[1m WARNING [21m[0m] Element conservation is violated too large
[[93m[1m WARNING [21m[0m] at step: 3244
[[93m[1m WARNING [21m[0m] -----------------------------------------------------------------
[[93m[1m WARNING [21m[0m] Element conservation is violated too large
[[93m[1m WARNING [21m[0m] at step: 3245
[[93m[1m WARNING [21m[0m] -----------------------------------------------------------------
[[93m[1m WARNING [21m[0m] Element conservation is violated too large
[[93m[1m WARNING [21m[0m] at step: 3246
[[93m[1m WARNING [21m[0m] -----------------------------------------------------------------
[[93m[1m WARNING [21m[0m] Element conservation is violated too large
[[93m[1m WARNING [21m[0m] at step: 3247
[[93m[1m WARNING [21m[0m] -----------------------------------------------------------------
[[93m[1m WARNING [21m[0m] Element conservation is violated too large
[[93m[1m WARNING [21m[0m] at step: 3248
[[93m[1m WARNING [21m[0m] -----------------------------------------------------------------
[[93m[1m WARNING [21m[0m] Element conservation is violated too large
[[93m[1m WARNING [21m[0m] at step: 3249
[[93m[1m WARNING [21m[0m] -----------------------------------------------------------------
[[93m[1m WARNING [21m[0m] Element conservation is violated too large
[[93m[1m WARNING [21m[0m] at step: 3250
[[93m[1m WARNING [21m[0m] -----------------------------------------------------------------
[[93m[1m WARNING [21m[0m] Element conservation is violated too large
[[93m[1m WARNING [21m[0m] at step: 3251
[[93m[1m WARNING [21m[0m] -----------------------------------------------------------------
[[93m[1m WARNING [21m[0m] Element conservation is violated too large
[[93m[1m WARNING [21m[0m] at step: 3252
[[93m[1m WARNING [21m[0m] -----------------------------------------------------------------
[[93m[1m WARNING [21m[0m] Element conservation is violated too large
[[93m[1m WARNING [21m[0m] at step: 3253
[[93m[1m WARNING [21m[0m] -----------------------------------------------------------------
[[93m[1m WARNING [21m[0m] Element conservation is violated too large
[[93m[1m WARNING [21m[0m] at step: 3254
[[93m[1m WARNING [21m[0m] -----------------------------------------------------------------
[[93m[1m WARNING [21m[0m] Element conservation is violated too large
[[93m[1m WARNING [21m[0m] at step: 3255
[[93m[1m WARNING [21m[0m] -----------------------------------------------------------------
[[93m[1m WARNING [21m[0m] Element conservation is violated too large
[[93m[1m WARNING [21m[0m] at step: 3256
[[93m[1m WARNING [21m[0m] -----------------------------------------------------------------
[[93m[1m WARNING [21m[0m] Element conservation is violated too large
[[93m[1m WARNING [21m[0m] at step: 3257
[[93m[1m WARNING [21m[0m] -----------------------------------------------------------------
[[93m[1m WARNING [21m[0m] Element conservation is violated too large
[[93m[1m WARNING [21m[0m] at step: 3258
[[93m[1m WARNING [21m[0m] -----------------------------------------------------------------
[[93m[1m WARNING [21m[0m] Element conservation is violated too large
[[93m[1m WARNING [21m[0m] at step: 3259
[[93m[1m WARNING [21m[0m] -----------------------------------------------------------------
[[93m[1m WARNING [21m[0m] Element conservation is violated too large
[[93m[1m WARNING [21m[0m] at step: 3260
[[93m[1m WARNING [21m[0m] -----------------------------------------------------------------
[[93m[1m WARNING [21m[0m] Element conservation is violated too large
[[93m[1m WARNING [21m[0m] at step: 3261
[[93m[1m WARNING [21m[0m] -----------------------------------------------------------------
[[93m[1m WARNING [21m[0m] Element conservation is violated too large
[[93m[1m WARNING [21m[0m] at step: 3262
[[93m[1m WARNING [21m[0m] -----------------------------------------------------------------
[[93m[1m WARNING [21m[0m] Element conservation is violated too large
[[93m[1m WARNING [21m[0m] at step: 3263
[[93m[1m WARNING [21m[0m] -----------------------------------------------------------------
[[93m[1m WARNING [21m[0m] Element conservation is violated too large
[[93m[1m WARNING [21m[0m] at step: 3264
[[93m[1m WARNING [21m[0m] -----------------------------------------------------------------
[[93m[1m WARNING [21m[0m] Element conservation is violated too large
[[93m[1m WARNING [21m[0m] at step: 3265
[[93m[1m WARNING [21m[0m] -----------------------------------------------------------------
[[93m[1m WARNING [21m[0m] Element conservation is violated too large
[[93m[1m WARNING [21m[0m] at step: 3266
[[93m[1m WARNING [21m[0m] -----------------------------------------------------------------
[[93m[1m WARNING [21m[0m] Element conservation is violated too large
[[93m[1m WARNING [21m[0m] at step: 3267
[[93m[1m WARNING [21m[0m] -----------------------------------------------------------------
[[93m[1m WARNING [21m[0m] Element conservation is violated too large
[[93m[1m WARNING [21m[0m] at step: 3268
[[93m[1m WARNING [21m[0m] -----------------------------------------------------------------
[[93m[1m WARNING [21m[0m] Element conservation is violated too large
[[93m[1m WARNING [21m[0m] at step: 3269
[[93m[1m WARNING [21m[0m] -----------------------------------------------------------------
[[93m[1m WARNING [21m[0m] Element conservation is violated too large
[[93m[1m WARNING [21m[0m] at step: 3270
[[93m[1m WARNING [21m[0m] -----------------------------------------------------------------
[[93m[1m WARNING [21m[0m] Element conservation is violated too large
[[93m[1m WARNING [21m[0m] at step: 3271
[[93m[1m WARNING [21m[0m] -----------------------------------------------------------------
[[93m[1m WARNING [21m[0m] Element conservation is violated too large
[[93m[1m WARNING [21m[0m] at step: 3272
[[93m[1m WARNING [21m[0m] -----------------------------------------------------------------
[[93m[1m WARNING [21m[0m] Element conservation is violated too large
[[93m[1m WARNING [21m[0m] at step: 3273
[[93m[1m WARNING [21m[0m] -----------------------------------------------------------------
[[93m[1m WARNING [21m[0m] Element conservation is violated too large
[[93m[1m WARNING [21m[0m] at step: 3274
[[93m[1m WARNING [21m[0m] -----------------------------------------------------------------
[[93m[1m WARNING [21m[0m] Element conservation is violated too large
[[93m[1m WARNING [21m[0m] at step: 3275
[[93m[1m WARNING [21m[0m] -----------------------------------------------------------------
[[93m[1m WARNING [21m[0m] Element conservation is violated too large
[[93m[1m WARNING [21m[0m] at step: 3276
[[93m[1m WARNING [21m[0m] -----------------------------------------------------------------
[[93m[1m WARNING [21m[0m] Element conservation is violated too large
[[93m[1m WARNING [21m[0m] at step: 3277
[[93m[1m WARNING [21m[0m] -----------------------------------------------------------------
[[93m[1m WARNING [21m[0m] Element conservation is violated too large
[[93m[1m WARNING [21m[0m] at step: 3278
[[93m[1m WARNING [21m[0m] -----------------------------------------------------------------
[[93m[1m WARNING [21m[0m] Element conservation is violated too large
[[93m[1m WARNING [21m[0m] at step: 3279
[[93m[1m WARNING [21m[0m] -----------------------------------------------------------------
[[93m[1m WARNING [21m[0m] Element conservation is violated too large
[[93m[1m WARNING [21m[0m] at step: 3280
[[93m[1m WARNING [21m[0m] -----------------------------------------------------------------
[[93m[1m WARNING [21m[0m] Element conservation is violated too large
[[93m[1m WARNING [21m[0m] at step: 3281
[[93m[1m WARNING [21m[0m] -----------------------------------------------------------------
[[93m[1m WARNING [21m[0m] Element conservation is violated too large
[[93m[1m WARNING [21m[0m] at step: 3282
[[93m[1m WARNING [21m[0m] -----------------------------------------------------------------
[[93m[1m WARNING [21m[0m] Element conservation is violated too large
[[93m[1m WARNING [21m[0m] at step: 3283
[[93m[1m WARNING [21m[0m] -----------------------------------------------------------------
[[93m[1m WARNING [21m[0m] Element conservation is violated too large
[[93m[1m WARNING [21m[0m] at step: 3284
[[93m[1m WARNING [21m[0m] -----------------------------------------------------------------
[[93m[1m WARNING [21m[0m] Element conservation is violated too large
[[93m[1m WARNING [21m[0m] at step: 3285
[[93m[1m WARNING [21m[0m] -----------------------------------------------------------------
[[93m[1m WARNING [21m[0m] Element conservation is violated too large
[[93m[1m WARNING [21m[0m] at step: 3286
[[93m[1m WARNING [21m[0m] -----------------------------------------------------------------
[[93m[1m WARNING [21m[0m] Element conservation is violated too large
[[93m[1m WARNING [21m[0m] at step: 3287
[[93m[1m WARNING [21m[0m] -----------------------------------------------------------------
[[93m[1m WARNING [21m[0m] Element conservation is violated too large
[[93m[1m WARNING [21m[0m] at step: 3288
[[93m[1m WARNING [21m[0m] -----------------------------------------------------------------
[[93m[1m WARNING [21m[0m] Element conservation is violated too large
[[93m[1m WARNING [21m[0m] at step: 3289
[[93m[1m WARNING [21m[0m] -----------------------------------------------------------------
[[93m[1m WARNING [21m[0m] Element conservation is violated too large
[[93m[1m WARNING [21m[0m] at step: 3290
[[93m[1m WARNING [21m[0m] -----------------------------------------------------------------
[[93m[1m WARNING [21m[0m] Element conservation is violated too large
[[93m[1m WARNING [21m[0m] at step: 3291
[[93m[1m WARNING [21m[0m] -----------------------------------------------------------------
[[93m[1m WARNING [21m[0m] Element conservation is violated too large
[[93m[1m WARNING [21m[0m] at step: 3292
[[93m[1m WARNING [21m[0m] -----------------------------------------------------------------
[[93m[1m WARNING [21m[0m] Element conservation is violated too large
[[93m[1m WARNING [21m[0m] at step: 3293
[[93m[1m WARNING [21m[0m] -----------------------------------------------------------------
[[93m[1m WARNING [21m[0m] Element conservation is violated too large
[[93m[1m WARNING [21m[0m] at step: 3294
[[93m[1m WARNING [21m[0m] -----------------------------------------------------------------
[[93m[1m WARNING [21m[0m] Element conservation is violated too large
[[93m[1m WARNING [21m[0m] at step: 3295
[[93m[1m WARNING [21m[0m] -----------------------------------------------------------------
[[93m[1m WARNING [21m[0m] Element conservation is violated too large
[[93m[1m WARNING [21m[0m] at step: 3296
[[93m[1m WARNING [21m[0m] -----------------------------------------------------------------
[[93m[1m WARNING [21m[0m] Element conservation is violated too large
[[93m[1m WARNING [21m[0m] at step: 3297
[[93m[1m WARNING [21m[0m] -----------------------------------------------------------------
[[93m[1m WARNING [21m[0m] Element conservation is violated too large
[[93m[1m WARNING [21m[0m] at step: 3298
[[93m[1m WARNING [21m[0m] -----------------------------------------------------------------
[[93m[1m WARNING [21m[0m] Element conservation is violated too large
[[93m[1m WARNING [21m[0m] at step: 3299
[[93m[1m WARNING [21m[0m] -----------------------------------------------------------------
[[32m[1m INFO  [21m[0m] Elapsed time: 4.68e+03 || Step number: 3300/30000
[[32m[1m INFO  [21m[0m] longdy = 1.39e+01      || longdy/dt = 1.37e-02  || dt = 2.12e+01
[[32m[1m INFO  [21m[0m] from nz = 25 and CS
[[32m[1m INFO  [21m[0m] -----------------------------------------------------------------
[[93m[1m WARNING [21m[0m] Element conservation is violated too large
[[93m[1m WARNING [21m[0m] at step: 3300
[[93m[1m WARNING [21m[0m] -----------------------------------------------------------------
[[93m[1m WARNING [21m[0m] Element conservation is violated too large
[[93m[1m WARNING [21m[0m] at step: 3302
[[93m[1m WARNING [21m[0m] -----------------------------------------------------------------
[[93m[1m WARNING [21m[0m] Element conservation is violated too large
[[93m[1m WARNING [21m[0m] at step: 3303
[[93m[1m WARNING [21m[0m] -----------------------------------------------------------------
[[93m[1m WARNING [21m[0m] Element conservation is violated too large
[[93m[1m WARNING [21m[0m] at step: 3304
[[93m[1m WARNING [21m[0m] -----------------------------------------------------------------
[[93m[1m WARNING [21m[0m] Element conservation is violated too large
[[93m[1m WARNING [21m[0m] at step: 3305
[[93m[1m WARNING [21m[0m] -----------------------------------------------------------------
[[93m[1m WARNING [21m[0m] Element conservation is violated too large
[[93m[1m WARNING [21m[0m] at step: 3306
[[93m[1m WARNING [21m[0m] -----------------------------------------------------------------
[[93m[1m WARNING [21m[0m] Element conservation is violated too large
[[93m[1m WARNING [21m[0m] at step: 3307
[[93m[1m WARNING [21m[0m] -----------------------------------------------------------------
[[93m[1m WARNING [21m[0m] Element conservation is violated too large
[[93m[1m WARNING [21m[0m] at step: 3308
[[93m[1m WARNING [21m[0m] -----------------------------------------------------------------
[[93m[1m WARNING [21m[0m] Element conservation is violated too large
[[93m[1m WARNING [21m[0m] at step: 3309
[[93m[1m WARNING [21m[0m] -----------------------------------------------------------------
[[93m[1m WARNING [21m[0m] Element conservation is violated too large
[[93m[1m WARNING [21m[0m] at step: 3310
[[93m[1m WARNING [21m[0m] -----------------------------------------------------------------
[[93m[1m WARNING [21m[0m] Element conservation is violated too large
[[93m[1m WARNING [21m[0m] at step: 3311
[[93m[1m WARNING [21m[0m] -----------------------------------------------------------------
[[93m[1m WARNING [21m[0m] Element conservation is violated too large
[[93m[1m WARNING [21m[0m] at step: 3312
[[93m[1m WARNING [21m[0m] -----------------------------------------------------------------
[[93m[1m WARNING [21m[0m] Element conservation is violated too large
[[93m[1m WARNING [21m[0m] at step: 3313
[[93m[1m WARNING [21m[0m] -----------------------------------------------------------------
[[93m[1m WARNING [21m[0m] Element conservation is violated too large
[[93m[1m WARNING [21m[0m] at step: 3314
[[93m[1m WARNING [21m[0m] -----------------------------------------------------------------
[[93m[1m WARNING [21m[0m] Element conservation is violated too large
[[93m[1m WARNING [21m[0m] at step: 3315
[[93m[1m WARNING [21m[0m] -----------------------------------------------------------------
[[93m[1m WARNING [21m[0m] Element conservation is violated too large
[[93m[1m WARNING [21m[0m] at step: 3316
[[93m[1m WARNING [21m[0m] -----------------------------------------------------------------
[[93m[1m WARNING [21m[0m] Element conservation is violated too large
[[93m[1m WARNING [21m[0m] at step: 3317
[[93m[1m WARNING [21m[0m] -----------------------------------------------------------------
[[93m[1m WARNING [21m[0m] Element conservation is violated too large
[[93m[1m WARNING [21m[0m] at step: 3318
[[93m[1m WARNING [21m[0m] -----------------------------------------------------------------
[[93m[1m WARNING [21m[0m] Element conservation is violated too large
[[93m[1m WARNING [21m[0m] at step: 3319
[[93m[1m WARNING [21m[0m] -----------------------------------------------------------------
[[93m[1m WARNING [21m[0m] Element conservation is violated too large
[[93m[1m WARNING [21m[0m] at step: 3320
[[93m[1m WARNING [21m[0m] -----------------------------------------------------------------
[[93m[1m WARNING [21m[0m] Element conservation is violated too large
[[93m[1m WARNING [21m[0m] at step: 3321
[[93m[1m WARNING [21m[0m] -----------------------------------------------------------------
[[93m[1m WARNING [21m[0m] Element conservation is violated too large
[[93m[1m WARNING [21m[0m] at step: 3322
[[93m[1m WARNING [21m[0m] -----------------------------------------------------------------
[[93m[1m WARNING [21m[0m] Element conservation is violated too large
[[93m[1m WARNING [21m[0m] at step: 3323
[[93m[1m WARNING [21m[0m] -----------------------------------------------------------------
[[93m[1m WARNING [21m[0m] Element conservation is violated too large
[[93m[1m WARNING [21m[0m] at step: 3324
[[93m[1m WARNING [21m[0m] -----------------------------------------------------------------
[[93m[1m WARNING [21m[0m] Element conservation is violated too large
[[93m[1m WARNING [21m[0m] at step: 3325
[[93m[1m WARNING [21m[0m] -----------------------------------------------------------------
[[93m[1m WARNING [21m[0m] Element conservation is violated too large
[[93m[1m WARNING [21m[0m] at step: 3326
[[93m[1m WARNING [21m[0m] -----------------------------------------------------------------
[[93m[1m WARNING [21m[0m] Element conservation is violated too large
[[93m[1m WARNING [21m[0m] at step: 3327
[[93m[1m WARNING [21m[0m] -----------------------------------------------------------------
[[93m[1m WARNING [21m[0m] Element conservation is violated too large
[[93m[1m WARNING [21m[0m] at step: 3328
[[93m[1m WARNING [21m[0m] -----------------------------------------------------------------
[[93m[1m WARNING [21m[0m] Element conservation is violated too large
[[93m[1m WARNING [21m[0m] at step: 3329
[[93m[1m WARNING [21m[0m] -----------------------------------------------------------------
[[93m[1m WARNING [21m[0m] Element conservation is violated too large
[[93m[1m WARNING [21m[0m] at step: 3330
[[93m[1m WARNING [21m[0m] -----------------------------------------------------------------
[[93m[1m WARNING [21m[0m] Element conservation is violated too large
[[93m[1m WARNING [21m[0m] at step: 3331
[[93m[1m WARNING [21m[0m] -----------------------------------------------------------------
[[93m[1m WARNING [21m[0m] Element conservation is violated too large
[[93m[1m WARNING [21m[0m] at step: 3332
[[93m[1m WARNING [21m[0m] -----------------------------------------------------------------
[[93m[1m WARNING [21m[0m] Element conservation is violated too large
[[93m[1m WARNING [21m[0m] at step: 3333
[[93m[1m WARNING [21m[0m] -----------------------------------------------------------------
[[93m[1m WARNING [21m[0m] Element conservation is violated too large
[[93m[1m WARNING [21m[0m] at step: 3334
[[93m[1m WARNING [21m[0m] -----------------------------------------------------------------
[[93m[1m WARNING [21m[0m] Element conservation is violated too large
[[93m[1m WARNING [21m[0m] at step: 3335
[[93m[1m WARNING [21m[0m] -----------------------------------------------------------------
[[93m[1m WARNING [21m[0m] Element conservation is violated too large
[[93m[1m WARNING [21m[0m] at step: 3336
[[93m[1m WARNING [21m[0m] -----------------------------------------------------------------
[[93m[1m WARNING [21m[0m] Element conservation is violated too large
[[93m[1m WARNING [21m[0m] at step: 3337
[[93m[1m WARNING [21m[0m] -----------------------------------------------------------------
[[93m[1m WARNING [21m[0m] Element conservation is violated too large
[[93m[1m WARNING [21m[0m] at step: 3338
[[93m[1m WARNING [21m[0m] -----------------------------------------------------------------
[[93m[1m WARNING [21m[0m] Element conservation is violated too large
[[93m[1m WARNING [21m[0m] at step: 3339
[[93m[1m WARNING [21m[0m] -----------------------------------------------------------------
[[93m[1m WARNING [21m[0m] Element conservation is violated too large
[[93m[1m WARNING [21m[0m] at step: 3340
[[93m[1m WARNING [21m[0m] -----------------------------------------------------------------
[[93m[1m WARNING [21m[0m] Element conservation is violated too large
[[93m[1m WARNING [21m[0m] at step: 3341
[[93m[1m WARNING [21m[0m] -----------------------------------------------------------------
[[93m[1m WARNING [21m[0m] Element conservation is violated too large
[[93m[1m WARNING [21m[0m] at step: 3342
[[93m[1m WARNING [21m[0m] -----------------------------------------------------------------
[[93m[1m WARNING [21m[0m] Element conservation is violated too large
[[93m[1m WARNING [21m[0m] at step: 3343
[[93m[1m WARNING [21m[0m] -----------------------------------------------------------------
[[93m[1m WARNING [21m[0m] Element conservation is violated too large
[[93m[1m WARNING [21m[0m] at step: 3344
[[93m[1m WARNING [21m[0m] -----------------------------------------------------------------
[[93m[1m WARNING [21m[0m] Element conservation is violated too large
[[93m[1m WARNING [21m[0m] at step: 3345
[[93m[1m WARNING [21m[0m] -----------------------------------------------------------------
[[93m[1m WARNING [21m[0m] Element conservation is violated too large
[[93m[1m WARNING [21m[0m] at step: 3346
[[93m[1m WARNING [21m[0m] -----------------------------------------------------------------
[[93m[1m WARNING [21m[0m] Element conservation is violated too large
[[93m[1m WARNING [21m[0m] at step: 3347
[[93m[1m WARNING [21m[0m] -----------------------------------------------------------------
[[93m[1m WARNING [21m[0m] Element conservation is violated too large
[[93m[1m WARNING [21m[0m] at step: 3348
[[93m[1m WARNING [21m[0m] -----------------------------------------------------------------
[[93m[1m WARNING [21m[0m] Element conservation is violated too large
[[93m[1m WARNING [21m[0m] at step: 3349
[[93m[1m WARNING [21m[0m] -----------------------------------------------------------------
[[93m[1m WARNING [21m[0m] Element conservation is violated too large
[[93m[1m WARNING [21m[0m] at step: 3350
[[93m[1m WARNING [21m[0m] -----------------------------------------------------------------
[[93m[1m WARNING [21m[0m] Element conservation is violated too large
[[93m[1m WARNING [21m[0m] at step: 3351
[[93m[1m WARNING [21m[0m] -----------------------------------------------------------------
[[93m[1m WARNING [21m[0m] Element conservation is violated too large
[[93m[1m WARNING [21m[0m] at step: 3352
[[93m[1m WARNING [21m[0m] -----------------------------------------------------------------
[[93m[1m WARNING [21m[0m] Element conservation is violated too large
[[93m[1m WARNING [21m[0m] at step: 3353
[[93m[1m WARNING [21m[0m] -----------------------------------------------------------------
[[93m[1m WARNING [21m[0m] Element conservation is violated too large
[[93m[1m WARNING [21m[0m] at step: 3354
[[93m[1m WARNING [21m[0m] -----------------------------------------------------------------
[[93m[1m WARNING [21m[0m] Element conservation is violated too large
[[93m[1m WARNING [21m[0m] at step: 3355
[[93m[1m WARNING [21m[0m] -----------------------------------------------------------------
[[93m[1m WARNING [21m[0m] Element conservation is violated too large
[[93m[1m WARNING [21m[0m] at step: 3356
[[93m[1m WARNING [21m[0m] -----------------------------------------------------------------
[[93m[1m WARNING [21m[0m] Element conservation is violated too large
[[93m[1m WARNING [21m[0m] at step: 3357
[[93m[1m WARNING [21m[0m] -----------------------------------------------------------------
[[93m[1m WARNING [21m[0m] Element conservation is violated too large
[[93m[1m WARNING [21m[0m] at step: 3358
[[93m[1m WARNING [21m[0m] -----------------------------------------------------------------
[[93m[1m WARNING [21m[0m] Element conservation is violated too large
[[93m[1m WARNING [21m[0m] at step: 3359
[[93m[1m WARNING [21m[0m] -----------------------------------------------------------------
[[93m[1m WARNING [21m[0m] Element conservation is violated too large
[[93m[1m WARNING [21m[0m] at step: 3360
[[93m[1m WARNING [21m[0m] -----------------------------------------------------------------
[[93m[1m WARNING [21m[0m] Element conservation is violated too large
[[93m[1m WARNING [21m[0m] at step: 3361
[[93m[1m WARNING [21m[0m] -----------------------------------------------------------------
[[93m[1m WARNING [21m[0m] Element conservation is violated too large
[[93m[1m WARNING [21m[0m] at step: 3362
[[93m[1m WARNING [21m[0m] -----------------------------------------------------------------
[[93m[1m WARNING [21m[0m] Element conservation is violated too large
[[93m[1m WARNING [21m[0m] at step: 3363
[[93m[1m WARNING [21m[0m] -----------------------------------------------------------------
[[93m[1m WARNING [21m[0m] Element conservation is violated too large
[[93m[1m WARNING [21m[0m] at step: 3364
[[93m[1m WARNING [21m[0m] -----------------------------------------------------------------
[[93m[1m WARNING [21m[0m] Element conservation is violated too large
[[93m[1m WARNING [21m[0m] at step: 3365
[[93m[1m WARNING [21m[0m] -----------------------------------------------------------------
[[93m[1m WARNING [21m[0m] Element conservation is violated too large
[[93m[1m WARNING [21m[0m] at step: 3366
[[93m[1m WARNING [21m[0m] -----------------------------------------------------------------
[[93m[1m WARNING [21m[0m] Element conservation is violated too large
[[93m[1m WARNING [21m[0m] at step: 3367
[[93m[1m WARNING [21m[0m] -----------------------------------------------------------------
[[93m[1m WARNING [21m[0m] Element conservation is violated too large
[[93m[1m WARNING [21m[0m] at step: 3368
[[93m[1m WARNING [21m[0m] -----------------------------------------------------------------
[[93m[1m WARNING [21m[0m] Element conservation is violated too large
[[93m[1m WARNING [21m[0m] at step: 3369
[[93m[1m WARNING [21m[0m] -----------------------------------------------------------------
[[93m[1m WARNING [21m[0m] Element conservation is violated too large
[[93m[1m WARNING [21m[0m] at step: 3370
[[93m[1m WARNING [21m[0m] -----------------------------------------------------------------
[[93m[1m WARNING [21m[0m] Element conservation is violated too large
[[93m[1m WARNING [21m[0m] at step: 3371
[[93m[1m WARNING [21m[0m] -----------------------------------------------------------------
[[93m[1m WARNING [21m[0m] Element conservation is violated too large
[[93m[1m WARNING [21m[0m] at step: 3372
[[93m[1m WARNING [21m[0m] -----------------------------------------------------------------
[[93m[1m WARNING [21m[0m] Element conservation is violated too large
[[93m[1m WARNING [21m[0m] at step: 3373
[[93m[1m WARNING [21m[0m] -----------------------------------------------------------------
[[93m[1m WARNING [21m[0m] Element conservation is violated too large
[[93m[1m WARNING [21m[0m] at step: 3374
[[93m[1m WARNING [21m[0m] -----------------------------------------------------------------
[[93m[1m WARNING [21m[0m] Element conservation is violated too large
[[93m[1m WARNING [21m[0m] at step: 3375
[[93m[1m WARNING [21m[0m] -----------------------------------------------------------------
[[93m[1m WARNING [21m[0m] Element conservation is violated too large
[[93m[1m WARNING [21m[0m] at step: 3376
[[93m[1m WARNING [21m[0m] -----------------------------------------------------------------
[[93m[1m WARNING [21m[0m] Element conservation is violated too large
[[93m[1m WARNING [21m[0m] at step: 3377
[[93m[1m WARNING [21m[0m] -----------------------------------------------------------------
[[93m[1m WARNING [21m[0m] Element conservation is violated too large
[[93m[1m WARNING [21m[0m] at step: 3378
[[93m[1m WARNING [21m[0m] -----------------------------------------------------------------
[[93m[1m WARNING [21m[0m] Element conservation is violated too large
[[93m[1m WARNING [21m[0m] at step: 3379
[[93m[1m WARNING [21m[0m] -----------------------------------------------------------------
[[93m[1m WARNING [21m[0m] Element conservation is violated too large
[[93m[1m WARNING [21m[0m] at step: 3380
[[93m[1m WARNING [21m[0m] -----------------------------------------------------------------
[[93m[1m WARNING [21m[0m] Element conservation is violated too large
[[93m[1m WARNING [21m[0m] at step: 3381
[[93m[1m WARNING [21m[0m] -----------------------------------------------------------------
[[93m[1m WARNING [21m[0m] Element conservation is violated too large
[[93m[1m WARNING [21m[0m] at step: 3382
[[93m[1m WARNING [21m[0m] -----------------------------------------------------------------
[[93m[1m WARNING [21m[0m] Element conservation is violated too large
[[93m[1m WARNING [21m[0m] at step: 3383
[[93m[1m WARNING [21m[0m] -----------------------------------------------------------------
[[93m[1m WARNING [21m[0m] Element conservation is violated too large
[[93m[1m WARNING [21m[0m] at step: 3384
[[93m[1m WARNING [21m[0m] -----------------------------------------------------------------
[[93m[1m WARNING [21m[0m] Element conservation is violated too large
[[93m[1m WARNING [21m[0m] at step: 3385
[[93m[1m WARNING [21m[0m] -----------------------------------------------------------------
[[93m[1m WARNING [21m[0m] Element conservation is violated too large
[[93m[1m WARNING [21m[0m] at step: 3386
[[93m[1m WARNING [21m[0m] -----------------------------------------------------------------
[[93m[1m WARNING [21m[0m] Element conservation is violated too large
[[93m[1m WARNING [21m[0m] at step: 3387
[[93m[1m WARNING [21m[0m] -----------------------------------------------------------------
[[93m[1m WARNING [21m[0m] Element conservation is violated too large
[[93m[1m WARNING [21m[0m] at step: 3388
[[93m[1m WARNING [21m[0m] -----------------------------------------------------------------
[[93m[1m WARNING [21m[0m] Element conservation is violated too large
[[93m[1m WARNING [21m[0m] at step: 3389
[[93m[1m WARNING [21m[0m] -----------------------------------------------------------------
[[93m[1m WARNING [21m[0m] Element conservation is violated too large
[[93m[1m WARNING [21m[0m] at step: 3390
[[93m[1m WARNING [21m[0m] -----------------------------------------------------------------
[[93m[1m WARNING [21m[0m] Element conservation is violated too large
[[93m[1m WARNING [21m[0m] at step: 3391
[[93m[1m WARNING [21m[0m] -----------------------------------------------------------------
[[93m[1m WARNING [21m[0m] Element conservation is violated too large
[[93m[1m WARNING [21m[0m] at step: 3392
[[93m[1m WARNING [21m[0m] -----------------------------------------------------------------
[[93m[1m WARNING [21m[0m] Element conservation is violated too large
[[93m[1m WARNING [21m[0m] at step: 3393
[[93m[1m WARNING [21m[0m] -----------------------------------------------------------------
[[93m[1m WARNING [21m[0m] Element conservation is violated too large
[[93m[1m WARNING [21m[0m] at step: 3394
[[93m[1m WARNING [21m[0m] -----------------------------------------------------------------
[[93m[1m WARNING [21m[0m] Element conservation is violated too large
[[93m[1m WARNING [21m[0m] at step: 3395
[[93m[1m WARNING [21m[0m] -----------------------------------------------------------------
[[93m[1m WARNING [21m[0m] Element conservation is violated too large
[[93m[1m WARNING [21m[0m] at step: 3396
[[93m[1m WARNING [21m[0m] -----------------------------------------------------------------
[[93m[1m WARNING [21m[0m] Element conservation is violated too large
[[93m[1m WARNING [21m[0m] at step: 3397
[[93m[1m WARNING [21m[0m] -----------------------------------------------------------------
[[93m[1m WARNING [21m[0m] Element conservation is violated too large
[[93m[1m WARNING [21m[0m] at step: 3398
[[93m[1m WARNING [21m[0m] -----------------------------------------------------------------
[[93m[1m WARNING [21m[0m] Element conservation is violated too large
[[93m[1m WARNING [21m[0m] at step: 3399
[[93m[1m WARNING [21m[0m] -----------------------------------------------------------------
[[32m[1m INFO  [21m[0m] Elapsed time: 5.96e+03 || Step number: 3400/30000
[[32m[1m INFO  [21m[0m] longdy = 2.17e+00      || longdy/dt = 1.72e-03  || dt = 2.55e+01
[[32m[1m INFO  [21m[0m] from nz = 3 and H2O2
[[32m[1m INFO  [21m[0m] -----------------------------------------------------------------
[[93m[1m WARNING [21m[0m] Element conservation is violated too large
[[93m[1m WARNING [21m[0m] at step: 3400
[[93m[1m WARNING [21m[0m] -----------------------------------------------------------------
[[93m[1m WARNING [21m[0m] Element conservation is violated too large
[[93m[1m WARNING [21m[0m] at step: 3402
[[93m[1m WARNING [21m[0m] -----------------------------------------------------------------
[[93m[1m WARNING [21m[0m] Element conservation is violated too large
[[93m[1m WARNING [21m[0m] at step: 3403
[[93m[1m WARNING [21m[0m] -----------------------------------------------------------------
[[93m[1m WARNING [21m[0m] Element conservation is violated too large
[[93m[1m WARNING [21m[0m] at step: 3404
[[93m[1m WARNING [21m[0m] -----------------------------------------------------------------
[[93m[1m WARNING [21m[0m] Element conservation is violated too large
[[93m[1m WARNING [21m[0m] at step: 3405
[[93m[1m WARNING [21m[0m] -----------------------------------------------------------------
[[93m[1m WARNING [21m[0m] Element conservation is violated too large
[[93m[1m WARNING [21m[0m] at step: 3406
[[93m[1m WARNING [21m[0m] -----------------------------------------------------------------
[[93m[1m WARNING [21m[0m] Element conservation is violated too large
[[93m[1m WARNING [21m[0m] at step: 3407
[[93m[1m WARNING [21m[0m] -----------------------------------------------------------------
[[93m[1m WARNING [21m[0m] Element conservation is violated too large
[[93m[1m WARNING [21m[0m] at step: 3408
[[93m[1m WARNING [21m[0m] -----------------------------------------------------------------
[[93m[1m WARNING [21m[0m] Element conservation is violated too large
[[93m[1m WARNING [21m[0m] at step: 3409
[[93m[1m WARNING [21m[0m] -----------------------------------------------------------------
[[93m[1m WARNING [21m[0m] Element conservation is violated too large
[[93m[1m WARNING [21m[0m] at step: 3410
[[93m[1m WARNING [21m[0m] -----------------------------------------------------------------
[[93m[1m WARNING [21m[0m] Element conservation is violated too large
[[93m[1m WARNING [21m[0m] at step: 3411
[[93m[1m WARNING [21m[0m] -----------------------------------------------------------------
[[93m[1m WARNING [21m[0m] Element conservation is violated too large
[[93m[1m WARNING [21m[0m] at step: 3412
[[93m[1m WARNING [21m[0m] -----------------------------------------------------------------
[[93m[1m WARNING [21m[0m] Element conservation is violated too large
[[93m[1m WARNING [21m[0m] at step: 3413
[[93m[1m WARNING [21m[0m] -----------------------------------------------------------------
[[93m[1m WARNING [21m[0m] Element conservation is violated too large
[[93m[1m WARNING [21m[0m] at step: 3414
[[93m[1m WARNING [21m[0m] -----------------------------------------------------------------
[[93m[1m WARNING [21m[0m] Element conservation is violated too large
[[93m[1m WARNING [21m[0m] at step: 3415
[[93m[1m WARNING [21m[0m] -----------------------------------------------------------------
[[93m[1m WARNING [21m[0m] Element conservation is violated too large
[[93m[1m WARNING [21m[0m] at step: 3416
[[93m[1m WARNING [21m[0m] -----------------------------------------------------------------
[[93m[1m WARNING [21m[0m] Element conservation is violated too large
[[93m[1m WARNING [21m[0m] at step: 3417
[[93m[1m WARNING [21m[0m] -----------------------------------------------------------------
[[93m[1m WARNING [21m[0m] Element conservation is violated too large
[[93m[1m WARNING [21m[0m] at step: 3418
[[93m[1m WARNING [21m[0m] -----------------------------------------------------------------
[[93m[1m WARNING [21m[0m] Element conservation is violated too large
[[93m[1m WARNING [21m[0m] at step: 3419
[[93m[1m WARNING [21m[0m] -----------------------------------------------------------------
[[93m[1m WARNING [21m[0m] Element conservation is violated too large
[[93m[1m WARNING [21m[0m] at step: 3420
[[93m[1m WARNING [21m[0m] -----------------------------------------------------------------
[[93m[1m WARNING [21m[0m] Element conservation is violated too large
[[93m[1m WARNING [21m[0m] at step: 3421
[[93m[1m WARNING [21m[0m] -----------------------------------------------------------------
[[93m[1m WARNING [21m[0m] Element conservation is violated too large
[[93m[1m WARNING [21m[0m] at step: 3422
[[93m[1m WARNING [21m[0m] -----------------------------------------------------------------
[[93m[1m WARNING [21m[0m] Element conservation is violated too large
[[93m[1m WARNING [21m[0m] at step: 3423
[[93m[1m WARNING [21m[0m] -----------------------------------------------------------------
[[93m[1m WARNING [21m[0m] Element conservation is violated too large
[[93m[1m WARNING [21m[0m] at step: 3424
[[93m[1m WARNING [21m[0m] -----------------------------------------------------------------
[[93m[1m WARNING [21m[0m] Element conservation is violated too large
[[93m[1m WARNING [21m[0m] at step: 3425
[[93m[1m WARNING [21m[0m] -----------------------------------------------------------------
[[93m[1m WARNING [21m[0m] Element conservation is violated too large
[[93m[1m WARNING [21m[0m] at step: 3426
[[93m[1m WARNING [21m[0m] -----------------------------------------------------------------
[[93m[1m WARNING [21m[0m] Element conservation is violated too large
[[93m[1m WARNING [21m[0m] at step: 3427
[[93m[1m WARNING [21m[0m] -----------------------------------------------------------------
[[93m[1m WARNING [21m[0m] Element conservation is violated too large
[[93m[1m WARNING [21m[0m] at step: 3428
[[93m[1m WARNING [21m[0m] -----------------------------------------------------------------
[[93m[1m WARNING [21m[0m] Element conservation is violated too large
[[93m[1m WARNING [21m[0m] at step: 3429
[[93m[1m WARNING [21m[0m] -----------------------------------------------------------------
[[93m[1m WARNING [21m[0m] Element conservation is violated too large
[[93m[1m WARNING [21m[0m] at step: 3430
[[93m[1m WARNING [21m[0m] -----------------------------------------------------------------
[[93m[1m WARNING [21m[0m] Element conservation is violated too large
[[93m[1m WARNING [21m[0m] at step: 3431
[[93m[1m WARNING [21m[0m] -----------------------------------------------------------------
[[93m[1m WARNING [21m[0m] Element conservation is violated too large
[[93m[1m WARNING [21m[0m] at step: 3432
[[93m[1m WARNING [21m[0m] -----------------------------------------------------------------
[[93m[1m WARNING [21m[0m] Element conservation is violated too large
[[93m[1m WARNING [21m[0m] at step: 3433
[[93m[1m WARNING [21m[0m] -----------------------------------------------------------------
[[93m[1m WARNING [21m[0m] Element conservation is violated too large
[[93m[1m WARNING [21m[0m] at step: 3434
[[93m[1m WARNING [21m[0m] -----------------------------------------------------------------
[[93m[1m WARNING [21m[0m] Element conservation is violated too large
[[93m[1m WARNING [21m[0m] at step: 3435
[[93m[1m WARNING [21m[0m] -----------------------------------------------------------------
[[93m[1m WARNING [21m[0m] Element conservation is violated too large
[[93m[1m WARNING [21m[0m] at step: 3436
[[93m[1m WARNING [21m[0m] -----------------------------------------------------------------
[[93m[1m WARNING [21m[0m] Element conservation is violated too large
[[93m[1m WARNING [21m[0m] at step: 3437
[[93m[1m WARNING [21m[0m] -----------------------------------------------------------------
[[93m[1m WARNING [21m[0m] Element conservation is violated too large
[[93m[1m WARNING [21m[0m] at step: 3438
[[93m[1m WARNING [21m[0m] -----------------------------------------------------------------
[[93m[1m WARNING [21m[0m] Element conservation is violated too large
[[93m[1m WARNING [21m[0m] at step: 3439
[[93m[1m WARNING [21m[0m] -----------------------------------------------------------------
[[93m[1m WARNING [21m[0m] Element conservation is violated too large
[[93m[1m WARNING [21m[0m] at step: 3440
[[93m[1m WARNING [21m[0m] -----------------------------------------------------------------
[[93m[1m WARNING [21m[0m] Element conservation is violated too large
[[93m[1m WARNING [21m[0m] at step: 3441
[[93m[1m WARNING [21m[0m] -----------------------------------------------------------------
[[93m[1m WARNING [21m[0m] Element conservation is violated too large
[[93m[1m WARNING [21m[0m] at step: 3442
[[93m[1m WARNING [21m[0m] -----------------------------------------------------------------
[[93m[1m WARNING [21m[0m] Element conservation is violated too large
[[93m[1m WARNING [21m[0m] at step: 3443
[[93m[1m WARNING [21m[0m] -----------------------------------------------------------------
[[93m[1m WARNING [21m[0m] Element conservation is violated too large
[[93m[1m WARNING [21m[0m] at step: 3444
[[93m[1m WARNING [21m[0m] -----------------------------------------------------------------
[[93m[1m WARNING [21m[0m] Element conservation is violated too large
[[93m[1m WARNING [21m[0m] at step: 3445
[[93m[1m WARNING [21m[0m] -----------------------------------------------------------------
[[93m[1m WARNING [21m[0m] Element conservation is violated too large
[[93m[1m WARNING [21m[0m] at step: 3446
[[93m[1m WARNING [21m[0m] -----------------------------------------------------------------
[[93m[1m WARNING [21m[0m] Element conservation is violated too large
[[93m[1m WARNING [21m[0m] at step: 3447
[[93m[1m WARNING [21m[0m] -----------------------------------------------------------------
[[93m[1m WARNING [21m[0m] Element conservation is violated too large
[[93m[1m WARNING [21m[0m] at step: 3448
[[93m[1m WARNING [21m[0m] -----------------------------------------------------------------
[[93m[1m WARNING [21m[0m] Element conservation is violated too large
[[93m[1m WARNING [21m[0m] at step: 3449
[[93m[1m WARNING [21m[0m] -----------------------------------------------------------------
[[93m[1m WARNING [21m[0m] Element conservation is violated too large
[[93m[1m WARNING [21m[0m] at step: 3450
[[93m[1m WARNING [21m[0m] -----------------------------------------------------------------
[[93m[1m WARNING [21m[0m] Element conservation is violated too large
[[93m[1m WARNING [21m[0m] at step: 3452
[[93m[1m WARNING [21m[0m] -----------------------------------------------------------------
[[93m[1m WARNING [21m[0m] Element conservation is violated too large
[[93m[1m WARNING [21m[0m] at step: 3453
[[93m[1m WARNING [21m[0m] -----------------------------------------------------------------
[[93m[1m WARNING [21m[0m] Element conservation is violated too large
[[93m[1m WARNING [21m[0m] at step: 3454
[[93m[1m WARNING [21m[0m] -----------------------------------------------------------------
[[93m[1m WARNING [21m[0m] Element conservation is violated too large
[[93m[1m WARNING [21m[0m] at step: 3455
[[93m[1m WARNING [21m[0m] -----------------------------------------------------------------
[[93m[1m WARNING [21m[0m] Element conservation is violated too large
[[93m[1m WARNING [21m[0m] at step: 3456
[[93m[1m WARNING [21m[0m] -----------------------------------------------------------------
[[93m[1m WARNING [21m[0m] Element conservation is violated too large
[[93m[1m WARNING [21m[0m] at step: 3457
[[93m[1m WARNING [21m[0m] -----------------------------------------------------------------
[[93m[1m WARNING [21m[0m] Element conservation is violated too large
[[93m[1m WARNING [21m[0m] at step: 3458
[[93m[1m WARNING [21m[0m] -----------------------------------------------------------------
[[93m[1m WARNING [21m[0m] Element conservation is violated too large
[[93m[1m WARNING [21m[0m] at step: 3459
[[93m[1m WARNING [21m[0m] -----------------------------------------------------------------
[[93m[1m WARNING [21m[0m] Element conservation is violated too large
[[93m[1m WARNING [21m[0m] at step: 3460
[[93m[1m WARNING [21m[0m] -----------------------------------------------------------------
[[93m[1m WARNING [21m[0m] Element conservation is violated too large
[[93m[1m WARNING [21m[0m] at step: 3461
[[93m[1m WARNING [21m[0m] -----------------------------------------------------------------
[[93m[1m WARNING [21m[0m] Element conservation is violated too large
[[93m[1m WARNING [21m[0m] at step: 3462
[[93m[1m WARNING [21m[0m] -----------------------------------------------------------------
[[93m[1m WARNING [21m[0m] Element conservation is violated too large
[[93m[1m WARNING [21m[0m] at step: 3463
[[93m[1m WARNING [21m[0m] -----------------------------------------------------------------
[[93m[1m WARNING [21m[0m] Element conservation is violated too large
[[93m[1m WARNING [21m[0m] at step: 3464
[[93m[1m WARNING [21m[0m] -----------------------------------------------------------------
[[93m[1m WARNING [21m[0m] Element conservation is violated too large
[[93m[1m WARNING [21m[0m] at step: 3465
[[93m[1m WARNING [21m[0m] -----------------------------------------------------------------
[[93m[1m WARNING [21m[0m] Element conservation is violated too large
[[93m[1m WARNING [21m[0m] at step: 3466
[[93m[1m WARNING [21m[0m] -----------------------------------------------------------------
[[93m[1m WARNING [21m[0m] Element conservation is violated too large
[[93m[1m WARNING [21m[0m] at step: 3467
[[93m[1m WARNING [21m[0m] -----------------------------------------------------------------
[[93m[1m WARNING [21m[0m] Element conservation is violated too large
[[93m[1m WARNING [21m[0m] at step: 3468
[[93m[1m WARNING [21m[0m] -----------------------------------------------------------------
[[93m[1m WARNING [21m[0m] Element conservation is violated too large
[[93m[1m WARNING [21m[0m] at step: 3469
[[93m[1m WARNING [21m[0m] -----------------------------------------------------------------
[[93m[1m WARNING [21m[0m] Element conservation is violated too large
[[93m[1m WARNING [21m[0m] at step: 3470
[[93m[1m WARNING [21m[0m] -----------------------------------------------------------------
[[93m[1m WARNING [21m[0m] Element conservation is violated too large
[[93m[1m WARNING [21m[0m] at step: 3471
[[93m[1m WARNING [21m[0m] -----------------------------------------------------------------
[[93m[1m WARNING [21m[0m] Element conservation is violated too large
[[93m[1m WARNING [21m[0m] at step: 3472
[[93m[1m WARNING [21m[0m] -----------------------------------------------------------------
[[93m[1m WARNING [21m[0m] Element conservation is violated too large
[[93m[1m WARNING [21m[0m] at step: 3473
[[93m[1m WARNING [21m[0m] -----------------------------------------------------------------
[[93m[1m WARNING [21m[0m] Element conservation is violated too large
[[93m[1m WARNING [21m[0m] at step: 3474
[[93m[1m WARNING [21m[0m] -----------------------------------------------------------------
[[93m[1m WARNING [21m[0m] Element conservation is violated too large
[[93m[1m WARNING [21m[0m] at step: 3475
[[93m[1m WARNING [21m[0m] -----------------------------------------------------------------
[[93m[1m WARNING [21m[0m] Element conservation is violated too large
[[93m[1m WARNING [21m[0m] at step: 3476
[[93m[1m WARNING [21m[0m] -----------------------------------------------------------------
[[93m[1m WARNING [21m[0m] Element conservation is violated too large
[[93m[1m WARNING [21m[0m] at step: 3477
[[93m[1m WARNING [21m[0m] -----------------------------------------------------------------
[[93m[1m WARNING [21m[0m] Element conservation is violated too large
[[93m[1m WARNING [21m[0m] at step: 3478
[[93m[1m WARNING [21m[0m] -----------------------------------------------------------------
[[93m[1m WARNING [21m[0m] Element conservation is violated too large
[[93m[1m WARNING [21m[0m] at step: 3479
[[93m[1m WARNING [21m[0m] -----------------------------------------------------------------
[[93m[1m WARNING [21m[0m] Element conservation is violated too large
[[93m[1m WARNING [21m[0m] at step: 3480
[[93m[1m WARNING [21m[0m] -----------------------------------------------------------------
[[93m[1m WARNING [21m[0m] Element conservation is violated too large
[[93m[1m WARNING [21m[0m] at step: 3481
[[93m[1m WARNING [21m[0m] -----------------------------------------------------------------
[[93m[1m WARNING [21m[0m] Element conservation is violated too large
[[93m[1m WARNING [21m[0m] at step: 3482
[[93m[1m WARNING [21m[0m] -----------------------------------------------------------------
[[93m[1m WARNING [21m[0m] Element conservation is violated too large
[[93m[1m WARNING [21m[0m] at step: 3483
[[93m[1m WARNING [21m[0m] -----------------------------------------------------------------
[[93m[1m WARNING [21m[0m] Element conservation is violated too large
[[93m[1m WARNING [21m[0m] at step: 3484
[[93m[1m WARNING [21m[0m] -----------------------------------------------------------------
[[93m[1m WARNING [21m[0m] Element conservation is violated too large
[[93m[1m WARNING [21m[0m] at step: 3485
[[93m[1m WARNING [21m[0m] -----------------------------------------------------------------
[[93m[1m WARNING [21m[0m] Element conservation is violated too large
[[93m[1m WARNING [21m[0m] at step: 3486
[[93m[1m WARNING [21m[0m] -----------------------------------------------------------------
[[93m[1m WARNING [21m[0m] Element conservation is violated too large
[[93m[1m WARNING [21m[0m] at step: 3487
[[93m[1m WARNING [21m[0m] -----------------------------------------------------------------
[[93m[1m WARNING [21m[0m] Element conservation is violated too large
[[93m[1m WARNING [21m[0m] at step: 3488
[[93m[1m WARNING [21m[0m] -----------------------------------------------------------------
[[93m[1m WARNING [21m[0m] Element conservation is violated too large
[[93m[1m WARNING [21m[0m] at step: 3489
[[93m[1m WARNING [21m[0m] -----------------------------------------------------------------
[[93m[1m WARNING [21m[0m] Element conservation is violated too large
[[93m[1m WARNING [21m[0m] at step: 3490
[[93m[1m WARNING [21m[0m] -----------------------------------------------------------------
[[93m[1m WARNING [21m[0m] Element conservation is violated too large
[[93m[1m WARNING [21m[0m] at step: 3491
[[93m[1m WARNING [21m[0m] -----------------------------------------------------------------
[[93m[1m WARNING [21m[0m] Element conservation is violated too large
[[93m[1m WARNING [21m[0m] at step: 3492
[[93m[1m WARNING [21m[0m] -----------------------------------------------------------------
[[93m[1m WARNING [21m[0m] Element conservation is violated too large
[[93m[1m WARNING [21m[0m] at step: 3493
[[93m[1m WARNING [21m[0m] -----------------------------------------------------------------
[[93m[1m WARNING [21m[0m] Element conservation is violated too large
[[93m[1m WARNING [21m[0m] at step: 3494
[[93m[1m WARNING [21m[0m] -----------------------------------------------------------------
[[93m[1m WARNING [21m[0m] Element conservation is violated too large
[[93m[1m WARNING [21m[0m] at step: 3495
[[93m[1m WARNING [21m[0m] -----------------------------------------------------------------
[[93m[1m WARNING [21m[0m] Element conservation is violated too large
[[93m[1m WARNING [21m[0m] at step: 3496
[[93m[1m WARNING [21m[0m] -----------------------------------------------------------------
[[93m[1m WARNING [21m[0m] Element conservation is violated too large
[[93m[1m WARNING [21m[0m] at step: 3497
[[93m[1m WARNING [21m[0m] -----------------------------------------------------------------
[[93m[1m WARNING [21m[0m] Element conservation is violated too large
[[93m[1m WARNING [21m[0m] at step: 3498
[[93m[1m WARNING [21m[0m] -----------------------------------------------------------------
[[93m[1m WARNING [21m[0m] Element conservation is violated too large
[[93m[1m WARNING [21m[0m] at step: 3499
[[93m[1m WARNING [21m[0m] -----------------------------------------------------------------
[[32m[1m INFO  [21m[0m] Elapsed time: 8.07e+03 || Step number: 3500/30000
[[32m[1m INFO  [21m[0m] longdy = 3.80e+00      || longdy/dt = 1.82e-03  || dt = 5.36e+01
[[32m[1m INFO  [21m[0m] from nz = 4 and H2O2
[[32m[1m INFO  [21m[0m] -----------------------------------------------------------------
[[93m[1m WARNING [21m[0m] Element conservation is violated too large
[[93m[1m WARNING [21m[0m] at step: 3500
[[93m[1m WARNING [21m[0m] -----------------------------------------------------------------
[[93m[1m WARNING [21m[0m] Element conservation is violated too large
[[93m[1m WARNING [21m[0m] at step: 3502
[[93m[1m WARNING [21m[0m] -----------------------------------------------------------------
[[93m[1m WARNING [21m[0m] Element conservation is violated too large
[[93m[1m WARNING [21m[0m] at step: 3503
[[93m[1m WARNING [21m[0m] -----------------------------------------------------------------
[[93m[1m WARNING [21m[0m] Element conservation is violated too large
[[93m[1m WARNING [21m[0m] at step: 3504
[[93m[1m WARNING [21m[0m] -----------------------------------------------------------------
[[93m[1m WARNING [21m[0m] Element conservation is violated too large
[[93m[1m WARNING [21m[0m] at step: 3505
[[93m[1m WARNING [21m[0m] -----------------------------------------------------------------
[[93m[1m WARNING [21m[0m] Element conservation is violated too large
[[93m[1m WARNING [21m[0m] at step: 3506
[[93m[1m WARNING [21m[0m] -----------------------------------------------------------------
[[93m[1m WARNING [21m[0m] Element conservation is violated too large
[[93m[1m WARNING [21m[0m] at step: 3507
[[93m[1m WARNING [21m[0m] -----------------------------------------------------------------
[[93m[1m WARNING [21m[0m] Element conservation is violated too large
[[93m[1m WARNING [21m[0m] at step: 3508
[[93m[1m WARNING [21m[0m] -----------------------------------------------------------------
[[93m[1m WARNING [21m[0m] Element conservation is violated too large
[[93m[1m WARNING [21m[0m] at step: 3509
[[93m[1m WARNING [21m[0m] -----------------------------------------------------------------
[[93m[1m WARNING [21m[0m] Element conservation is violated too large
[[93m[1m WARNING [21m[0m] at step: 3510
[[93m[1m WARNING [21m[0m] -----------------------------------------------------------------
[[93m[1m WARNING [21m[0m] Element conservation is violated too large
[[93m[1m WARNING [21m[0m] at step: 3511
[[93m[1m WARNING [21m[0m] -----------------------------------------------------------------
[[93m[1m WARNING [21m[0m] Element conservation is violated too large
[[93m[1m WARNING [21m[0m] at step: 3512
[[93m[1m WARNING [21m[0m] -----------------------------------------------------------------
[[93m[1m WARNING [21m[0m] Element conservation is violated too large
[[93m[1m WARNING [21m[0m] at step: 3513
[[93m[1m WARNING [21m[0m] -----------------------------------------------------------------
[[93m[1m WARNING [21m[0m] Element conservation is violated too large
[[93m[1m WARNING [21m[0m] at step: 3514
[[93m[1m WARNING [21m[0m] -----------------------------------------------------------------
[[93m[1m WARNING [21m[0m] Element conservation is violated too large
[[93m[1m WARNING [21m[0m] at step: 3515
[[93m[1m WARNING [21m[0m] -----------------------------------------------------------------
[[93m[1m WARNING [21m[0m] Element conservation is violated too large
[[93m[1m WARNING [21m[0m] at step: 3516
[[93m[1m WARNING [21m[0m] -----------------------------------------------------------------
[[93m[1m WARNING [21m[0m] Element conservation is violated too large
[[93m[1m WARNING [21m[0m] at step: 3517
[[93m[1m WARNING [21m[0m] -----------------------------------------------------------------
[[93m[1m WARNING [21m[0m] Element conservation is violated too large
[[93m[1m WARNING [21m[0m] at step: 3518
[[93m[1m WARNING [21m[0m] -----------------------------------------------------------------
[[93m[1m WARNING [21m[0m] Element conservation is violated too large
[[93m[1m WARNING [21m[0m] at step: 3519
[[93m[1m WARNING [21m[0m] -----------------------------------------------------------------
[[93m[1m WARNING [21m[0m] Element conservation is violated too large
[[93m[1m WARNING [21m[0m] at step: 3520
[[93m[1m WARNING [21m[0m] -----------------------------------------------------------------
[[93m[1m WARNING [21m[0m] Element conservation is violated too large
[[93m[1m WARNING [21m[0m] at step: 3521
[[93m[1m WARNING [21m[0m] -----------------------------------------------------------------
[[93m[1m WARNING [21m[0m] Element conservation is violated too large
[[93m[1m WARNING [21m[0m] at step: 3522
[[93m[1m WARNING [21m[0m] -----------------------------------------------------------------
[[93m[1m WARNING [21m[0m] Element conservation is violated too large
[[93m[1m WARNING [21m[0m] at step: 3523
[[93m[1m WARNING [21m[0m] -----------------------------------------------------------------
[[93m[1m WARNING [21m[0m] Element conservation is violated too large
[[93m[1m WARNING [21m[0m] at step: 3524
[[93m[1m WARNING [21m[0m] -----------------------------------------------------------------
[[93m[1m WARNING [21m[0m] Element conservation is violated too large
[[93m[1m WARNING [21m[0m] at step: 3525
[[93m[1m WARNING [21m[0m] -----------------------------------------------------------------
[[93m[1m WARNING [21m[0m] Element conservation is violated too large
[[93m[1m WARNING [21m[0m] at step: 3526
[[93m[1m WARNING [21m[0m] -----------------------------------------------------------------
[[93m[1m WARNING [21m[0m] Element conservation is violated too large
[[93m[1m WARNING [21m[0m] at step: 3527
[[93m[1m WARNING [21m[0m] -----------------------------------------------------------------
[[93m[1m WARNING [21m[0m] Element conservation is violated too large
[[93m[1m WARNING [21m[0m] at step: 3528
[[93m[1m WARNING [21m[0m] -----------------------------------------------------------------
[[93m[1m WARNING [21m[0m] Element conservation is violated too large
[[93m[1m WARNING [21m[0m] at step: 3529
[[93m[1m WARNING [21m[0m] -----------------------------------------------------------------
[[93m[1m WARNING [21m[0m] Element conservation is violated too large
[[93m[1m WARNING [21m[0m] at step: 3530
[[93m[1m WARNING [21m[0m] -----------------------------------------------------------------
[[93m[1m WARNING [21m[0m] Element conservation is violated too large
[[93m[1m WARNING [21m[0m] at step: 3531
[[93m[1m WARNING [21m[0m] -----------------------------------------------------------------
[[93m[1m WARNING [21m[0m] Element conservation is violated too large
[[93m[1m WARNING [21m[0m] at step: 3532
[[93m[1m WARNING [21m[0m] -----------------------------------------------------------------
[[93m[1m WARNING [21m[0m] Element conservation is violated too large
[[93m[1m WARNING [21m[0m] at step: 3533
[[93m[1m WARNING [21m[0m] -----------------------------------------------------------------
[[93m[1m WARNING [21m[0m] Element conservation is violated too large
[[93m[1m WARNING [21m[0m] at step: 3534
[[93m[1m WARNING [21m[0m] -----------------------------------------------------------------
[[93m[1m WARNING [21m[0m] Element conservation is violated too large
[[93m[1m WARNING [21m[0m] at step: 3535
[[93m[1m WARNING [21m[0m] -----------------------------------------------------------------
[[93m[1m WARNING [21m[0m] Element conservation is violated too large
[[93m[1m WARNING [21m[0m] at step: 3536
[[93m[1m WARNING [21m[0m] -----------------------------------------------------------------
[[93m[1m WARNING [21m[0m] Element conservation is violated too large
[[93m[1m WARNING [21m[0m] at step: 3537
[[93m[1m WARNING [21m[0m] -----------------------------------------------------------------
[[93m[1m WARNING [21m[0m] Element conservation is violated too large
[[93m[1m WARNING [21m[0m] at step: 3538
[[93m[1m WARNING [21m[0m] -----------------------------------------------------------------
[[93m[1m WARNING [21m[0m] Element conservation is violated too large
[[93m[1m WARNING [21m[0m] at step: 3539
[[93m[1m WARNING [21m[0m] -----------------------------------------------------------------
[[93m[1m WARNING [21m[0m] Element conservation is violated too large
[[93m[1m WARNING [21m[0m] at step: 3540
[[93m[1m WARNING [21m[0m] -----------------------------------------------------------------
[[93m[1m WARNING [21m[0m] Element conservation is violated too large
[[93m[1m WARNING [21m[0m] at step: 3541
[[93m[1m WARNING [21m[0m] -----------------------------------------------------------------
[[93m[1m WARNING [21m[0m] Element conservation is violated too large
[[93m[1m WARNING [21m[0m] at step: 3542
[[93m[1m WARNING [21m[0m] -----------------------------------------------------------------
[[93m[1m WARNING [21m[0m] Element conservation is violated too large
[[93m[1m WARNING [21m[0m] at step: 3543
[[93m[1m WARNING [21m[0m] -----------------------------------------------------------------
[[93m[1m WARNING [21m[0m] Element conservation is violated too large
[[93m[1m WARNING [21m[0m] at step: 3544
[[93m[1m WARNING [21m[0m] -----------------------------------------------------------------
[[93m[1m WARNING [21m[0m] Element conservation is violated too large
[[93m[1m WARNING [21m[0m] at step: 3545
[[93m[1m WARNING [21m[0m] -----------------------------------------------------------------
[[93m[1m WARNING [21m[0m] Element conservation is violated too large
[[93m[1m WARNING [21m[0m] at step: 3546
[[93m[1m WARNING [21m[0m] -----------------------------------------------------------------
[[93m[1m WARNING [21m[0m] Element conservation is violated too large
[[93m[1m WARNING [21m[0m] at step: 3547
[[93m[1m WARNING [21m[0m] -----------------------------------------------------------------
[[93m[1m WARNING [21m[0m] Element conservation is violated too large
[[93m[1m WARNING [21m[0m] at step: 3548
[[93m[1m WARNING [21m[0m] -----------------------------------------------------------------
[[93m[1m WARNING [21m[0m] Element conservation is violated too large
[[93m[1m WARNING [21m[0m] at step: 3549
[[93m[1m WARNING [21m[0m] -----------------------------------------------------------------
[[93m[1m WARNING [21m[0m] Element conservation is violated too large
[[93m[1m WARNING [21m[0m] at step: 3550
[[93m[1m WARNING [21m[0m] -----------------------------------------------------------------
[[93m[1m WARNING [21m[0m] Element conservation is violated too large
[[93m[1m WARNING [21m[0m] at step: 3552
[[93m[1m WARNING [21m[0m] -----------------------------------------------------------------
[[93m[1m WARNING [21m[0m] Element conservation is violated too large
[[93m[1m WARNING [21m[0m] at step: 3553
[[93m[1m WARNING [21m[0m] -----------------------------------------------------------------
[[93m[1m WARNING [21m[0m] Element conservation is violated too large
[[93m[1m WARNING [21m[0m] at step: 3554
[[93m[1m WARNING [21m[0m] -----------------------------------------------------------------
[[93m[1m WARNING [21m[0m] Element conservation is violated too large
[[93m[1m WARNING [21m[0m] at step: 3555
[[93m[1m WARNING [21m[0m] -----------------------------------------------------------------
[[93m[1m WARNING [21m[0m] Element conservation is violated too large
[[93m[1m WARNING [21m[0m] at step: 3556
[[93m[1m WARNING [21m[0m] -----------------------------------------------------------------
[[93m[1m WARNING [21m[0m] Element conservation is violated too large
[[93m[1m WARNING [21m[0m] at step: 3557
[[93m[1m WARNING [21m[0m] -----------------------------------------------------------------
[[93m[1m WARNING [21m[0m] Element conservation is violated too large
[[93m[1m WARNING [21m[0m] at step: 3558
[[93m[1m WARNING [21m[0m] -----------------------------------------------------------------
[[93m[1m WARNING [21m[0m] Element conservation is violated too large
[[93m[1m WARNING [21m[0m] at step: 3559
[[93m[1m WARNING [21m[0m] -----------------------------------------------------------------
[[93m[1m WARNING [21m[0m] Element conservation is violated too large
[[93m[1m WARNING [21m[0m] at step: 3560
[[93m[1m WARNING [21m[0m] -----------------------------------------------------------------
[[93m[1m WARNING [21m[0m] Element conservation is violated too large
[[93m[1m WARNING [21m[0m] at step: 3561
[[93m[1m WARNING [21m[0m] -----------------------------------------------------------------
[[93m[1m WARNING [21m[0m] Element conservation is violated too large
[[93m[1m WARNING [21m[0m] at step: 3562
[[93m[1m WARNING [21m[0m] -----------------------------------------------------------------
[[93m[1m WARNING [21m[0m] Element conservation is violated too large
[[93m[1m WARNING [21m[0m] at step: 3563
[[93m[1m WARNING [21m[0m] -----------------------------------------------------------------
[[93m[1m WARNING [21m[0m] Element conservation is violated too large
[[93m[1m WARNING [21m[0m] at step: 3564
[[93m[1m WARNING [21m[0m] -----------------------------------------------------------------
[[93m[1m WARNING [21m[0m] Element conservation is violated too large
[[93m[1m WARNING [21m[0m] at step: 3565
[[93m[1m WARNING [21m[0m] -----------------------------------------------------------------
[[93m[1m WARNING [21m[0m] Element conservation is violated too large
[[93m[1m WARNING [21m[0m] at step: 3566
[[93m[1m WARNING [21m[0m] -----------------------------------------------------------------
[[93m[1m WARNING [21m[0m] Element conservation is violated too large
[[93m[1m WARNING [21m[0m] at step: 3567
[[93m[1m WARNING [21m[0m] -----------------------------------------------------------------
[[93m[1m WARNING [21m[0m] Element conservation is violated too large
[[93m[1m WARNING [21m[0m] at step: 3568
[[93m[1m WARNING [21m[0m] -----------------------------------------------------------------
[[93m[1m WARNING [21m[0m] Element conservation is violated too large
[[93m[1m WARNING [21m[0m] at step: 3569
[[93m[1m WARNING [21m[0m] -----------------------------------------------------------------
[[93m[1m WARNING [21m[0m] Element conservation is violated too large
[[93m[1m WARNING [21m[0m] at step: 3570
[[93m[1m WARNING [21m[0m] -----------------------------------------------------------------
[[93m[1m WARNING [21m[0m] Element conservation is violated too large
[[93m[1m WARNING [21m[0m] at step: 3571
[[93m[1m WARNING [21m[0m] -----------------------------------------------------------------
[[93m[1m WARNING [21m[0m] Element conservation is violated too large
[[93m[1m WARNING [21m[0m] at step: 3572
[[93m[1m WARNING [21m[0m] -----------------------------------------------------------------
[[93m[1m WARNING [21m[0m] Element conservation is violated too large
[[93m[1m WARNING [21m[0m] at step: 3573
[[93m[1m WARNING [21m[0m] -----------------------------------------------------------------
[[93m[1m WARNING [21m[0m] Element conservation is violated too large
[[93m[1m WARNING [21m[0m] at step: 3574
[[93m[1m WARNING [21m[0m] -----------------------------------------------------------------
[[93m[1m WARNING [21m[0m] Element conservation is violated too large
[[93m[1m WARNING [21m[0m] at step: 3575
[[93m[1m WARNING [21m[0m] -----------------------------------------------------------------
[[93m[1m WARNING [21m[0m] Element conservation is violated too large
[[93m[1m WARNING [21m[0m] at step: 3576
[[93m[1m WARNING [21m[0m] -----------------------------------------------------------------
[[93m[1m WARNING [21m[0m] Element conservation is violated too large
[[93m[1m WARNING [21m[0m] at step: 3577
[[93m[1m WARNING [21m[0m] -----------------------------------------------------------------
[[93m[1m WARNING [21m[0m] Element conservation is violated too large
[[93m[1m WARNING [21m[0m] at step: 3578
[[93m[1m WARNING [21m[0m] -----------------------------------------------------------------
[[93m[1m WARNING [21m[0m] Element conservation is violated too large
[[93m[1m WARNING [21m[0m] at step: 3579
[[93m[1m WARNING [21m[0m] -----------------------------------------------------------------
[[93m[1m WARNING [21m[0m] Element conservation is violated too large
[[93m[1m WARNING [21m[0m] at step: 3580
[[93m[1m WARNING [21m[0m] -----------------------------------------------------------------
[[93m[1m WARNING [21m[0m] Element conservation is violated too large
[[93m[1m WARNING [21m[0m] at step: 3581
[[93m[1m WARNING [21m[0m] -----------------------------------------------------------------
[[93m[1m WARNING [21m[0m] Element conservation is violated too large
[[93m[1m WARNING [21m[0m] at step: 3582
[[93m[1m WARNING [21m[0m] -----------------------------------------------------------------
[[93m[1m WARNING [21m[0m] Element conservation is violated too large
[[93m[1m WARNING [21m[0m] at step: 3584
[[93m[1m WARNING [21m[0m] -----------------------------------------------------------------
[[93m[1m WARNING [21m[0m] Element conservation is violated too large
[[93m[1m WARNING [21m[0m] at step: 3585
[[93m[1m WARNING [21m[0m] -----------------------------------------------------------------
[[93m[1m WARNING [21m[0m] Element conservation is violated too large
[[93m[1m WARNING [21m[0m] at step: 3586
[[93m[1m WARNING [21m[0m] -----------------------------------------------------------------
[[93m[1m WARNING [21m[0m] Element conservation is violated too large
[[93m[1m WARNING [21m[0m] at step: 3587
[[93m[1m WARNING [21m[0m] -----------------------------------------------------------------
[[93m[1m WARNING [21m[0m] Element conservation is violated too large
[[93m[1m WARNING [21m[0m] at step: 3588
[[93m[1m WARNING [21m[0m] -----------------------------------------------------------------
[[93m[1m WARNING [21m[0m] Element conservation is violated too large
[[93m[1m WARNING [21m[0m] at step: 3589
[[93m[1m WARNING [21m[0m] -----------------------------------------------------------------
[[93m[1m WARNING [21m[0m] Element conservation is violated too large
[[93m[1m WARNING [21m[0m] at step: 3590
[[93m[1m WARNING [21m[0m] -----------------------------------------------------------------
[[93m[1m WARNING [21m[0m] Element conservation is violated too large
[[93m[1m WARNING [21m[0m] at step: 3591
[[93m[1m WARNING [21m[0m] -----------------------------------------------------------------
[[93m[1m WARNING [21m[0m] Element conservation is violated too large
[[93m[1m WARNING [21m[0m] at step: 3592
[[93m[1m WARNING [21m[0m] -----------------------------------------------------------------
[[93m[1m WARNING [21m[0m] Element conservation is violated too large
[[93m[1m WARNING [21m[0m] at step: 3593
[[93m[1m WARNING [21m[0m] -----------------------------------------------------------------
[[93m[1m WARNING [21m[0m] Element conservation is violated too large
[[93m[1m WARNING [21m[0m] at step: 3594
[[93m[1m WARNING [21m[0m] -----------------------------------------------------------------
[[93m[1m WARNING [21m[0m] Element conservation is violated too large
[[93m[1m WARNING [21m[0m] at step: 3595
[[93m[1m WARNING [21m[0m] -----------------------------------------------------------------
[[93m[1m WARNING [21m[0m] Element conservation is violated too large
[[93m[1m WARNING [21m[0m] at step: 3596
[[93m[1m WARNING [21m[0m] -----------------------------------------------------------------
[[93m[1m WARNING [21m[0m] Element conservation is violated too large
[[93m[1m WARNING [21m[0m] at step: 3597
[[93m[1m WARNING [21m[0m] -----------------------------------------------------------------
[[93m[1m WARNING [21m[0m] Element conservation is violated too large
[[93m[1m WARNING [21m[0m] at step: 3598
[[93m[1m WARNING [21m[0m] -----------------------------------------------------------------
[[93m[1m WARNING [21m[0m] Element conservation is violated too large
[[93m[1m WARNING [21m[0m] at step: 3599
[[93m[1m WARNING [21m[0m] -----------------------------------------------------------------
[[32m[1m INFO  [21m[0m] Elapsed time: 1.11e+04 || Step number: 3600/30000
[[32m[1m INFO  [21m[0m] longdy = 8.74e+00      || longdy/dt = 2.89e-03  || dt = 8.06e+01
[[32m[1m INFO  [21m[0m] from nz = 4 and H2O2
[[32m[1m INFO  [21m[0m] -----------------------------------------------------------------
[[93m[1m WARNING [21m[0m] Element conservation is violated too large
[[93m[1m WARNING [21m[0m] at step: 3600
[[93m[1m WARNING [21m[0m] -----------------------------------------------------------------
[[93m[1m WARNING [21m[0m] Element conservation is violated too large
[[93m[1m WARNING [21m[0m] at step: 3603
[[93m[1m WARNING [21m[0m] -----------------------------------------------------------------
[[93m[1m WARNING [21m[0m] Element conservation is violated too large
[[93m[1m WARNING [21m[0m] at step: 3605
[[93m[1m WARNING [21m[0m] -----------------------------------------------------------------
[[93m[1m WARNING [21m[0m] Element conservation is violated too large
[[93m[1m WARNING [21m[0m] at step: 3607
[[93m[1m WARNING [21m[0m] -----------------------------------------------------------------
[[93m[1m WARNING [21m[0m] Element conservation is violated too large
[[93m[1m WARNING [21m[0m] at step: 3609
[[93m[1m WARNING [21m[0m] -----------------------------------------------------------------
[[93m[1m WARNING [21m[0m] Element conservation is violated too large
[[93m[1m WARNING [21m[0m] at step: 3611
[[93m[1m WARNING [21m[0m] -----------------------------------------------------------------
[[93m[1m WARNING [21m[0m] Element conservation is violated too large
[[93m[1m WARNING [21m[0m] at step: 3613
[[93m[1m WARNING [21m[0m] -----------------------------------------------------------------
[[93m[1m WARNING [21m[0m] Element conservation is violated too large
[[93m[1m WARNING [21m[0m] at step: 3615
[[93m[1m WARNING [21m[0m] -----------------------------------------------------------------
[[93m[1m WARNING [21m[0m] Element conservation is violated too large
[[93m[1m WARNING [21m[0m] at step: 3617
[[93m[1m WARNING [21m[0m] -----------------------------------------------------------------
[[93m[1m WARNING [21m[0m] Element conservation is violated too large
[[93m[1m WARNING [21m[0m] at step: 3619
[[93m[1m WARNING [21m[0m] -----------------------------------------------------------------
[[93m[1m WARNING [21m[0m] Element conservation is violated too large
[[93m[1m WARNING [21m[0m] at step: 3621
[[93m[1m WARNING [21m[0m] -----------------------------------------------------------------
[[93m[1m WARNING [21m[0m] Element conservation is violated too large
[[93m[1m WARNING [21m[0m] at step: 3623
[[93m[1m WARNING [21m[0m] -----------------------------------------------------------------
[[93m[1m WARNING [21m[0m] Element conservation is violated too large
[[93m[1m WARNING [21m[0m] at step: 3625
[[93m[1m WARNING [21m[0m] -----------------------------------------------------------------
[[93m[1m WARNING [21m[0m] Element conservation is violated too large
[[93m[1m WARNING [21m[0m] at step: 3626
[[93m[1m WARNING [21m[0m] -----------------------------------------------------------------
[[93m[1m WARNING [21m[0m] Element conservation is violated too large
[[93m[1m WARNING [21m[0m] at step: 3627
[[93m[1m WARNING [21m[0m] -----------------------------------------------------------------
[[93m[1m WARNING [21m[0m] Element conservation is violated too large
[[93m[1m WARNING [21m[0m] at step: 3628
[[93m[1m WARNING [21m[0m] -----------------------------------------------------------------
[[93m[1m WARNING [21m[0m] Element conservation is violated too large
[[93m[1m WARNING [21m[0m] at step: 3629
[[93m[1m WARNING [21m[0m] -----------------------------------------------------------------
[[93m[1m WARNING [21m[0m] Element conservation is violated too large
[[93m[1m WARNING [21m[0m] at step: 3630
[[93m[1m WARNING [21m[0m] -----------------------------------------------------------------
[[93m[1m WARNING [21m[0m] Element conservation is violated too large
[[93m[1m WARNING [21m[0m] at step: 3631
[[93m[1m WARNING [21m[0m] -----------------------------------------------------------------
[[93m[1m WARNING [21m[0m] Element conservation is violated too large
[[93m[1m WARNING [21m[0m] at step: 3632
[[93m[1m WARNING [21m[0m] -----------------------------------------------------------------
[[93m[1m WARNING [21m[0m] Element conservation is violated too large
[[93m[1m WARNING [21m[0m] at step: 3633
[[93m[1m WARNING [21m[0m] -----------------------------------------------------------------
[[93m[1m WARNING [21m[0m] Element conservation is violated too large
[[93m[1m WARNING [21m[0m] at step: 3634
[[93m[1m WARNING [21m[0m] -----------------------------------------------------------------
[[93m[1m WARNING [21m[0m] Element conservation is violated too large
[[93m[1m WARNING [21m[0m] at step: 3635
[[93m[1m WARNING [21m[0m] -----------------------------------------------------------------
[[93m[1m WARNING [21m[0m] Element conservation is violated too large
[[93m[1m WARNING [21m[0m] at step: 3636
[[93m[1m WARNING [21m[0m] -----------------------------------------------------------------
[[93m[1m WARNING [21m[0m] Element conservation is violated too large
[[93m[1m WARNING [21m[0m] at step: 3637
[[93m[1m WARNING [21m[0m] -----------------------------------------------------------------
[[93m[1m WARNING [21m[0m] Element conservation is violated too large
[[93m[1m WARNING [21m[0m] at step: 3638
[[93m[1m WARNING [21m[0m] -----------------------------------------------------------------
[[93m[1m WARNING [21m[0m] Element conservation is violated too large
[[93m[1m WARNING [21m[0m] at step: 3639
[[93m[1m WARNING [21m[0m] -----------------------------------------------------------------
[[93m[1m WARNING [21m[0m] Element conservation is violated too large
[[93m[1m WARNING [21m[0m] at step: 3640
[[93m[1m WARNING [21m[0m] -----------------------------------------------------------------
[[93m[1m WARNING [21m[0m] Element conservation is violated too large
[[93m[1m WARNING [21m[0m] at step: 3641
[[93m[1m WARNING [21m[0m] -----------------------------------------------------------------
[[93m[1m WARNING [21m[0m] Element conservation is violated too large
[[93m[1m WARNING [21m[0m] at step: 3643
[[93m[1m WARNING [21m[0m] -----------------------------------------------------------------
[[93m[1m WARNING [21m[0m] Element conservation is violated too large
[[93m[1m WARNING [21m[0m] at step: 3644
[[93m[1m WARNING [21m[0m] -----------------------------------------------------------------
[[93m[1m WARNING [21m[0m] Element conservation is violated too large
[[93m[1m WARNING [21m[0m] at step: 3645
[[93m[1m WARNING [21m[0m] -----------------------------------------------------------------
[[93m[1m WARNING [21m[0m] Element conservation is violated too large
[[93m[1m WARNING [21m[0m] at step: 3646
[[93m[1m WARNING [21m[0m] -----------------------------------------------------------------
[[93m[1m WARNING [21m[0m] Element conservation is violated too large
[[93m[1m WARNING [21m[0m] at step: 3647
[[93m[1m WARNING [21m[0m] -----------------------------------------------------------------
[[93m[1m WARNING [21m[0m] Element conservation is violated too large
[[93m[1m WARNING [21m[0m] at step: 3648
[[93m[1m WARNING [21m[0m] -----------------------------------------------------------------
[[93m[1m WARNING [21m[0m] Element conservation is violated too large
[[93m[1m WARNING [21m[0m] at step: 3649
[[93m[1m WARNING [21m[0m] -----------------------------------------------------------------
[[93m[1m WARNING [21m[0m] Element conservation is violated too large
[[93m[1m WARNING [21m[0m] at step: 3650
[[93m[1m WARNING [21m[0m] -----------------------------------------------------------------
[[32m[1m INFO  [21m[0m] Elapsed time: 2.20e+04 || Step number: 3700/30000
[[32m[1m INFO  [21m[0m] longdy = 8.94e+01      || longdy/dt = 8.38e-03  || dt = 2.17e+02
[[32m[1m INFO  [21m[0m] from nz = 5 and H2O2
[[32m[1m INFO  [21m[0m] -----------------------------------------------------------------
[[32m[1m INFO  [21m[0m] Elapsed time: 2.91e+04 || Step number: 3800/30000
[[32m[1m INFO  [21m[0m] longdy = 2.12e+01      || longdy/dt = 2.99e-03  || dt = 1.85e-01
[[32m[1m INFO  [21m[0m] from nz = 7 and H2O2
[[32m[1m INFO  [21m[0m] -----------------------------------------------------------------
[[32m[1m INFO  [21m[0m] Elapsed time: 3.01e+04 || Step number: 3900/30000
[[32m[1m INFO  [21m[0m] longdy = 8.71e-01      || longdy/dt = 8.75e-04  || dt = 9.67e+00
[[32m[1m INFO  [21m[0m] from nz = 12 and C6H6
[[32m[1m INFO  [21m[0m] -----------------------------------------------------------------
[[32m[1m INFO  [21m[0m] Elapsed time: 3.10e+04 || Step number: 4000/30000
[[32m[1m INFO  [21m[0m] longdy = 8.30e-01      || longdy/dt = 9.65e-04  || dt = 1.62e+01
[[32m[1m INFO  [21m[0m] from nz = 13 and C6H6
[[32m[1m INFO  [21m[0m] -----------------------------------------------------------------
[[32m[1m INFO  [21m[0m] Elapsed time: 3.24e+04 || Step number: 4100/30000
[[32m[1m INFO  [21m[0m] longdy = 9.83e-01      || longdy/dt = 7.16e-04  || dt = 1.48e+00
[[32m[1m INFO  [21m[0m] from nz = 8 and H2O2
[[32m[1m INFO  [21m[0m] -----------------------------------------------------------------
[[32m[1m INFO  [21m[0m] Elapsed time: 3.33e+04 || Step number: 4200/30000
[[32m[1m INFO  [21m[0m] longdy = 8.46e-01      || longdy/dt = 8.97e-04  || dt = 6.15e-01
[[32m[1m INFO  [21m[0m] from nz = 16 and C6H6
[[32m[1m INFO  [21m[0m] -----------------------------------------------------------------
[[32m[1m INFO  [21m[0m] Elapsed time: 3.66e+04 || Step number: 4300/30000
[[32m[1m INFO  [21m[0m] longdy = 4.94e+00      || longdy/dt = 1.54e-03  || dt = 5.41e+01
[[32m[1m INFO  [21m[0m] from nz = 8 and H2O2
[[32m[1m INFO  [21m[0m] -----------------------------------------------------------------
[[32m[1m INFO  [21m[0m] Elapsed time: 3.81e+04 || Step number: 4400/30000
[[32m[1m INFO  [21m[0m] longdy = 1.39e+00      || longdy/dt = 8.89e-04  || dt = 1.19e+01
[[32m[1m INFO  [21m[0m] from nz = 9 and H2O2
[[32m[1m INFO  [21m[0m] -----------------------------------------------------------------
[[32m[1m INFO  [21m[0m] Elapsed time: 3.93e+04 || Step number: 4500/30000
[[32m[1m INFO  [21m[0m] longdy = 9.60e-01      || longdy/dt = 8.77e-04  || dt = 2.32e+01
[[32m[1m INFO  [21m[0m] from nz = 9 and H2O2
[[32m[1m INFO  [21m[0m] -----------------------------------------------------------------
[[32m[1m INFO  [21m[0m] Elapsed time: 4.02e+04 || Step number: 4600/30000
[[32m[1m INFO  [21m[0m] longdy = 8.35e-01      || longdy/dt = 8.55e-04  || dt = 1.75e+00
[[32m[1m INFO  [21m[0m] from nz = 17 and C6H6
[[32m[1m INFO  [21m[0m] -----------------------------------------------------------------
[[32m[1m INFO  [21m[0m] Elapsed time: 4.17e+04 || Step number: 4700/30000
[[32m[1m INFO  [21m[0m] longdy = 1.27e+00      || longdy/dt = 8.72e-04  || dt = 5.46e+01
[[32m[1m INFO  [21m[0m] from nz = 10 and H2O2
[[32m[1m INFO  [21m[0m] -----------------------------------------------------------------
[[32m[1m INFO  [21m[0m] Elapsed time: 4.31e+04 || Step number: 4800/30000
[[32m[1m INFO  [21m[0m] longdy = 1.43e+00      || longdy/dt = 1.04e-03  || dt = 2.47e+01
[[32m[1m INFO  [21m[0m] from nz = 10 and H2O2
[[32m[1m INFO  [21m[0m] -----------------------------------------------------------------
[[32m[1m INFO  [21m[0m] Elapsed time: 4.42e+04 || Step number: 4900/30000
[[32m[1m INFO  [21m[0m] longdy = 1.09e+00      || longdy/dt = 1.00e-03  || dt = 1.38e+01
[[32m[1m INFO  [21m[0m] from nz = 10 and H2O2
[[32m[1m INFO  [21m[0m] -----------------------------------------------------------------
[[32m[1m INFO  [21m[0m] Elapsed time: 4.46e+04 || Step number: 5000/30000
[[32m[1m INFO  [21m[0m] longdy = 4.78e-01      || longdy/dt = 1.49e-03  || dt = 9.09e+00
[[32m[1m INFO  [21m[0m] from nz = 16 and C4H2
[[32m[1m INFO  [21m[0m] -----------------------------------------------------------------
[[32m[1m INFO  [21m[0m] Elapsed time: 4.52e+04 || Step number: 5100/30000
[[32m[1m INFO  [21m[0m] longdy = 7.53e-01      || longdy/dt = 1.17e-03  || dt = 2.50e-02
[[32m[1m INFO  [21m[0m] from nz = 18 and SO
[[32m[1m INFO  [21m[0m] -----------------------------------------------------------------
[[32m[1m INFO  [21m[0m] Elapsed time: 4.54e+04 || Step number: 5200/30000
[[32m[1m INFO  [21m[0m] longdy = 3.80e-01      || longdy/dt = 1.70e-03  || dt = 2.12e-02
[[32m[1m INFO  [21m[0m] from nz = 17 and C4H2
[[32m[1m INFO  [21m[0m] -----------------------------------------------------------------
[[32m[1m INFO  [21m[0m] Elapsed time: 4.57e+04 || Step number: 5300/30000
[[32m[1m INFO  [21m[0m] longdy = 3.79e-01      || longdy/dt = 1.67e-03  || dt = 1.44e-02
[[32m[1m INFO  [21m[0m] from nz = 17 and C4H2
[[32m[1m INFO  [21m[0m] -----------------------------------------------------------------
[[32m[1m INFO  [21m[0m] Elapsed time: 4.58e+04 || Step number: 5400/30000
[[32m[1m INFO  [21m[0m] longdy = 2.81e-01      || longdy/dt = 1.79e-03  || dt = 3.64e-01
[[32m[1m INFO  [21m[0m] from nz = 18 and C6H5
[[32m[1m INFO  [21m[0m] -----------------------------------------------------------------
[[32m[1m INFO  [21m[0m] Elapsed time: 4.66e+04 || Step number: 5500/30000
[[32m[1m INFO  [21m[0m] longdy = 1.72e+00      || longdy/dt = 2.21e-03  || dt = 2.53e+00
[[32m[1m INFO  [21m[0m] from nz = 19 and SO
[[32m[1m INFO  [21m[0m] -----------------------------------------------------------------
[[32m[1m INFO  [21m[0m] Elapsed time: 4.75e+04 || Step number: 5600/30000
[[32m[1m INFO  [21m[0m] longdy = 2.65e+00      || longdy/dt = 3.05e-03  || dt = 2.44e+01
[[32m[1m INFO  [21m[0m] from nz = 19 and SO
[[32m[1m INFO  [21m[0m] -----------------------------------------------------------------
[[32m[1m INFO  [21m[0m] Elapsed time: 4.94e+04 || Step number: 5700/30000
[[32m[1m INFO  [21m[0m] longdy = 1.54e+01      || longdy/dt = 7.95e-03  || dt = 3.91e-04
[[32m[1m INFO  [21m[0m] from nz = 20 and SO
[[32m[1m INFO  [21m[0m] -----------------------------------------------------------------
[[32m[1m INFO  [21m[0m] Elapsed time: 4.94e+04 || Step number: 5800/30000
[[32m[1m INFO  [21m[0m] longdy = 8.54e-02      || longdy/dt = 3.68e-03  || dt = 9.93e-02
[[32m[1m INFO  [21m[0m] from nz = 30 and HCO
[[32m[1m INFO  [21m[0m] -----------------------------------------------------------------
[[32m[1m INFO  [21m[0m] Elapsed time: 5.32e+04 || Step number: 5900/30000
[[32m[1m INFO  [21m[0m] longdy = 1.29e+02      || longdy/dt = 3.49e-02  || dt = 5.63e+01
[[32m[1m INFO  [21m[0m] from nz = 21 and SO
[[32m[1m INFO  [21m[0m] -----------------------------------------------------------------
[[32m[1m INFO  [21m[0m] Elapsed time: 5.58e+04 || Step number: 6000/30000
[[32m[1m INFO  [21m[0m] longdy = 1.97e+01      || longdy/dt = 7.51e-03  || dt = 1.98e-04
[[32m[1m INFO  [21m[0m] from nz = 21 and SO
[[32m[1m INFO  [21m[0m] -----------------------------------------------------------------
[[32m[1m INFO  [21m[0m] Elapsed time: 5.64e+04 || Step number: 6100/30000
[[32m[1m INFO  [21m[0m] longdy = 1.80e+00      || longdy/dt = 3.53e-03  || dt = 5.67e+01
[[32m[1m INFO  [21m[0m] from nz = 22 and NH
[[32m[1m INFO  [21m[0m] -----------------------------------------------------------------
[[32m[1m INFO  [21m[0m] Elapsed time: 5.72e+04 || Step number: 6200/30000
[[32m[1m INFO  [21m[0m] longdy = 1.81e+00      || longdy/dt = 2.23e-03  || dt = 3.61e+01
[[32m[1m INFO  [21m[0m] from nz = 33 and CS
[[32m[1m INFO  [21m[0m] -----------------------------------------------------------------
[[32m[1m INFO  [21m[0m] Elapsed time: 5.75e+04 || Step number: 6300/30000
[[32m[1m INFO  [21m[0m] longdy = 7.70e-01      || longdy/dt = 2.26e-03  || dt = 5.27e+00
[[32m[1m INFO  [21m[0m] from nz = 33 and CS
[[32m[1m INFO  [21m[0m] -----------------------------------------------------------------
[[32m[1m INFO  [21m[0m] Elapsed time: 5.81e+04 || Step number: 6400/30000
[[32m[1m INFO  [21m[0m] longdy = 1.43e+00      || longdy/dt = 2.88e-03  || dt = 4.29e+01
[[32m[1m INFO  [21m[0m] from nz = 33 and CS
[[32m[1m INFO  [21m[0m] -----------------------------------------------------------------
[[32m[1m INFO  [21m[0m] Elapsed time: 5.86e+04 || Step number: 6500/30000
[[32m[1m INFO  [21m[0m] longdy = 1.85e+00      || longdy/dt = 3.80e-03  || dt = 4.55e+01
[[32m[1m INFO  [21m[0m] from nz = 34 and CS
[[32m[1m INFO  [21m[0m] -----------------------------------------------------------------
[[32m[1m INFO  [21m[0m] Elapsed time: 5.90e+04 || Step number: 6600/30000
[[32m[1m INFO  [21m[0m] longdy = 1.92e+00      || longdy/dt = 4.14e-03  || dt = 1.99e-02
[[32m[1m INFO  [21m[0m] from nz = 34 and CS
[[32m[1m INFO  [21m[0m] -----------------------------------------------------------------
[[32m[1m INFO  [21m[0m] Elapsed time: 5.92e+04 || Step number: 6700/30000
[[32m[1m INFO  [21m[0m] longdy = 6.15e-01      || longdy/dt = 3.17e-03  || dt = 2.90e-02
[[32m[1m INFO  [21m[0m] from nz = 35 and CS
[[32m[1m INFO  [21m[0m] -----------------------------------------------------------------
[[32m[1m INFO  [21m[0m] Elapsed time: 5.96e+04 || Step number: 6800/30000
[[32m[1m INFO  [21m[0m] longdy = 1.41e+00      || longdy/dt = 4.38e-03  || dt = 1.13e-04
[[32m[1m INFO  [21m[0m] from nz = 35 and CS
[[32m[1m INFO  [21m[0m] -----------------------------------------------------------------
[[32m[1m INFO  [21m[0m] Elapsed time: 5.99e+04 || Step number: 6900/30000
[[32m[1m INFO  [21m[0m] longdy = 1.62e+00      || longdy/dt = 4.50e-03  || dt = 1.09e+01
[[32m[1m INFO  [21m[0m] from nz = 35 and CS
[[32m[1m INFO  [21m[0m] -----------------------------------------------------------------
[[32m[1m INFO  [21m[0m] Elapsed time: 6.02e+04 || Step number: 7000/30000
[[32m[1m INFO  [21m[0m] longdy = 1.60e+00      || longdy/dt = 4.98e-03  || dt = 5.29e+00
[[32m[1m INFO  [21m[0m] from nz = 36 and CS
[[32m[1m INFO  [21m[0m] -----------------------------------------------------------------
[[32m[1m INFO  [21m[0m] Elapsed time: 6.05e+04 || Step number: 7100/30000
[[32m[1m INFO  [21m[0m] longdy = 8.81e-01      || longdy/dt = 4.23e-03  || dt = 3.66e-02
[[32m[1m INFO  [21m[0m] from nz = 36 and CS
[[32m[1m INFO  [21m[0m] -----------------------------------------------------------------
[[32m[1m INFO  [21m[0m] Elapsed time: 6.09e+04 || Step number: 7200/30000
[[32m[1m INFO  [21m[0m] longdy = 2.49e+00      || longdy/dt = 5.97e-03  || dt = 4.60e-04
[[32m[1m INFO  [21m[0m] from nz = 37 and CS
[[32m[1m INFO  [21m[0m] -----------------------------------------------------------------
[[32m[1m INFO  [21m[0m] Elapsed time: 6.12e+04 || Step number: 7300/30000
[[32m[1m INFO  [21m[0m] longdy = 1.85e+00      || longdy/dt = 5.62e-03  || dt = 1.70e+01
[[32m[1m INFO  [21m[0m] from nz = 37 and CS
[[32m[1m INFO  [21m[0m] -----------------------------------------------------------------
[[32m[1m INFO  [21m[0m] Elapsed time: 6.15e+04 || Step number: 7400/30000
[[32m[1m INFO  [21m[0m] longdy = 1.65e+00      || longdy/dt = 5.13e-03  || dt = 4.62e-01
[[32m[1m INFO  [21m[0m] from nz = 38 and CS
[[32m[1m INFO  [21m[0m] -----------------------------------------------------------------
[[32m[1m INFO  [21m[0m] Elapsed time: 6.20e+04 || Step number: 7500/30000
[[32m[1m INFO  [21m[0m] longdy = 2.50e+00      || longdy/dt = 6.13e-03  || dt = 2.04e+01
[[32m[1m INFO  [21m[0m] from nz = 38 and CS
[[32m[1m INFO  [21m[0m] -----------------------------------------------------------------
[[32m[1m INFO  [21m[0m] Elapsed time: 6.23e+04 || Step number: 7600/30000
[[32m[1m INFO  [21m[0m] longdy = 2.19e+00      || longdy/dt = 5.68e-03  || dt = 5.10e-05
[[32m[1m INFO  [21m[0m] from nz = 39 and CS
[[32m[1m INFO  [21m[0m] -----------------------------------------------------------------
[[32m[1m INFO  [21m[0m] Elapsed time: 6.25e+04 || Step number: 7700/30000
[[32m[1m INFO  [21m[0m] longdy = 4.86e-01      || longdy/dt = 3.12e-03  || dt = 1.28e+00
[[32m[1m INFO  [21m[0m] from nz = 39 and CS
[[32m[1m INFO  [21m[0m] -----------------------------------------------------------------
[[32m[1m INFO  [21m[0m] Elapsed time: 6.29e+04 || Step number: 7800/30000
[[32m[1m INFO  [21m[0m] longdy = 1.69e+00      || longdy/dt = 4.76e-03  || dt = 2.60e+00
[[32m[1m INFO  [21m[0m] from nz = 40 and CS
[[32m[1m INFO  [21m[0m] -----------------------------------------------------------------
[[32m[1m INFO  [21m[0m] Elapsed time: 6.31e+04 || Step number: 7900/30000
[[32m[1m INFO  [21m[0m] longdy = 7.88e-01      || longdy/dt = 3.27e-03  || dt = 9.89e-06
[[32m[1m INFO  [21m[0m] from nz = 40 and CS
[[32m[1m INFO  [21m[0m] -----------------------------------------------------------------
[[32m[1m INFO  [21m[0m] Elapsed time: 6.33e+04 || Step number: 8000/30000
[[32m[1m INFO  [21m[0m] longdy = 4.40e-01      || longdy/dt = 2.70e-03  || dt = 4.96e-06
[[32m[1m INFO  [21m[0m] from nz = 41 and CS
[[32m[1m INFO  [21m[0m] -----------------------------------------------------------------
[[32m[1m INFO  [21m[0m] Elapsed time: 6.37e+04 || Step number: 8100/30000
[[32m[1m INFO  [21m[0m] longdy = 2.33e+00      || longdy/dt = 5.83e-03  || dt = 2.09e-04
[[32m[1m INFO  [21m[0m] from nz = 34 and C2H3
[[32m[1m INFO  [21m[0m] -----------------------------------------------------------------
[[32m[1m INFO  [21m[0m] Elapsed time: 6.38e+04 || Step number: 8200/30000
[[32m[1m INFO  [21m[0m] longdy = 7.40e-01      || longdy/dt = 7.54e-03  || dt = 1.56e-01
[[32m[1m INFO  [21m[0m] from nz = 29 and CS
[[32m[1m INFO  [21m[0m] -----------------------------------------------------------------
[[32m[1m INFO  [21m[0m] Elapsed time: 6.40e+04 || Step number: 8300/30000
[[32m[1m INFO  [21m[0m] longdy = 1.32e+00      || longdy/dt = 5.04e-03  || dt = 1.34e-04
[[32m[1m INFO  [21m[0m] from nz = 34 and C2H3
[[32m[1m INFO  [21m[0m] -----------------------------------------------------------------
[[32m[1m INFO  [21m[0m] Elapsed time: 6.43e+04 || Step number: 8400/30000
[[32m[1m INFO  [21m[0m] longdy = 1.37e+00      || longdy/dt = 4.39e-03  || dt = 1.19e+01
[[32m[1m INFO  [21m[0m] from nz = 35 and C2H3
[[32m[1m INFO  [21m[0m] -----------------------------------------------------------------
[[32m[1m INFO  [21m[0m] Elapsed time: 6.45e+04 || Step number: 8500/30000
[[32m[1m INFO  [21m[0m] longdy = 6.04e-01      || longdy/dt = 5.08e-03  || dt = 2.89e-01
[[32m[1m INFO  [21m[0m] from nz = 30 and CS
[[32m[1m INFO  [21m[0m] -----------------------------------------------------------------
[[32m[1m INFO  [21m[0m] Elapsed time: 6.47e+04 || Step number: 8600/30000
[[32m[1m INFO  [21m[0m] longdy = 1.22e+00      || longdy/dt = 4.70e-03  || dt = 8.08e-01
[[32m[1m INFO  [21m[0m] from nz = 35 and C2H3
[[32m[1m INFO  [21m[0m] -----------------------------------------------------------------
[[32m[1m INFO  [21m[0m] Elapsed time: 6.49e+04 || Step number: 8700/30000
[[32m[1m INFO  [21m[0m] longdy = 5.54e-01      || longdy/dt = 2.87e-03  || dt = 1.23e+01
[[32m[1m INFO  [21m[0m] from nz = 37 and C6H5
[[32m[1m INFO  [21m[0m] -----------------------------------------------------------------
[[32m[1m INFO  [21m[0m] Elapsed time: 6.51e+04 || Step number: 8800/30000
[[32m[1m INFO  [21m[0m] longdy = 6.31e-01      || longdy/dt = 3.25e-03  || dt = 3.41e-02
[[32m[1m INFO  [21m[0m] from nz = 36 and C6H5
[[32m[1m INFO  [21m[0m] -----------------------------------------------------------------
[[32m[1m INFO  [21m[0m] Elapsed time: 6.53e+04 || Step number: 8900/30000
[[32m[1m INFO  [21m[0m] longdy = 7.35e-01      || longdy/dt = 3.34e-03  || dt = 4.91e-01
[[32m[1m INFO  [21m[0m] from nz = 36 and C6H5
[[32m[1m INFO  [21m[0m] -----------------------------------------------------------------
[[32m[1m INFO  [21m[0m] Elapsed time: 6.56e+04 || Step number: 9000/30000
[[32m[1m INFO  [21m[0m] longdy = 7.29e-01      || longdy/dt = 3.19e-03  || dt = 3.95e-01
[[32m[1m INFO  [21m[0m] from nz = 41 and O
[[32m[1m INFO  [21m[0m] -----------------------------------------------------------------
[[32m[1m INFO  [21m[0m] Elapsed time: 6.58e+04 || Step number: 9100/30000
[[32m[1m INFO  [21m[0m] longdy = 7.63e-01      || longdy/dt = 3.65e-03  || dt = 1.37e+00
[[32m[1m INFO  [21m[0m] from nz = 41 and O
[[32m[1m INFO  [21m[0m] -----------------------------------------------------------------
[[32m[1m INFO  [21m[0m] Elapsed time: 6.60e+04 || Step number: 9200/30000
[[32m[1m INFO  [21m[0m] longdy = 7.76e-01      || longdy/dt = 3.97e-03  || dt = 9.34e-01
[[32m[1m INFO  [21m[0m] from nz = 35 and C6H5
[[32m[1m INFO  [21m[0m] -----------------------------------------------------------------
[[32m[1m INFO  [21m[0m] Elapsed time: 6.62e+04 || Step number: 9300/30000
[[32m[1m INFO  [21m[0m] longdy = 6.30e-01      || longdy/dt = 3.47e-03  || dt = 1.78e+01
[[32m[1m INFO  [21m[0m] from nz = 41 and O
[[32m[1m INFO  [21m[0m] -----------------------------------------------------------------
[[32m[1m INFO  [21m[0m] Elapsed time: 6.64e+04 || Step number: 9400/30000
[[32m[1m INFO  [21m[0m] longdy = 6.53e-01      || longdy/dt = 3.35e-03  || dt = 8.28e-06
[[32m[1m INFO  [21m[0m] from nz = 35 and C6H5
[[32m[1m INFO  [21m[0m] -----------------------------------------------------------------
[[32m[1m INFO  [21m[0m] Elapsed time: 6.67e+04 || Step number: 9500/30000
[[32m[1m INFO  [21m[0m] longdy = 1.00e+00      || longdy/dt = 3.14e-03  || dt = 8.40e+00
[[32m[1m INFO  [21m[0m] from nz = 41 and O
[[32m[1m INFO  [21m[0m] -----------------------------------------------------------------
[[32m[1m INFO  [21m[0m] Elapsed time: 6.69e+04 || Step number: 9600/30000
[[32m[1m INFO  [21m[0m] longdy = 8.06e-01      || longdy/dt = 3.16e-03  || dt = 2.27e-04
[[32m[1m INFO  [21m[0m] from nz = 34 and C6H5
[[32m[1m INFO  [21m[0m] -----------------------------------------------------------------
[[32m[1m INFO  [21m[0m] Elapsed time: 6.72e+04 || Step number: 9700/30000
[[32m[1m INFO  [21m[0m] longdy = 7.05e-01      || longdy/dt = 3.19e-03  || dt = 6.17e+00
[[32m[1m INFO  [21m[0m] from nz = 34 and C6H5
[[32m[1m INFO  [21m[0m] -----------------------------------------------------------------
[[32m[1m INFO  [21m[0m] Elapsed time: 6.75e+04 || Step number: 9800/30000
[[32m[1m INFO  [21m[0m] longdy = 8.11e-01      || longdy/dt = 2.26e-03  || dt = 1.82e+00
[[32m[1m INFO  [21m[0m] from nz = 34 and C6H5
[[32m[1m INFO  [21m[0m] -----------------------------------------------------------------
[[32m[1m INFO  [21m[0m] Elapsed time: 6.78e+04 || Step number: 9900/30000
[[32m[1m INFO  [21m[0m] longdy = 5.73e-01      || longdy/dt = 2.62e-03  || dt = 1.96e+01
[[32m[1m INFO  [21m[0m] from nz = 33 and C6H5
[[32m[1m INFO  [21m[0m] -----------------------------------------------------------------
[[32m[1m INFO  [21m[0m] Elapsed time: 6.81e+04 || Step number: 10000/30000
[[32m[1m INFO  [21m[0m] longdy = 7.69e-01      || longdy/dt = 2.09e-03  || dt = 3.57e-01
[[32m[1m INFO  [21m[0m] from nz = 33 and C6H5
[[32m[1m INFO  [21m[0m] -----------------------------------------------------------------
[[32m[1m INFO  [21m[0m] Elapsed time: 6.84e+04 || Step number: 10100/30000
[[32m[1m INFO  [21m[0m] longdy = 6.73e-01      || longdy/dt = 2.18e-03  || dt = 2.53e-05
[[32m[1m INFO  [21m[0m] from nz = 33 and C6H5
[[32m[1m INFO  [21m[0m] -----------------------------------------------------------------
[[32m[1m INFO  [21m[0m] Elapsed time: 6.87e+04 || Step number: 10200/30000
[[32m[1m INFO  [21m[0m] longdy = 4.98e-01      || longdy/dt = 2.47e-03  || dt = 2.50e-03
[[32m[1m INFO  [21m[0m] from nz = 33 and C6H5
[[32m[1m INFO  [21m[0m] -----------------------------------------------------------------
[[32m[1m INFO  [21m[0m] Elapsed time: 6.89e+04 || Step number: 10300/30000
[[32m[1m INFO  [21m[0m] longdy = 4.94e-01      || longdy/dt = 2.21e-03  || dt = 7.23e-01
[[32m[1m INFO  [21m[0m] from nz = 33 and C6H5
[[32m[1m INFO  [21m[0m] -----------------------------------------------------------------
[[32m[1m INFO  [21m[0m] Elapsed time: 6.92e+04 || Step number: 10400/30000
[[32m[1m INFO  [21m[0m] longdy = 6.33e-01      || longdy/dt = 1.85e-03  || dt = 2.63e-05
[[32m[1m INFO  [21m[0m] from nz = 32 and C6H5
[[32m[1m INFO  [21m[0m] -----------------------------------------------------------------
[[32m[1m INFO  [21m[0m] Elapsed time: 6.99e+04 || Step number: 10500/30000
[[32m[1m INFO  [21m[0m] longdy = 1.20e+00      || longdy/dt = 1.82e-03  || dt = 8.50e-05
[[32m[1m INFO  [21m[0m] from nz = 32 and H2O2
[[32m[1m INFO  [21m[0m] -----------------------------------------------------------------
[[32m[1m INFO  [21m[0m] Elapsed time: 7.03e+04 || Step number: 10600/30000
[[32m[1m INFO  [21m[0m] longdy = 7.52e-01      || longdy/dt = 1.72e-03  || dt = 3.82e-04
[[32m[1m INFO  [21m[0m] from nz = 33 and H2O2
[[32m[1m INFO  [21m[0m] -----------------------------------------------------------------
[[32m[1m INFO  [21m[0m] Elapsed time: 7.07e+04 || Step number: 10700/30000
[[32m[1m INFO  [21m[0m] longdy = 6.16e-01      || longdy/dt = 1.68e-03  || dt = 1.00e+01
[[32m[1m INFO  [21m[0m] from nz = 31 and H2O2
[[32m[1m INFO  [21m[0m] -----------------------------------------------------------------
[[32m[1m INFO  [21m[0m] Elapsed time: 7.13e+04 || Step number: 10800/30000
[[32m[1m INFO  [21m[0m] longdy = 1.41e+00      || longdy/dt = 2.15e-03  || dt = 2.40e-02
[[32m[1m INFO  [21m[0m] from nz = 29 and H2O2
[[32m[1m INFO  [21m[0m] -----------------------------------------------------------------
[[32m[1m INFO  [21m[0m] Elapsed time: 7.20e+04 || Step number: 10900/30000
[[32m[1m INFO  [21m[0m] longdy = 1.63e+00      || longdy/dt = 2.33e-03  || dt = 2.85e+00
[[32m[1m INFO  [21m[0m] from nz = 27 and H2O2
[[32m[1m INFO  [21m[0m] -----------------------------------------------------------------
[[32m[1m INFO  [21m[0m] Elapsed time: 7.30e+04 || Step number: 11000/30000
[[32m[1m INFO  [21m[0m] longdy = 1.03e+00      || longdy/dt = 1.12e-03  || dt = 1.42e+01
[[32m[1m INFO  [21m[0m] from nz = 19 and O2
[[32m[1m INFO  [21m[0m] -----------------------------------------------------------------
[[32m[1m INFO  [21m[0m] Elapsed time: 7.34e+04 || Step number: 11100/30000
[[32m[1m INFO  [21m[0m] longdy = 4.65e-01      || longdy/dt = 1.01e-03  || dt = 2.05e-02
[[32m[1m INFO  [21m[0m] from nz = 32 and N
[[32m[1m INFO  [21m[0m] -----------------------------------------------------------------
[[32m[1m INFO  [21m[0m] Elapsed time: 7.49e+04 || Step number: 11200/30000
[[32m[1m INFO  [21m[0m] longdy = 1.86e+00      || longdy/dt = 1.25e-03  || dt = 3.21e-04
[[32m[1m INFO  [21m[0m] from nz = 19 and O2
[[32m[1m INFO  [21m[0m] -----------------------------------------------------------------
[[32m[1m INFO  [21m[0m] Elapsed time: 7.66e+04 || Step number: 11300/30000
[[32m[1m INFO  [21m[0m] longdy = 1.48e+00      || longdy/dt = 9.23e-04  || dt = 1.01e+02
[[32m[1m INFO  [21m[0m] from nz = 21 and O2
[[32m[1m INFO  [21m[0m] -----------------------------------------------------------------
[[32m[1m INFO  [21m[0m] Elapsed time: 7.94e+04 || Step number: 11400/30000
[[32m[1m INFO  [21m[0m] longdy = 1.72e+00      || longdy/dt = 6.37e-04  || dt = 9.23e+01
[[32m[1m INFO  [21m[0m] from nz = 21 and O2
[[32m[1m INFO  [21m[0m] -----------------------------------------------------------------
[[32m[1m INFO  [21m[0m] Elapsed time: 8.36e+04 || Step number: 11500/30000
[[32m[1m INFO  [21m[0m] longdy = 1.25e+00      || longdy/dt = 2.99e-04  || dt = 1.13e+02
[[32m[1m INFO  [21m[0m] from nz = 37 and HNO
[[32m[1m INFO  [21m[0m] -----------------------------------------------------------------
[[32m[1m INFO  [21m[0m] Elapsed time: 1.03e+05 || Step number: 11600/30000
[[32m[1m INFO  [21m[0m] longdy = 6.27e-01      || longdy/dt = 3.33e-05  || dt = 3.45e+02
[[32m[1m INFO  [21m[0m] from nz = 33 and CH2
[[32m[1m INFO  [21m[0m] -----------------------------------------------------------------
[[32m[1m INFO  [21m[0m] Elapsed time: 1.22e+05 || Step number: 11700/30000
[[32m[1m INFO  [21m[0m] longdy = 1.57e-01      || longdy/dt = 8.53e-06  || dt = 1.33e+03
[[32m[1m INFO  [21m[0m] from nz = 31 and N
[[32m[1m INFO  [21m[0m] -----------------------------------------------------------------
[[32m[1m INFO  [21m[0m] Integration successful with 11781 steps
[[32m[1m INFO  [21m[0m] long dy, long dydt = 0.022704053101097493, 7.695373101710904e-07
[[32m[1m INFO  [21m[0m] Total atom loss:
[[32m[1m INFO  [21m[0m] H: 0.1930035899808214 
[[32m[1m INFO  [21m[0m] O: -0.0063054099214156336 
[[32m[1m INFO  [21m[0m] C: 47.09640487155072 
[[32m[1m INFO  [21m[0m] N: 327.6495367960145 
[[32m[1m INFO  [21m[0m] S: 171.17129889043588 
[[32m[1m INFO  [21m[0m] ------ Live long and prosper \V/ ------
[[32m[1m INFO  [21m[0m]     done
Atmodeller initialized with double precision (float64)
[[93m[1m WARNING [21m[0m] The archive tar file does not exist: /data/rdc49-2/K218b_project/simulation_data/grid_H2_C1_N3_S0_fO22__from_batch11_case_000028__7_crash_atmos_chem_step_vulcan_chem_funs_race_missing_symjac/data/data.tar
[[32m[1m INFO  [21m[0m] Observing the planet...
Loading PHOENIX star table in file '/data/rdc49-2/FWL_DATA/prt/input_data/stellar_spectra/phoenix/phoenix.startable.petitRADTRANS.h5'... Done.
