Atmodeller initialized with double precision (float64)
[[93m[1m WARNING [21m[0m] The archive tar file does not exist: /data/rdc49-2/K218b_project/simulation_data/grid_H2_C3_N3_S2_fO23__from_batch16_case_000030__7_crash_atmos_chem_step_vulcan_chem_funs_race_syntax_error/data/data.tar
[[32m[1m INFO  [21m[0m] Running atmospheric chemistry...
[[32m[1m INFO  [21m[0m]     Using vulcan module, offline
[[32m[1m INFO  [21m[0m] Elements conserved in the network.
[[32m[1m INFO  [21m[0m] No duplicates in the network.
[[32m[1m INFO  [21m[0m] Elements conserved in the network.
[[32m[1m INFO  [21m[0m] No duplicates in the network.
[[32m[1m INFO  [21m[0m] Running VULCAN
[[93m[1m WARNING [21m[0m] P_b and P_t assgined in vulcan.cfg are out of range of the input. Constant extension is used.
[[32m[1m INFO  [21m[0m] Initializing with compositions from ASCII file /data/rdc49-2/K218b_project/simulation_data/grid_H2_C3_N3_S2_fO23__from_batch16_case_000030__7_crash_atmos_chem_step_vulcan_chem_funs_race_syntax_error/offchem/vmrs.dat
[[32m[1m INFO  [21m[0m] Input stellar spectrum from 2.0 to 700.0
[[32m[1m INFO  [21m[0m] Using wavelength bins from 2.0 to 655.5
[[32m[1m INFO  [21m[0m] Include molecular diffusion.
[[32m[1m INFO  [21m[0m] Starting VULCAN integration with 1 threads...
[[93m[1m WARNING [21m[0m] Keep producing negative values! Clipping negative solutions and moving on!
[[93m[1m WARNING [21m[0m] Keep producing negative values! Clipping negative solutions and moving on!
[[93m[1m WARNING [21m[0m] Keep producing negative values! Clipping negative solutions and moving on!
[[93m[1m WARNING [21m[0m] Keep producing negative values! Clipping negative solutions and moving on!
[[93m[1m WARNING [21m[0m] Keep producing negative values! Clipping negative solutions and moving on!
[[93m[1m WARNING [21m[0m] Keep producing negative values! Clipping negative solutions and moving on!
[[93m[1m WARNING [21m[0m] Keep producing negative values! Clipping negative solutions and moving on!
[[93m[1m WARNING [21m[0m] Keep producing negative values! Clipping negative solutions and moving on!
[[93m[1m WARNING [21m[0m] Keep producing negative values! Clipping negative solutions and moving on!
[[93m[1m WARNING [21m[0m] Keep producing negative values! Clipping negative solutions and moving on!
[[93m[1m WARNING [21m[0m] Keep producing negative values! Clipping negative solutions and moving on!
[[93m[1m WARNING [21m[0m] Keep producing negative values! Clipping negative solutions and moving on!
[[93m[1m WARNING [21m[0m] Keep producing negative values! Clipping negative solutions and moving on!
[[93m[1m WARNING [21m[0m] Keep producing negative values! Clipping negative solutions and moving on!
[[93m[1m WARNING [21m[0m] Keep producing negative values! Clipping negative solutions and moving on!
[[93m[1m WARNING [21m[0m] Keep producing negative values! Clipping negative solutions and moving on!
[[93m[1m WARNING [21m[0m] Keep producing negative values! Clipping negative solutions and moving on!
[[93m[1m WARNING [21m[0m] Keep producing negative values! Clipping negative solutions and moving on!
[[93m[1m WARNING [21m[0m] Keep producing negative values! Clipping negative solutions and moving on!
[[93m[1m WARNING [21m[0m] Keep producing negative values! Clipping negative solutions and moving on!
[[93m[1m WARNING [21m[0m] Keep producing negative values! Clipping negative solutions and moving on!
[[93m[1m WARNING [21m[0m] Keep producing negative values! Clipping negative solutions and moving on!
[[93m[1m WARNING [21m[0m] Keep producing negative values! Clipping negative solutions and moving on!
[[93m[1m WARNING [21m[0m] Keep producing negative values! Clipping negative solutions and moving on!
[[93m[1m WARNING [21m[0m] Keep producing negative values! Clipping negative solutions and moving on!
[[93m[1m WARNING [21m[0m] Keep producing negative values! Clipping negative solutions and moving on!
[[93m[1m WARNING [21m[0m] Keep producing negative values! Clipping negative solutions and moving on!
[[93m[1m WARNING [21m[0m] Keep producing negative values! Clipping negative solutions and moving on!
[[93m[1m WARNING [21m[0m] Keep producing negative values! Clipping negative solutions and moving on!
[[93m[1m WARNING [21m[0m] Keep producing negative values! Clipping negative solutions and moving on!
[[93m[1m WARNING [21m[0m] Keep producing negative values! Clipping negative solutions and moving on!
[[93m[1m WARNING [21m[0m] Keep producing negative values! Clipping negative solutions and moving on!
[[93m[1m WARNING [21m[0m] Keep producing negative values! Clipping negative solutions and moving on!
[[93m[1m WARNING [21m[0m] Keep producing negative values! Clipping negative solutions and moving on!
[[93m[1m WARNING [21m[0m] Keep producing negative values! Clipping negative solutions and moving on!
[[93m[1m WARNING [21m[0m] Keep producing negative values! Clipping negative solutions and moving on!
[[93m[1m WARNING [21m[0m] Keep producing negative values! Clipping negative solutions and moving on!
[[93m[1m WARNING [21m[0m] Keep producing negative values! Clipping negative solutions and moving on!
[[93m[1m WARNING [21m[0m] Keep producing negative values! Clipping negative solutions and moving on!
[[93m[1m WARNING [21m[0m] Keep producing negative values! Clipping negative solutions and moving on!
[[93m[1m WARNING [21m[0m] Keep producing negative values! Clipping negative solutions and moving on!
[[93m[1m WARNING [21m[0m] Keep producing negative values! Clipping negative solutions and moving on!
[[93m[1m WARNING [21m[0m] Keep producing negative values! Clipping negative solutions and moving on!
[[93m[1m WARNING [21m[0m] Keep producing negative values! Clipping negative solutions and moving on!
[[93m[1m WARNING [21m[0m] Keep producing negative values! Clipping negative solutions and moving on!
[[93m[1m WARNING [21m[0m] Keep producing negative values! Clipping negative solutions and moving on!
[[93m[1m WARNING [21m[0m] Keep producing negative values! Clipping negative solutions and moving on!
[[93m[1m WARNING [21m[0m] Keep producing negative values! Clipping negative solutions and moving on!
[[93m[1m WARNING [21m[0m] Keep producing negative values! Clipping negative solutions and moving on!
[[93m[1m WARNING [21m[0m] Keep producing negative values! Clipping negative solutions and moving on!
[[93m[1m WARNING [21m[0m] Keep producing negative values! Clipping negative solutions and moving on!
[[93m[1m WARNING [21m[0m] Keep producing negative values! Clipping negative solutions and moving on!
[[93m[1m WARNING [21m[0m] Keep producing negative values! Clipping negative solutions and moving on!
[[93m[1m WARNING [21m[0m] Keep producing negative values! Clipping negative solutions and moving on!
[[93m[1m WARNING [21m[0m] Keep producing negative values! Clipping negative solutions and moving on!
[[93m[1m WARNING [21m[0m] Keep producing negative values! Clipping negative solutions and moving on!
[[93m[1m WARNING [21m[0m] Keep producing negative values! Clipping negative solutions and moving on!
[[93m[1m WARNING [21m[0m] Keep producing negative values! Clipping negative solutions and moving on!
[[93m[1m WARNING [21m[0m] Keep producing negative values! Clipping negative solutions and moving on!
[[93m[1m WARNING [21m[0m] Keep producing negative values! Clipping negative solutions and moving on!
[[93m[1m WARNING [21m[0m] Keep producing negative values! Clipping negative solutions and moving on!
[[93m[1m WARNING [21m[0m] Keep producing negative values! Clipping negative solutions and moving on!
[[93m[1m WARNING [21m[0m] Keep producing negative values! Clipping negative solutions and moving on!
[[93m[1m WARNING [21m[0m] Keep producing negative values! Clipping negative solutions and moving on!
[[93m[1m WARNING [21m[0m] Keep producing negative values! Clipping negative solutions and moving on!
[[93m[1m WARNING [21m[0m] Keep producing negative values! Clipping negative solutions and moving on!
[[93m[1m WARNING [21m[0m] Keep producing negative values! Clipping negative solutions and moving on!
[[93m[1m WARNING [21m[0m] Keep producing negative values! Clipping negative solutions and moving on!
[[93m[1m WARNING [21m[0m] Keep producing negative values! Clipping negative solutions and moving on!
[[93m[1m WARNING [21m[0m] Keep producing negative values! Clipping negative solutions and moving on!
[[93m[1m WARNING [21m[0m] Keep producing negative values! Clipping negative solutions and moving on!
[[93m[1m WARNING [21m[0m] Keep producing negative values! Clipping negative solutions and moving on!
[[93m[1m WARNING [21m[0m] Keep producing negative values! Clipping negative solutions and moving on!
[[93m[1m WARNING [21m[0m] Keep producing negative values! Clipping negative solutions and moving on!
[[93m[1m WARNING [21m[0m] Keep producing negative values! Clipping negative solutions and moving on!
[[93m[1m WARNING [21m[0m] Keep producing negative values! Clipping negative solutions and moving on!
[[32m[1m INFO  [21m[0m] Elapsed time: 1.05e-06 || Step number: 100/30000
[[32m[1m INFO  [21m[0m] longdy = 1.00e+00      || longdy/dt = 1.00e+00  || dt = 1.00e-08
[[32m[1m INFO  [21m[0m] from nz = 0 and OH
[[32m[1m INFO  [21m[0m] -----------------------------------------------------------------
[[93m[1m WARNING [21m[0m] Keep producing negative values! Clipping negative solutions and moving on!
[[93m[1m WARNING [21m[0m] Keep producing negative values! Clipping negative solutions and moving on!
[[93m[1m WARNING [21m[0m] Keep producing negative values! Clipping negative solutions and moving on!
[[93m[1m WARNING [21m[0m] Keep producing negative values! Clipping negative solutions and moving on!
[[93m[1m WARNING [21m[0m] Keep producing negative values! Clipping negative solutions and moving on!
[[93m[1m WARNING [21m[0m] Keep producing negative values! Clipping negative solutions and moving on!
[[93m[1m WARNING [21m[0m] Keep producing negative values! Clipping negative solutions and moving on!
[[93m[1m WARNING [21m[0m] Keep producing negative values! Clipping negative solutions and moving on!
[[93m[1m WARNING [21m[0m] Keep producing negative values! Clipping negative solutions and moving on!
[[93m[1m WARNING [21m[0m] Keep producing negative values! Clipping negative solutions and moving on!
[[93m[1m WARNING [21m[0m] Keep producing negative values! Clipping negative solutions and moving on!
[[93m[1m WARNING [21m[0m] Keep producing negative values! Clipping negative solutions and moving on!
[[93m[1m WARNING [21m[0m] Keep producing negative values! Clipping negative solutions and moving on!
[[93m[1m WARNING [21m[0m] Keep producing negative values! Clipping negative solutions and moving on!
[[93m[1m WARNING [21m[0m] Keep producing negative values! Clipping negative solutions and moving on!
[[93m[1m WARNING [21m[0m] Keep producing negative values! Clipping negative solutions and moving on!
[[93m[1m WARNING [21m[0m] Keep producing negative values! Clipping negative solutions and moving on!
[[93m[1m WARNING [21m[0m] Keep producing negative values! Clipping negative solutions and moving on!
[[93m[1m WARNING [21m[0m] Keep producing negative values! Clipping negative solutions and moving on!
[[93m[1m WARNING [21m[0m] Keep producing negative values! Clipping negative solutions and moving on!
[[93m[1m WARNING [21m[0m] Keep producing negative values! Clipping negative solutions and moving on!
[[93m[1m WARNING [21m[0m] Keep producing negative values! Clipping negative solutions and moving on!
[[93m[1m WARNING [21m[0m] Keep producing negative values! Clipping negative solutions and moving on!
[[93m[1m WARNING [21m[0m] Keep producing negative values! Clipping negative solutions and moving on!
[[93m[1m WARNING [21m[0m] Keep producing negative values! Clipping negative solutions and moving on!
[[93m[1m WARNING [21m[0m] Keep producing negative values! Clipping negative solutions and moving on!
[[93m[1m WARNING [21m[0m] Keep producing negative values! Clipping negative solutions and moving on!
[[93m[1m WARNING [21m[0m] Keep producing negative values! Clipping negative solutions and moving on!
[[93m[1m WARNING [21m[0m] Keep producing negative values! Clipping negative solutions and moving on!
[[93m[1m WARNING [21m[0m] Keep producing negative values! Clipping negative solutions and moving on!
[[93m[1m WARNING [21m[0m] Keep producing negative values! Clipping negative solutions and moving on!
[[93m[1m WARNING [21m[0m] Keep producing negative values! Clipping negative solutions and moving on!
[[93m[1m WARNING [21m[0m] Keep producing negative values! Clipping negative solutions and moving on!
[[93m[1m WARNING [21m[0m] Keep producing negative values! Clipping negative solutions and moving on!
[[93m[1m WARNING [21m[0m] Keep producing negative values! Clipping negative solutions and moving on!
[[93m[1m WARNING [21m[0m] Keep producing negative values! Clipping negative solutions and moving on!
[[93m[1m WARNING [21m[0m] Keep producing negative values! Clipping negative solutions and moving on!
[[93m[1m WARNING [21m[0m] Keep producing negative values! Clipping negative solutions and moving on!
[[93m[1m WARNING [21m[0m] Keep producing negative values! Clipping negative solutions and moving on!
[[93m[1m WARNING [21m[0m] Keep producing negative values! Clipping negative solutions and moving on!
[[93m[1m WARNING [21m[0m] Keep producing negative values! Clipping negative solutions and moving on!
[[93m[1m WARNING [21m[0m] Keep producing negative values! Clipping negative solutions and moving on!
[[93m[1m WARNING [21m[0m] Keep producing negative values! Clipping negative solutions and moving on!
[[93m[1m WARNING [21m[0m] Keep producing negative values! Clipping negative solutions and moving on!
[[93m[1m WARNING [21m[0m] Keep producing negative values! Clipping negative solutions and moving on!
[[93m[1m WARNING [21m[0m] Keep producing negative values! Clipping negative solutions and moving on!
[[93m[1m WARNING [21m[0m] Keep producing negative values! Clipping negative solutions and moving on!
[[93m[1m WARNING [21m[0m] Keep producing negative values! Clipping negative solutions and moving on!
[[93m[1m WARNING [21m[0m] Keep producing negative values! Clipping negative solutions and moving on!
[[93m[1m WARNING [21m[0m] Keep producing negative values! Clipping negative solutions and moving on!
[[93m[1m WARNING [21m[0m] Keep producing negative values! Clipping negative solutions and moving on!
[[93m[1m WARNING [21m[0m] Keep producing negative values! Clipping negative solutions and moving on!
[[93m[1m WARNING [21m[0m] Keep producing negative values! Clipping negative solutions and moving on!
[[93m[1m WARNING [21m[0m] Keep producing negative values! Clipping negative solutions and moving on!
[[93m[1m WARNING [21m[0m] Keep producing negative values! Clipping negative solutions and moving on!
[[93m[1m WARNING [21m[0m] Keep producing negative values! Clipping negative solutions and moving on!
[[93m[1m WARNING [21m[0m] Keep producing negative values! Clipping negative solutions and moving on!
[[93m[1m WARNING [21m[0m] Keep producing negative values! Clipping negative solutions and moving on!
[[93m[1m WARNING [21m[0m] Keep producing negative values! Clipping negative solutions and moving on!
[[93m[1m WARNING [21m[0m] Keep producing negative values! Clipping negative solutions and moving on!
[[93m[1m WARNING [21m[0m] Keep producing negative values! Clipping negative solutions and moving on!
[[93m[1m WARNING [21m[0m] Keep producing negative values! Clipping negative solutions and moving on!
[[93m[1m WARNING [21m[0m] Keep producing negative values! Clipping negative solutions and moving on!
[[93m[1m WARNING [21m[0m] Keep producing negative values! Clipping negative solutions and moving on!
[[93m[1m WARNING [21m[0m] Keep producing negative values! Clipping negative solutions and moving on!
[[93m[1m WARNING [21m[0m] Keep producing negative values! Clipping negative solutions and moving on!
[[93m[1m WARNING [21m[0m] Keep producing negative values! Clipping negative solutions and moving on!
[[93m[1m WARNING [21m[0m] Keep producing negative values! Clipping negative solutions and moving on!
[[93m[1m WARNING [21m[0m] Keep producing negative values! Clipping negative solutions and moving on!
[[93m[1m WARNING [21m[0m] Keep producing negative values! Clipping negative solutions and moving on!
[[93m[1m WARNING [21m[0m] Keep producing negative values! Clipping negative solutions and moving on!
[[93m[1m WARNING [21m[0m] Keep producing negative values! Clipping negative solutions and moving on!
[[93m[1m WARNING [21m[0m] Keep producing negative values! Clipping negative solutions and moving on!
[[93m[1m WARNING [21m[0m] Keep producing negative values! Clipping negative solutions and moving on!
[[93m[1m WARNING [21m[0m] Keep producing negative values! Clipping negative solutions and moving on!
[[93m[1m WARNING [21m[0m] Keep producing negative values! Clipping negative solutions and moving on!
[[93m[1m WARNING [21m[0m] Keep producing negative values! Clipping negative solutions and moving on!
[[93m[1m WARNING [21m[0m] Keep producing negative values! Clipping negative solutions and moving on!
[[93m[1m WARNING [21m[0m] Keep producing negative values! Clipping negative solutions and moving on!
[[93m[1m WARNING [21m[0m] Keep producing negative values! Clipping negative solutions and moving on!
[[93m[1m WARNING [21m[0m] Keep producing negative values! Clipping negative solutions and moving on!
[[93m[1m WARNING [21m[0m] Keep producing negative values! Clipping negative solutions and moving on!
[[93m[1m WARNING [21m[0m] Keep producing negative values! Clipping negative solutions and moving on!
[[93m[1m WARNING [21m[0m] Keep producing negative values! Clipping negative solutions and moving on!
[[93m[1m WARNING [21m[0m] Keep producing negative values! Clipping negative solutions and moving on!
[[93m[1m WARNING [21m[0m] Keep producing negative values! Clipping negative solutions and moving on!
[[93m[1m WARNING [21m[0m] Keep producing negative values! Clipping negative solutions and moving on!
[[93m[1m WARNING [21m[0m] Keep producing negative values! Clipping negative solutions and moving on!
[[93m[1m WARNING [21m[0m] Keep producing negative values! Clipping negative solutions and moving on!
[[93m[1m WARNING [21m[0m] Keep producing negative values! Clipping negative solutions and moving on!
[[93m[1m WARNING [21m[0m] Keep producing negative values! Clipping negative solutions and moving on!
[[93m[1m WARNING [21m[0m] Keep producing negative values! Clipping negative solutions and moving on!
[[93m[1m WARNING [21m[0m] Keep producing negative values! Clipping negative solutions and moving on!
[[93m[1m WARNING [21m[0m] Keep producing negative values! Clipping negative solutions and moving on!
[[93m[1m WARNING [21m[0m] Keep producing negative values! Clipping negative solutions and moving on!
[[93m[1m WARNING [21m[0m] Keep producing negative values! Clipping negative solutions and moving on!
[[32m[1m INFO  [21m[0m] Elapsed time: 2.05e-06 || Step number: 200/30000
[[32m[1m INFO  [21m[0m] longdy = 1.00e+00      || longdy/dt = 1.00e+00  || dt = 1.00e-08
[[32m[1m INFO  [21m[0m] from nz = 0 and OH
[[32m[1m INFO  [21m[0m] -----------------------------------------------------------------
[[93m[1m WARNING [21m[0m] Keep producing negative values! Clipping negative solutions and moving on!
[[93m[1m WARNING [21m[0m] Keep producing negative values! Clipping negative solutions and moving on!
[[93m[1m WARNING [21m[0m] Keep producing negative values! Clipping negative solutions and moving on!
[[93m[1m WARNING [21m[0m] Keep producing negative values! Clipping negative solutions and moving on!
[[93m[1m WARNING [21m[0m] Keep producing negative values! Clipping negative solutions and moving on!
[[93m[1m WARNING [21m[0m] Keep producing negative values! Clipping negative solutions and moving on!
[[93m[1m WARNING [21m[0m] Keep producing negative values! Clipping negative solutions and moving on!
[[93m[1m WARNING [21m[0m] Keep producing negative values! Clipping negative solutions and moving on!
[[93m[1m WARNING [21m[0m] Keep producing negative values! Clipping negative solutions and moving on!
[[93m[1m WARNING [21m[0m] Keep producing negative values! Clipping negative solutions and moving on!
[[93m[1m WARNING [21m[0m] Keep producing negative values! Clipping negative solutions and moving on!
[[93m[1m WARNING [21m[0m] Keep producing negative values! Clipping negative solutions and moving on!
[[93m[1m WARNING [21m[0m] Keep producing negative values! Clipping negative solutions and moving on!
[[93m[1m WARNING [21m[0m] Keep producing negative values! Clipping negative solutions and moving on!
[[93m[1m WARNING [21m[0m] Keep producing negative values! Clipping negative solutions and moving on!
[[93m[1m WARNING [21m[0m] Keep producing negative values! Clipping negative solutions and moving on!
[[93m[1m WARNING [21m[0m] Keep producing negative values! Clipping negative solutions and moving on!
[[93m[1m WARNING [21m[0m] Keep producing negative values! Clipping negative solutions and moving on!
[[93m[1m WARNING [21m[0m] Keep producing negative values! Clipping negative solutions and moving on!
[[93m[1m WARNING [21m[0m] Keep producing negative values! Clipping negative solutions and moving on!
[[93m[1m WARNING [21m[0m] Keep producing negative values! Clipping negative solutions and moving on!
[[93m[1m WARNING [21m[0m] Keep producing negative values! Clipping negative solutions and moving on!
[[93m[1m WARNING [21m[0m] Keep producing negative values! Clipping negative solutions and moving on!
[[93m[1m WARNING [21m[0m] Keep producing negative values! Clipping negative solutions and moving on!
[[93m[1m WARNING [21m[0m] Keep producing negative values! Clipping negative solutions and moving on!
[[93m[1m WARNING [21m[0m] Keep producing negative values! Clipping negative solutions and moving on!
[[93m[1m WARNING [21m[0m] Keep producing negative values! Clipping negative solutions and moving on!
[[93m[1m WARNING [21m[0m] Keep producing negative values! Clipping negative solutions and moving on!
[[93m[1m WARNING [21m[0m] Keep producing negative values! Clipping negative solutions and moving on!
[[93m[1m WARNING [21m[0m] Keep producing negative values! Clipping negative solutions and moving on!
[[93m[1m WARNING [21m[0m] Keep producing negative values! Clipping negative solutions and moving on!
[[93m[1m WARNING [21m[0m] Keep producing negative values! Clipping negative solutions and moving on!
[[93m[1m WARNING [21m[0m] Keep producing negative values! Clipping negative solutions and moving on!
[[93m[1m WARNING [21m[0m] Keep producing negative values! Clipping negative solutions and moving on!
[[93m[1m WARNING [21m[0m] Keep producing negative values! Clipping negative solutions and moving on!
[[93m[1m WARNING [21m[0m] Keep producing negative values! Clipping negative solutions and moving on!
[[93m[1m WARNING [21m[0m] Keep producing negative values! Clipping negative solutions and moving on!
[[93m[1m WARNING [21m[0m] Keep producing negative values! Clipping negative solutions and moving on!
[[93m[1m WARNING [21m[0m] Keep producing negative values! Clipping negative solutions and moving on!
[[93m[1m WARNING [21m[0m] Keep producing negative values! Clipping negative solutions and moving on!
[[93m[1m WARNING [21m[0m] Keep producing negative values! Clipping negative solutions and moving on!
[[93m[1m WARNING [21m[0m] Keep producing negative values! Clipping negative solutions and moving on!
[[93m[1m WARNING [21m[0m] Keep producing negative values! Clipping negative solutions and moving on!
[[93m[1m WARNING [21m[0m] Keep producing negative values! Clipping negative solutions and moving on!
[[93m[1m WARNING [21m[0m] Keep producing negative values! Clipping negative solutions and moving on!
[[93m[1m WARNING [21m[0m] Keep producing negative values! Clipping negative solutions and moving on!
[[93m[1m WARNING [21m[0m] Keep producing negative values! Clipping negative solutions and moving on!
[[93m[1m WARNING [21m[0m] Keep producing negative values! Clipping negative solutions and moving on!
[[93m[1m WARNING [21m[0m] Keep producing negative values! Clipping negative solutions and moving on!
[[93m[1m WARNING [21m[0m] Keep producing negative values! Clipping negative solutions and moving on!
[[93m[1m WARNING [21m[0m] Keep producing negative values! Clipping negative solutions and moving on!
[[93m[1m WARNING [21m[0m] Keep producing negative values! Clipping negative solutions and moving on!
[[93m[1m WARNING [21m[0m] Keep producing negative values! Clipping negative solutions and moving on!
[[93m[1m WARNING [21m[0m] Keep producing negative values! Clipping negative solutions and moving on!
[[93m[1m WARNING [21m[0m] Keep producing negative values! Clipping negative solutions and moving on!
[[93m[1m WARNING [21m[0m] Keep producing negative values! Clipping negative solutions and moving on!
[[93m[1m WARNING [21m[0m] Keep producing negative values! Clipping negative solutions and moving on!
[[93m[1m WARNING [21m[0m] Keep producing negative values! Clipping negative solutions and moving on!
[[93m[1m WARNING [21m[0m] Keep producing negative values! Clipping negative solutions and moving on!
[[93m[1m WARNING [21m[0m] Keep producing negative values! Clipping negative solutions and moving on!
[[93m[1m WARNING [21m[0m] Keep producing negative values! Clipping negative solutions and moving on!
[[93m[1m WARNING [21m[0m] Keep producing negative values! Clipping negative solutions and moving on!
[[93m[1m WARNING [21m[0m] Keep producing negative values! Clipping negative solutions and moving on!
[[93m[1m WARNING [21m[0m] Keep producing negative values! Clipping negative solutions and moving on!
[[93m[1m WARNING [21m[0m] Keep producing negative values! Clipping negative solutions and moving on!
[[93m[1m WARNING [21m[0m] Keep producing negative values! Clipping negative solutions and moving on!
[[93m[1m WARNING [21m[0m] Keep producing negative values! Clipping negative solutions and moving on!
[[93m[1m WARNING [21m[0m] Keep producing negative values! Clipping negative solutions and moving on!
[[93m[1m WARNING [21m[0m] Keep producing negative values! Clipping negative solutions and moving on!
[[93m[1m WARNING [21m[0m] Keep producing negative values! Clipping negative solutions and moving on!
[[93m[1m WARNING [21m[0m] Keep producing negative values! Clipping negative solutions and moving on!
[[93m[1m WARNING [21m[0m] Keep producing negative values! Clipping negative solutions and moving on!
[[93m[1m WARNING [21m[0m] Keep producing negative values! Clipping negative solutions and moving on!
[[93m[1m WARNING [21m[0m] Keep producing negative values! Clipping negative solutions and moving on!
[[93m[1m WARNING [21m[0m] Keep producing negative values! Clipping negative solutions and moving on!
[[93m[1m WARNING [21m[0m] Keep producing negative values! Clipping negative solutions and moving on!
[[93m[1m WARNING [21m[0m] Keep producing negative values! Clipping negative solutions and moving on!
[[93m[1m WARNING [21m[0m] Keep producing negative values! Clipping negative solutions and moving on!
[[93m[1m WARNING [21m[0m] Keep producing negative values! Clipping negative solutions and moving on!
[[93m[1m WARNING [21m[0m] Keep producing negative values! Clipping negative solutions and moving on!
[[93m[1m WARNING [21m[0m] Keep producing negative values! Clipping negative solutions and moving on!
[[93m[1m WARNING [21m[0m] Keep producing negative values! Clipping negative solutions and moving on!
[[93m[1m WARNING [21m[0m] Keep producing negative values! Clipping negative solutions and moving on!
[[93m[1m WARNING [21m[0m] Keep producing negative values! Clipping negative solutions and moving on!
[[93m[1m WARNING [21m[0m] Keep producing negative values! Clipping negative solutions and moving on!
[[93m[1m WARNING [21m[0m] Keep producing negative values! Clipping negative solutions and moving on!
[[32m[1m INFO  [21m[0m] Elapsed time: 3.05e-06 || Step number: 300/30000
[[32m[1m INFO  [21m[0m] longdy = 1.00e+00      || longdy/dt = 1.00e+00  || dt = 1.00e-08
[[32m[1m INFO  [21m[0m] from nz = 0 and OH
[[32m[1m INFO  [21m[0m] -----------------------------------------------------------------
[[93m[1m WARNING [21m[0m] Keep producing negative values! Clipping negative solutions and moving on!
[[93m[1m WARNING [21m[0m] Keep producing negative values! Clipping negative solutions and moving on!
[[93m[1m WARNING [21m[0m] Keep producing negative values! Clipping negative solutions and moving on!
[[93m[1m WARNING [21m[0m] Keep producing negative values! Clipping negative solutions and moving on!
[[93m[1m WARNING [21m[0m] Keep producing negative values! Clipping negative solutions and moving on!
[[93m[1m WARNING [21m[0m] Keep producing negative values! Clipping negative solutions and moving on!
[[93m[1m WARNING [21m[0m] Keep producing negative values! Clipping negative solutions and moving on!
[[93m[1m WARNING [21m[0m] Keep producing negative values! Clipping negative solutions and moving on!
[[93m[1m WARNING [21m[0m] Keep producing negative values! Clipping negative solutions and moving on!
[[93m[1m WARNING [21m[0m] Keep producing negative values! Clipping negative solutions and moving on!
[[93m[1m WARNING [21m[0m] Keep producing negative values! Clipping negative solutions and moving on!
[[93m[1m WARNING [21m[0m] Keep producing negative values! Clipping negative solutions and moving on!
[[93m[1m WARNING [21m[0m] Keep producing negative values! Clipping negative solutions and moving on!
[[93m[1m WARNING [21m[0m] Keep producing negative values! Clipping negative solutions and moving on!
[[93m[1m WARNING [21m[0m] Keep producing negative values! Clipping negative solutions and moving on!
[[93m[1m WARNING [21m[0m] Keep producing negative values! Clipping negative solutions and moving on!
[[93m[1m WARNING [21m[0m] Keep producing negative values! Clipping negative solutions and moving on!
[[93m[1m WARNING [21m[0m] Keep producing negative values! Clipping negative solutions and moving on!
[[93m[1m WARNING [21m[0m] Keep producing negative values! Clipping negative solutions and moving on!
[[93m[1m WARNING [21m[0m] Keep producing negative values! Clipping negative solutions and moving on!
[[93m[1m WARNING [21m[0m] Keep producing negative values! Clipping negative solutions and moving on!
[[93m[1m WARNING [21m[0m] Keep producing negative values! Clipping negative solutions and moving on!
[[93m[1m WARNING [21m[0m] Keep producing negative values! Clipping negative solutions and moving on!
[[93m[1m WARNING [21m[0m] Keep producing negative values! Clipping negative solutions and moving on!
[[93m[1m WARNING [21m[0m] Keep producing negative values! Clipping negative solutions and moving on!
[[93m[1m WARNING [21m[0m] Keep producing negative values! Clipping negative solutions and moving on!
[[93m[1m WARNING [21m[0m] Keep producing negative values! Clipping negative solutions and moving on!
[[93m[1m WARNING [21m[0m] Keep producing negative values! Clipping negative solutions and moving on!
[[93m[1m WARNING [21m[0m] Keep producing negative values! Clipping negative solutions and moving on!
[[93m[1m WARNING [21m[0m] Keep producing negative values! Clipping negative solutions and moving on!
[[93m[1m WARNING [21m[0m] Keep producing negative values! Clipping negative solutions and moving on!
[[93m[1m WARNING [21m[0m] Keep producing negative values! Clipping negative solutions and moving on!
[[93m[1m WARNING [21m[0m] Keep producing negative values! Clipping negative solutions and moving on!
[[93m[1m WARNING [21m[0m] Keep producing negative values! Clipping negative solutions and moving on!
[[93m[1m WARNING [21m[0m] Keep producing negative values! Clipping negative solutions and moving on!
[[93m[1m WARNING [21m[0m] Keep producing negative values! Clipping negative solutions and moving on!
[[93m[1m WARNING [21m[0m] Keep producing negative values! Clipping negative solutions and moving on!
[[93m[1m WARNING [21m[0m] Keep producing negative values! Clipping negative solutions and moving on!
[[93m[1m WARNING [21m[0m] Keep producing negative values! Clipping negative solutions and moving on!
[[93m[1m WARNING [21m[0m] Keep producing negative values! Clipping negative solutions and moving on!
[[93m[1m WARNING [21m[0m] Keep producing negative values! Clipping negative solutions and moving on!
[[93m[1m WARNING [21m[0m] Keep producing negative values! Clipping negative solutions and moving on!
[[93m[1m WARNING [21m[0m] Keep producing negative values! Clipping negative solutions and moving on!
[[93m[1m WARNING [21m[0m] Keep producing negative values! Clipping negative solutions and moving on!
[[93m[1m WARNING [21m[0m] Keep producing negative values! Clipping negative solutions and moving on!
[[93m[1m WARNING [21m[0m] Keep producing negative values! Clipping negative solutions and moving on!
[[93m[1m WARNING [21m[0m] Keep producing negative values! Clipping negative solutions and moving on!
[[93m[1m WARNING [21m[0m] Keep producing negative values! Clipping negative solutions and moving on!
[[93m[1m WARNING [21m[0m] Keep producing negative values! Clipping negative solutions and moving on!
[[93m[1m WARNING [21m[0m] Keep producing negative values! Clipping negative solutions and moving on!
[[93m[1m WARNING [21m[0m] Keep producing negative values! Clipping negative solutions and moving on!
[[93m[1m WARNING [21m[0m] Keep producing negative values! Clipping negative solutions and moving on!
[[93m[1m WARNING [21m[0m] Keep producing negative values! Clipping negative solutions and moving on!
[[93m[1m WARNING [21m[0m] Keep producing negative values! Clipping negative solutions and moving on!
[[93m[1m WARNING [21m[0m] Keep producing negative values! Clipping negative solutions and moving on!
[[93m[1m WARNING [21m[0m] Keep producing negative values! Clipping negative solutions and moving on!
[[93m[1m WARNING [21m[0m] Keep producing negative values! Clipping negative solutions and moving on!
[[93m[1m WARNING [21m[0m] Keep producing negative values! Clipping negative solutions and moving on!
[[93m[1m WARNING [21m[0m] Keep producing negative values! Clipping negative solutions and moving on!
[[93m[1m WARNING [21m[0m] Keep producing negative values! Clipping negative solutions and moving on!
[[93m[1m WARNING [21m[0m] Keep producing negative values! Clipping negative solutions and moving on!
[[93m[1m WARNING [21m[0m] Keep producing negative values! Clipping negative solutions and moving on!
[[93m[1m WARNING [21m[0m] Keep producing negative values! Clipping negative solutions and moving on!
[[93m[1m WARNING [21m[0m] Keep producing negative values! Clipping negative solutions and moving on!
[[93m[1m WARNING [21m[0m] Keep producing negative values! Clipping negative solutions and moving on!
[[93m[1m WARNING [21m[0m] Keep producing negative values! Clipping negative solutions and moving on!
[[93m[1m WARNING [21m[0m] Keep producing negative values! Clipping negative solutions and moving on!
[[93m[1m WARNING [21m[0m] Keep producing negative values! Clipping negative solutions and moving on!
[[93m[1m WARNING [21m[0m] Keep producing negative values! Clipping negative solutions and moving on!
[[93m[1m WARNING [21m[0m] Keep producing negative values! Clipping negative solutions and moving on!
[[93m[1m WARNING [21m[0m] Keep producing negative values! Clipping negative solutions and moving on!
[[93m[1m WARNING [21m[0m] Keep producing negative values! Clipping negative solutions and moving on!
[[93m[1m WARNING [21m[0m] Keep producing negative values! Clipping negative solutions and moving on!
[[93m[1m WARNING [21m[0m] Keep producing negative values! Clipping negative solutions and moving on!
[[93m[1m WARNING [21m[0m] Keep producing negative values! Clipping negative solutions and moving on!
[[32m[1m INFO  [21m[0m] Elapsed time: 4.08e-06 || Step number: 400/30000
[[32m[1m INFO  [21m[0m] longdy = 1.00e+00      || longdy/dt = 1.00e+00  || dt = 2.00e-08
[[32m[1m INFO  [21m[0m] from nz = 0 and OH
[[32m[1m INFO  [21m[0m] -----------------------------------------------------------------
[[93m[1m WARNING [21m[0m] Keep producing negative values! Clipping negative solutions and moving on!
[[93m[1m WARNING [21m[0m] Keep producing negative values! Clipping negative solutions and moving on!
[[93m[1m WARNING [21m[0m] Keep producing negative values! Clipping negative solutions and moving on!
[[93m[1m WARNING [21m[0m] Keep producing negative values! Clipping negative solutions and moving on!
[[93m[1m WARNING [21m[0m] Keep producing negative values! Clipping negative solutions and moving on!
[[93m[1m WARNING [21m[0m] Keep producing negative values! Clipping negative solutions and moving on!
[[93m[1m WARNING [21m[0m] Keep producing negative values! Clipping negative solutions and moving on!
[[93m[1m WARNING [21m[0m] Keep producing negative values! Clipping negative solutions and moving on!
[[93m[1m WARNING [21m[0m] Keep producing negative values! Clipping negative solutions and moving on!
[[93m[1m WARNING [21m[0m] Keep producing negative values! Clipping negative solutions and moving on!
[[93m[1m WARNING [21m[0m] Keep producing negative values! Clipping negative solutions and moving on!
[[93m[1m WARNING [21m[0m] Keep producing negative values! Clipping negative solutions and moving on!
[[93m[1m WARNING [21m[0m] Keep producing negative values! Clipping negative solutions and moving on!
[[93m[1m WARNING [21m[0m] Keep producing negative values! Clipping negative solutions and moving on!
[[93m[1m WARNING [21m[0m] Keep producing negative values! Clipping negative solutions and moving on!
[[93m[1m WARNING [21m[0m] Keep producing negative values! Clipping negative solutions and moving on!
[[93m[1m WARNING [21m[0m] Keep producing negative values! Clipping negative solutions and moving on!
[[93m[1m WARNING [21m[0m] Keep producing negative values! Clipping negative solutions and moving on!
[[93m[1m WARNING [21m[0m] Keep producing negative values! Clipping negative solutions and moving on!
[[93m[1m WARNING [21m[0m] Keep producing negative values! Clipping negative solutions and moving on!
[[93m[1m WARNING [21m[0m] Keep producing negative values! Clipping negative solutions and moving on!
[[93m[1m WARNING [21m[0m] Keep producing negative values! Clipping negative solutions and moving on!
[[93m[1m WARNING [21m[0m] Keep producing negative values! Clipping negative solutions and moving on!
[[93m[1m WARNING [21m[0m] Keep producing negative values! Clipping negative solutions and moving on!
[[93m[1m WARNING [21m[0m] Keep producing negative values! Clipping negative solutions and moving on!
[[93m[1m WARNING [21m[0m] Keep producing negative values! Clipping negative solutions and moving on!
[[93m[1m WARNING [21m[0m] Keep producing negative values! Clipping negative solutions and moving on!
[[93m[1m WARNING [21m[0m] Keep producing negative values! Clipping negative solutions and moving on!
[[93m[1m WARNING [21m[0m] Keep producing negative values! Clipping negative solutions and moving on!
[[93m[1m WARNING [21m[0m] Keep producing negative values! Clipping negative solutions and moving on!
[[93m[1m WARNING [21m[0m] Keep producing negative values! Clipping negative solutions and moving on!
[[93m[1m WARNING [21m[0m] Keep producing negative values! Clipping negative solutions and moving on!
[[93m[1m WARNING [21m[0m] Keep producing negative values! Clipping negative solutions and moving on!
[[93m[1m WARNING [21m[0m] Keep producing negative values! Clipping negative solutions and moving on!
[[93m[1m WARNING [21m[0m] Keep producing negative values! Clipping negative solutions and moving on!
[[93m[1m WARNING [21m[0m] Keep producing negative values! Clipping negative solutions and moving on!
[[93m[1m WARNING [21m[0m] Keep producing negative values! Clipping negative solutions and moving on!
[[93m[1m WARNING [21m[0m] Keep producing negative values! Clipping negative solutions and moving on!
[[93m[1m WARNING [21m[0m] Keep producing negative values! Clipping negative solutions and moving on!
[[93m[1m WARNING [21m[0m] Keep producing negative values! Clipping negative solutions and moving on!
[[93m[1m WARNING [21m[0m] Keep producing negative values! Clipping negative solutions and moving on!
[[93m[1m WARNING [21m[0m] Keep producing negative values! Clipping negative solutions and moving on!
[[93m[1m WARNING [21m[0m] Keep producing negative values! Clipping negative solutions and moving on!
[[93m[1m WARNING [21m[0m] Keep producing negative values! Clipping negative solutions and moving on!
[[93m[1m WARNING [21m[0m] Keep producing negative values! Clipping negative solutions and moving on!
[[93m[1m WARNING [21m[0m] Keep producing negative values! Clipping negative solutions and moving on!
[[93m[1m WARNING [21m[0m] Keep producing negative values! Clipping negative solutions and moving on!
[[93m[1m WARNING [21m[0m] Keep producing negative values! Clipping negative solutions and moving on!
[[93m[1m WARNING [21m[0m] Keep producing negative values! Clipping negative solutions and moving on!
[[93m[1m WARNING [21m[0m] Keep producing negative values! Clipping negative solutions and moving on!
[[93m[1m WARNING [21m[0m] Keep producing negative values! Clipping negative solutions and moving on!
[[93m[1m WARNING [21m[0m] Keep producing negative values! Clipping negative solutions and moving on!
[[93m[1m WARNING [21m[0m] Keep producing negative values! Clipping negative solutions and moving on!
[[93m[1m WARNING [21m[0m] Keep producing negative values! Clipping negative solutions and moving on!
[[93m[1m WARNING [21m[0m] Keep producing negative values! Clipping negative solutions and moving on!
[[93m[1m WARNING [21m[0m] Keep producing negative values! Clipping negative solutions and moving on!
[[93m[1m WARNING [21m[0m] Keep producing negative values! Clipping negative solutions and moving on!
[[93m[1m WARNING [21m[0m] Keep producing negative values! Clipping negative solutions and moving on!
[[93m[1m WARNING [21m[0m] Keep producing negative values! Clipping negative solutions and moving on!
[[93m[1m WARNING [21m[0m] Keep producing negative values! Clipping negative solutions and moving on!
[[93m[1m WARNING [21m[0m] Keep producing negative values! Clipping negative solutions and moving on!
[[93m[1m WARNING [21m[0m] Keep producing negative values! Clipping negative solutions and moving on!
[[93m[1m WARNING [21m[0m] Keep producing negative values! Clipping negative solutions and moving on!
[[93m[1m WARNING [21m[0m] Keep producing negative values! Clipping negative solutions and moving on!
[[93m[1m WARNING [21m[0m] Keep producing negative values! Clipping negative solutions and moving on!
[[93m[1m WARNING [21m[0m] Keep producing negative values! Clipping negative solutions and moving on!
[[93m[1m WARNING [21m[0m] Keep producing negative values! Clipping negative solutions and moving on!
[[93m[1m WARNING [21m[0m] Keep producing negative values! Clipping negative solutions and moving on!
[[93m[1m WARNING [21m[0m] Keep producing negative values! Clipping negative solutions and moving on!
[[93m[1m WARNING [21m[0m] Keep producing negative values! Clipping negative solutions and moving on!
[[93m[1m WARNING [21m[0m] Keep producing negative values! Clipping negative solutions and moving on!
[[93m[1m WARNING [21m[0m] Keep producing negative values! Clipping negative solutions and moving on!
[[93m[1m WARNING [21m[0m] Keep producing negative values! Clipping negative solutions and moving on!
[[93m[1m WARNING [21m[0m] Keep producing negative values! Clipping negative solutions and moving on!
[[93m[1m WARNING [21m[0m] Keep producing negative values! Clipping negative solutions and moving on!
[[93m[1m WARNING [21m[0m] Keep producing negative values! Clipping negative solutions and moving on!
[[93m[1m WARNING [21m[0m] Keep producing negative values! Clipping negative solutions and moving on!
[[93m[1m WARNING [21m[0m] Keep producing negative values! Clipping negative solutions and moving on!
[[93m[1m WARNING [21m[0m] Keep producing negative values! Clipping negative solutions and moving on!
[[93m[1m WARNING [21m[0m] Keep producing negative values! Clipping negative solutions and moving on!
[[93m[1m WARNING [21m[0m] Keep producing negative values! Clipping negative solutions and moving on!
[[93m[1m WARNING [21m[0m] Keep producing negative values! Clipping negative solutions and moving on!
[[32m[1m INFO  [21m[0m] Elapsed time: 5.11e-06 || Step number: 500/30000
[[32m[1m INFO  [21m[0m] longdy = 1.00e+00      || longdy/dt = 1.00e+00  || dt = 1.00e-08
[[32m[1m INFO  [21m[0m] from nz = 0 and OH
[[32m[1m INFO  [21m[0m] -----------------------------------------------------------------
[[93m[1m WARNING [21m[0m] Keep producing negative values! Clipping negative solutions and moving on!
[[93m[1m WARNING [21m[0m] Keep producing negative values! Clipping negative solutions and moving on!
[[93m[1m WARNING [21m[0m] Keep producing negative values! Clipping negative solutions and moving on!
[[93m[1m WARNING [21m[0m] Keep producing negative values! Clipping negative solutions and moving on!
[[93m[1m WARNING [21m[0m] Keep producing negative values! Clipping negative solutions and moving on!
[[93m[1m WARNING [21m[0m] Keep producing negative values! Clipping negative solutions and moving on!
[[93m[1m WARNING [21m[0m] Keep producing negative values! Clipping negative solutions and moving on!
[[93m[1m WARNING [21m[0m] Keep producing negative values! Clipping negative solutions and moving on!
[[93m[1m WARNING [21m[0m] Keep producing negative values! Clipping negative solutions and moving on!
[[93m[1m WARNING [21m[0m] Keep producing negative values! Clipping negative solutions and moving on!
[[93m[1m WARNING [21m[0m] Keep producing negative values! Clipping negative solutions and moving on!
[[93m[1m WARNING [21m[0m] Keep producing negative values! Clipping negative solutions and moving on!
[[93m[1m WARNING [21m[0m] Keep producing negative values! Clipping negative solutions and moving on!
[[93m[1m WARNING [21m[0m] Keep producing negative values! Clipping negative solutions and moving on!
[[93m[1m WARNING [21m[0m] Keep producing negative values! Clipping negative solutions and moving on!
[[93m[1m WARNING [21m[0m] Keep producing negative values! Clipping negative solutions and moving on!
[[93m[1m WARNING [21m[0m] Keep producing negative values! Clipping negative solutions and moving on!
[[93m[1m WARNING [21m[0m] Keep producing negative values! Clipping negative solutions and moving on!
[[93m[1m WARNING [21m[0m] Keep producing negative values! Clipping negative solutions and moving on!
[[93m[1m WARNING [21m[0m] Keep producing negative values! Clipping negative solutions and moving on!
[[93m[1m WARNING [21m[0m] Keep producing negative values! Clipping negative solutions and moving on!
[[93m[1m WARNING [21m[0m] Keep producing negative values! Clipping negative solutions and moving on!
[[93m[1m WARNING [21m[0m] Keep producing negative values! Clipping negative solutions and moving on!
[[93m[1m WARNING [21m[0m] Keep producing negative values! Clipping negative solutions and moving on!
[[93m[1m WARNING [21m[0m] Keep producing negative values! Clipping negative solutions and moving on!
[[93m[1m WARNING [21m[0m] Keep producing negative values! Clipping negative solutions and moving on!
[[93m[1m WARNING [21m[0m] Keep producing negative values! Clipping negative solutions and moving on!
[[93m[1m WARNING [21m[0m] Keep producing negative values! Clipping negative solutions and moving on!
[[93m[1m WARNING [21m[0m] Keep producing negative values! Clipping negative solutions and moving on!
[[93m[1m WARNING [21m[0m] Keep producing negative values! Clipping negative solutions and moving on!
[[93m[1m WARNING [21m[0m] Keep producing negative values! Clipping negative solutions and moving on!
[[93m[1m WARNING [21m[0m] Keep producing negative values! Clipping negative solutions and moving on!
[[93m[1m WARNING [21m[0m] Keep producing negative values! Clipping negative solutions and moving on!
[[93m[1m WARNING [21m[0m] Keep producing negative values! Clipping negative solutions and moving on!
[[93m[1m WARNING [21m[0m] Keep producing negative values! Clipping negative solutions and moving on!
[[93m[1m WARNING [21m[0m] Keep producing negative values! Clipping negative solutions and moving on!
[[93m[1m WARNING [21m[0m] Keep producing negative values! Clipping negative solutions and moving on!
[[93m[1m WARNING [21m[0m] Keep producing negative values! Clipping negative solutions and moving on!
[[93m[1m WARNING [21m[0m] Keep producing negative values! Clipping negative solutions and moving on!
[[93m[1m WARNING [21m[0m] Keep producing negative values! Clipping negative solutions and moving on!
[[93m[1m WARNING [21m[0m] Keep producing negative values! Clipping negative solutions and moving on!
[[93m[1m WARNING [21m[0m] Keep producing negative values! Clipping negative solutions and moving on!
[[93m[1m WARNING [21m[0m] Keep producing negative values! Clipping negative solutions and moving on!
[[93m[1m WARNING [21m[0m] Keep producing negative values! Clipping negative solutions and moving on!
[[93m[1m WARNING [21m[0m] Keep producing negative values! Clipping negative solutions and moving on!
[[93m[1m WARNING [21m[0m] Keep producing negative values! Clipping negative solutions and moving on!
[[93m[1m WARNING [21m[0m] Keep producing negative values! Clipping negative solutions and moving on!
[[93m[1m WARNING [21m[0m] Keep producing negative values! Clipping negative solutions and moving on!
[[93m[1m WARNING [21m[0m] Keep producing negative values! Clipping negative solutions and moving on!
[[93m[1m WARNING [21m[0m] Keep producing negative values! Clipping negative solutions and moving on!
[[93m[1m WARNING [21m[0m] Keep producing negative values! Clipping negative solutions and moving on!
[[93m[1m WARNING [21m[0m] Keep producing negative values! Clipping negative solutions and moving on!
[[93m[1m WARNING [21m[0m] Keep producing negative values! Clipping negative solutions and moving on!
[[93m[1m WARNING [21m[0m] Keep producing negative values! Clipping negative solutions and moving on!
[[93m[1m WARNING [21m[0m] Keep producing negative values! Clipping negative solutions and moving on!
[[93m[1m WARNING [21m[0m] Keep producing negative values! Clipping negative solutions and moving on!
[[93m[1m WARNING [21m[0m] Keep producing negative values! Clipping negative solutions and moving on!
[[93m[1m WARNING [21m[0m] Keep producing negative values! Clipping negative solutions and moving on!
[[93m[1m WARNING [21m[0m] Keep producing negative values! Clipping negative solutions and moving on!
[[93m[1m WARNING [21m[0m] Keep producing negative values! Clipping negative solutions and moving on!
[[93m[1m WARNING [21m[0m] Keep producing negative values! Clipping negative solutions and moving on!
[[93m[1m WARNING [21m[0m] Keep producing negative values! Clipping negative solutions and moving on!
[[93m[1m WARNING [21m[0m] Keep producing negative values! Clipping negative solutions and moving on!
[[93m[1m WARNING [21m[0m] Keep producing negative values! Clipping negative solutions and moving on!
[[93m[1m WARNING [21m[0m] Keep producing negative values! Clipping negative solutions and moving on!
[[93m[1m WARNING [21m[0m] Keep producing negative values! Clipping negative solutions and moving on!
[[93m[1m WARNING [21m[0m] Keep producing negative values! Clipping negative solutions and moving on!
[[93m[1m WARNING [21m[0m] Keep producing negative values! Clipping negative solutions and moving on!
[[93m[1m WARNING [21m[0m] Keep producing negative values! Clipping negative solutions and moving on!
[[93m[1m WARNING [21m[0m] Keep producing negative values! Clipping negative solutions and moving on!
[[93m[1m WARNING [21m[0m] Keep producing negative values! Clipping negative solutions and moving on!
[[93m[1m WARNING [21m[0m] Keep producing negative values! Clipping negative solutions and moving on!
[[93m[1m WARNING [21m[0m] Keep producing negative values! Clipping negative solutions and moving on!
[[93m[1m WARNING [21m[0m] Keep producing negative values! Clipping negative solutions and moving on!
[[93m[1m WARNING [21m[0m] Keep producing negative values! Clipping negative solutions and moving on!
[[93m[1m WARNING [21m[0m] Keep producing negative values! Clipping negative solutions and moving on!
[[93m[1m WARNING [21m[0m] Keep producing negative values! Clipping negative solutions and moving on!
[[93m[1m WARNING [21m[0m] Keep producing negative values! Clipping negative solutions and moving on!
[[93m[1m WARNING [21m[0m] Keep producing negative values! Clipping negative solutions and moving on!
[[93m[1m WARNING [21m[0m] Keep producing negative values! Clipping negative solutions and moving on!
[[32m[1m INFO  [21m[0m] Elapsed time: 6.14e-06 || Step number: 600/30000
[[32m[1m INFO  [21m[0m] longdy = 1.00e+00      || longdy/dt = 1.00e+00  || dt = 1.00e-08
[[32m[1m INFO  [21m[0m] from nz = 0 and OH
[[32m[1m INFO  [21m[0m] -----------------------------------------------------------------
[[93m[1m WARNING [21m[0m] Keep producing negative values! Clipping negative solutions and moving on!
[[93m[1m WARNING [21m[0m] Keep producing negative values! Clipping negative solutions and moving on!
[[93m[1m WARNING [21m[0m] Keep producing negative values! Clipping negative solutions and moving on!
[[93m[1m WARNING [21m[0m] Keep producing negative values! Clipping negative solutions and moving on!
[[93m[1m WARNING [21m[0m] Keep producing negative values! Clipping negative solutions and moving on!
[[93m[1m WARNING [21m[0m] Keep producing negative values! Clipping negative solutions and moving on!
[[93m[1m WARNING [21m[0m] Keep producing negative values! Clipping negative solutions and moving on!
[[93m[1m WARNING [21m[0m] Keep producing negative values! Clipping negative solutions and moving on!
[[93m[1m WARNING [21m[0m] Keep producing negative values! Clipping negative solutions and moving on!
[[93m[1m WARNING [21m[0m] Keep producing negative values! Clipping negative solutions and moving on!
[[93m[1m WARNING [21m[0m] Keep producing negative values! Clipping negative solutions and moving on!
[[93m[1m WARNING [21m[0m] Keep producing negative values! Clipping negative solutions and moving on!
[[93m[1m WARNING [21m[0m] Keep producing negative values! Clipping negative solutions and moving on!
[[93m[1m WARNING [21m[0m] Keep producing negative values! Clipping negative solutions and moving on!
[[93m[1m WARNING [21m[0m] Keep producing negative values! Clipping negative solutions and moving on!
[[93m[1m WARNING [21m[0m] Keep producing negative values! Clipping negative solutions and moving on!
[[93m[1m WARNING [21m[0m] Keep producing negative values! Clipping negative solutions and moving on!
[[93m[1m WARNING [21m[0m] Keep producing negative values! Clipping negative solutions and moving on!
[[93m[1m WARNING [21m[0m] Keep producing negative values! Clipping negative solutions and moving on!
[[93m[1m WARNING [21m[0m] Keep producing negative values! Clipping negative solutions and moving on!
[[93m[1m WARNING [21m[0m] Keep producing negative values! Clipping negative solutions and moving on!
[[93m[1m WARNING [21m[0m] Keep producing negative values! Clipping negative solutions and moving on!
[[93m[1m WARNING [21m[0m] Keep producing negative values! Clipping negative solutions and moving on!
[[93m[1m WARNING [21m[0m] Keep producing negative values! Clipping negative solutions and moving on!
[[93m[1m WARNING [21m[0m] Keep producing negative values! Clipping negative solutions and moving on!
[[93m[1m WARNING [21m[0m] Keep producing negative values! Clipping negative solutions and moving on!
[[93m[1m WARNING [21m[0m] Keep producing negative values! Clipping negative solutions and moving on!
[[93m[1m WARNING [21m[0m] Keep producing negative values! Clipping negative solutions and moving on!
[[93m[1m WARNING [21m[0m] Keep producing negative values! Clipping negative solutions and moving on!
[[93m[1m WARNING [21m[0m] Keep producing negative values! Clipping negative solutions and moving on!
[[93m[1m WARNING [21m[0m] Keep producing negative values! Clipping negative solutions and moving on!
[[93m[1m WARNING [21m[0m] Keep producing negative values! Clipping negative solutions and moving on!
[[93m[1m WARNING [21m[0m] Keep producing negative values! Clipping negative solutions and moving on!
[[93m[1m WARNING [21m[0m] Keep producing negative values! Clipping negative solutions and moving on!
[[93m[1m WARNING [21m[0m] Keep producing negative values! Clipping negative solutions and moving on!
[[93m[1m WARNING [21m[0m] Keep producing negative values! Clipping negative solutions and moving on!
[[93m[1m WARNING [21m[0m] Keep producing negative values! Clipping negative solutions and moving on!
[[93m[1m WARNING [21m[0m] Keep producing negative values! Clipping negative solutions and moving on!
[[93m[1m WARNING [21m[0m] Keep producing negative values! Clipping negative solutions and moving on!
[[93m[1m WARNING [21m[0m] Keep producing negative values! Clipping negative solutions and moving on!
[[93m[1m WARNING [21m[0m] Keep producing negative values! Clipping negative solutions and moving on!
[[93m[1m WARNING [21m[0m] Keep producing negative values! Clipping negative solutions and moving on!
[[93m[1m WARNING [21m[0m] Keep producing negative values! Clipping negative solutions and moving on!
[[93m[1m WARNING [21m[0m] Keep producing negative values! Clipping negative solutions and moving on!
[[93m[1m WARNING [21m[0m] Keep producing negative values! Clipping negative solutions and moving on!
[[93m[1m WARNING [21m[0m] Keep producing negative values! Clipping negative solutions and moving on!
[[93m[1m WARNING [21m[0m] Keep producing negative values! Clipping negative solutions and moving on!
[[93m[1m WARNING [21m[0m] Keep producing negative values! Clipping negative solutions and moving on!
[[93m[1m WARNING [21m[0m] Keep producing negative values! Clipping negative solutions and moving on!
[[93m[1m WARNING [21m[0m] Keep producing negative values! Clipping negative solutions and moving on!
[[93m[1m WARNING [21m[0m] Keep producing negative values! Clipping negative solutions and moving on!
[[93m[1m WARNING [21m[0m] Keep producing negative values! Clipping negative solutions and moving on!
[[93m[1m WARNING [21m[0m] Keep producing negative values! Clipping negative solutions and moving on!
[[93m[1m WARNING [21m[0m] Keep producing negative values! Clipping negative solutions and moving on!
[[93m[1m WARNING [21m[0m] Keep producing negative values! Clipping negative solutions and moving on!
[[93m[1m WARNING [21m[0m] Keep producing negative values! Clipping negative solutions and moving on!
[[93m[1m WARNING [21m[0m] Keep producing negative values! Clipping negative solutions and moving on!
[[93m[1m WARNING [21m[0m] Keep producing negative values! Clipping negative solutions and moving on!
[[93m[1m WARNING [21m[0m] Keep producing negative values! Clipping negative solutions and moving on!
[[93m[1m WARNING [21m[0m] Keep producing negative values! Clipping negative solutions and moving on!
[[93m[1m WARNING [21m[0m] Keep producing negative values! Clipping negative solutions and moving on!
[[93m[1m WARNING [21m[0m] Keep producing negative values! Clipping negative solutions and moving on!
[[93m[1m WARNING [21m[0m] Keep producing negative values! Clipping negative solutions and moving on!
[[93m[1m WARNING [21m[0m] Keep producing negative values! Clipping negative solutions and moving on!
[[93m[1m WARNING [21m[0m] Keep producing negative values! Clipping negative solutions and moving on!
[[93m[1m WARNING [21m[0m] Keep producing negative values! Clipping negative solutions and moving on!
[[93m[1m WARNING [21m[0m] Keep producing negative values! Clipping negative solutions and moving on!
[[93m[1m WARNING [21m[0m] Keep producing negative values! Clipping negative solutions and moving on!
[[93m[1m WARNING [21m[0m] Keep producing negative values! Clipping negative solutions and moving on!
[[93m[1m WARNING [21m[0m] Keep producing negative values! Clipping negative solutions and moving on!
[[93m[1m WARNING [21m[0m] Keep producing negative values! Clipping negative solutions and moving on!
[[93m[1m WARNING [21m[0m] Keep producing negative values! Clipping negative solutions and moving on!
[[93m[1m WARNING [21m[0m] Keep producing negative values! Clipping negative solutions and moving on!
[[93m[1m WARNING [21m[0m] Keep producing negative values! Clipping negative solutions and moving on!
[[93m[1m WARNING [21m[0m] Keep producing negative values! Clipping negative solutions and moving on!
[[32m[1m INFO  [21m[0m] Elapsed time: 7.17e-06 || Step number: 700/30000
[[32m[1m INFO  [21m[0m] longdy = 1.00e+00      || longdy/dt = 1.00e+00  || dt = 1.00e-08
[[32m[1m INFO  [21m[0m] from nz = 0 and OH
[[32m[1m INFO  [21m[0m] -----------------------------------------------------------------
[[93m[1m WARNING [21m[0m] Keep producing negative values! Clipping negative solutions and moving on!
[[93m[1m WARNING [21m[0m] Keep producing negative values! Clipping negative solutions and moving on!
[[93m[1m WARNING [21m[0m] Keep producing negative values! Clipping negative solutions and moving on!
[[93m[1m WARNING [21m[0m] Keep producing negative values! Clipping negative solutions and moving on!
[[93m[1m WARNING [21m[0m] Keep producing negative values! Clipping negative solutions and moving on!
[[93m[1m WARNING [21m[0m] Keep producing negative values! Clipping negative solutions and moving on!
[[93m[1m WARNING [21m[0m] Keep producing negative values! Clipping negative solutions and moving on!
[[93m[1m WARNING [21m[0m] Keep producing negative values! Clipping negative solutions and moving on!
[[93m[1m WARNING [21m[0m] Keep producing negative values! Clipping negative solutions and moving on!
[[93m[1m WARNING [21m[0m] Keep producing negative values! Clipping negative solutions and moving on!
[[93m[1m WARNING [21m[0m] Keep producing negative values! Clipping negative solutions and moving on!
[[93m[1m WARNING [21m[0m] Keep producing negative values! Clipping negative solutions and moving on!
[[93m[1m WARNING [21m[0m] Keep producing negative values! Clipping negative solutions and moving on!
[[93m[1m WARNING [21m[0m] Keep producing negative values! Clipping negative solutions and moving on!
[[93m[1m WARNING [21m[0m] Keep producing negative values! Clipping negative solutions and moving on!
[[93m[1m WARNING [21m[0m] Keep producing negative values! Clipping negative solutions and moving on!
[[93m[1m WARNING [21m[0m] Keep producing negative values! Clipping negative solutions and moving on!
[[93m[1m WARNING [21m[0m] Keep producing negative values! Clipping negative solutions and moving on!
[[93m[1m WARNING [21m[0m] Keep producing negative values! Clipping negative solutions and moving on!
[[93m[1m WARNING [21m[0m] Keep producing negative values! Clipping negative solutions and moving on!
[[93m[1m WARNING [21m[0m] Keep producing negative values! Clipping negative solutions and moving on!
[[93m[1m WARNING [21m[0m] Keep producing negative values! Clipping negative solutions and moving on!
[[93m[1m WARNING [21m[0m] Keep producing negative values! Clipping negative solutions and moving on!
[[93m[1m WARNING [21m[0m] Keep producing negative values! Clipping negative solutions and moving on!
[[93m[1m WARNING [21m[0m] Keep producing negative values! Clipping negative solutions and moving on!
[[93m[1m WARNING [21m[0m] Keep producing negative values! Clipping negative solutions and moving on!
[[93m[1m WARNING [21m[0m] Keep producing negative values! Clipping negative solutions and moving on!
[[93m[1m WARNING [21m[0m] Keep producing negative values! Clipping negative solutions and moving on!
[[93m[1m WARNING [21m[0m] Keep producing negative values! Clipping negative solutions and moving on!
[[93m[1m WARNING [21m[0m] Keep producing negative values! Clipping negative solutions and moving on!
[[93m[1m WARNING [21m[0m] Keep producing negative values! Clipping negative solutions and moving on!
[[93m[1m WARNING [21m[0m] Keep producing negative values! Clipping negative solutions and moving on!
[[93m[1m WARNING [21m[0m] Keep producing negative values! Clipping negative solutions and moving on!
[[93m[1m WARNING [21m[0m] Keep producing negative values! Clipping negative solutions and moving on!
[[93m[1m WARNING [21m[0m] Keep producing negative values! Clipping negative solutions and moving on!
[[93m[1m WARNING [21m[0m] Keep producing negative values! Clipping negative solutions and moving on!
[[93m[1m WARNING [21m[0m] Keep producing negative values! Clipping negative solutions and moving on!
[[93m[1m WARNING [21m[0m] Keep producing negative values! Clipping negative solutions and moving on!
[[93m[1m WARNING [21m[0m] Keep producing negative values! Clipping negative solutions and moving on!
[[93m[1m WARNING [21m[0m] Keep producing negative values! Clipping negative solutions and moving on!
[[93m[1m WARNING [21m[0m] Keep producing negative values! Clipping negative solutions and moving on!
[[93m[1m WARNING [21m[0m] Keep producing negative values! Clipping negative solutions and moving on!
[[93m[1m WARNING [21m[0m] Keep producing negative values! Clipping negative solutions and moving on!
[[93m[1m WARNING [21m[0m] Keep producing negative values! Clipping negative solutions and moving on!
[[93m[1m WARNING [21m[0m] Keep producing negative values! Clipping negative solutions and moving on!
[[93m[1m WARNING [21m[0m] Keep producing negative values! Clipping negative solutions and moving on!
[[93m[1m WARNING [21m[0m] Keep producing negative values! Clipping negative solutions and moving on!
[[93m[1m WARNING [21m[0m] Keep producing negative values! Clipping negative solutions and moving on!
[[93m[1m WARNING [21m[0m] Keep producing negative values! Clipping negative solutions and moving on!
[[93m[1m WARNING [21m[0m] Keep producing negative values! Clipping negative solutions and moving on!
[[93m[1m WARNING [21m[0m] Keep producing negative values! Clipping negative solutions and moving on!
[[93m[1m WARNING [21m[0m] Keep producing negative values! Clipping negative solutions and moving on!
[[93m[1m WARNING [21m[0m] Keep producing negative values! Clipping negative solutions and moving on!
[[93m[1m WARNING [21m[0m] Keep producing negative values! Clipping negative solutions and moving on!
[[93m[1m WARNING [21m[0m] Keep producing negative values! Clipping negative solutions and moving on!
[[93m[1m WARNING [21m[0m] Keep producing negative values! Clipping negative solutions and moving on!
[[93m[1m WARNING [21m[0m] Keep producing negative values! Clipping negative solutions and moving on!
[[93m[1m WARNING [21m[0m] Keep producing negative values! Clipping negative solutions and moving on!
[[93m[1m WARNING [21m[0m] Keep producing negative values! Clipping negative solutions and moving on!
[[93m[1m WARNING [21m[0m] Keep producing negative values! Clipping negative solutions and moving on!
[[93m[1m WARNING [21m[0m] Keep producing negative values! Clipping negative solutions and moving on!
[[93m[1m WARNING [21m[0m] Keep producing negative values! Clipping negative solutions and moving on!
[[93m[1m WARNING [21m[0m] Keep producing negative values! Clipping negative solutions and moving on!
[[93m[1m WARNING [21m[0m] Keep producing negative values! Clipping negative solutions and moving on!
[[93m[1m WARNING [21m[0m] Keep producing negative values! Clipping negative solutions and moving on!
[[93m[1m WARNING [21m[0m] Keep producing negative values! Clipping negative solutions and moving on!
[[93m[1m WARNING [21m[0m] Keep producing negative values! Clipping negative solutions and moving on!
[[93m[1m WARNING [21m[0m] Keep producing negative values! Clipping negative solutions and moving on!
[[93m[1m WARNING [21m[0m] Keep producing negative values! Clipping negative solutions and moving on!
[[93m[1m WARNING [21m[0m] Keep producing negative values! Clipping negative solutions and moving on!
[[93m[1m WARNING [21m[0m] Keep producing negative values! Clipping negative solutions and moving on!
[[93m[1m WARNING [21m[0m] Keep producing negative values! Clipping negative solutions and moving on!
[[93m[1m WARNING [21m[0m] Keep producing negative values! Clipping negative solutions and moving on!
[[93m[1m WARNING [21m[0m] Keep producing negative values! Clipping negative solutions and moving on!
[[93m[1m WARNING [21m[0m] Keep producing negative values! Clipping negative solutions and moving on!
[[93m[1m WARNING [21m[0m] Keep producing negative values! Clipping negative solutions and moving on!
[[93m[1m WARNING [21m[0m] Keep producing negative values! Clipping negative solutions and moving on!
[[93m[1m WARNING [21m[0m] Keep producing negative values! Clipping negative solutions and moving on!
[[93m[1m WARNING [21m[0m] Keep producing negative values! Clipping negative solutions and moving on!
[[93m[1m WARNING [21m[0m] Keep producing negative values! Clipping negative solutions and moving on!
[[93m[1m WARNING [21m[0m] Keep producing negative values! Clipping negative solutions and moving on!
[[93m[1m WARNING [21m[0m] Keep producing negative values! Clipping negative solutions and moving on!
[[93m[1m WARNING [21m[0m] Keep producing negative values! Clipping negative solutions and moving on!
[[93m[1m WARNING [21m[0m] Keep producing negative values! Clipping negative solutions and moving on!
[[93m[1m WARNING [21m[0m] Keep producing negative values! Clipping negative solutions and moving on!
[[93m[1m WARNING [21m[0m] Keep producing negative values! Clipping negative solutions and moving on!
[[93m[1m WARNING [21m[0m] Keep producing negative values! Clipping negative solutions and moving on!
[[93m[1m WARNING [21m[0m] Keep producing negative values! Clipping negative solutions and moving on!
[[93m[1m WARNING [21m[0m] Keep producing negative values! Clipping negative solutions and moving on!
[[93m[1m WARNING [21m[0m] Keep producing negative values! Clipping negative solutions and moving on!
[[93m[1m WARNING [21m[0m] Keep producing negative values! Clipping negative solutions and moving on!
[[93m[1m WARNING [21m[0m] Keep producing negative values! Clipping negative solutions and moving on!
[[93m[1m WARNING [21m[0m] Keep producing negative values! Clipping negative solutions and moving on!
[[93m[1m WARNING [21m[0m] Keep producing negative values! Clipping negative solutions and moving on!
[[32m[1m INFO  [21m[0m] Elapsed time: 8.18e-06 || Step number: 800/30000
[[32m[1m INFO  [21m[0m] longdy = 1.00e+00      || longdy/dt = 1.00e+00  || dt = 1.00e-08
[[32m[1m INFO  [21m[0m] from nz = 0 and OH
[[32m[1m INFO  [21m[0m] -----------------------------------------------------------------
[[93m[1m WARNING [21m[0m] Keep producing negative values! Clipping negative solutions and moving on!
[[93m[1m WARNING [21m[0m] Keep producing negative values! Clipping negative solutions and moving on!
[[93m[1m WARNING [21m[0m] Keep producing negative values! Clipping negative solutions and moving on!
[[93m[1m WARNING [21m[0m] Keep producing negative values! Clipping negative solutions and moving on!
[[93m[1m WARNING [21m[0m] Keep producing negative values! Clipping negative solutions and moving on!
[[93m[1m WARNING [21m[0m] Keep producing negative values! Clipping negative solutions and moving on!
[[93m[1m WARNING [21m[0m] Keep producing negative values! Clipping negative solutions and moving on!
[[93m[1m WARNING [21m[0m] Keep producing negative values! Clipping negative solutions and moving on!
[[93m[1m WARNING [21m[0m] Keep producing negative values! Clipping negative solutions and moving on!
[[93m[1m WARNING [21m[0m] Keep producing negative values! Clipping negative solutions and moving on!
[[93m[1m WARNING [21m[0m] Keep producing negative values! Clipping negative solutions and moving on!
[[93m[1m WARNING [21m[0m] Keep producing negative values! Clipping negative solutions and moving on!
[[93m[1m WARNING [21m[0m] Keep producing negative values! Clipping negative solutions and moving on!
[[93m[1m WARNING [21m[0m] Keep producing negative values! Clipping negative solutions and moving on!
[[93m[1m WARNING [21m[0m] Keep producing negative values! Clipping negative solutions and moving on!
[[93m[1m WARNING [21m[0m] Keep producing negative values! Clipping negative solutions and moving on!
[[93m[1m WARNING [21m[0m] Keep producing negative values! Clipping negative solutions and moving on!
[[93m[1m WARNING [21m[0m] Keep producing negative values! Clipping negative solutions and moving on!
[[93m[1m WARNING [21m[0m] Keep producing negative values! Clipping negative solutions and moving on!
[[93m[1m WARNING [21m[0m] Keep producing negative values! Clipping negative solutions and moving on!
[[93m[1m WARNING [21m[0m] Keep producing negative values! Clipping negative solutions and moving on!
[[93m[1m WARNING [21m[0m] Keep producing negative values! Clipping negative solutions and moving on!
[[93m[1m WARNING [21m[0m] Keep producing negative values! Clipping negative solutions and moving on!
[[93m[1m WARNING [21m[0m] Keep producing negative values! Clipping negative solutions and moving on!
[[93m[1m WARNING [21m[0m] Keep producing negative values! Clipping negative solutions and moving on!
[[93m[1m WARNING [21m[0m] Keep producing negative values! Clipping negative solutions and moving on!
[[93m[1m WARNING [21m[0m] Keep producing negative values! Clipping negative solutions and moving on!
[[93m[1m WARNING [21m[0m] Keep producing negative values! Clipping negative solutions and moving on!
[[93m[1m WARNING [21m[0m] Keep producing negative values! Clipping negative solutions and moving on!
[[93m[1m WARNING [21m[0m] Keep producing negative values! Clipping negative solutions and moving on!
[[93m[1m WARNING [21m[0m] Keep producing negative values! Clipping negative solutions and moving on!
[[93m[1m WARNING [21m[0m] Keep producing negative values! Clipping negative solutions and moving on!
[[93m[1m WARNING [21m[0m] Keep producing negative values! Clipping negative solutions and moving on!
[[93m[1m WARNING [21m[0m] Keep producing negative values! Clipping negative solutions and moving on!
[[93m[1m WARNING [21m[0m] Keep producing negative values! Clipping negative solutions and moving on!
[[93m[1m WARNING [21m[0m] Keep producing negative values! Clipping negative solutions and moving on!
[[93m[1m WARNING [21m[0m] Keep producing negative values! Clipping negative solutions and moving on!
[[93m[1m WARNING [21m[0m] Keep producing negative values! Clipping negative solutions and moving on!
[[93m[1m WARNING [21m[0m] Keep producing negative values! Clipping negative solutions and moving on!
[[93m[1m WARNING [21m[0m] Keep producing negative values! Clipping negative solutions and moving on!
[[93m[1m WARNING [21m[0m] Keep producing negative values! Clipping negative solutions and moving on!
[[93m[1m WARNING [21m[0m] Keep producing negative values! Clipping negative solutions and moving on!
[[93m[1m WARNING [21m[0m] Keep producing negative values! Clipping negative solutions and moving on!
[[93m[1m WARNING [21m[0m] Keep producing negative values! Clipping negative solutions and moving on!
[[93m[1m WARNING [21m[0m] Keep producing negative values! Clipping negative solutions and moving on!
[[93m[1m WARNING [21m[0m] Keep producing negative values! Clipping negative solutions and moving on!
[[93m[1m WARNING [21m[0m] Keep producing negative values! Clipping negative solutions and moving on!
[[93m[1m WARNING [21m[0m] Keep producing negative values! Clipping negative solutions and moving on!
[[93m[1m WARNING [21m[0m] Keep producing negative values! Clipping negative solutions and moving on!
[[93m[1m WARNING [21m[0m] Keep producing negative values! Clipping negative solutions and moving on!
[[93m[1m WARNING [21m[0m] Keep producing negative values! Clipping negative solutions and moving on!
[[93m[1m WARNING [21m[0m] Keep producing negative values! Clipping negative solutions and moving on!
[[93m[1m WARNING [21m[0m] Keep producing negative values! Clipping negative solutions and moving on!
[[93m[1m WARNING [21m[0m] Keep producing negative values! Clipping negative solutions and moving on!
[[93m[1m WARNING [21m[0m] Keep producing negative values! Clipping negative solutions and moving on!
[[93m[1m WARNING [21m[0m] Keep producing negative values! Clipping negative solutions and moving on!
[[93m[1m WARNING [21m[0m] Keep producing negative values! Clipping negative solutions and moving on!
[[93m[1m WARNING [21m[0m] Keep producing negative values! Clipping negative solutions and moving on!
[[93m[1m WARNING [21m[0m] Keep producing negative values! Clipping negative solutions and moving on!
[[93m[1m WARNING [21m[0m] Keep producing negative values! Clipping negative solutions and moving on!
[[93m[1m WARNING [21m[0m] Keep producing negative values! Clipping negative solutions and moving on!
[[93m[1m WARNING [21m[0m] Keep producing negative values! Clipping negative solutions and moving on!
[[93m[1m WARNING [21m[0m] Keep producing negative values! Clipping negative solutions and moving on!
[[93m[1m WARNING [21m[0m] Keep producing negative values! Clipping negative solutions and moving on!
[[93m[1m WARNING [21m[0m] Keep producing negative values! Clipping negative solutions and moving on!
[[93m[1m WARNING [21m[0m] Keep producing negative values! Clipping negative solutions and moving on!
[[93m[1m WARNING [21m[0m] Keep producing negative values! Clipping negative solutions and moving on!
[[93m[1m WARNING [21m[0m] Keep producing negative values! Clipping negative solutions and moving on!
[[93m[1m WARNING [21m[0m] Keep producing negative values! Clipping negative solutions and moving on!
[[93m[1m WARNING [21m[0m] Keep producing negative values! Clipping negative solutions and moving on!
[[93m[1m WARNING [21m[0m] Keep producing negative values! Clipping negative solutions and moving on!
[[93m[1m WARNING [21m[0m] Keep producing negative values! Clipping negative solutions and moving on!
[[93m[1m WARNING [21m[0m] Keep producing negative values! Clipping negative solutions and moving on!
[[93m[1m WARNING [21m[0m] Keep producing negative values! Clipping negative solutions and moving on!
[[93m[1m WARNING [21m[0m] Keep producing negative values! Clipping negative solutions and moving on!
[[93m[1m WARNING [21m[0m] Keep producing negative values! Clipping negative solutions and moving on!
[[93m[1m WARNING [21m[0m] Keep producing negative values! Clipping negative solutions and moving on!
[[93m[1m WARNING [21m[0m] Keep producing negative values! Clipping negative solutions and moving on!
[[93m[1m WARNING [21m[0m] Keep producing negative values! Clipping negative solutions and moving on!
[[93m[1m WARNING [21m[0m] Keep producing negative values! Clipping negative solutions and moving on!
[[93m[1m WARNING [21m[0m] Keep producing negative values! Clipping negative solutions and moving on!
[[93m[1m WARNING [21m[0m] Keep producing negative values! Clipping negative solutions and moving on!
[[93m[1m WARNING [21m[0m] Keep producing negative values! Clipping negative solutions and moving on!
[[93m[1m WARNING [21m[0m] Keep producing negative values! Clipping negative solutions and moving on!
[[93m[1m WARNING [21m[0m] Keep producing negative values! Clipping negative solutions and moving on!
[[93m[1m WARNING [21m[0m] Keep producing negative values! Clipping negative solutions and moving on!
[[93m[1m WARNING [21m[0m] Keep producing negative values! Clipping negative solutions and moving on!
[[93m[1m WARNING [21m[0m] Keep producing negative values! Clipping negative solutions and moving on!
[[93m[1m WARNING [21m[0m] Keep producing negative values! Clipping negative solutions and moving on!
[[93m[1m WARNING [21m[0m] Keep producing negative values! Clipping negative solutions and moving on!
[[93m[1m WARNING [21m[0m] Keep producing negative values! Clipping negative solutions and moving on!
[[93m[1m WARNING [21m[0m] Keep producing negative values! Clipping negative solutions and moving on!
[[93m[1m WARNING [21m[0m] Keep producing negative values! Clipping negative solutions and moving on!
[[32m[1m INFO  [21m[0m] Elapsed time: 9.19e-06 || Step number: 900/30000
[[32m[1m INFO  [21m[0m] longdy = 1.00e+00      || longdy/dt = 1.00e+00  || dt = 1.00e-08
[[32m[1m INFO  [21m[0m] from nz = 0 and OH
[[32m[1m INFO  [21m[0m] -----------------------------------------------------------------
[[93m[1m WARNING [21m[0m] Keep producing negative values! Clipping negative solutions and moving on!
[[93m[1m WARNING [21m[0m] Keep producing negative values! Clipping negative solutions and moving on!
[[93m[1m WARNING [21m[0m] Keep producing negative values! Clipping negative solutions and moving on!
[[93m[1m WARNING [21m[0m] Keep producing negative values! Clipping negative solutions and moving on!
[[93m[1m WARNING [21m[0m] Keep producing negative values! Clipping negative solutions and moving on!
[[93m[1m WARNING [21m[0m] Keep producing negative values! Clipping negative solutions and moving on!
[[93m[1m WARNING [21m[0m] Keep producing negative values! Clipping negative solutions and moving on!
[[93m[1m WARNING [21m[0m] Keep producing negative values! Clipping negative solutions and moving on!
[[93m[1m WARNING [21m[0m] Keep producing negative values! Clipping negative solutions and moving on!
[[93m[1m WARNING [21m[0m] Keep producing negative values! Clipping negative solutions and moving on!
[[93m[1m WARNING [21m[0m] Keep producing negative values! Clipping negative solutions and moving on!
[[93m[1m WARNING [21m[0m] Keep producing negative values! Clipping negative solutions and moving on!
[[93m[1m WARNING [21m[0m] Keep producing negative values! Clipping negative solutions and moving on!
[[93m[1m WARNING [21m[0m] Keep producing negative values! Clipping negative solutions and moving on!
[[93m[1m WARNING [21m[0m] Keep producing negative values! Clipping negative solutions and moving on!
[[93m[1m WARNING [21m[0m] Keep producing negative values! Clipping negative solutions and moving on!
[[93m[1m WARNING [21m[0m] Keep producing negative values! Clipping negative solutions and moving on!
[[93m[1m WARNING [21m[0m] Keep producing negative values! Clipping negative solutions and moving on!
[[93m[1m WARNING [21m[0m] Keep producing negative values! Clipping negative solutions and moving on!
[[93m[1m WARNING [21m[0m] Keep producing negative values! Clipping negative solutions and moving on!
[[93m[1m WARNING [21m[0m] Keep producing negative values! Clipping negative solutions and moving on!
[[93m[1m WARNING [21m[0m] Keep producing negative values! Clipping negative solutions and moving on!
[[93m[1m WARNING [21m[0m] Keep producing negative values! Clipping negative solutions and moving on!
[[93m[1m WARNING [21m[0m] Keep producing negative values! Clipping negative solutions and moving on!
[[93m[1m WARNING [21m[0m] Keep producing negative values! Clipping negative solutions and moving on!
[[93m[1m WARNING [21m[0m] Keep producing negative values! Clipping negative solutions and moving on!
[[93m[1m WARNING [21m[0m] Keep producing negative values! Clipping negative solutions and moving on!
[[93m[1m WARNING [21m[0m] Keep producing negative values! Clipping negative solutions and moving on!
[[93m[1m WARNING [21m[0m] Keep producing negative values! Clipping negative solutions and moving on!
[[93m[1m WARNING [21m[0m] Keep producing negative values! Clipping negative solutions and moving on!
[[93m[1m WARNING [21m[0m] Keep producing negative values! Clipping negative solutions and moving on!
[[93m[1m WARNING [21m[0m] Keep producing negative values! Clipping negative solutions and moving on!
[[93m[1m WARNING [21m[0m] Keep producing negative values! Clipping negative solutions and moving on!
[[93m[1m WARNING [21m[0m] Keep producing negative values! Clipping negative solutions and moving on!
[[93m[1m WARNING [21m[0m] Keep producing negative values! Clipping negative solutions and moving on!
[[93m[1m WARNING [21m[0m] Keep producing negative values! Clipping negative solutions and moving on!
[[93m[1m WARNING [21m[0m] Keep producing negative values! Clipping negative solutions and moving on!
[[93m[1m WARNING [21m[0m] Keep producing negative values! Clipping negative solutions and moving on!
[[93m[1m WARNING [21m[0m] Keep producing negative values! Clipping negative solutions and moving on!
[[93m[1m WARNING [21m[0m] Keep producing negative values! Clipping negative solutions and moving on!
[[93m[1m WARNING [21m[0m] Keep producing negative values! Clipping negative solutions and moving on!
[[93m[1m WARNING [21m[0m] Keep producing negative values! Clipping negative solutions and moving on!
[[93m[1m WARNING [21m[0m] Keep producing negative values! Clipping negative solutions and moving on!
[[93m[1m WARNING [21m[0m] Keep producing negative values! Clipping negative solutions and moving on!
[[93m[1m WARNING [21m[0m] Keep producing negative values! Clipping negative solutions and moving on!
[[93m[1m WARNING [21m[0m] Keep producing negative values! Clipping negative solutions and moving on!
[[93m[1m WARNING [21m[0m] Keep producing negative values! Clipping negative solutions and moving on!
[[93m[1m WARNING [21m[0m] Keep producing negative values! Clipping negative solutions and moving on!
[[93m[1m WARNING [21m[0m] Keep producing negative values! Clipping negative solutions and moving on!
[[93m[1m WARNING [21m[0m] Keep producing negative values! Clipping negative solutions and moving on!
[[93m[1m WARNING [21m[0m] Keep producing negative values! Clipping negative solutions and moving on!
[[93m[1m WARNING [21m[0m] Keep producing negative values! Clipping negative solutions and moving on!
[[93m[1m WARNING [21m[0m] Keep producing negative values! Clipping negative solutions and moving on!
[[93m[1m WARNING [21m[0m] Keep producing negative values! Clipping negative solutions and moving on!
[[93m[1m WARNING [21m[0m] Keep producing negative values! Clipping negative solutions and moving on!
[[93m[1m WARNING [21m[0m] Keep producing negative values! Clipping negative solutions and moving on!
[[93m[1m WARNING [21m[0m] Keep producing negative values! Clipping negative solutions and moving on!
[[93m[1m WARNING [21m[0m] Keep producing negative values! Clipping negative solutions and moving on!
[[93m[1m WARNING [21m[0m] Keep producing negative values! Clipping negative solutions and moving on!
[[93m[1m WARNING [21m[0m] Keep producing negative values! Clipping negative solutions and moving on!
[[93m[1m WARNING [21m[0m] Keep producing negative values! Clipping negative solutions and moving on!
[[93m[1m WARNING [21m[0m] Keep producing negative values! Clipping negative solutions and moving on!
[[93m[1m WARNING [21m[0m] Keep producing negative values! Clipping negative solutions and moving on!
[[93m[1m WARNING [21m[0m] Keep producing negative values! Clipping negative solutions and moving on!
[[93m[1m WARNING [21m[0m] Keep producing negative values! Clipping negative solutions and moving on!
[[93m[1m WARNING [21m[0m] Keep producing negative values! Clipping negative solutions and moving on!
[[93m[1m WARNING [21m[0m] Keep producing negative values! Clipping negative solutions and moving on!
[[93m[1m WARNING [21m[0m] Keep producing negative values! Clipping negative solutions and moving on!
[[93m[1m WARNING [21m[0m] Keep producing negative values! Clipping negative solutions and moving on!
[[93m[1m WARNING [21m[0m] Keep producing negative values! Clipping negative solutions and moving on!
[[93m[1m WARNING [21m[0m] Keep producing negative values! Clipping negative solutions and moving on!
[[93m[1m WARNING [21m[0m] Keep producing negative values! Clipping negative solutions and moving on!
[[93m[1m WARNING [21m[0m] Keep producing negative values! Clipping negative solutions and moving on!
[[93m[1m WARNING [21m[0m] Keep producing negative values! Clipping negative solutions and moving on!
[[93m[1m WARNING [21m[0m] Keep producing negative values! Clipping negative solutions and moving on!
[[93m[1m WARNING [21m[0m] Keep producing negative values! Clipping negative solutions and moving on!
[[93m[1m WARNING [21m[0m] Keep producing negative values! Clipping negative solutions and moving on!
[[93m[1m WARNING [21m[0m] Keep producing negative values! Clipping negative solutions and moving on!
[[93m[1m WARNING [21m[0m] Keep producing negative values! Clipping negative solutions and moving on!
[[93m[1m WARNING [21m[0m] Keep producing negative values! Clipping negative solutions and moving on!
[[93m[1m WARNING [21m[0m] Keep producing negative values! Clipping negative solutions and moving on!
[[93m[1m WARNING [21m[0m] Keep producing negative values! Clipping negative solutions and moving on!
[[93m[1m WARNING [21m[0m] Keep producing negative values! Clipping negative solutions and moving on!
[[93m[1m WARNING [21m[0m] Keep producing negative values! Clipping negative solutions and moving on!
[[93m[1m WARNING [21m[0m] Keep producing negative values! Clipping negative solutions and moving on!
[[93m[1m WARNING [21m[0m] Keep producing negative values! Clipping negative solutions and moving on!
[[93m[1m WARNING [21m[0m] Keep producing negative values! Clipping negative solutions and moving on!
[[93m[1m WARNING [21m[0m] Keep producing negative values! Clipping negative solutions and moving on!
[[93m[1m WARNING [21m[0m] Keep producing negative values! Clipping negative solutions and moving on!
[[93m[1m WARNING [21m[0m] Keep producing negative values! Clipping negative solutions and moving on!
[[93m[1m WARNING [21m[0m] Keep producing negative values! Clipping negative solutions and moving on!
[[32m[1m INFO  [21m[0m] Elapsed time: 1.02e-05 || Step number: 1000/30000
[[32m[1m INFO  [21m[0m] longdy = 1.00e+00      || longdy/dt = 1.00e+00  || dt = 1.00e-08
[[32m[1m INFO  [21m[0m] from nz = 0 and OH
[[32m[1m INFO  [21m[0m] -----------------------------------------------------------------
[[93m[1m WARNING [21m[0m] Keep producing negative values! Clipping negative solutions and moving on!
[[93m[1m WARNING [21m[0m] Keep producing negative values! Clipping negative solutions and moving on!
[[93m[1m WARNING [21m[0m] Keep producing negative values! Clipping negative solutions and moving on!
[[93m[1m WARNING [21m[0m] Keep producing negative values! Clipping negative solutions and moving on!
[[93m[1m WARNING [21m[0m] Keep producing negative values! Clipping negative solutions and moving on!
[[93m[1m WARNING [21m[0m] Keep producing negative values! Clipping negative solutions and moving on!
[[93m[1m WARNING [21m[0m] Keep producing negative values! Clipping negative solutions and moving on!
[[93m[1m WARNING [21m[0m] Keep producing negative values! Clipping negative solutions and moving on!
[[93m[1m WARNING [21m[0m] Keep producing negative values! Clipping negative solutions and moving on!
[[93m[1m WARNING [21m[0m] Keep producing negative values! Clipping negative solutions and moving on!
[[93m[1m WARNING [21m[0m] Keep producing negative values! Clipping negative solutions and moving on!
[[93m[1m WARNING [21m[0m] Keep producing negative values! Clipping negative solutions and moving on!
[[93m[1m WARNING [21m[0m] Keep producing negative values! Clipping negative solutions and moving on!
[[93m[1m WARNING [21m[0m] Keep producing negative values! Clipping negative solutions and moving on!
[[93m[1m WARNING [21m[0m] Keep producing negative values! Clipping negative solutions and moving on!
[[93m[1m WARNING [21m[0m] Keep producing negative values! Clipping negative solutions and moving on!
[[93m[1m WARNING [21m[0m] Keep producing negative values! Clipping negative solutions and moving on!
[[93m[1m WARNING [21m[0m] Keep producing negative values! Clipping negative solutions and moving on!
[[93m[1m WARNING [21m[0m] Keep producing negative values! Clipping negative solutions and moving on!
[[93m[1m WARNING [21m[0m] Keep producing negative values! Clipping negative solutions and moving on!
[[93m[1m WARNING [21m[0m] Keep producing negative values! Clipping negative solutions and moving on!
[[93m[1m WARNING [21m[0m] Keep producing negative values! Clipping negative solutions and moving on!
[[93m[1m WARNING [21m[0m] Keep producing negative values! Clipping negative solutions and moving on!
[[93m[1m WARNING [21m[0m] Keep producing negative values! Clipping negative solutions and moving on!
[[93m[1m WARNING [21m[0m] Keep producing negative values! Clipping negative solutions and moving on!
[[93m[1m WARNING [21m[0m] Keep producing negative values! Clipping negative solutions and moving on!
[[93m[1m WARNING [21m[0m] Keep producing negative values! Clipping negative solutions and moving on!
[[93m[1m WARNING [21m[0m] Keep producing negative values! Clipping negative solutions and moving on!
[[93m[1m WARNING [21m[0m] Keep producing negative values! Clipping negative solutions and moving on!
[[93m[1m WARNING [21m[0m] Keep producing negative values! Clipping negative solutions and moving on!
[[93m[1m WARNING [21m[0m] Keep producing negative values! Clipping negative solutions and moving on!
[[93m[1m WARNING [21m[0m] Keep producing negative values! Clipping negative solutions and moving on!
[[93m[1m WARNING [21m[0m] Keep producing negative values! Clipping negative solutions and moving on!
[[93m[1m WARNING [21m[0m] Keep producing negative values! Clipping negative solutions and moving on!
[[93m[1m WARNING [21m[0m] Keep producing negative values! Clipping negative solutions and moving on!
[[93m[1m WARNING [21m[0m] Keep producing negative values! Clipping negative solutions and moving on!
[[93m[1m WARNING [21m[0m] Keep producing negative values! Clipping negative solutions and moving on!
[[93m[1m WARNING [21m[0m] Keep producing negative values! Clipping negative solutions and moving on!
[[93m[1m WARNING [21m[0m] Keep producing negative values! Clipping negative solutions and moving on!
[[93m[1m WARNING [21m[0m] Keep producing negative values! Clipping negative solutions and moving on!
[[93m[1m WARNING [21m[0m] Keep producing negative values! Clipping negative solutions and moving on!
[[93m[1m WARNING [21m[0m] Keep producing negative values! Clipping negative solutions and moving on!
[[93m[1m WARNING [21m[0m] Keep producing negative values! Clipping negative solutions and moving on!
[[93m[1m WARNING [21m[0m] Keep producing negative values! Clipping negative solutions and moving on!
[[93m[1m WARNING [21m[0m] Keep producing negative values! Clipping negative solutions and moving on!
[[93m[1m WARNING [21m[0m] Keep producing negative values! Clipping negative solutions and moving on!
[[93m[1m WARNING [21m[0m] Keep producing negative values! Clipping negative solutions and moving on!
[[93m[1m WARNING [21m[0m] Keep producing negative values! Clipping negative solutions and moving on!
[[93m[1m WARNING [21m[0m] Keep producing negative values! Clipping negative solutions and moving on!
[[93m[1m WARNING [21m[0m] Keep producing negative values! Clipping negative solutions and moving on!
[[93m[1m WARNING [21m[0m] Keep producing negative values! Clipping negative solutions and moving on!
[[93m[1m WARNING [21m[0m] Keep producing negative values! Clipping negative solutions and moving on!
[[93m[1m WARNING [21m[0m] Keep producing negative values! Clipping negative solutions and moving on!
[[93m[1m WARNING [21m[0m] Keep producing negative values! Clipping negative solutions and moving on!
[[93m[1m WARNING [21m[0m] Keep producing negative values! Clipping negative solutions and moving on!
[[93m[1m WARNING [21m[0m] Keep producing negative values! Clipping negative solutions and moving on!
[[93m[1m WARNING [21m[0m] Keep producing negative values! Clipping negative solutions and moving on!
[[93m[1m WARNING [21m[0m] Keep producing negative values! Clipping negative solutions and moving on!
[[93m[1m WARNING [21m[0m] Keep producing negative values! Clipping negative solutions and moving on!
[[93m[1m WARNING [21m[0m] Keep producing negative values! Clipping negative solutions and moving on!
[[93m[1m WARNING [21m[0m] Keep producing negative values! Clipping negative solutions and moving on!
[[93m[1m WARNING [21m[0m] Keep producing negative values! Clipping negative solutions and moving on!
[[93m[1m WARNING [21m[0m] Keep producing negative values! Clipping negative solutions and moving on!
[[93m[1m WARNING [21m[0m] Keep producing negative values! Clipping negative solutions and moving on!
[[93m[1m WARNING [21m[0m] Keep producing negative values! Clipping negative solutions and moving on!
[[93m[1m WARNING [21m[0m] Keep producing negative values! Clipping negative solutions and moving on!
[[93m[1m WARNING [21m[0m] Keep producing negative values! Clipping negative solutions and moving on!
[[93m[1m WARNING [21m[0m] Keep producing negative values! Clipping negative solutions and moving on!
[[93m[1m WARNING [21m[0m] Keep producing negative values! Clipping negative solutions and moving on!
[[93m[1m WARNING [21m[0m] Keep producing negative values! Clipping negative solutions and moving on!
[[93m[1m WARNING [21m[0m] Keep producing negative values! Clipping negative solutions and moving on!
[[93m[1m WARNING [21m[0m] Keep producing negative values! Clipping negative solutions and moving on!
[[93m[1m WARNING [21m[0m] Keep producing negative values! Clipping negative solutions and moving on!
[[93m[1m WARNING [21m[0m] Keep producing negative values! Clipping negative solutions and moving on!
[[93m[1m WARNING [21m[0m] Keep producing negative values! Clipping negative solutions and moving on!
[[93m[1m WARNING [21m[0m] Keep producing negative values! Clipping negative solutions and moving on!
[[93m[1m WARNING [21m[0m] Keep producing negative values! Clipping negative solutions and moving on!
[[93m[1m WARNING [21m[0m] Keep producing negative values! Clipping negative solutions and moving on!
[[93m[1m WARNING [21m[0m] Keep producing negative values! Clipping negative solutions and moving on!
[[93m[1m WARNING [21m[0m] Keep producing negative values! Clipping negative solutions and moving on!
[[93m[1m WARNING [21m[0m] Keep producing negative values! Clipping negative solutions and moving on!
[[93m[1m WARNING [21m[0m] Keep producing negative values! Clipping negative solutions and moving on!
[[93m[1m WARNING [21m[0m] Keep producing negative values! Clipping negative solutions and moving on!
[[93m[1m WARNING [21m[0m] Keep producing negative values! Clipping negative solutions and moving on!
[[93m[1m WARNING [21m[0m] Keep producing negative values! Clipping negative solutions and moving on!
[[93m[1m WARNING [21m[0m] Keep producing negative values! Clipping negative solutions and moving on!
[[93m[1m WARNING [21m[0m] Keep producing negative values! Clipping negative solutions and moving on!
[[93m[1m WARNING [21m[0m] Keep producing negative values! Clipping negative solutions and moving on!
[[32m[1m INFO  [21m[0m] Elapsed time: 1.12e-05 || Step number: 1100/30000
[[32m[1m INFO  [21m[0m] longdy = 1.00e+00      || longdy/dt = 1.00e+00  || dt = 1.00e-08
[[32m[1m INFO  [21m[0m] from nz = 0 and OH
[[32m[1m INFO  [21m[0m] -----------------------------------------------------------------
[[93m[1m WARNING [21m[0m] Keep producing negative values! Clipping negative solutions and moving on!
[[93m[1m WARNING [21m[0m] Keep producing negative values! Clipping negative solutions and moving on!
[[93m[1m WARNING [21m[0m] Keep producing negative values! Clipping negative solutions and moving on!
[[93m[1m WARNING [21m[0m] Keep producing negative values! Clipping negative solutions and moving on!
[[93m[1m WARNING [21m[0m] Keep producing negative values! Clipping negative solutions and moving on!
[[93m[1m WARNING [21m[0m] Keep producing negative values! Clipping negative solutions and moving on!
[[93m[1m WARNING [21m[0m] Keep producing negative values! Clipping negative solutions and moving on!
[[93m[1m WARNING [21m[0m] Keep producing negative values! Clipping negative solutions and moving on!
[[93m[1m WARNING [21m[0m] Keep producing negative values! Clipping negative solutions and moving on!
[[93m[1m WARNING [21m[0m] Keep producing negative values! Clipping negative solutions and moving on!
[[93m[1m WARNING [21m[0m] Keep producing negative values! Clipping negative solutions and moving on!
[[93m[1m WARNING [21m[0m] Keep producing negative values! Clipping negative solutions and moving on!
[[93m[1m WARNING [21m[0m] Keep producing negative values! Clipping negative solutions and moving on!
[[93m[1m WARNING [21m[0m] Keep producing negative values! Clipping negative solutions and moving on!
[[93m[1m WARNING [21m[0m] Keep producing negative values! Clipping negative solutions and moving on!
[[93m[1m WARNING [21m[0m] Keep producing negative values! Clipping negative solutions and moving on!
[[93m[1m WARNING [21m[0m] Keep producing negative values! Clipping negative solutions and moving on!
[[93m[1m WARNING [21m[0m] Keep producing negative values! Clipping negative solutions and moving on!
[[93m[1m WARNING [21m[0m] Keep producing negative values! Clipping negative solutions and moving on!
[[93m[1m WARNING [21m[0m] Keep producing negative values! Clipping negative solutions and moving on!
[[93m[1m WARNING [21m[0m] Keep producing negative values! Clipping negative solutions and moving on!
[[93m[1m WARNING [21m[0m] Keep producing negative values! Clipping negative solutions and moving on!
[[93m[1m WARNING [21m[0m] Keep producing negative values! Clipping negative solutions and moving on!
[[93m[1m WARNING [21m[0m] Keep producing negative values! Clipping negative solutions and moving on!
[[93m[1m WARNING [21m[0m] Keep producing negative values! Clipping negative solutions and moving on!
[[93m[1m WARNING [21m[0m] Keep producing negative values! Clipping negative solutions and moving on!
[[93m[1m WARNING [21m[0m] Keep producing negative values! Clipping negative solutions and moving on!
[[93m[1m WARNING [21m[0m] Keep producing negative values! Clipping negative solutions and moving on!
[[93m[1m WARNING [21m[0m] Keep producing negative values! Clipping negative solutions and moving on!
[[93m[1m WARNING [21m[0m] Keep producing negative values! Clipping negative solutions and moving on!
[[93m[1m WARNING [21m[0m] Keep producing negative values! Clipping negative solutions and moving on!
[[93m[1m WARNING [21m[0m] Keep producing negative values! Clipping negative solutions and moving on!
[[93m[1m WARNING [21m[0m] Keep producing negative values! Clipping negative solutions and moving on!
[[93m[1m WARNING [21m[0m] Keep producing negative values! Clipping negative solutions and moving on!
[[93m[1m WARNING [21m[0m] Keep producing negative values! Clipping negative solutions and moving on!
[[93m[1m WARNING [21m[0m] Keep producing negative values! Clipping negative solutions and moving on!
[[93m[1m WARNING [21m[0m] Keep producing negative values! Clipping negative solutions and moving on!
[[93m[1m WARNING [21m[0m] Keep producing negative values! Clipping negative solutions and moving on!
[[93m[1m WARNING [21m[0m] Keep producing negative values! Clipping negative solutions and moving on!
[[93m[1m WARNING [21m[0m] Keep producing negative values! Clipping negative solutions and moving on!
[[93m[1m WARNING [21m[0m] Keep producing negative values! Clipping negative solutions and moving on!
[[93m[1m WARNING [21m[0m] Keep producing negative values! Clipping negative solutions and moving on!
[[93m[1m WARNING [21m[0m] Keep producing negative values! Clipping negative solutions and moving on!
[[93m[1m WARNING [21m[0m] Keep producing negative values! Clipping negative solutions and moving on!
[[93m[1m WARNING [21m[0m] Keep producing negative values! Clipping negative solutions and moving on!
[[93m[1m WARNING [21m[0m] Keep producing negative values! Clipping negative solutions and moving on!
[[93m[1m WARNING [21m[0m] Keep producing negative values! Clipping negative solutions and moving on!
[[93m[1m WARNING [21m[0m] Keep producing negative values! Clipping negative solutions and moving on!
[[93m[1m WARNING [21m[0m] Keep producing negative values! Clipping negative solutions and moving on!
[[93m[1m WARNING [21m[0m] Keep producing negative values! Clipping negative solutions and moving on!
[[93m[1m WARNING [21m[0m] Keep producing negative values! Clipping negative solutions and moving on!
[[93m[1m WARNING [21m[0m] Keep producing negative values! Clipping negative solutions and moving on!
[[93m[1m WARNING [21m[0m] Keep producing negative values! Clipping negative solutions and moving on!
[[93m[1m WARNING [21m[0m] Keep producing negative values! Clipping negative solutions and moving on!
[[93m[1m WARNING [21m[0m] Keep producing negative values! Clipping negative solutions and moving on!
[[93m[1m WARNING [21m[0m] Keep producing negative values! Clipping negative solutions and moving on!
[[93m[1m WARNING [21m[0m] Keep producing negative values! Clipping negative solutions and moving on!
[[93m[1m WARNING [21m[0m] Keep producing negative values! Clipping negative solutions and moving on!
[[93m[1m WARNING [21m[0m] Keep producing negative values! Clipping negative solutions and moving on!
[[93m[1m WARNING [21m[0m] Keep producing negative values! Clipping negative solutions and moving on!
[[93m[1m WARNING [21m[0m] Keep producing negative values! Clipping negative solutions and moving on!
[[93m[1m WARNING [21m[0m] Keep producing negative values! Clipping negative solutions and moving on!
[[93m[1m WARNING [21m[0m] Keep producing negative values! Clipping negative solutions and moving on!
[[93m[1m WARNING [21m[0m] Keep producing negative values! Clipping negative solutions and moving on!
[[93m[1m WARNING [21m[0m] Keep producing negative values! Clipping negative solutions and moving on!
[[93m[1m WARNING [21m[0m] Keep producing negative values! Clipping negative solutions and moving on!
[[93m[1m WARNING [21m[0m] Keep producing negative values! Clipping negative solutions and moving on!
[[93m[1m WARNING [21m[0m] Keep producing negative values! Clipping negative solutions and moving on!
[[93m[1m WARNING [21m[0m] Keep producing negative values! Clipping negative solutions and moving on!
[[93m[1m WARNING [21m[0m] Keep producing negative values! Clipping negative solutions and moving on!
[[93m[1m WARNING [21m[0m] Keep producing negative values! Clipping negative solutions and moving on!
[[93m[1m WARNING [21m[0m] Keep producing negative values! Clipping negative solutions and moving on!
[[93m[1m WARNING [21m[0m] Keep producing negative values! Clipping negative solutions and moving on!
[[93m[1m WARNING [21m[0m] Keep producing negative values! Clipping negative solutions and moving on!
[[93m[1m WARNING [21m[0m] Keep producing negative values! Clipping negative solutions and moving on!
[[93m[1m WARNING [21m[0m] Keep producing negative values! Clipping negative solutions and moving on!
[[93m[1m WARNING [21m[0m] Keep producing negative values! Clipping negative solutions and moving on!
[[93m[1m WARNING [21m[0m] Keep producing negative values! Clipping negative solutions and moving on!
[[93m[1m WARNING [21m[0m] Keep producing negative values! Clipping negative solutions and moving on!
[[93m[1m WARNING [21m[0m] Keep producing negative values! Clipping negative solutions and moving on!
[[93m[1m WARNING [21m[0m] Keep producing negative values! Clipping negative solutions and moving on!
[[93m[1m WARNING [21m[0m] Keep producing negative values! Clipping negative solutions and moving on!
[[93m[1m WARNING [21m[0m] Keep producing negative values! Clipping negative solutions and moving on!
[[93m[1m WARNING [21m[0m] Keep producing negative values! Clipping negative solutions and moving on!
[[93m[1m WARNING [21m[0m] Keep producing negative values! Clipping negative solutions and moving on!
[[93m[1m WARNING [21m[0m] Keep producing negative values! Clipping negative solutions and moving on!
[[32m[1m INFO  [21m[0m] Elapsed time: 1.22e-05 || Step number: 1200/30000
[[32m[1m INFO  [21m[0m] longdy = 1.00e+00      || longdy/dt = 1.00e+00  || dt = 1.00e-08
[[32m[1m INFO  [21m[0m] from nz = 0 and OH
[[32m[1m INFO  [21m[0m] -----------------------------------------------------------------
[[93m[1m WARNING [21m[0m] Keep producing negative values! Clipping negative solutions and moving on!
[[93m[1m WARNING [21m[0m] Keep producing negative values! Clipping negative solutions and moving on!
[[93m[1m WARNING [21m[0m] Keep producing negative values! Clipping negative solutions and moving on!
[[93m[1m WARNING [21m[0m] Keep producing negative values! Clipping negative solutions and moving on!
[[93m[1m WARNING [21m[0m] Keep producing negative values! Clipping negative solutions and moving on!
[[93m[1m WARNING [21m[0m] Keep producing negative values! Clipping negative solutions and moving on!
[[93m[1m WARNING [21m[0m] Keep producing negative values! Clipping negative solutions and moving on!
[[93m[1m WARNING [21m[0m] Keep producing negative values! Clipping negative solutions and moving on!
[[93m[1m WARNING [21m[0m] Keep producing negative values! Clipping negative solutions and moving on!
[[93m[1m WARNING [21m[0m] Keep producing negative values! Clipping negative solutions and moving on!
[[93m[1m WARNING [21m[0m] Keep producing negative values! Clipping negative solutions and moving on!
[[93m[1m WARNING [21m[0m] Keep producing negative values! Clipping negative solutions and moving on!
[[93m[1m WARNING [21m[0m] Keep producing negative values! Clipping negative solutions and moving on!
[[93m[1m WARNING [21m[0m] Keep producing negative values! Clipping negative solutions and moving on!
[[93m[1m WARNING [21m[0m] Keep producing negative values! Clipping negative solutions and moving on!
[[93m[1m WARNING [21m[0m] Keep producing negative values! Clipping negative solutions and moving on!
[[93m[1m WARNING [21m[0m] Keep producing negative values! Clipping negative solutions and moving on!
[[93m[1m WARNING [21m[0m] Keep producing negative values! Clipping negative solutions and moving on!
[[93m[1m WARNING [21m[0m] Keep producing negative values! Clipping negative solutions and moving on!
[[93m[1m WARNING [21m[0m] Keep producing negative values! Clipping negative solutions and moving on!
[[93m[1m WARNING [21m[0m] Keep producing negative values! Clipping negative solutions and moving on!
[[93m[1m WARNING [21m[0m] Keep producing negative values! Clipping negative solutions and moving on!
[[93m[1m WARNING [21m[0m] Keep producing negative values! Clipping negative solutions and moving on!
[[93m[1m WARNING [21m[0m] Keep producing negative values! Clipping negative solutions and moving on!
[[93m[1m WARNING [21m[0m] Keep producing negative values! Clipping negative solutions and moving on!
[[93m[1m WARNING [21m[0m] Keep producing negative values! Clipping negative solutions and moving on!
[[93m[1m WARNING [21m[0m] Keep producing negative values! Clipping negative solutions and moving on!
[[93m[1m WARNING [21m[0m] Keep producing negative values! Clipping negative solutions and moving on!
[[93m[1m WARNING [21m[0m] Keep producing negative values! Clipping negative solutions and moving on!
[[93m[1m WARNING [21m[0m] Keep producing negative values! Clipping negative solutions and moving on!
[[93m[1m WARNING [21m[0m] Keep producing negative values! Clipping negative solutions and moving on!
[[93m[1m WARNING [21m[0m] Keep producing negative values! Clipping negative solutions and moving on!
[[93m[1m WARNING [21m[0m] Keep producing negative values! Clipping negative solutions and moving on!
[[93m[1m WARNING [21m[0m] Keep producing negative values! Clipping negative solutions and moving on!
[[93m[1m WARNING [21m[0m] Keep producing negative values! Clipping negative solutions and moving on!
[[93m[1m WARNING [21m[0m] Keep producing negative values! Clipping negative solutions and moving on!
[[93m[1m WARNING [21m[0m] Keep producing negative values! Clipping negative solutions and moving on!
[[93m[1m WARNING [21m[0m] Keep producing negative values! Clipping negative solutions and moving on!
[[93m[1m WARNING [21m[0m] Keep producing negative values! Clipping negative solutions and moving on!
[[93m[1m WARNING [21m[0m] Keep producing negative values! Clipping negative solutions and moving on!
[[93m[1m WARNING [21m[0m] Keep producing negative values! Clipping negative solutions and moving on!
[[93m[1m WARNING [21m[0m] Keep producing negative values! Clipping negative solutions and moving on!
[[93m[1m WARNING [21m[0m] Keep producing negative values! Clipping negative solutions and moving on!
[[93m[1m WARNING [21m[0m] Keep producing negative values! Clipping negative solutions and moving on!
[[93m[1m WARNING [21m[0m] Keep producing negative values! Clipping negative solutions and moving on!
[[93m[1m WARNING [21m[0m] Keep producing negative values! Clipping negative solutions and moving on!
[[93m[1m WARNING [21m[0m] Keep producing negative values! Clipping negative solutions and moving on!
[[93m[1m WARNING [21m[0m] Keep producing negative values! Clipping negative solutions and moving on!
[[93m[1m WARNING [21m[0m] Keep producing negative values! Clipping negative solutions and moving on!
[[93m[1m WARNING [21m[0m] Keep producing negative values! Clipping negative solutions and moving on!
[[93m[1m WARNING [21m[0m] Keep producing negative values! Clipping negative solutions and moving on!
[[93m[1m WARNING [21m[0m] Keep producing negative values! Clipping negative solutions and moving on!
[[93m[1m WARNING [21m[0m] Keep producing negative values! Clipping negative solutions and moving on!
[[93m[1m WARNING [21m[0m] Keep producing negative values! Clipping negative solutions and moving on!
[[93m[1m WARNING [21m[0m] Keep producing negative values! Clipping negative solutions and moving on!
[[93m[1m WARNING [21m[0m] Keep producing negative values! Clipping negative solutions and moving on!
[[93m[1m WARNING [21m[0m] Keep producing negative values! Clipping negative solutions and moving on!
[[93m[1m WARNING [21m[0m] Keep producing negative values! Clipping negative solutions and moving on!
[[93m[1m WARNING [21m[0m] Keep producing negative values! Clipping negative solutions and moving on!
[[93m[1m WARNING [21m[0m] Keep producing negative values! Clipping negative solutions and moving on!
[[93m[1m WARNING [21m[0m] Keep producing negative values! Clipping negative solutions and moving on!
[[93m[1m WARNING [21m[0m] Keep producing negative values! Clipping negative solutions and moving on!
[[93m[1m WARNING [21m[0m] Keep producing negative values! Clipping negative solutions and moving on!
[[93m[1m WARNING [21m[0m] Keep producing negative values! Clipping negative solutions and moving on!
[[93m[1m WARNING [21m[0m] Keep producing negative values! Clipping negative solutions and moving on!
[[93m[1m WARNING [21m[0m] Keep producing negative values! Clipping negative solutions and moving on!
[[93m[1m WARNING [21m[0m] Keep producing negative values! Clipping negative solutions and moving on!
[[93m[1m WARNING [21m[0m] Keep producing negative values! Clipping negative solutions and moving on!
[[93m[1m WARNING [21m[0m] Keep producing negative values! Clipping negative solutions and moving on!
[[93m[1m WARNING [21m[0m] Keep producing negative values! Clipping negative solutions and moving on!
[[93m[1m WARNING [21m[0m] Keep producing negative values! Clipping negative solutions and moving on!
[[93m[1m WARNING [21m[0m] Keep producing negative values! Clipping negative solutions and moving on!
[[93m[1m WARNING [21m[0m] Keep producing negative values! Clipping negative solutions and moving on!
[[93m[1m WARNING [21m[0m] Keep producing negative values! Clipping negative solutions and moving on!
[[93m[1m WARNING [21m[0m] Keep producing negative values! Clipping negative solutions and moving on!
[[93m[1m WARNING [21m[0m] Keep producing negative values! Clipping negative solutions and moving on!
[[93m[1m WARNING [21m[0m] Keep producing negative values! Clipping negative solutions and moving on!
[[93m[1m WARNING [21m[0m] Keep producing negative values! Clipping negative solutions and moving on!
[[93m[1m WARNING [21m[0m] Keep producing negative values! Clipping negative solutions and moving on!
[[93m[1m WARNING [21m[0m] Keep producing negative values! Clipping negative solutions and moving on!
[[93m[1m WARNING [21m[0m] Keep producing negative values! Clipping negative solutions and moving on!
[[93m[1m WARNING [21m[0m] Keep producing negative values! Clipping negative solutions and moving on!
[[93m[1m WARNING [21m[0m] Keep producing negative values! Clipping negative solutions and moving on!
[[93m[1m WARNING [21m[0m] Keep producing negative values! Clipping negative solutions and moving on!
[[93m[1m WARNING [21m[0m] Keep producing negative values! Clipping negative solutions and moving on!
[[93m[1m WARNING [21m[0m] Keep producing negative values! Clipping negative solutions and moving on!
[[93m[1m WARNING [21m[0m] Keep producing negative values! Clipping negative solutions and moving on!
[[93m[1m WARNING [21m[0m] Keep producing negative values! Clipping negative solutions and moving on!
[[93m[1m WARNING [21m[0m] Keep producing negative values! Clipping negative solutions and moving on!
[[93m[1m WARNING [21m[0m] Keep producing negative values! Clipping negative solutions and moving on!
[[32m[1m INFO  [21m[0m] Elapsed time: 1.32e-05 || Step number: 1300/30000
[[32m[1m INFO  [21m[0m] longdy = 1.00e+00      || longdy/dt = 1.00e+00  || dt = 1.00e-08
[[32m[1m INFO  [21m[0m] from nz = 0 and OH
[[32m[1m INFO  [21m[0m] -----------------------------------------------------------------
[[93m[1m WARNING [21m[0m] Keep producing negative values! Clipping negative solutions and moving on!
[[93m[1m WARNING [21m[0m] Keep producing negative values! Clipping negative solutions and moving on!
[[93m[1m WARNING [21m[0m] Keep producing negative values! Clipping negative solutions and moving on!
[[93m[1m WARNING [21m[0m] Keep producing negative values! Clipping negative solutions and moving on!
[[93m[1m WARNING [21m[0m] Keep producing negative values! Clipping negative solutions and moving on!
[[93m[1m WARNING [21m[0m] Keep producing negative values! Clipping negative solutions and moving on!
[[93m[1m WARNING [21m[0m] Keep producing negative values! Clipping negative solutions and moving on!
[[93m[1m WARNING [21m[0m] Keep producing negative values! Clipping negative solutions and moving on!
[[93m[1m WARNING [21m[0m] Keep producing negative values! Clipping negative solutions and moving on!
[[93m[1m WARNING [21m[0m] Keep producing negative values! Clipping negative solutions and moving on!
[[93m[1m WARNING [21m[0m] Keep producing negative values! Clipping negative solutions and moving on!
[[93m[1m WARNING [21m[0m] Keep producing negative values! Clipping negative solutions and moving on!
[[93m[1m WARNING [21m[0m] Keep producing negative values! Clipping negative solutions and moving on!
[[93m[1m WARNING [21m[0m] Keep producing negative values! Clipping negative solutions and moving on!
[[93m[1m WARNING [21m[0m] Keep producing negative values! Clipping negative solutions and moving on!
[[93m[1m WARNING [21m[0m] Keep producing negative values! Clipping negative solutions and moving on!
[[93m[1m WARNING [21m[0m] Keep producing negative values! Clipping negative solutions and moving on!
[[93m[1m WARNING [21m[0m] Keep producing negative values! Clipping negative solutions and moving on!
[[93m[1m WARNING [21m[0m] Keep producing negative values! Clipping negative solutions and moving on!
[[93m[1m WARNING [21m[0m] Keep producing negative values! Clipping negative solutions and moving on!
[[93m[1m WARNING [21m[0m] Keep producing negative values! Clipping negative solutions and moving on!
[[93m[1m WARNING [21m[0m] Keep producing negative values! Clipping negative solutions and moving on!
[[93m[1m WARNING [21m[0m] Keep producing negative values! Clipping negative solutions and moving on!
[[93m[1m WARNING [21m[0m] Keep producing negative values! Clipping negative solutions and moving on!
[[93m[1m WARNING [21m[0m] Keep producing negative values! Clipping negative solutions and moving on!
[[93m[1m WARNING [21m[0m] Keep producing negative values! Clipping negative solutions and moving on!
[[93m[1m WARNING [21m[0m] Keep producing negative values! Clipping negative solutions and moving on!
[[93m[1m WARNING [21m[0m] Keep producing negative values! Clipping negative solutions and moving on!
[[93m[1m WARNING [21m[0m] Keep producing negative values! Clipping negative solutions and moving on!
[[93m[1m WARNING [21m[0m] Keep producing negative values! Clipping negative solutions and moving on!
[[93m[1m WARNING [21m[0m] Keep producing negative values! Clipping negative solutions and moving on!
[[93m[1m WARNING [21m[0m] Keep producing negative values! Clipping negative solutions and moving on!
[[93m[1m WARNING [21m[0m] Keep producing negative values! Clipping negative solutions and moving on!
[[93m[1m WARNING [21m[0m] Keep producing negative values! Clipping negative solutions and moving on!
[[93m[1m WARNING [21m[0m] Keep producing negative values! Clipping negative solutions and moving on!
[[93m[1m WARNING [21m[0m] Keep producing negative values! Clipping negative solutions and moving on!
[[93m[1m WARNING [21m[0m] Keep producing negative values! Clipping negative solutions and moving on!
[[93m[1m WARNING [21m[0m] Keep producing negative values! Clipping negative solutions and moving on!
[[93m[1m WARNING [21m[0m] Keep producing negative values! Clipping negative solutions and moving on!
[[93m[1m WARNING [21m[0m] Keep producing negative values! Clipping negative solutions and moving on!
[[93m[1m WARNING [21m[0m] Keep producing negative values! Clipping negative solutions and moving on!
[[93m[1m WARNING [21m[0m] Keep producing negative values! Clipping negative solutions and moving on!
[[93m[1m WARNING [21m[0m] Keep producing negative values! Clipping negative solutions and moving on!
[[93m[1m WARNING [21m[0m] Keep producing negative values! Clipping negative solutions and moving on!
[[93m[1m WARNING [21m[0m] Keep producing negative values! Clipping negative solutions and moving on!
[[93m[1m WARNING [21m[0m] Keep producing negative values! Clipping negative solutions and moving on!
[[93m[1m WARNING [21m[0m] Keep producing negative values! Clipping negative solutions and moving on!
[[93m[1m WARNING [21m[0m] Keep producing negative values! Clipping negative solutions and moving on!
[[93m[1m WARNING [21m[0m] Keep producing negative values! Clipping negative solutions and moving on!
[[93m[1m WARNING [21m[0m] Keep producing negative values! Clipping negative solutions and moving on!
[[93m[1m WARNING [21m[0m] Keep producing negative values! Clipping negative solutions and moving on!
[[93m[1m WARNING [21m[0m] Keep producing negative values! Clipping negative solutions and moving on!
[[93m[1m WARNING [21m[0m] Keep producing negative values! Clipping negative solutions and moving on!
[[93m[1m WARNING [21m[0m] Keep producing negative values! Clipping negative solutions and moving on!
[[93m[1m WARNING [21m[0m] Keep producing negative values! Clipping negative solutions and moving on!
[[93m[1m WARNING [21m[0m] Keep producing negative values! Clipping negative solutions and moving on!
[[93m[1m WARNING [21m[0m] Keep producing negative values! Clipping negative solutions and moving on!
[[93m[1m WARNING [21m[0m] Keep producing negative values! Clipping negative solutions and moving on!
[[93m[1m WARNING [21m[0m] Keep producing negative values! Clipping negative solutions and moving on!
[[93m[1m WARNING [21m[0m] Keep producing negative values! Clipping negative solutions and moving on!
[[93m[1m WARNING [21m[0m] Keep producing negative values! Clipping negative solutions and moving on!
[[93m[1m WARNING [21m[0m] Keep producing negative values! Clipping negative solutions and moving on!
[[93m[1m WARNING [21m[0m] Keep producing negative values! Clipping negative solutions and moving on!
[[93m[1m WARNING [21m[0m] Keep producing negative values! Clipping negative solutions and moving on!
[[93m[1m WARNING [21m[0m] Keep producing negative values! Clipping negative solutions and moving on!
[[93m[1m WARNING [21m[0m] Keep producing negative values! Clipping negative solutions and moving on!
[[93m[1m WARNING [21m[0m] Keep producing negative values! Clipping negative solutions and moving on!
[[93m[1m WARNING [21m[0m] Keep producing negative values! Clipping negative solutions and moving on!
[[93m[1m WARNING [21m[0m] Keep producing negative values! Clipping negative solutions and moving on!
[[93m[1m WARNING [21m[0m] Keep producing negative values! Clipping negative solutions and moving on!
[[93m[1m WARNING [21m[0m] Keep producing negative values! Clipping negative solutions and moving on!
[[93m[1m WARNING [21m[0m] Keep producing negative values! Clipping negative solutions and moving on!
[[93m[1m WARNING [21m[0m] Keep producing negative values! Clipping negative solutions and moving on!
[[93m[1m WARNING [21m[0m] Keep producing negative values! Clipping negative solutions and moving on!
[[93m[1m WARNING [21m[0m] Keep producing negative values! Clipping negative solutions and moving on!
[[93m[1m WARNING [21m[0m] Keep producing negative values! Clipping negative solutions and moving on!
[[93m[1m WARNING [21m[0m] Keep producing negative values! Clipping negative solutions and moving on!
[[93m[1m WARNING [21m[0m] Keep producing negative values! Clipping negative solutions and moving on!
[[93m[1m WARNING [21m[0m] Keep producing negative values! Clipping negative solutions and moving on!
[[93m[1m WARNING [21m[0m] Keep producing negative values! Clipping negative solutions and moving on!
[[93m[1m WARNING [21m[0m] Keep producing negative values! Clipping negative solutions and moving on!
[[93m[1m WARNING [21m[0m] Keep producing negative values! Clipping negative solutions and moving on!
[[93m[1m WARNING [21m[0m] Keep producing negative values! Clipping negative solutions and moving on!
[[93m[1m WARNING [21m[0m] Keep producing negative values! Clipping negative solutions and moving on!
[[93m[1m WARNING [21m[0m] Keep producing negative values! Clipping negative solutions and moving on!
[[93m[1m WARNING [21m[0m] Keep producing negative values! Clipping negative solutions and moving on!
[[93m[1m WARNING [21m[0m] Keep producing negative values! Clipping negative solutions and moving on!
[[93m[1m WARNING [21m[0m] Keep producing negative values! Clipping negative solutions and moving on!
[[93m[1m WARNING [21m[0m] Keep producing negative values! Clipping negative solutions and moving on!
[[93m[1m WARNING [21m[0m] Keep producing negative values! Clipping negative solutions and moving on!
[[93m[1m WARNING [21m[0m] Keep producing negative values! Clipping negative solutions and moving on!
[[93m[1m WARNING [21m[0m] Keep producing negative values! Clipping negative solutions and moving on!
[[93m[1m WARNING [21m[0m] Keep producing negative values! Clipping negative solutions and moving on!
[[93m[1m WARNING [21m[0m] Keep producing negative values! Clipping negative solutions and moving on!
[[32m[1m INFO  [21m[0m] Elapsed time: 1.43e-05 || Step number: 1400/30000
[[32m[1m INFO  [21m[0m] longdy = 1.00e+00      || longdy/dt = 1.00e+00  || dt = 1.00e-08
[[32m[1m INFO  [21m[0m] from nz = 0 and OH
[[32m[1m INFO  [21m[0m] -----------------------------------------------------------------
[[93m[1m WARNING [21m[0m] Keep producing negative values! Clipping negative solutions and moving on!
[[93m[1m WARNING [21m[0m] Keep producing negative values! Clipping negative solutions and moving on!
[[93m[1m WARNING [21m[0m] Keep producing negative values! Clipping negative solutions and moving on!
[[93m[1m WARNING [21m[0m] Keep producing negative values! Clipping negative solutions and moving on!
[[93m[1m WARNING [21m[0m] Keep producing negative values! Clipping negative solutions and moving on!
[[93m[1m WARNING [21m[0m] Keep producing negative values! Clipping negative solutions and moving on!
[[93m[1m WARNING [21m[0m] Keep producing negative values! Clipping negative solutions and moving on!
[[93m[1m WARNING [21m[0m] Keep producing negative values! Clipping negative solutions and moving on!
[[93m[1m WARNING [21m[0m] Keep producing negative values! Clipping negative solutions and moving on!
[[93m[1m WARNING [21m[0m] Keep producing negative values! Clipping negative solutions and moving on!
[[93m[1m WARNING [21m[0m] Keep producing negative values! Clipping negative solutions and moving on!
[[93m[1m WARNING [21m[0m] Keep producing negative values! Clipping negative solutions and moving on!
[[93m[1m WARNING [21m[0m] Keep producing negative values! Clipping negative solutions and moving on!
[[93m[1m WARNING [21m[0m] Keep producing negative values! Clipping negative solutions and moving on!
[[93m[1m WARNING [21m[0m] Keep producing negative values! Clipping negative solutions and moving on!
[[93m[1m WARNING [21m[0m] Keep producing negative values! Clipping negative solutions and moving on!
[[93m[1m WARNING [21m[0m] Keep producing negative values! Clipping negative solutions and moving on!
[[93m[1m WARNING [21m[0m] Keep producing negative values! Clipping negative solutions and moving on!
[[93m[1m WARNING [21m[0m] Keep producing negative values! Clipping negative solutions and moving on!
[[93m[1m WARNING [21m[0m] Keep producing negative values! Clipping negative solutions and moving on!
[[93m[1m WARNING [21m[0m] Keep producing negative values! Clipping negative solutions and moving on!
[[93m[1m WARNING [21m[0m] Keep producing negative values! Clipping negative solutions and moving on!
[[93m[1m WARNING [21m[0m] Keep producing negative values! Clipping negative solutions and moving on!
[[93m[1m WARNING [21m[0m] Keep producing negative values! Clipping negative solutions and moving on!
[[93m[1m WARNING [21m[0m] Keep producing negative values! Clipping negative solutions and moving on!
[[93m[1m WARNING [21m[0m] Keep producing negative values! Clipping negative solutions and moving on!
[[93m[1m WARNING [21m[0m] Keep producing negative values! Clipping negative solutions and moving on!
[[93m[1m WARNING [21m[0m] Keep producing negative values! Clipping negative solutions and moving on!
[[93m[1m WARNING [21m[0m] Keep producing negative values! Clipping negative solutions and moving on!
[[93m[1m WARNING [21m[0m] Keep producing negative values! Clipping negative solutions and moving on!
[[93m[1m WARNING [21m[0m] Keep producing negative values! Clipping negative solutions and moving on!
[[93m[1m WARNING [21m[0m] Keep producing negative values! Clipping negative solutions and moving on!
[[93m[1m WARNING [21m[0m] Keep producing negative values! Clipping negative solutions and moving on!
[[93m[1m WARNING [21m[0m] Keep producing negative values! Clipping negative solutions and moving on!
[[93m[1m WARNING [21m[0m] Keep producing negative values! Clipping negative solutions and moving on!
[[93m[1m WARNING [21m[0m] Keep producing negative values! Clipping negative solutions and moving on!
[[93m[1m WARNING [21m[0m] Keep producing negative values! Clipping negative solutions and moving on!
[[93m[1m WARNING [21m[0m] Keep producing negative values! Clipping negative solutions and moving on!
[[93m[1m WARNING [21m[0m] Keep producing negative values! Clipping negative solutions and moving on!
[[93m[1m WARNING [21m[0m] Keep producing negative values! Clipping negative solutions and moving on!
[[93m[1m WARNING [21m[0m] Keep producing negative values! Clipping negative solutions and moving on!
[[93m[1m WARNING [21m[0m] Keep producing negative values! Clipping negative solutions and moving on!
[[93m[1m WARNING [21m[0m] Keep producing negative values! Clipping negative solutions and moving on!
[[93m[1m WARNING [21m[0m] Keep producing negative values! Clipping negative solutions and moving on!
[[93m[1m WARNING [21m[0m] Keep producing negative values! Clipping negative solutions and moving on!
[[93m[1m WARNING [21m[0m] Keep producing negative values! Clipping negative solutions and moving on!
[[93m[1m WARNING [21m[0m] Keep producing negative values! Clipping negative solutions and moving on!
[[93m[1m WARNING [21m[0m] Keep producing negative values! Clipping negative solutions and moving on!
[[93m[1m WARNING [21m[0m] Keep producing negative values! Clipping negative solutions and moving on!
[[93m[1m WARNING [21m[0m] Keep producing negative values! Clipping negative solutions and moving on!
[[93m[1m WARNING [21m[0m] Keep producing negative values! Clipping negative solutions and moving on!
[[93m[1m WARNING [21m[0m] Keep producing negative values! Clipping negative solutions and moving on!
[[93m[1m WARNING [21m[0m] Keep producing negative values! Clipping negative solutions and moving on!
[[93m[1m WARNING [21m[0m] Keep producing negative values! Clipping negative solutions and moving on!
[[93m[1m WARNING [21m[0m] Keep producing negative values! Clipping negative solutions and moving on!
[[93m[1m WARNING [21m[0m] Keep producing negative values! Clipping negative solutions and moving on!
[[93m[1m WARNING [21m[0m] Keep producing negative values! Clipping negative solutions and moving on!
[[93m[1m WARNING [21m[0m] Keep producing negative values! Clipping negative solutions and moving on!
[[93m[1m WARNING [21m[0m] Keep producing negative values! Clipping negative solutions and moving on!
[[93m[1m WARNING [21m[0m] Keep producing negative values! Clipping negative solutions and moving on!
[[93m[1m WARNING [21m[0m] Keep producing negative values! Clipping negative solutions and moving on!
[[93m[1m WARNING [21m[0m] Keep producing negative values! Clipping negative solutions and moving on!
[[93m[1m WARNING [21m[0m] Keep producing negative values! Clipping negative solutions and moving on!
[[93m[1m WARNING [21m[0m] Keep producing negative values! Clipping negative solutions and moving on!
[[93m[1m WARNING [21m[0m] Keep producing negative values! Clipping negative solutions and moving on!
[[93m[1m WARNING [21m[0m] Keep producing negative values! Clipping negative solutions and moving on!
[[93m[1m WARNING [21m[0m] Keep producing negative values! Clipping negative solutions and moving on!
[[93m[1m WARNING [21m[0m] Keep producing negative values! Clipping negative solutions and moving on!
[[93m[1m WARNING [21m[0m] Keep producing negative values! Clipping negative solutions and moving on!
[[93m[1m WARNING [21m[0m] Keep producing negative values! Clipping negative solutions and moving on!
[[93m[1m WARNING [21m[0m] Keep producing negative values! Clipping negative solutions and moving on!
[[93m[1m WARNING [21m[0m] Keep producing negative values! Clipping negative solutions and moving on!
[[93m[1m WARNING [21m[0m] Keep producing negative values! Clipping negative solutions and moving on!
[[93m[1m WARNING [21m[0m] Keep producing negative values! Clipping negative solutions and moving on!
[[93m[1m WARNING [21m[0m] Keep producing negative values! Clipping negative solutions and moving on!
[[93m[1m WARNING [21m[0m] Keep producing negative values! Clipping negative solutions and moving on!
[[93m[1m WARNING [21m[0m] Keep producing negative values! Clipping negative solutions and moving on!
[[93m[1m WARNING [21m[0m] Keep producing negative values! Clipping negative solutions and moving on!
[[93m[1m WARNING [21m[0m] Keep producing negative values! Clipping negative solutions and moving on!
[[93m[1m WARNING [21m[0m] Keep producing negative values! Clipping negative solutions and moving on!
[[93m[1m WARNING [21m[0m] Keep producing negative values! Clipping negative solutions and moving on!
[[93m[1m WARNING [21m[0m] Keep producing negative values! Clipping negative solutions and moving on!
[[93m[1m WARNING [21m[0m] Keep producing negative values! Clipping negative solutions and moving on!
[[93m[1m WARNING [21m[0m] Keep producing negative values! Clipping negative solutions and moving on!
[[93m[1m WARNING [21m[0m] Keep producing negative values! Clipping negative solutions and moving on!
[[93m[1m WARNING [21m[0m] Keep producing negative values! Clipping negative solutions and moving on!
[[93m[1m WARNING [21m[0m] Keep producing negative values! Clipping negative solutions and moving on!
[[93m[1m WARNING [21m[0m] Keep producing negative values! Clipping negative solutions and moving on!
[[93m[1m WARNING [21m[0m] Keep producing negative values! Clipping negative solutions and moving on!
[[93m[1m WARNING [21m[0m] Keep producing negative values! Clipping negative solutions and moving on!
[[93m[1m WARNING [21m[0m] Keep producing negative values! Clipping negative solutions and moving on!
[[93m[1m WARNING [21m[0m] Keep producing negative values! Clipping negative solutions and moving on!
[[32m[1m INFO  [21m[0m] Elapsed time: 1.53e-05 || Step number: 1500/30000
[[32m[1m INFO  [21m[0m] longdy = 1.00e+00      || longdy/dt = 1.00e+00  || dt = 1.00e-08
[[32m[1m INFO  [21m[0m] from nz = 0 and OH
[[32m[1m INFO  [21m[0m] -----------------------------------------------------------------
[[93m[1m WARNING [21m[0m] Keep producing negative values! Clipping negative solutions and moving on!
[[93m[1m WARNING [21m[0m] Keep producing negative values! Clipping negative solutions and moving on!
[[93m[1m WARNING [21m[0m] Keep producing negative values! Clipping negative solutions and moving on!
[[93m[1m WARNING [21m[0m] Keep producing negative values! Clipping negative solutions and moving on!
[[93m[1m WARNING [21m[0m] Keep producing negative values! Clipping negative solutions and moving on!
[[93m[1m WARNING [21m[0m] Keep producing negative values! Clipping negative solutions and moving on!
[[93m[1m WARNING [21m[0m] Keep producing negative values! Clipping negative solutions and moving on!
[[93m[1m WARNING [21m[0m] Keep producing negative values! Clipping negative solutions and moving on!
[[93m[1m WARNING [21m[0m] Keep producing negative values! Clipping negative solutions and moving on!
[[93m[1m WARNING [21m[0m] Keep producing negative values! Clipping negative solutions and moving on!
[[93m[1m WARNING [21m[0m] Keep producing negative values! Clipping negative solutions and moving on!
[[93m[1m WARNING [21m[0m] Keep producing negative values! Clipping negative solutions and moving on!
[[93m[1m WARNING [21m[0m] Keep producing negative values! Clipping negative solutions and moving on!
[[93m[1m WARNING [21m[0m] Keep producing negative values! Clipping negative solutions and moving on!
[[93m[1m WARNING [21m[0m] Keep producing negative values! Clipping negative solutions and moving on!
[[93m[1m WARNING [21m[0m] Keep producing negative values! Clipping negative solutions and moving on!
[[93m[1m WARNING [21m[0m] Keep producing negative values! Clipping negative solutions and moving on!
[[93m[1m WARNING [21m[0m] Keep producing negative values! Clipping negative solutions and moving on!
[[93m[1m WARNING [21m[0m] Keep producing negative values! Clipping negative solutions and moving on!
[[93m[1m WARNING [21m[0m] Keep producing negative values! Clipping negative solutions and moving on!
[[93m[1m WARNING [21m[0m] Keep producing negative values! Clipping negative solutions and moving on!
[[93m[1m WARNING [21m[0m] Keep producing negative values! Clipping negative solutions and moving on!
[[93m[1m WARNING [21m[0m] Keep producing negative values! Clipping negative solutions and moving on!
[[93m[1m WARNING [21m[0m] Keep producing negative values! Clipping negative solutions and moving on!
[[93m[1m WARNING [21m[0m] Keep producing negative values! Clipping negative solutions and moving on!
[[93m[1m WARNING [21m[0m] Keep producing negative values! Clipping negative solutions and moving on!
[[93m[1m WARNING [21m[0m] Keep producing negative values! Clipping negative solutions and moving on!
[[93m[1m WARNING [21m[0m] Keep producing negative values! Clipping negative solutions and moving on!
[[93m[1m WARNING [21m[0m] Keep producing negative values! Clipping negative solutions and moving on!
[[93m[1m WARNING [21m[0m] Keep producing negative values! Clipping negative solutions and moving on!
[[93m[1m WARNING [21m[0m] Keep producing negative values! Clipping negative solutions and moving on!
[[93m[1m WARNING [21m[0m] Keep producing negative values! Clipping negative solutions and moving on!
[[93m[1m WARNING [21m[0m] Keep producing negative values! Clipping negative solutions and moving on!
[[93m[1m WARNING [21m[0m] Keep producing negative values! Clipping negative solutions and moving on!
[[93m[1m WARNING [21m[0m] Keep producing negative values! Clipping negative solutions and moving on!
[[93m[1m WARNING [21m[0m] Keep producing negative values! Clipping negative solutions and moving on!
[[93m[1m WARNING [21m[0m] Keep producing negative values! Clipping negative solutions and moving on!
[[93m[1m WARNING [21m[0m] Keep producing negative values! Clipping negative solutions and moving on!
[[93m[1m WARNING [21m[0m] Keep producing negative values! Clipping negative solutions and moving on!
[[93m[1m WARNING [21m[0m] Keep producing negative values! Clipping negative solutions and moving on!
[[93m[1m WARNING [21m[0m] Keep producing negative values! Clipping negative solutions and moving on!
[[93m[1m WARNING [21m[0m] Keep producing negative values! Clipping negative solutions and moving on!
[[93m[1m WARNING [21m[0m] Keep producing negative values! Clipping negative solutions and moving on!
[[93m[1m WARNING [21m[0m] Keep producing negative values! Clipping negative solutions and moving on!
[[93m[1m WARNING [21m[0m] Keep producing negative values! Clipping negative solutions and moving on!
[[93m[1m WARNING [21m[0m] Keep producing negative values! Clipping negative solutions and moving on!
[[93m[1m WARNING [21m[0m] Keep producing negative values! Clipping negative solutions and moving on!
[[93m[1m WARNING [21m[0m] Keep producing negative values! Clipping negative solutions and moving on!
[[93m[1m WARNING [21m[0m] Keep producing negative values! Clipping negative solutions and moving on!
[[93m[1m WARNING [21m[0m] Keep producing negative values! Clipping negative solutions and moving on!
[[93m[1m WARNING [21m[0m] Keep producing negative values! Clipping negative solutions and moving on!
[[93m[1m WARNING [21m[0m] Keep producing negative values! Clipping negative solutions and moving on!
[[93m[1m WARNING [21m[0m] Keep producing negative values! Clipping negative solutions and moving on!
[[93m[1m WARNING [21m[0m] Keep producing negative values! Clipping negative solutions and moving on!
[[93m[1m WARNING [21m[0m] Keep producing negative values! Clipping negative solutions and moving on!
[[93m[1m WARNING [21m[0m] Keep producing negative values! Clipping negative solutions and moving on!
[[93m[1m WARNING [21m[0m] Keep producing negative values! Clipping negative solutions and moving on!
[[93m[1m WARNING [21m[0m] Keep producing negative values! Clipping negative solutions and moving on!
[[93m[1m WARNING [21m[0m] Keep producing negative values! Clipping negative solutions and moving on!
[[93m[1m WARNING [21m[0m] Keep producing negative values! Clipping negative solutions and moving on!
[[93m[1m WARNING [21m[0m] Keep producing negative values! Clipping negative solutions and moving on!
[[93m[1m WARNING [21m[0m] Keep producing negative values! Clipping negative solutions and moving on!
[[93m[1m WARNING [21m[0m] Keep producing negative values! Clipping negative solutions and moving on!
[[93m[1m WARNING [21m[0m] Keep producing negative values! Clipping negative solutions and moving on!
[[93m[1m WARNING [21m[0m] Keep producing negative values! Clipping negative solutions and moving on!
[[93m[1m WARNING [21m[0m] Keep producing negative values! Clipping negative solutions and moving on!
[[93m[1m WARNING [21m[0m] Keep producing negative values! Clipping negative solutions and moving on!
[[93m[1m WARNING [21m[0m] Keep producing negative values! Clipping negative solutions and moving on!
[[93m[1m WARNING [21m[0m] Keep producing negative values! Clipping negative solutions and moving on!
[[93m[1m WARNING [21m[0m] Keep producing negative values! Clipping negative solutions and moving on!
[[93m[1m WARNING [21m[0m] Keep producing negative values! Clipping negative solutions and moving on!
[[93m[1m WARNING [21m[0m] Keep producing negative values! Clipping negative solutions and moving on!
[[93m[1m WARNING [21m[0m] Keep producing negative values! Clipping negative solutions and moving on!
[[93m[1m WARNING [21m[0m] Keep producing negative values! Clipping negative solutions and moving on!
[[93m[1m WARNING [21m[0m] Keep producing negative values! Clipping negative solutions and moving on!
[[93m[1m WARNING [21m[0m] Keep producing negative values! Clipping negative solutions and moving on!
[[93m[1m WARNING [21m[0m] Keep producing negative values! Clipping negative solutions and moving on!
[[93m[1m WARNING [21m[0m] Keep producing negative values! Clipping negative solutions and moving on!
[[93m[1m WARNING [21m[0m] Keep producing negative values! Clipping negative solutions and moving on!
[[93m[1m WARNING [21m[0m] Keep producing negative values! Clipping negative solutions and moving on!
[[93m[1m WARNING [21m[0m] Keep producing negative values! Clipping negative solutions and moving on!
[[93m[1m WARNING [21m[0m] Keep producing negative values! Clipping negative solutions and moving on!
[[93m[1m WARNING [21m[0m] Keep producing negative values! Clipping negative solutions and moving on!
[[93m[1m WARNING [21m[0m] Keep producing negative values! Clipping negative solutions and moving on!
[[93m[1m WARNING [21m[0m] Keep producing negative values! Clipping negative solutions and moving on!
[[93m[1m WARNING [21m[0m] Keep producing negative values! Clipping negative solutions and moving on!
[[93m[1m WARNING [21m[0m] Keep producing negative values! Clipping negative solutions and moving on!
[[93m[1m WARNING [21m[0m] Keep producing negative values! Clipping negative solutions and moving on!
[[93m[1m WARNING [21m[0m] Keep producing negative values! Clipping negative solutions and moving on!
[[93m[1m WARNING [21m[0m] Keep producing negative values! Clipping negative solutions and moving on!
[[93m[1m WARNING [21m[0m] Keep producing negative values! Clipping negative solutions and moving on!
[[93m[1m WARNING [21m[0m] Keep producing negative values! Clipping negative solutions and moving on!
[[93m[1m WARNING [21m[0m] Keep producing negative values! Clipping negative solutions and moving on!
[[93m[1m WARNING [21m[0m] Keep producing negative values! Clipping negative solutions and moving on!
[[93m[1m WARNING [21m[0m] Keep producing negative values! Clipping negative solutions and moving on!
[[32m[1m INFO  [21m[0m] Elapsed time: 1.63e-05 || Step number: 1600/30000
[[32m[1m INFO  [21m[0m] longdy = 1.00e+00      || longdy/dt = 1.00e+00  || dt = 1.00e-08
[[32m[1m INFO  [21m[0m] from nz = 0 and OH
[[32m[1m INFO  [21m[0m] -----------------------------------------------------------------
[[93m[1m WARNING [21m[0m] Keep producing negative values! Clipping negative solutions and moving on!
[[93m[1m WARNING [21m[0m] Keep producing negative values! Clipping negative solutions and moving on!
[[93m[1m WARNING [21m[0m] Keep producing negative values! Clipping negative solutions and moving on!
[[93m[1m WARNING [21m[0m] Keep producing negative values! Clipping negative solutions and moving on!
[[93m[1m WARNING [21m[0m] Keep producing negative values! Clipping negative solutions and moving on!
[[93m[1m WARNING [21m[0m] Keep producing negative values! Clipping negative solutions and moving on!
[[93m[1m WARNING [21m[0m] Keep producing negative values! Clipping negative solutions and moving on!
[[93m[1m WARNING [21m[0m] Keep producing negative values! Clipping negative solutions and moving on!
[[93m[1m WARNING [21m[0m] Keep producing negative values! Clipping negative solutions and moving on!
[[93m[1m WARNING [21m[0m] Keep producing negative values! Clipping negative solutions and moving on!
[[93m[1m WARNING [21m[0m] Keep producing negative values! Clipping negative solutions and moving on!
[[93m[1m WARNING [21m[0m] Keep producing negative values! Clipping negative solutions and moving on!
[[93m[1m WARNING [21m[0m] Keep producing negative values! Clipping negative solutions and moving on!
[[93m[1m WARNING [21m[0m] Keep producing negative values! Clipping negative solutions and moving on!
[[93m[1m WARNING [21m[0m] Keep producing negative values! Clipping negative solutions and moving on!
[[93m[1m WARNING [21m[0m] Keep producing negative values! Clipping negative solutions and moving on!
[[93m[1m WARNING [21m[0m] Keep producing negative values! Clipping negative solutions and moving on!
[[93m[1m WARNING [21m[0m] Keep producing negative values! Clipping negative solutions and moving on!
[[93m[1m WARNING [21m[0m] Keep producing negative values! Clipping negative solutions and moving on!
[[93m[1m WARNING [21m[0m] Keep producing negative values! Clipping negative solutions and moving on!
[[93m[1m WARNING [21m[0m] Keep producing negative values! Clipping negative solutions and moving on!
[[93m[1m WARNING [21m[0m] Keep producing negative values! Clipping negative solutions and moving on!
[[93m[1m WARNING [21m[0m] Keep producing negative values! Clipping negative solutions and moving on!
[[93m[1m WARNING [21m[0m] Keep producing negative values! Clipping negative solutions and moving on!
[[93m[1m WARNING [21m[0m] Keep producing negative values! Clipping negative solutions and moving on!
[[93m[1m WARNING [21m[0m] Keep producing negative values! Clipping negative solutions and moving on!
[[93m[1m WARNING [21m[0m] Keep producing negative values! Clipping negative solutions and moving on!
[[93m[1m WARNING [21m[0m] Keep producing negative values! Clipping negative solutions and moving on!
[[93m[1m WARNING [21m[0m] Keep producing negative values! Clipping negative solutions and moving on!
[[93m[1m WARNING [21m[0m] Keep producing negative values! Clipping negative solutions and moving on!
[[93m[1m WARNING [21m[0m] Keep producing negative values! Clipping negative solutions and moving on!
[[93m[1m WARNING [21m[0m] Keep producing negative values! Clipping negative solutions and moving on!
[[93m[1m WARNING [21m[0m] Keep producing negative values! Clipping negative solutions and moving on!
[[93m[1m WARNING [21m[0m] Keep producing negative values! Clipping negative solutions and moving on!
[[93m[1m WARNING [21m[0m] Keep producing negative values! Clipping negative solutions and moving on!
[[93m[1m WARNING [21m[0m] Keep producing negative values! Clipping negative solutions and moving on!
[[93m[1m WARNING [21m[0m] Keep producing negative values! Clipping negative solutions and moving on!
[[93m[1m WARNING [21m[0m] Keep producing negative values! Clipping negative solutions and moving on!
[[93m[1m WARNING [21m[0m] Keep producing negative values! Clipping negative solutions and moving on!
[[93m[1m WARNING [21m[0m] Keep producing negative values! Clipping negative solutions and moving on!
[[93m[1m WARNING [21m[0m] Keep producing negative values! Clipping negative solutions and moving on!
[[93m[1m WARNING [21m[0m] Keep producing negative values! Clipping negative solutions and moving on!
[[93m[1m WARNING [21m[0m] Keep producing negative values! Clipping negative solutions and moving on!
[[93m[1m WARNING [21m[0m] Keep producing negative values! Clipping negative solutions and moving on!
[[93m[1m WARNING [21m[0m] Keep producing negative values! Clipping negative solutions and moving on!
[[93m[1m WARNING [21m[0m] Keep producing negative values! Clipping negative solutions and moving on!
[[93m[1m WARNING [21m[0m] Keep producing negative values! Clipping negative solutions and moving on!
[[93m[1m WARNING [21m[0m] Keep producing negative values! Clipping negative solutions and moving on!
[[93m[1m WARNING [21m[0m] Keep producing negative values! Clipping negative solutions and moving on!
[[93m[1m WARNING [21m[0m] Keep producing negative values! Clipping negative solutions and moving on!
[[93m[1m WARNING [21m[0m] Keep producing negative values! Clipping negative solutions and moving on!
[[93m[1m WARNING [21m[0m] Keep producing negative values! Clipping negative solutions and moving on!
[[93m[1m WARNING [21m[0m] Keep producing negative values! Clipping negative solutions and moving on!
[[93m[1m WARNING [21m[0m] Keep producing negative values! Clipping negative solutions and moving on!
[[93m[1m WARNING [21m[0m] Keep producing negative values! Clipping negative solutions and moving on!
[[93m[1m WARNING [21m[0m] Keep producing negative values! Clipping negative solutions and moving on!
[[93m[1m WARNING [21m[0m] Keep producing negative values! Clipping negative solutions and moving on!
[[93m[1m WARNING [21m[0m] Keep producing negative values! Clipping negative solutions and moving on!
[[93m[1m WARNING [21m[0m] Keep producing negative values! Clipping negative solutions and moving on!
[[93m[1m WARNING [21m[0m] Keep producing negative values! Clipping negative solutions and moving on!
[[93m[1m WARNING [21m[0m] Keep producing negative values! Clipping negative solutions and moving on!
[[93m[1m WARNING [21m[0m] Keep producing negative values! Clipping negative solutions and moving on!
[[93m[1m WARNING [21m[0m] Keep producing negative values! Clipping negative solutions and moving on!
[[93m[1m WARNING [21m[0m] Keep producing negative values! Clipping negative solutions and moving on!
[[93m[1m WARNING [21m[0m] Keep producing negative values! Clipping negative solutions and moving on!
[[93m[1m WARNING [21m[0m] Keep producing negative values! Clipping negative solutions and moving on!
[[93m[1m WARNING [21m[0m] Keep producing negative values! Clipping negative solutions and moving on!
[[93m[1m WARNING [21m[0m] Keep producing negative values! Clipping negative solutions and moving on!
[[93m[1m WARNING [21m[0m] Keep producing negative values! Clipping negative solutions and moving on!
[[93m[1m WARNING [21m[0m] Keep producing negative values! Clipping negative solutions and moving on!
[[93m[1m WARNING [21m[0m] Keep producing negative values! Clipping negative solutions and moving on!
[[93m[1m WARNING [21m[0m] Keep producing negative values! Clipping negative solutions and moving on!
[[93m[1m WARNING [21m[0m] Keep producing negative values! Clipping negative solutions and moving on!
[[93m[1m WARNING [21m[0m] Keep producing negative values! Clipping negative solutions and moving on!
[[93m[1m WARNING [21m[0m] Keep producing negative values! Clipping negative solutions and moving on!
[[93m[1m WARNING [21m[0m] Keep producing negative values! Clipping negative solutions and moving on!
[[93m[1m WARNING [21m[0m] Keep producing negative values! Clipping negative solutions and moving on!
[[93m[1m WARNING [21m[0m] Keep producing negative values! Clipping negative solutions and moving on!
[[93m[1m WARNING [21m[0m] Keep producing negative values! Clipping negative solutions and moving on!
[[93m[1m WARNING [21m[0m] Keep producing negative values! Clipping negative solutions and moving on!
[[93m[1m WARNING [21m[0m] Keep producing negative values! Clipping negative solutions and moving on!
[[93m[1m WARNING [21m[0m] Keep producing negative values! Clipping negative solutions and moving on!
[[93m[1m WARNING [21m[0m] Keep producing negative values! Clipping negative solutions and moving on!
[[93m[1m WARNING [21m[0m] Keep producing negative values! Clipping negative solutions and moving on!
[[93m[1m WARNING [21m[0m] Keep producing negative values! Clipping negative solutions and moving on!
[[93m[1m WARNING [21m[0m] Keep producing negative values! Clipping negative solutions and moving on!
[[93m[1m WARNING [21m[0m] Keep producing negative values! Clipping negative solutions and moving on!
[[93m[1m WARNING [21m[0m] Keep producing negative values! Clipping negative solutions and moving on!
[[93m[1m WARNING [21m[0m] Keep producing negative values! Clipping negative solutions and moving on!
[[93m[1m WARNING [21m[0m] Keep producing negative values! Clipping negative solutions and moving on!
[[93m[1m WARNING [21m[0m] Keep producing negative values! Clipping negative solutions and moving on!
[[93m[1m WARNING [21m[0m] Keep producing negative values! Clipping negative solutions and moving on!
[[93m[1m WARNING [21m[0m] Keep producing negative values! Clipping negative solutions and moving on!
[[93m[1m WARNING [21m[0m] Keep producing negative values! Clipping negative solutions and moving on!
[[93m[1m WARNING [21m[0m] Keep producing negative values! Clipping negative solutions and moving on!
[[93m[1m WARNING [21m[0m] Keep producing negative values! Clipping negative solutions and moving on!
[[93m[1m WARNING [21m[0m] Keep producing negative values! Clipping negative solutions and moving on!
[[93m[1m WARNING [21m[0m] Keep producing negative values! Clipping negative solutions and moving on!
[[32m[1m INFO  [21m[0m] Elapsed time: 1.73e-05 || Step number: 1700/30000
[[32m[1m INFO  [21m[0m] longdy = 1.00e+00      || longdy/dt = 1.00e+00  || dt = 1.00e-08
[[32m[1m INFO  [21m[0m] from nz = 0 and OH
[[32m[1m INFO  [21m[0m] -----------------------------------------------------------------
[[93m[1m WARNING [21m[0m] Keep producing negative values! Clipping negative solutions and moving on!
[[93m[1m WARNING [21m[0m] Keep producing negative values! Clipping negative solutions and moving on!
[[93m[1m WARNING [21m[0m] Keep producing negative values! Clipping negative solutions and moving on!
[[93m[1m WARNING [21m[0m] Keep producing negative values! Clipping negative solutions and moving on!
[[93m[1m WARNING [21m[0m] Keep producing negative values! Clipping negative solutions and moving on!
[[93m[1m WARNING [21m[0m] Keep producing negative values! Clipping negative solutions and moving on!
[[93m[1m WARNING [21m[0m] Keep producing negative values! Clipping negative solutions and moving on!
[[93m[1m WARNING [21m[0m] Keep producing negative values! Clipping negative solutions and moving on!
[[93m[1m WARNING [21m[0m] Keep producing negative values! Clipping negative solutions and moving on!
[[93m[1m WARNING [21m[0m] Keep producing negative values! Clipping negative solutions and moving on!
[[93m[1m WARNING [21m[0m] Keep producing negative values! Clipping negative solutions and moving on!
[[93m[1m WARNING [21m[0m] Keep producing negative values! Clipping negative solutions and moving on!
[[93m[1m WARNING [21m[0m] Keep producing negative values! Clipping negative solutions and moving on!
[[93m[1m WARNING [21m[0m] Keep producing negative values! Clipping negative solutions and moving on!
[[93m[1m WARNING [21m[0m] Keep producing negative values! Clipping negative solutions and moving on!
[[93m[1m WARNING [21m[0m] Keep producing negative values! Clipping negative solutions and moving on!
[[93m[1m WARNING [21m[0m] Keep producing negative values! Clipping negative solutions and moving on!
[[93m[1m WARNING [21m[0m] Keep producing negative values! Clipping negative solutions and moving on!
[[93m[1m WARNING [21m[0m] Keep producing negative values! Clipping negative solutions and moving on!
[[93m[1m WARNING [21m[0m] Keep producing negative values! Clipping negative solutions and moving on!
[[93m[1m WARNING [21m[0m] Keep producing negative values! Clipping negative solutions and moving on!
[[93m[1m WARNING [21m[0m] Keep producing negative values! Clipping negative solutions and moving on!
[[93m[1m WARNING [21m[0m] Keep producing negative values! Clipping negative solutions and moving on!
[[93m[1m WARNING [21m[0m] Keep producing negative values! Clipping negative solutions and moving on!
[[93m[1m WARNING [21m[0m] Keep producing negative values! Clipping negative solutions and moving on!
[[93m[1m WARNING [21m[0m] Keep producing negative values! Clipping negative solutions and moving on!
[[93m[1m WARNING [21m[0m] Keep producing negative values! Clipping negative solutions and moving on!
[[93m[1m WARNING [21m[0m] Keep producing negative values! Clipping negative solutions and moving on!
[[93m[1m WARNING [21m[0m] Keep producing negative values! Clipping negative solutions and moving on!
[[93m[1m WARNING [21m[0m] Keep producing negative values! Clipping negative solutions and moving on!
[[93m[1m WARNING [21m[0m] Keep producing negative values! Clipping negative solutions and moving on!
[[93m[1m WARNING [21m[0m] Keep producing negative values! Clipping negative solutions and moving on!
[[93m[1m WARNING [21m[0m] Keep producing negative values! Clipping negative solutions and moving on!
[[93m[1m WARNING [21m[0m] Keep producing negative values! Clipping negative solutions and moving on!
[[93m[1m WARNING [21m[0m] Keep producing negative values! Clipping negative solutions and moving on!
[[93m[1m WARNING [21m[0m] Keep producing negative values! Clipping negative solutions and moving on!
[[93m[1m WARNING [21m[0m] Keep producing negative values! Clipping negative solutions and moving on!
[[93m[1m WARNING [21m[0m] Keep producing negative values! Clipping negative solutions and moving on!
[[93m[1m WARNING [21m[0m] Keep producing negative values! Clipping negative solutions and moving on!
[[93m[1m WARNING [21m[0m] Keep producing negative values! Clipping negative solutions and moving on!
[[93m[1m WARNING [21m[0m] Keep producing negative values! Clipping negative solutions and moving on!
[[93m[1m WARNING [21m[0m] Keep producing negative values! Clipping negative solutions and moving on!
[[93m[1m WARNING [21m[0m] Keep producing negative values! Clipping negative solutions and moving on!
[[93m[1m WARNING [21m[0m] Keep producing negative values! Clipping negative solutions and moving on!
[[93m[1m WARNING [21m[0m] Keep producing negative values! Clipping negative solutions and moving on!
[[93m[1m WARNING [21m[0m] Keep producing negative values! Clipping negative solutions and moving on!
[[93m[1m WARNING [21m[0m] Keep producing negative values! Clipping negative solutions and moving on!
[[93m[1m WARNING [21m[0m] Keep producing negative values! Clipping negative solutions and moving on!
[[93m[1m WARNING [21m[0m] Keep producing negative values! Clipping negative solutions and moving on!
[[93m[1m WARNING [21m[0m] Keep producing negative values! Clipping negative solutions and moving on!
[[93m[1m WARNING [21m[0m] Keep producing negative values! Clipping negative solutions and moving on!
[[93m[1m WARNING [21m[0m] Keep producing negative values! Clipping negative solutions and moving on!
[[93m[1m WARNING [21m[0m] Keep producing negative values! Clipping negative solutions and moving on!
[[93m[1m WARNING [21m[0m] Keep producing negative values! Clipping negative solutions and moving on!
[[93m[1m WARNING [21m[0m] Keep producing negative values! Clipping negative solutions and moving on!
[[93m[1m WARNING [21m[0m] Keep producing negative values! Clipping negative solutions and moving on!
[[93m[1m WARNING [21m[0m] Keep producing negative values! Clipping negative solutions and moving on!
[[93m[1m WARNING [21m[0m] Keep producing negative values! Clipping negative solutions and moving on!
[[93m[1m WARNING [21m[0m] Keep producing negative values! Clipping negative solutions and moving on!
[[93m[1m WARNING [21m[0m] Keep producing negative values! Clipping negative solutions and moving on!
[[93m[1m WARNING [21m[0m] Keep producing negative values! Clipping negative solutions and moving on!
[[93m[1m WARNING [21m[0m] Keep producing negative values! Clipping negative solutions and moving on!
[[93m[1m WARNING [21m[0m] Keep producing negative values! Clipping negative solutions and moving on!
[[93m[1m WARNING [21m[0m] Keep producing negative values! Clipping negative solutions and moving on!
[[93m[1m WARNING [21m[0m] Keep producing negative values! Clipping negative solutions and moving on!
[[93m[1m WARNING [21m[0m] Keep producing negative values! Clipping negative solutions and moving on!
[[93m[1m WARNING [21m[0m] Keep producing negative values! Clipping negative solutions and moving on!
[[93m[1m WARNING [21m[0m] Keep producing negative values! Clipping negative solutions and moving on!
[[93m[1m WARNING [21m[0m] Keep producing negative values! Clipping negative solutions and moving on!
[[93m[1m WARNING [21m[0m] Keep producing negative values! Clipping negative solutions and moving on!
[[93m[1m WARNING [21m[0m] Keep producing negative values! Clipping negative solutions and moving on!
[[93m[1m WARNING [21m[0m] Keep producing negative values! Clipping negative solutions and moving on!
[[93m[1m WARNING [21m[0m] Keep producing negative values! Clipping negative solutions and moving on!
[[93m[1m WARNING [21m[0m] Keep producing negative values! Clipping negative solutions and moving on!
[[93m[1m WARNING [21m[0m] Keep producing negative values! Clipping negative solutions and moving on!
[[93m[1m WARNING [21m[0m] Keep producing negative values! Clipping negative solutions and moving on!
[[93m[1m WARNING [21m[0m] Keep producing negative values! Clipping negative solutions and moving on!
[[93m[1m WARNING [21m[0m] Keep producing negative values! Clipping negative solutions and moving on!
[[93m[1m WARNING [21m[0m] Keep producing negative values! Clipping negative solutions and moving on!
[[93m[1m WARNING [21m[0m] Keep producing negative values! Clipping negative solutions and moving on!
[[93m[1m WARNING [21m[0m] Keep producing negative values! Clipping negative solutions and moving on!
[[93m[1m WARNING [21m[0m] Keep producing negative values! Clipping negative solutions and moving on!
[[93m[1m WARNING [21m[0m] Keep producing negative values! Clipping negative solutions and moving on!
[[93m[1m WARNING [21m[0m] Keep producing negative values! Clipping negative solutions and moving on!
[[93m[1m WARNING [21m[0m] Keep producing negative values! Clipping negative solutions and moving on!
[[93m[1m WARNING [21m[0m] Keep producing negative values! Clipping negative solutions and moving on!
[[93m[1m WARNING [21m[0m] Keep producing negative values! Clipping negative solutions and moving on!
[[93m[1m WARNING [21m[0m] Keep producing negative values! Clipping negative solutions and moving on!
[[93m[1m WARNING [21m[0m] Keep producing negative values! Clipping negative solutions and moving on!
[[93m[1m WARNING [21m[0m] Keep producing negative values! Clipping negative solutions and moving on!
[[93m[1m WARNING [21m[0m] Keep producing negative values! Clipping negative solutions and moving on!
[[93m[1m WARNING [21m[0m] Keep producing negative values! Clipping negative solutions and moving on!
[[93m[1m WARNING [21m[0m] Keep producing negative values! Clipping negative solutions and moving on!
[[93m[1m WARNING [21m[0m] Keep producing negative values! Clipping negative solutions and moving on!
[[93m[1m WARNING [21m[0m] Keep producing negative values! Clipping negative solutions and moving on!
[[93m[1m WARNING [21m[0m] Keep producing negative values! Clipping negative solutions and moving on!
[[93m[1m WARNING [21m[0m] Keep producing negative values! Clipping negative solutions and moving on!
[[93m[1m WARNING [21m[0m] Keep producing negative values! Clipping negative solutions and moving on!
[[93m[1m WARNING [21m[0m] Keep producing negative values! Clipping negative solutions and moving on!
[[32m[1m INFO  [21m[0m] Elapsed time: 1.83e-05 || Step number: 1800/30000
[[32m[1m INFO  [21m[0m] longdy = 1.00e+00      || longdy/dt = 1.00e+00  || dt = 1.00e-08
[[32m[1m INFO  [21m[0m] from nz = 0 and OH
[[32m[1m INFO  [21m[0m] -----------------------------------------------------------------
[[93m[1m WARNING [21m[0m] Keep producing negative values! Clipping negative solutions and moving on!
[[93m[1m WARNING [21m[0m] Keep producing negative values! Clipping negative solutions and moving on!
[[93m[1m WARNING [21m[0m] Keep producing negative values! Clipping negative solutions and moving on!
[[93m[1m WARNING [21m[0m] Keep producing negative values! Clipping negative solutions and moving on!
[[93m[1m WARNING [21m[0m] Keep producing negative values! Clipping negative solutions and moving on!
[[93m[1m WARNING [21m[0m] Keep producing negative values! Clipping negative solutions and moving on!
[[93m[1m WARNING [21m[0m] Keep producing negative values! Clipping negative solutions and moving on!
[[93m[1m WARNING [21m[0m] Keep producing negative values! Clipping negative solutions and moving on!
[[93m[1m WARNING [21m[0m] Keep producing negative values! Clipping negative solutions and moving on!
[[93m[1m WARNING [21m[0m] Keep producing negative values! Clipping negative solutions and moving on!
[[93m[1m WARNING [21m[0m] Keep producing negative values! Clipping negative solutions and moving on!
[[93m[1m WARNING [21m[0m] Keep producing negative values! Clipping negative solutions and moving on!
[[93m[1m WARNING [21m[0m] Keep producing negative values! Clipping negative solutions and moving on!
[[93m[1m WARNING [21m[0m] Keep producing negative values! Clipping negative solutions and moving on!
[[93m[1m WARNING [21m[0m] Keep producing negative values! Clipping negative solutions and moving on!
[[93m[1m WARNING [21m[0m] Keep producing negative values! Clipping negative solutions and moving on!
[[93m[1m WARNING [21m[0m] Keep producing negative values! Clipping negative solutions and moving on!
[[93m[1m WARNING [21m[0m] Keep producing negative values! Clipping negative solutions and moving on!
[[93m[1m WARNING [21m[0m] Keep producing negative values! Clipping negative solutions and moving on!
[[93m[1m WARNING [21m[0m] Keep producing negative values! Clipping negative solutions and moving on!
[[93m[1m WARNING [21m[0m] Keep producing negative values! Clipping negative solutions and moving on!
[[93m[1m WARNING [21m[0m] Keep producing negative values! Clipping negative solutions and moving on!
[[93m[1m WARNING [21m[0m] Keep producing negative values! Clipping negative solutions and moving on!
[[93m[1m WARNING [21m[0m] Keep producing negative values! Clipping negative solutions and moving on!
[[93m[1m WARNING [21m[0m] Keep producing negative values! Clipping negative solutions and moving on!
[[93m[1m WARNING [21m[0m] Keep producing negative values! Clipping negative solutions and moving on!
[[93m[1m WARNING [21m[0m] Keep producing negative values! Clipping negative solutions and moving on!
[[93m[1m WARNING [21m[0m] Keep producing negative values! Clipping negative solutions and moving on!
[[93m[1m WARNING [21m[0m] Keep producing negative values! Clipping negative solutions and moving on!
[[93m[1m WARNING [21m[0m] Keep producing negative values! Clipping negative solutions and moving on!
[[93m[1m WARNING [21m[0m] Keep producing negative values! Clipping negative solutions and moving on!
[[93m[1m WARNING [21m[0m] Keep producing negative values! Clipping negative solutions and moving on!
[[93m[1m WARNING [21m[0m] Keep producing negative values! Clipping negative solutions and moving on!
[[93m[1m WARNING [21m[0m] Keep producing negative values! Clipping negative solutions and moving on!
[[93m[1m WARNING [21m[0m] Keep producing negative values! Clipping negative solutions and moving on!
[[93m[1m WARNING [21m[0m] Keep producing negative values! Clipping negative solutions and moving on!
[[93m[1m WARNING [21m[0m] Keep producing negative values! Clipping negative solutions and moving on!
[[93m[1m WARNING [21m[0m] Keep producing negative values! Clipping negative solutions and moving on!
[[93m[1m WARNING [21m[0m] Keep producing negative values! Clipping negative solutions and moving on!
[[93m[1m WARNING [21m[0m] Keep producing negative values! Clipping negative solutions and moving on!
[[93m[1m WARNING [21m[0m] Keep producing negative values! Clipping negative solutions and moving on!
[[93m[1m WARNING [21m[0m] Keep producing negative values! Clipping negative solutions and moving on!
[[93m[1m WARNING [21m[0m] Keep producing negative values! Clipping negative solutions and moving on!
[[93m[1m WARNING [21m[0m] Keep producing negative values! Clipping negative solutions and moving on!
[[93m[1m WARNING [21m[0m] Keep producing negative values! Clipping negative solutions and moving on!
[[93m[1m WARNING [21m[0m] Keep producing negative values! Clipping negative solutions and moving on!
[[93m[1m WARNING [21m[0m] Keep producing negative values! Clipping negative solutions and moving on!
[[93m[1m WARNING [21m[0m] Keep producing negative values! Clipping negative solutions and moving on!
[[93m[1m WARNING [21m[0m] Keep producing negative values! Clipping negative solutions and moving on!
[[93m[1m WARNING [21m[0m] Keep producing negative values! Clipping negative solutions and moving on!
[[93m[1m WARNING [21m[0m] Keep producing negative values! Clipping negative solutions and moving on!
[[93m[1m WARNING [21m[0m] Keep producing negative values! Clipping negative solutions and moving on!
[[93m[1m WARNING [21m[0m] Keep producing negative values! Clipping negative solutions and moving on!
[[93m[1m WARNING [21m[0m] Keep producing negative values! Clipping negative solutions and moving on!
[[93m[1m WARNING [21m[0m] Keep producing negative values! Clipping negative solutions and moving on!
[[93m[1m WARNING [21m[0m] Keep producing negative values! Clipping negative solutions and moving on!
[[93m[1m WARNING [21m[0m] Keep producing negative values! Clipping negative solutions and moving on!
[[93m[1m WARNING [21m[0m] Keep producing negative values! Clipping negative solutions and moving on!
[[93m[1m WARNING [21m[0m] Keep producing negative values! Clipping negative solutions and moving on!
[[93m[1m WARNING [21m[0m] Keep producing negative values! Clipping negative solutions and moving on!
[[93m[1m WARNING [21m[0m] Keep producing negative values! Clipping negative solutions and moving on!
[[93m[1m WARNING [21m[0m] Keep producing negative values! Clipping negative solutions and moving on!
[[93m[1m WARNING [21m[0m] Keep producing negative values! Clipping negative solutions and moving on!
[[93m[1m WARNING [21m[0m] Keep producing negative values! Clipping negative solutions and moving on!
[[93m[1m WARNING [21m[0m] Keep producing negative values! Clipping negative solutions and moving on!
[[93m[1m WARNING [21m[0m] Keep producing negative values! Clipping negative solutions and moving on!
[[93m[1m WARNING [21m[0m] Keep producing negative values! Clipping negative solutions and moving on!
[[93m[1m WARNING [21m[0m] Keep producing negative values! Clipping negative solutions and moving on!
[[93m[1m WARNING [21m[0m] Keep producing negative values! Clipping negative solutions and moving on!
[[93m[1m WARNING [21m[0m] Keep producing negative values! Clipping negative solutions and moving on!
[[93m[1m WARNING [21m[0m] Keep producing negative values! Clipping negative solutions and moving on!
[[93m[1m WARNING [21m[0m] Keep producing negative values! Clipping negative solutions and moving on!
[[93m[1m WARNING [21m[0m] Keep producing negative values! Clipping negative solutions and moving on!
[[93m[1m WARNING [21m[0m] Keep producing negative values! Clipping negative solutions and moving on!
[[93m[1m WARNING [21m[0m] Keep producing negative values! Clipping negative solutions and moving on!
[[93m[1m WARNING [21m[0m] Keep producing negative values! Clipping negative solutions and moving on!
[[93m[1m WARNING [21m[0m] Keep producing negative values! Clipping negative solutions and moving on!
[[93m[1m WARNING [21m[0m] Keep producing negative values! Clipping negative solutions and moving on!
[[93m[1m WARNING [21m[0m] Keep producing negative values! Clipping negative solutions and moving on!
[[93m[1m WARNING [21m[0m] Keep producing negative values! Clipping negative solutions and moving on!
[[93m[1m WARNING [21m[0m] Keep producing negative values! Clipping negative solutions and moving on!
[[93m[1m WARNING [21m[0m] Keep producing negative values! Clipping negative solutions and moving on!
[[93m[1m WARNING [21m[0m] Keep producing negative values! Clipping negative solutions and moving on!
[[93m[1m WARNING [21m[0m] Keep producing negative values! Clipping negative solutions and moving on!
[[93m[1m WARNING [21m[0m] Keep producing negative values! Clipping negative solutions and moving on!
[[93m[1m WARNING [21m[0m] Keep producing negative values! Clipping negative solutions and moving on!
[[93m[1m WARNING [21m[0m] Keep producing negative values! Clipping negative solutions and moving on!
[[93m[1m WARNING [21m[0m] Keep producing negative values! Clipping negative solutions and moving on!
[[93m[1m WARNING [21m[0m] Keep producing negative values! Clipping negative solutions and moving on!
[[93m[1m WARNING [21m[0m] Keep producing negative values! Clipping negative solutions and moving on!
[[93m[1m WARNING [21m[0m] Keep producing negative values! Clipping negative solutions and moving on!
[[93m[1m WARNING [21m[0m] Keep producing negative values! Clipping negative solutions and moving on!
[[93m[1m WARNING [21m[0m] Keep producing negative values! Clipping negative solutions and moving on!
[[93m[1m WARNING [21m[0m] Keep producing negative values! Clipping negative solutions and moving on!
[[93m[1m WARNING [21m[0m] Keep producing negative values! Clipping negative solutions and moving on!
[[93m[1m WARNING [21m[0m] Keep producing negative values! Clipping negative solutions and moving on!
[[93m[1m WARNING [21m[0m] Keep producing negative values! Clipping negative solutions and moving on!
[[93m[1m WARNING [21m[0m] Keep producing negative values! Clipping negative solutions and moving on!
[[93m[1m WARNING [21m[0m] Keep producing negative values! Clipping negative solutions and moving on!
[[32m[1m INFO  [21m[0m] Elapsed time: 1.93e-05 || Step number: 1900/30000
[[32m[1m INFO  [21m[0m] longdy = 1.00e+00      || longdy/dt = 1.00e+00  || dt = 1.00e-08
[[32m[1m INFO  [21m[0m] from nz = 0 and OH
[[32m[1m INFO  [21m[0m] -----------------------------------------------------------------
[[93m[1m WARNING [21m[0m] Keep producing negative values! Clipping negative solutions and moving on!
[[93m[1m WARNING [21m[0m] Keep producing negative values! Clipping negative solutions and moving on!
[[93m[1m WARNING [21m[0m] Keep producing negative values! Clipping negative solutions and moving on!
[[93m[1m WARNING [21m[0m] Keep producing negative values! Clipping negative solutions and moving on!
[[93m[1m WARNING [21m[0m] Keep producing negative values! Clipping negative solutions and moving on!
[[93m[1m WARNING [21m[0m] Keep producing negative values! Clipping negative solutions and moving on!
[[93m[1m WARNING [21m[0m] Keep producing negative values! Clipping negative solutions and moving on!
[[93m[1m WARNING [21m[0m] Keep producing negative values! Clipping negative solutions and moving on!
[[93m[1m WARNING [21m[0m] Keep producing negative values! Clipping negative solutions and moving on!
[[93m[1m WARNING [21m[0m] Keep producing negative values! Clipping negative solutions and moving on!
[[93m[1m WARNING [21m[0m] Keep producing negative values! Clipping negative solutions and moving on!
[[93m[1m WARNING [21m[0m] Keep producing negative values! Clipping negative solutions and moving on!
[[93m[1m WARNING [21m[0m] Keep producing negative values! Clipping negative solutions and moving on!
[[93m[1m WARNING [21m[0m] Keep producing negative values! Clipping negative solutions and moving on!
[[93m[1m WARNING [21m[0m] Keep producing negative values! Clipping negative solutions and moving on!
[[93m[1m WARNING [21m[0m] Keep producing negative values! Clipping negative solutions and moving on!
[[93m[1m WARNING [21m[0m] Keep producing negative values! Clipping negative solutions and moving on!
[[93m[1m WARNING [21m[0m] Keep producing negative values! Clipping negative solutions and moving on!
[[93m[1m WARNING [21m[0m] Keep producing negative values! Clipping negative solutions and moving on!
[[93m[1m WARNING [21m[0m] Keep producing negative values! Clipping negative solutions and moving on!
[[93m[1m WARNING [21m[0m] Keep producing negative values! Clipping negative solutions and moving on!
[[93m[1m WARNING [21m[0m] Keep producing negative values! Clipping negative solutions and moving on!
[[93m[1m WARNING [21m[0m] Keep producing negative values! Clipping negative solutions and moving on!
[[93m[1m WARNING [21m[0m] Keep producing negative values! Clipping negative solutions and moving on!
[[93m[1m WARNING [21m[0m] Keep producing negative values! Clipping negative solutions and moving on!
[[93m[1m WARNING [21m[0m] Keep producing negative values! Clipping negative solutions and moving on!
[[93m[1m WARNING [21m[0m] Keep producing negative values! Clipping negative solutions and moving on!
[[93m[1m WARNING [21m[0m] Keep producing negative values! Clipping negative solutions and moving on!
[[93m[1m WARNING [21m[0m] Keep producing negative values! Clipping negative solutions and moving on!
[[93m[1m WARNING [21m[0m] Keep producing negative values! Clipping negative solutions and moving on!
[[93m[1m WARNING [21m[0m] Keep producing negative values! Clipping negative solutions and moving on!
[[93m[1m WARNING [21m[0m] Keep producing negative values! Clipping negative solutions and moving on!
[[93m[1m WARNING [21m[0m] Keep producing negative values! Clipping negative solutions and moving on!
[[93m[1m WARNING [21m[0m] Keep producing negative values! Clipping negative solutions and moving on!
[[93m[1m WARNING [21m[0m] Keep producing negative values! Clipping negative solutions and moving on!
[[93m[1m WARNING [21m[0m] Keep producing negative values! Clipping negative solutions and moving on!
[[93m[1m WARNING [21m[0m] Keep producing negative values! Clipping negative solutions and moving on!
[[93m[1m WARNING [21m[0m] Keep producing negative values! Clipping negative solutions and moving on!
[[93m[1m WARNING [21m[0m] Keep producing negative values! Clipping negative solutions and moving on!
[[93m[1m WARNING [21m[0m] Keep producing negative values! Clipping negative solutions and moving on!
[[93m[1m WARNING [21m[0m] Keep producing negative values! Clipping negative solutions and moving on!
[[93m[1m WARNING [21m[0m] Keep producing negative values! Clipping negative solutions and moving on!
[[93m[1m WARNING [21m[0m] Keep producing negative values! Clipping negative solutions and moving on!
[[93m[1m WARNING [21m[0m] Keep producing negative values! Clipping negative solutions and moving on!
[[93m[1m WARNING [21m[0m] Keep producing negative values! Clipping negative solutions and moving on!
[[93m[1m WARNING [21m[0m] Keep producing negative values! Clipping negative solutions and moving on!
[[93m[1m WARNING [21m[0m] Keep producing negative values! Clipping negative solutions and moving on!
[[93m[1m WARNING [21m[0m] Keep producing negative values! Clipping negative solutions and moving on!
[[93m[1m WARNING [21m[0m] Keep producing negative values! Clipping negative solutions and moving on!
[[93m[1m WARNING [21m[0m] Keep producing negative values! Clipping negative solutions and moving on!
[[93m[1m WARNING [21m[0m] Keep producing negative values! Clipping negative solutions and moving on!
[[93m[1m WARNING [21m[0m] Keep producing negative values! Clipping negative solutions and moving on!
[[93m[1m WARNING [21m[0m] Keep producing negative values! Clipping negative solutions and moving on!
[[93m[1m WARNING [21m[0m] Keep producing negative values! Clipping negative solutions and moving on!
[[93m[1m WARNING [21m[0m] Keep producing negative values! Clipping negative solutions and moving on!
[[93m[1m WARNING [21m[0m] Keep producing negative values! Clipping negative solutions and moving on!
[[93m[1m WARNING [21m[0m] Keep producing negative values! Clipping negative solutions and moving on!
[[93m[1m WARNING [21m[0m] Keep producing negative values! Clipping negative solutions and moving on!
[[93m[1m WARNING [21m[0m] Keep producing negative values! Clipping negative solutions and moving on!
[[93m[1m WARNING [21m[0m] Keep producing negative values! Clipping negative solutions and moving on!
[[93m[1m WARNING [21m[0m] Keep producing negative values! Clipping negative solutions and moving on!
[[93m[1m WARNING [21m[0m] Keep producing negative values! Clipping negative solutions and moving on!
[[93m[1m WARNING [21m[0m] Keep producing negative values! Clipping negative solutions and moving on!
[[93m[1m WARNING [21m[0m] Keep producing negative values! Clipping negative solutions and moving on!
[[93m[1m WARNING [21m[0m] Keep producing negative values! Clipping negative solutions and moving on!
[[93m[1m WARNING [21m[0m] Keep producing negative values! Clipping negative solutions and moving on!
[[93m[1m WARNING [21m[0m] Keep producing negative values! Clipping negative solutions and moving on!
[[93m[1m WARNING [21m[0m] Keep producing negative values! Clipping negative solutions and moving on!
[[93m[1m WARNING [21m[0m] Keep producing negative values! Clipping negative solutions and moving on!
[[93m[1m WARNING [21m[0m] Keep producing negative values! Clipping negative solutions and moving on!
[[93m[1m WARNING [21m[0m] Keep producing negative values! Clipping negative solutions and moving on!
[[93m[1m WARNING [21m[0m] Keep producing negative values! Clipping negative solutions and moving on!
[[93m[1m WARNING [21m[0m] Keep producing negative values! Clipping negative solutions and moving on!
[[93m[1m WARNING [21m[0m] Keep producing negative values! Clipping negative solutions and moving on!
[[93m[1m WARNING [21m[0m] Keep producing negative values! Clipping negative solutions and moving on!
[[93m[1m WARNING [21m[0m] Keep producing negative values! Clipping negative solutions and moving on!
[[93m[1m WARNING [21m[0m] Keep producing negative values! Clipping negative solutions and moving on!
[[93m[1m WARNING [21m[0m] Keep producing negative values! Clipping negative solutions and moving on!
[[93m[1m WARNING [21m[0m] Keep producing negative values! Clipping negative solutions and moving on!
[[93m[1m WARNING [21m[0m] Keep producing negative values! Clipping negative solutions and moving on!
[[93m[1m WARNING [21m[0m] Keep producing negative values! Clipping negative solutions and moving on!
[[93m[1m WARNING [21m[0m] Keep producing negative values! Clipping negative solutions and moving on!
[[93m[1m WARNING [21m[0m] Keep producing negative values! Clipping negative solutions and moving on!
[[93m[1m WARNING [21m[0m] Keep producing negative values! Clipping negative solutions and moving on!
[[93m[1m WARNING [21m[0m] Keep producing negative values! Clipping negative solutions and moving on!
[[93m[1m WARNING [21m[0m] Keep producing negative values! Clipping negative solutions and moving on!
[[93m[1m WARNING [21m[0m] Keep producing negative values! Clipping negative solutions and moving on!
[[93m[1m WARNING [21m[0m] Keep producing negative values! Clipping negative solutions and moving on!
[[93m[1m WARNING [21m[0m] Keep producing negative values! Clipping negative solutions and moving on!
[[93m[1m WARNING [21m[0m] Keep producing negative values! Clipping negative solutions and moving on!
[[93m[1m WARNING [21m[0m] Keep producing negative values! Clipping negative solutions and moving on!
[[93m[1m WARNING [21m[0m] Keep producing negative values! Clipping negative solutions and moving on!
[[93m[1m WARNING [21m[0m] Keep producing negative values! Clipping negative solutions and moving on!
[[93m[1m WARNING [21m[0m] Keep producing negative values! Clipping negative solutions and moving on!
[[93m[1m WARNING [21m[0m] Keep producing negative values! Clipping negative solutions and moving on!
[[93m[1m WARNING [21m[0m] Keep producing negative values! Clipping negative solutions and moving on!
[[93m[1m WARNING [21m[0m] Keep producing negative values! Clipping negative solutions and moving on!
[[93m[1m WARNING [21m[0m] Keep producing negative values! Clipping negative solutions and moving on!
[[32m[1m INFO  [21m[0m] Elapsed time: 2.03e-05 || Step number: 2000/30000
[[32m[1m INFO  [21m[0m] longdy = 1.00e+00      || longdy/dt = 1.00e+00  || dt = 1.00e-08
[[32m[1m INFO  [21m[0m] from nz = 0 and OH
[[32m[1m INFO  [21m[0m] -----------------------------------------------------------------
[[93m[1m WARNING [21m[0m] Keep producing negative values! Clipping negative solutions and moving on!
[[93m[1m WARNING [21m[0m] Keep producing negative values! Clipping negative solutions and moving on!
[[93m[1m WARNING [21m[0m] Keep producing negative values! Clipping negative solutions and moving on!
[[93m[1m WARNING [21m[0m] Keep producing negative values! Clipping negative solutions and moving on!
[[93m[1m WARNING [21m[0m] Keep producing negative values! Clipping negative solutions and moving on!
[[93m[1m WARNING [21m[0m] Keep producing negative values! Clipping negative solutions and moving on!
[[93m[1m WARNING [21m[0m] Keep producing negative values! Clipping negative solutions and moving on!
[[93m[1m WARNING [21m[0m] Keep producing negative values! Clipping negative solutions and moving on!
[[93m[1m WARNING [21m[0m] Keep producing negative values! Clipping negative solutions and moving on!
[[93m[1m WARNING [21m[0m] Keep producing negative values! Clipping negative solutions and moving on!
[[93m[1m WARNING [21m[0m] Keep producing negative values! Clipping negative solutions and moving on!
[[93m[1m WARNING [21m[0m] Keep producing negative values! Clipping negative solutions and moving on!
[[93m[1m WARNING [21m[0m] Keep producing negative values! Clipping negative solutions and moving on!
[[93m[1m WARNING [21m[0m] Keep producing negative values! Clipping negative solutions and moving on!
[[93m[1m WARNING [21m[0m] Keep producing negative values! Clipping negative solutions and moving on!
[[93m[1m WARNING [21m[0m] Keep producing negative values! Clipping negative solutions and moving on!
[[93m[1m WARNING [21m[0m] Keep producing negative values! Clipping negative solutions and moving on!
[[93m[1m WARNING [21m[0m] Keep producing negative values! Clipping negative solutions and moving on!
[[93m[1m WARNING [21m[0m] Keep producing negative values! Clipping negative solutions and moving on!
[[93m[1m WARNING [21m[0m] Keep producing negative values! Clipping negative solutions and moving on!
[[93m[1m WARNING [21m[0m] Keep producing negative values! Clipping negative solutions and moving on!
[[93m[1m WARNING [21m[0m] Keep producing negative values! Clipping negative solutions and moving on!
[[93m[1m WARNING [21m[0m] Keep producing negative values! Clipping negative solutions and moving on!
[[93m[1m WARNING [21m[0m] Keep producing negative values! Clipping negative solutions and moving on!
[[93m[1m WARNING [21m[0m] Keep producing negative values! Clipping negative solutions and moving on!
[[93m[1m WARNING [21m[0m] Keep producing negative values! Clipping negative solutions and moving on!
[[93m[1m WARNING [21m[0m] Keep producing negative values! Clipping negative solutions and moving on!
[[93m[1m WARNING [21m[0m] Keep producing negative values! Clipping negative solutions and moving on!
[[93m[1m WARNING [21m[0m] Keep producing negative values! Clipping negative solutions and moving on!
[[93m[1m WARNING [21m[0m] Keep producing negative values! Clipping negative solutions and moving on!
[[93m[1m WARNING [21m[0m] Keep producing negative values! Clipping negative solutions and moving on!
[[93m[1m WARNING [21m[0m] Keep producing negative values! Clipping negative solutions and moving on!
[[93m[1m WARNING [21m[0m] Keep producing negative values! Clipping negative solutions and moving on!
[[93m[1m WARNING [21m[0m] Keep producing negative values! Clipping negative solutions and moving on!
[[93m[1m WARNING [21m[0m] Keep producing negative values! Clipping negative solutions and moving on!
[[93m[1m WARNING [21m[0m] Keep producing negative values! Clipping negative solutions and moving on!
[[93m[1m WARNING [21m[0m] Keep producing negative values! Clipping negative solutions and moving on!
[[93m[1m WARNING [21m[0m] Keep producing negative values! Clipping negative solutions and moving on!
[[93m[1m WARNING [21m[0m] Keep producing negative values! Clipping negative solutions and moving on!
[[93m[1m WARNING [21m[0m] Keep producing negative values! Clipping negative solutions and moving on!
[[93m[1m WARNING [21m[0m] Keep producing negative values! Clipping negative solutions and moving on!
[[93m[1m WARNING [21m[0m] Keep producing negative values! Clipping negative solutions and moving on!
[[93m[1m WARNING [21m[0m] Keep producing negative values! Clipping negative solutions and moving on!
[[93m[1m WARNING [21m[0m] Keep producing negative values! Clipping negative solutions and moving on!
[[93m[1m WARNING [21m[0m] Keep producing negative values! Clipping negative solutions and moving on!
[[93m[1m WARNING [21m[0m] Keep producing negative values! Clipping negative solutions and moving on!
[[93m[1m WARNING [21m[0m] Keep producing negative values! Clipping negative solutions and moving on!
[[93m[1m WARNING [21m[0m] Keep producing negative values! Clipping negative solutions and moving on!
[[93m[1m WARNING [21m[0m] Keep producing negative values! Clipping negative solutions and moving on!
[[93m[1m WARNING [21m[0m] Keep producing negative values! Clipping negative solutions and moving on!
[[93m[1m WARNING [21m[0m] Keep producing negative values! Clipping negative solutions and moving on!
[[93m[1m WARNING [21m[0m] Keep producing negative values! Clipping negative solutions and moving on!
[[93m[1m WARNING [21m[0m] Keep producing negative values! Clipping negative solutions and moving on!
[[93m[1m WARNING [21m[0m] Keep producing negative values! Clipping negative solutions and moving on!
[[93m[1m WARNING [21m[0m] Keep producing negative values! Clipping negative solutions and moving on!
[[93m[1m WARNING [21m[0m] Keep producing negative values! Clipping negative solutions and moving on!
[[93m[1m WARNING [21m[0m] Keep producing negative values! Clipping negative solutions and moving on!
[[93m[1m WARNING [21m[0m] Keep producing negative values! Clipping negative solutions and moving on!
[[93m[1m WARNING [21m[0m] Keep producing negative values! Clipping negative solutions and moving on!
[[93m[1m WARNING [21m[0m] Keep producing negative values! Clipping negative solutions and moving on!
[[93m[1m WARNING [21m[0m] Keep producing negative values! Clipping negative solutions and moving on!
[[93m[1m WARNING [21m[0m] Keep producing negative values! Clipping negative solutions and moving on!
[[93m[1m WARNING [21m[0m] Keep producing negative values! Clipping negative solutions and moving on!
[[93m[1m WARNING [21m[0m] Keep producing negative values! Clipping negative solutions and moving on!
[[93m[1m WARNING [21m[0m] Keep producing negative values! Clipping negative solutions and moving on!
[[93m[1m WARNING [21m[0m] Keep producing negative values! Clipping negative solutions and moving on!
[[93m[1m WARNING [21m[0m] Keep producing negative values! Clipping negative solutions and moving on!
[[93m[1m WARNING [21m[0m] Keep producing negative values! Clipping negative solutions and moving on!
[[93m[1m WARNING [21m[0m] Keep producing negative values! Clipping negative solutions and moving on!
[[93m[1m WARNING [21m[0m] Keep producing negative values! Clipping negative solutions and moving on!
[[93m[1m WARNING [21m[0m] Keep producing negative values! Clipping negative solutions and moving on!
[[93m[1m WARNING [21m[0m] Keep producing negative values! Clipping negative solutions and moving on!
[[93m[1m WARNING [21m[0m] Keep producing negative values! Clipping negative solutions and moving on!
[[93m[1m WARNING [21m[0m] Keep producing negative values! Clipping negative solutions and moving on!
[[93m[1m WARNING [21m[0m] Keep producing negative values! Clipping negative solutions and moving on!
[[93m[1m WARNING [21m[0m] Keep producing negative values! Clipping negative solutions and moving on!
[[93m[1m WARNING [21m[0m] Keep producing negative values! Clipping negative solutions and moving on!
[[93m[1m WARNING [21m[0m] Keep producing negative values! Clipping negative solutions and moving on!
[[93m[1m WARNING [21m[0m] Keep producing negative values! Clipping negative solutions and moving on!
[[93m[1m WARNING [21m[0m] Keep producing negative values! Clipping negative solutions and moving on!
[[93m[1m WARNING [21m[0m] Keep producing negative values! Clipping negative solutions and moving on!
[[93m[1m WARNING [21m[0m] Keep producing negative values! Clipping negative solutions and moving on!
[[93m[1m WARNING [21m[0m] Keep producing negative values! Clipping negative solutions and moving on!
[[93m[1m WARNING [21m[0m] Keep producing negative values! Clipping negative solutions and moving on!
[[93m[1m WARNING [21m[0m] Keep producing negative values! Clipping negative solutions and moving on!
[[93m[1m WARNING [21m[0m] Keep producing negative values! Clipping negative solutions and moving on!
[[93m[1m WARNING [21m[0m] Keep producing negative values! Clipping negative solutions and moving on!
[[93m[1m WARNING [21m[0m] Keep producing negative values! Clipping negative solutions and moving on!
[[93m[1m WARNING [21m[0m] Keep producing negative values! Clipping negative solutions and moving on!
[[93m[1m WARNING [21m[0m] Keep producing negative values! Clipping negative solutions and moving on!
[[93m[1m WARNING [21m[0m] Keep producing negative values! Clipping negative solutions and moving on!
[[93m[1m WARNING [21m[0m] Keep producing negative values! Clipping negative solutions and moving on!
[[93m[1m WARNING [21m[0m] Keep producing negative values! Clipping negative solutions and moving on!
[[93m[1m WARNING [21m[0m] Keep producing negative values! Clipping negative solutions and moving on!
[[93m[1m WARNING [21m[0m] Keep producing negative values! Clipping negative solutions and moving on!
[[93m[1m WARNING [21m[0m] Keep producing negative values! Clipping negative solutions and moving on!
[[32m[1m INFO  [21m[0m] Elapsed time: 2.13e-05 || Step number: 2100/30000
[[32m[1m INFO  [21m[0m] longdy = 1.00e+00      || longdy/dt = 1.00e+00  || dt = 1.00e-08
[[32m[1m INFO  [21m[0m] from nz = 0 and OH
[[32m[1m INFO  [21m[0m] -----------------------------------------------------------------
[[93m[1m WARNING [21m[0m] Keep producing negative values! Clipping negative solutions and moving on!
[[93m[1m WARNING [21m[0m] Keep producing negative values! Clipping negative solutions and moving on!
[[93m[1m WARNING [21m[0m] Keep producing negative values! Clipping negative solutions and moving on!
[[93m[1m WARNING [21m[0m] Keep producing negative values! Clipping negative solutions and moving on!
[[93m[1m WARNING [21m[0m] Keep producing negative values! Clipping negative solutions and moving on!
[[93m[1m WARNING [21m[0m] Keep producing negative values! Clipping negative solutions and moving on!
[[93m[1m WARNING [21m[0m] Keep producing negative values! Clipping negative solutions and moving on!
[[93m[1m WARNING [21m[0m] Keep producing negative values! Clipping negative solutions and moving on!
[[93m[1m WARNING [21m[0m] Keep producing negative values! Clipping negative solutions and moving on!
[[93m[1m WARNING [21m[0m] Keep producing negative values! Clipping negative solutions and moving on!
[[93m[1m WARNING [21m[0m] Keep producing negative values! Clipping negative solutions and moving on!
[[93m[1m WARNING [21m[0m] Keep producing negative values! Clipping negative solutions and moving on!
[[93m[1m WARNING [21m[0m] Keep producing negative values! Clipping negative solutions and moving on!
[[93m[1m WARNING [21m[0m] Keep producing negative values! Clipping negative solutions and moving on!
[[93m[1m WARNING [21m[0m] Keep producing negative values! Clipping negative solutions and moving on!
[[93m[1m WARNING [21m[0m] Keep producing negative values! Clipping negative solutions and moving on!
[[93m[1m WARNING [21m[0m] Keep producing negative values! Clipping negative solutions and moving on!
[[93m[1m WARNING [21m[0m] Keep producing negative values! Clipping negative solutions and moving on!
[[93m[1m WARNING [21m[0m] Keep producing negative values! Clipping negative solutions and moving on!
[[93m[1m WARNING [21m[0m] Keep producing negative values! Clipping negative solutions and moving on!
[[93m[1m WARNING [21m[0m] Keep producing negative values! Clipping negative solutions and moving on!
[[93m[1m WARNING [21m[0m] Keep producing negative values! Clipping negative solutions and moving on!
[[93m[1m WARNING [21m[0m] Keep producing negative values! Clipping negative solutions and moving on!
[[93m[1m WARNING [21m[0m] Keep producing negative values! Clipping negative solutions and moving on!
[[93m[1m WARNING [21m[0m] Keep producing negative values! Clipping negative solutions and moving on!
[[93m[1m WARNING [21m[0m] Keep producing negative values! Clipping negative solutions and moving on!
[[93m[1m WARNING [21m[0m] Keep producing negative values! Clipping negative solutions and moving on!
[[93m[1m WARNING [21m[0m] Keep producing negative values! Clipping negative solutions and moving on!
[[93m[1m WARNING [21m[0m] Keep producing negative values! Clipping negative solutions and moving on!
[[93m[1m WARNING [21m[0m] Keep producing negative values! Clipping negative solutions and moving on!
[[93m[1m WARNING [21m[0m] Keep producing negative values! Clipping negative solutions and moving on!
[[93m[1m WARNING [21m[0m] Keep producing negative values! Clipping negative solutions and moving on!
[[93m[1m WARNING [21m[0m] Keep producing negative values! Clipping negative solutions and moving on!
[[93m[1m WARNING [21m[0m] Keep producing negative values! Clipping negative solutions and moving on!
[[93m[1m WARNING [21m[0m] Keep producing negative values! Clipping negative solutions and moving on!
[[93m[1m WARNING [21m[0m] Keep producing negative values! Clipping negative solutions and moving on!
[[93m[1m WARNING [21m[0m] Keep producing negative values! Clipping negative solutions and moving on!
[[93m[1m WARNING [21m[0m] Keep producing negative values! Clipping negative solutions and moving on!
[[93m[1m WARNING [21m[0m] Keep producing negative values! Clipping negative solutions and moving on!
[[93m[1m WARNING [21m[0m] Keep producing negative values! Clipping negative solutions and moving on!
[[93m[1m WARNING [21m[0m] Keep producing negative values! Clipping negative solutions and moving on!
[[93m[1m WARNING [21m[0m] Keep producing negative values! Clipping negative solutions and moving on!
[[93m[1m WARNING [21m[0m] Keep producing negative values! Clipping negative solutions and moving on!
[[93m[1m WARNING [21m[0m] Keep producing negative values! Clipping negative solutions and moving on!
[[93m[1m WARNING [21m[0m] Keep producing negative values! Clipping negative solutions and moving on!
[[93m[1m WARNING [21m[0m] Keep producing negative values! Clipping negative solutions and moving on!
[[93m[1m WARNING [21m[0m] Keep producing negative values! Clipping negative solutions and moving on!
[[93m[1m WARNING [21m[0m] Keep producing negative values! Clipping negative solutions and moving on!
[[93m[1m WARNING [21m[0m] Keep producing negative values! Clipping negative solutions and moving on!
[[93m[1m WARNING [21m[0m] Keep producing negative values! Clipping negative solutions and moving on!
[[93m[1m WARNING [21m[0m] Keep producing negative values! Clipping negative solutions and moving on!
[[93m[1m WARNING [21m[0m] Keep producing negative values! Clipping negative solutions and moving on!
[[93m[1m WARNING [21m[0m] Keep producing negative values! Clipping negative solutions and moving on!
[[93m[1m WARNING [21m[0m] Keep producing negative values! Clipping negative solutions and moving on!
[[93m[1m WARNING [21m[0m] Keep producing negative values! Clipping negative solutions and moving on!
[[93m[1m WARNING [21m[0m] Keep producing negative values! Clipping negative solutions and moving on!
[[93m[1m WARNING [21m[0m] Keep producing negative values! Clipping negative solutions and moving on!
[[93m[1m WARNING [21m[0m] Keep producing negative values! Clipping negative solutions and moving on!
[[93m[1m WARNING [21m[0m] Keep producing negative values! Clipping negative solutions and moving on!
[[93m[1m WARNING [21m[0m] Keep producing negative values! Clipping negative solutions and moving on!
[[93m[1m WARNING [21m[0m] Keep producing negative values! Clipping negative solutions and moving on!
[[93m[1m WARNING [21m[0m] Keep producing negative values! Clipping negative solutions and moving on!
[[93m[1m WARNING [21m[0m] Keep producing negative values! Clipping negative solutions and moving on!
[[93m[1m WARNING [21m[0m] Keep producing negative values! Clipping negative solutions and moving on!
[[93m[1m WARNING [21m[0m] Keep producing negative values! Clipping negative solutions and moving on!
[[93m[1m WARNING [21m[0m] Keep producing negative values! Clipping negative solutions and moving on!
[[93m[1m WARNING [21m[0m] Keep producing negative values! Clipping negative solutions and moving on!
[[93m[1m WARNING [21m[0m] Keep producing negative values! Clipping negative solutions and moving on!
[[93m[1m WARNING [21m[0m] Keep producing negative values! Clipping negative solutions and moving on!
[[93m[1m WARNING [21m[0m] Keep producing negative values! Clipping negative solutions and moving on!
[[93m[1m WARNING [21m[0m] Keep producing negative values! Clipping negative solutions and moving on!
[[93m[1m WARNING [21m[0m] Keep producing negative values! Clipping negative solutions and moving on!
[[93m[1m WARNING [21m[0m] Keep producing negative values! Clipping negative solutions and moving on!
[[93m[1m WARNING [21m[0m] Keep producing negative values! Clipping negative solutions and moving on!
[[93m[1m WARNING [21m[0m] Keep producing negative values! Clipping negative solutions and moving on!
[[93m[1m WARNING [21m[0m] Keep producing negative values! Clipping negative solutions and moving on!
[[93m[1m WARNING [21m[0m] Keep producing negative values! Clipping negative solutions and moving on!
[[93m[1m WARNING [21m[0m] Keep producing negative values! Clipping negative solutions and moving on!
[[93m[1m WARNING [21m[0m] Keep producing negative values! Clipping negative solutions and moving on!
[[93m[1m WARNING [21m[0m] Keep producing negative values! Clipping negative solutions and moving on!
[[93m[1m WARNING [21m[0m] Keep producing negative values! Clipping negative solutions and moving on!
[[93m[1m WARNING [21m[0m] Keep producing negative values! Clipping negative solutions and moving on!
[[93m[1m WARNING [21m[0m] Keep producing negative values! Clipping negative solutions and moving on!
[[93m[1m WARNING [21m[0m] Keep producing negative values! Clipping negative solutions and moving on!
[[93m[1m WARNING [21m[0m] Keep producing negative values! Clipping negative solutions and moving on!
[[93m[1m WARNING [21m[0m] Keep producing negative values! Clipping negative solutions and moving on!
[[93m[1m WARNING [21m[0m] Keep producing negative values! Clipping negative solutions and moving on!
[[93m[1m WARNING [21m[0m] Keep producing negative values! Clipping negative solutions and moving on!
[[93m[1m WARNING [21m[0m] Keep producing negative values! Clipping negative solutions and moving on!
[[93m[1m WARNING [21m[0m] Keep producing negative values! Clipping negative solutions and moving on!
[[93m[1m WARNING [21m[0m] Keep producing negative values! Clipping negative solutions and moving on!
[[93m[1m WARNING [21m[0m] Keep producing negative values! Clipping negative solutions and moving on!
[[93m[1m WARNING [21m[0m] Keep producing negative values! Clipping negative solutions and moving on!
[[32m[1m INFO  [21m[0m] Elapsed time: 2.23e-05 || Step number: 2200/30000
[[32m[1m INFO  [21m[0m] longdy = 1.00e+00      || longdy/dt = 1.00e+00  || dt = 1.00e-08
[[32m[1m INFO  [21m[0m] from nz = 0 and OH
[[32m[1m INFO  [21m[0m] -----------------------------------------------------------------
[[93m[1m WARNING [21m[0m] Keep producing negative values! Clipping negative solutions and moving on!
[[93m[1m WARNING [21m[0m] Keep producing negative values! Clipping negative solutions and moving on!
[[93m[1m WARNING [21m[0m] Keep producing negative values! Clipping negative solutions and moving on!
[[93m[1m WARNING [21m[0m] Keep producing negative values! Clipping negative solutions and moving on!
[[93m[1m WARNING [21m[0m] Keep producing negative values! Clipping negative solutions and moving on!
[[93m[1m WARNING [21m[0m] Keep producing negative values! Clipping negative solutions and moving on!
[[93m[1m WARNING [21m[0m] Keep producing negative values! Clipping negative solutions and moving on!
[[93m[1m WARNING [21m[0m] Keep producing negative values! Clipping negative solutions and moving on!
[[93m[1m WARNING [21m[0m] Keep producing negative values! Clipping negative solutions and moving on!
[[93m[1m WARNING [21m[0m] Keep producing negative values! Clipping negative solutions and moving on!
[[93m[1m WARNING [21m[0m] Keep producing negative values! Clipping negative solutions and moving on!
[[93m[1m WARNING [21m[0m] Keep producing negative values! Clipping negative solutions and moving on!
[[93m[1m WARNING [21m[0m] Keep producing negative values! Clipping negative solutions and moving on!
[[93m[1m WARNING [21m[0m] Keep producing negative values! Clipping negative solutions and moving on!
[[93m[1m WARNING [21m[0m] Keep producing negative values! Clipping negative solutions and moving on!
[[93m[1m WARNING [21m[0m] Keep producing negative values! Clipping negative solutions and moving on!
[[93m[1m WARNING [21m[0m] Keep producing negative values! Clipping negative solutions and moving on!
[[93m[1m WARNING [21m[0m] Keep producing negative values! Clipping negative solutions and moving on!
[[93m[1m WARNING [21m[0m] Keep producing negative values! Clipping negative solutions and moving on!
[[93m[1m WARNING [21m[0m] Keep producing negative values! Clipping negative solutions and moving on!
[[93m[1m WARNING [21m[0m] Keep producing negative values! Clipping negative solutions and moving on!
[[93m[1m WARNING [21m[0m] Keep producing negative values! Clipping negative solutions and moving on!
[[93m[1m WARNING [21m[0m] Keep producing negative values! Clipping negative solutions and moving on!
[[93m[1m WARNING [21m[0m] Keep producing negative values! Clipping negative solutions and moving on!
[[93m[1m WARNING [21m[0m] Keep producing negative values! Clipping negative solutions and moving on!
[[93m[1m WARNING [21m[0m] Keep producing negative values! Clipping negative solutions and moving on!
[[93m[1m WARNING [21m[0m] Keep producing negative values! Clipping negative solutions and moving on!
[[93m[1m WARNING [21m[0m] Keep producing negative values! Clipping negative solutions and moving on!
[[93m[1m WARNING [21m[0m] Keep producing negative values! Clipping negative solutions and moving on!
[[93m[1m WARNING [21m[0m] Keep producing negative values! Clipping negative solutions and moving on!
[[93m[1m WARNING [21m[0m] Keep producing negative values! Clipping negative solutions and moving on!
[[93m[1m WARNING [21m[0m] Keep producing negative values! Clipping negative solutions and moving on!
[[93m[1m WARNING [21m[0m] Keep producing negative values! Clipping negative solutions and moving on!
[[93m[1m WARNING [21m[0m] Keep producing negative values! Clipping negative solutions and moving on!
[[93m[1m WARNING [21m[0m] Keep producing negative values! Clipping negative solutions and moving on!
[[93m[1m WARNING [21m[0m] Keep producing negative values! Clipping negative solutions and moving on!
[[93m[1m WARNING [21m[0m] Keep producing negative values! Clipping negative solutions and moving on!
[[93m[1m WARNING [21m[0m] Keep producing negative values! Clipping negative solutions and moving on!
[[93m[1m WARNING [21m[0m] Keep producing negative values! Clipping negative solutions and moving on!
[[93m[1m WARNING [21m[0m] Keep producing negative values! Clipping negative solutions and moving on!
[[93m[1m WARNING [21m[0m] Keep producing negative values! Clipping negative solutions and moving on!
[[93m[1m WARNING [21m[0m] Keep producing negative values! Clipping negative solutions and moving on!
[[93m[1m WARNING [21m[0m] Keep producing negative values! Clipping negative solutions and moving on!
[[93m[1m WARNING [21m[0m] Keep producing negative values! Clipping negative solutions and moving on!
[[93m[1m WARNING [21m[0m] Keep producing negative values! Clipping negative solutions and moving on!
[[93m[1m WARNING [21m[0m] Keep producing negative values! Clipping negative solutions and moving on!
[[93m[1m WARNING [21m[0m] Keep producing negative values! Clipping negative solutions and moving on!
[[93m[1m WARNING [21m[0m] Keep producing negative values! Clipping negative solutions and moving on!
[[93m[1m WARNING [21m[0m] Keep producing negative values! Clipping negative solutions and moving on!
[[93m[1m WARNING [21m[0m] Keep producing negative values! Clipping negative solutions and moving on!
[[93m[1m WARNING [21m[0m] Keep producing negative values! Clipping negative solutions and moving on!
[[93m[1m WARNING [21m[0m] Keep producing negative values! Clipping negative solutions and moving on!
[[93m[1m WARNING [21m[0m] Keep producing negative values! Clipping negative solutions and moving on!
[[93m[1m WARNING [21m[0m] Keep producing negative values! Clipping negative solutions and moving on!
[[93m[1m WARNING [21m[0m] Keep producing negative values! Clipping negative solutions and moving on!
[[93m[1m WARNING [21m[0m] Keep producing negative values! Clipping negative solutions and moving on!
[[93m[1m WARNING [21m[0m] Keep producing negative values! Clipping negative solutions and moving on!
[[93m[1m WARNING [21m[0m] Keep producing negative values! Clipping negative solutions and moving on!
[[93m[1m WARNING [21m[0m] Keep producing negative values! Clipping negative solutions and moving on!
[[93m[1m WARNING [21m[0m] Keep producing negative values! Clipping negative solutions and moving on!
[[93m[1m WARNING [21m[0m] Keep producing negative values! Clipping negative solutions and moving on!
[[93m[1m WARNING [21m[0m] Keep producing negative values! Clipping negative solutions and moving on!
[[93m[1m WARNING [21m[0m] Keep producing negative values! Clipping negative solutions and moving on!
[[93m[1m WARNING [21m[0m] Keep producing negative values! Clipping negative solutions and moving on!
[[93m[1m WARNING [21m[0m] Keep producing negative values! Clipping negative solutions and moving on!
[[93m[1m WARNING [21m[0m] Keep producing negative values! Clipping negative solutions and moving on!
[[93m[1m WARNING [21m[0m] Keep producing negative values! Clipping negative solutions and moving on!
[[93m[1m WARNING [21m[0m] Keep producing negative values! Clipping negative solutions and moving on!
[[93m[1m WARNING [21m[0m] Keep producing negative values! Clipping negative solutions and moving on!
[[93m[1m WARNING [21m[0m] Keep producing negative values! Clipping negative solutions and moving on!
[[93m[1m WARNING [21m[0m] Keep producing negative values! Clipping negative solutions and moving on!
[[93m[1m WARNING [21m[0m] Keep producing negative values! Clipping negative solutions and moving on!
[[93m[1m WARNING [21m[0m] Keep producing negative values! Clipping negative solutions and moving on!
[[93m[1m WARNING [21m[0m] Keep producing negative values! Clipping negative solutions and moving on!
[[93m[1m WARNING [21m[0m] Keep producing negative values! Clipping negative solutions and moving on!
[[93m[1m WARNING [21m[0m] Keep producing negative values! Clipping negative solutions and moving on!
[[93m[1m WARNING [21m[0m] Keep producing negative values! Clipping negative solutions and moving on!
[[93m[1m WARNING [21m[0m] Keep producing negative values! Clipping negative solutions and moving on!
[[93m[1m WARNING [21m[0m] Keep producing negative values! Clipping negative solutions and moving on!
[[93m[1m WARNING [21m[0m] Keep producing negative values! Clipping negative solutions and moving on!
[[93m[1m WARNING [21m[0m] Keep producing negative values! Clipping negative solutions and moving on!
[[93m[1m WARNING [21m[0m] Keep producing negative values! Clipping negative solutions and moving on!
[[93m[1m WARNING [21m[0m] Keep producing negative values! Clipping negative solutions and moving on!
[[93m[1m WARNING [21m[0m] Keep producing negative values! Clipping negative solutions and moving on!
[[93m[1m WARNING [21m[0m] Keep producing negative values! Clipping negative solutions and moving on!
[[93m[1m WARNING [21m[0m] Keep producing negative values! Clipping negative solutions and moving on!
[[93m[1m WARNING [21m[0m] Keep producing negative values! Clipping negative solutions and moving on!
[[93m[1m WARNING [21m[0m] Keep producing negative values! Clipping negative solutions and moving on!
[[93m[1m WARNING [21m[0m] Keep producing negative values! Clipping negative solutions and moving on!
[[93m[1m WARNING [21m[0m] Keep producing negative values! Clipping negative solutions and moving on!
[[32m[1m INFO  [21m[0m] Elapsed time: 2.33e-05 || Step number: 2300/30000
[[32m[1m INFO  [21m[0m] longdy = 1.00e+00      || longdy/dt = 1.00e+00  || dt = 1.00e-08
[[32m[1m INFO  [21m[0m] from nz = 0 and OH
[[32m[1m INFO  [21m[0m] -----------------------------------------------------------------
[[93m[1m WARNING [21m[0m] Keep producing negative values! Clipping negative solutions and moving on!
[[93m[1m WARNING [21m[0m] Keep producing negative values! Clipping negative solutions and moving on!
[[93m[1m WARNING [21m[0m] Keep producing negative values! Clipping negative solutions and moving on!
[[93m[1m WARNING [21m[0m] Keep producing negative values! Clipping negative solutions and moving on!
[[93m[1m WARNING [21m[0m] Keep producing negative values! Clipping negative solutions and moving on!
[[93m[1m WARNING [21m[0m] Keep producing negative values! Clipping negative solutions and moving on!
[[93m[1m WARNING [21m[0m] Keep producing negative values! Clipping negative solutions and moving on!
[[93m[1m WARNING [21m[0m] Keep producing negative values! Clipping negative solutions and moving on!
[[93m[1m WARNING [21m[0m] Keep producing negative values! Clipping negative solutions and moving on!
[[93m[1m WARNING [21m[0m] Keep producing negative values! Clipping negative solutions and moving on!
[[93m[1m WARNING [21m[0m] Keep producing negative values! Clipping negative solutions and moving on!
[[93m[1m WARNING [21m[0m] Keep producing negative values! Clipping negative solutions and moving on!
[[93m[1m WARNING [21m[0m] Keep producing negative values! Clipping negative solutions and moving on!
[[93m[1m WARNING [21m[0m] Keep producing negative values! Clipping negative solutions and moving on!
[[93m[1m WARNING [21m[0m] Keep producing negative values! Clipping negative solutions and moving on!
[[93m[1m WARNING [21m[0m] Keep producing negative values! Clipping negative solutions and moving on!
[[93m[1m WARNING [21m[0m] Keep producing negative values! Clipping negative solutions and moving on!
[[93m[1m WARNING [21m[0m] Keep producing negative values! Clipping negative solutions and moving on!
[[93m[1m WARNING [21m[0m] Keep producing negative values! Clipping negative solutions and moving on!
[[93m[1m WARNING [21m[0m] Keep producing negative values! Clipping negative solutions and moving on!
[[93m[1m WARNING [21m[0m] Keep producing negative values! Clipping negative solutions and moving on!
[[93m[1m WARNING [21m[0m] Keep producing negative values! Clipping negative solutions and moving on!
[[93m[1m WARNING [21m[0m] Keep producing negative values! Clipping negative solutions and moving on!
[[93m[1m WARNING [21m[0m] Keep producing negative values! Clipping negative solutions and moving on!
[[93m[1m WARNING [21m[0m] Keep producing negative values! Clipping negative solutions and moving on!
[[93m[1m WARNING [21m[0m] Keep producing negative values! Clipping negative solutions and moving on!
[[93m[1m WARNING [21m[0m] Keep producing negative values! Clipping negative solutions and moving on!
[[93m[1m WARNING [21m[0m] Keep producing negative values! Clipping negative solutions and moving on!
[[93m[1m WARNING [21m[0m] Keep producing negative values! Clipping negative solutions and moving on!
[[93m[1m WARNING [21m[0m] Keep producing negative values! Clipping negative solutions and moving on!
[[93m[1m WARNING [21m[0m] Keep producing negative values! Clipping negative solutions and moving on!
[[93m[1m WARNING [21m[0m] Keep producing negative values! Clipping negative solutions and moving on!
[[93m[1m WARNING [21m[0m] Keep producing negative values! Clipping negative solutions and moving on!
[[93m[1m WARNING [21m[0m] Keep producing negative values! Clipping negative solutions and moving on!
[[93m[1m WARNING [21m[0m] Keep producing negative values! Clipping negative solutions and moving on!
[[93m[1m WARNING [21m[0m] Keep producing negative values! Clipping negative solutions and moving on!
[[93m[1m WARNING [21m[0m] Keep producing negative values! Clipping negative solutions and moving on!
[[93m[1m WARNING [21m[0m] Keep producing negative values! Clipping negative solutions and moving on!
[[93m[1m WARNING [21m[0m] Keep producing negative values! Clipping negative solutions and moving on!
[[93m[1m WARNING [21m[0m] Keep producing negative values! Clipping negative solutions and moving on!
[[93m[1m WARNING [21m[0m] Keep producing negative values! Clipping negative solutions and moving on!
[[93m[1m WARNING [21m[0m] Keep producing negative values! Clipping negative solutions and moving on!
[[93m[1m WARNING [21m[0m] Keep producing negative values! Clipping negative solutions and moving on!
[[93m[1m WARNING [21m[0m] Keep producing negative values! Clipping negative solutions and moving on!
[[93m[1m WARNING [21m[0m] Keep producing negative values! Clipping negative solutions and moving on!
[[93m[1m WARNING [21m[0m] Keep producing negative values! Clipping negative solutions and moving on!
[[93m[1m WARNING [21m[0m] Keep producing negative values! Clipping negative solutions and moving on!
[[93m[1m WARNING [21m[0m] Keep producing negative values! Clipping negative solutions and moving on!
[[93m[1m WARNING [21m[0m] Keep producing negative values! Clipping negative solutions and moving on!
[[93m[1m WARNING [21m[0m] Keep producing negative values! Clipping negative solutions and moving on!
[[93m[1m WARNING [21m[0m] Keep producing negative values! Clipping negative solutions and moving on!
[[93m[1m WARNING [21m[0m] Keep producing negative values! Clipping negative solutions and moving on!
[[93m[1m WARNING [21m[0m] Keep producing negative values! Clipping negative solutions and moving on!
[[93m[1m WARNING [21m[0m] Keep producing negative values! Clipping negative solutions and moving on!
[[93m[1m WARNING [21m[0m] Keep producing negative values! Clipping negative solutions and moving on!
[[93m[1m WARNING [21m[0m] Keep producing negative values! Clipping negative solutions and moving on!
[[93m[1m WARNING [21m[0m] Keep producing negative values! Clipping negative solutions and moving on!
[[93m[1m WARNING [21m[0m] Keep producing negative values! Clipping negative solutions and moving on!
[[93m[1m WARNING [21m[0m] Keep producing negative values! Clipping negative solutions and moving on!
[[93m[1m WARNING [21m[0m] Keep producing negative values! Clipping negative solutions and moving on!
[[93m[1m WARNING [21m[0m] Keep producing negative values! Clipping negative solutions and moving on!
[[93m[1m WARNING [21m[0m] Keep producing negative values! Clipping negative solutions and moving on!
[[93m[1m WARNING [21m[0m] Keep producing negative values! Clipping negative solutions and moving on!
[[93m[1m WARNING [21m[0m] Keep producing negative values! Clipping negative solutions and moving on!
[[93m[1m WARNING [21m[0m] Keep producing negative values! Clipping negative solutions and moving on!
[[93m[1m WARNING [21m[0m] Keep producing negative values! Clipping negative solutions and moving on!
[[93m[1m WARNING [21m[0m] Keep producing negative values! Clipping negative solutions and moving on!
[[93m[1m WARNING [21m[0m] Keep producing negative values! Clipping negative solutions and moving on!
[[93m[1m WARNING [21m[0m] Keep producing negative values! Clipping negative solutions and moving on!
[[93m[1m WARNING [21m[0m] Keep producing negative values! Clipping negative solutions and moving on!
[[93m[1m WARNING [21m[0m] Keep producing negative values! Clipping negative solutions and moving on!
[[93m[1m WARNING [21m[0m] Keep producing negative values! Clipping negative solutions and moving on!
[[93m[1m WARNING [21m[0m] Keep producing negative values! Clipping negative solutions and moving on!
[[93m[1m WARNING [21m[0m] Keep producing negative values! Clipping negative solutions and moving on!
[[93m[1m WARNING [21m[0m] Keep producing negative values! Clipping negative solutions and moving on!
[[93m[1m WARNING [21m[0m] Keep producing negative values! Clipping negative solutions and moving on!
[[93m[1m WARNING [21m[0m] Keep producing negative values! Clipping negative solutions and moving on!
[[93m[1m WARNING [21m[0m] Keep producing negative values! Clipping negative solutions and moving on!
[[93m[1m WARNING [21m[0m] Keep producing negative values! Clipping negative solutions and moving on!
[[93m[1m WARNING [21m[0m] Keep producing negative values! Clipping negative solutions and moving on!
[[93m[1m WARNING [21m[0m] Keep producing negative values! Clipping negative solutions and moving on!
[[93m[1m WARNING [21m[0m] Keep producing negative values! Clipping negative solutions and moving on!
[[93m[1m WARNING [21m[0m] Keep producing negative values! Clipping negative solutions and moving on!
[[93m[1m WARNING [21m[0m] Keep producing negative values! Clipping negative solutions and moving on!
[[93m[1m WARNING [21m[0m] Keep producing negative values! Clipping negative solutions and moving on!
[[93m[1m WARNING [21m[0m] Keep producing negative values! Clipping negative solutions and moving on!
[[93m[1m WARNING [21m[0m] Keep producing negative values! Clipping negative solutions and moving on!
[[93m[1m WARNING [21m[0m] Keep producing negative values! Clipping negative solutions and moving on!
[[93m[1m WARNING [21m[0m] Keep producing negative values! Clipping negative solutions and moving on!
[[93m[1m WARNING [21m[0m] Keep producing negative values! Clipping negative solutions and moving on!
[[93m[1m WARNING [21m[0m] Keep producing negative values! Clipping negative solutions and moving on!
[[93m[1m WARNING [21m[0m] Keep producing negative values! Clipping negative solutions and moving on!
[[93m[1m WARNING [21m[0m] Keep producing negative values! Clipping negative solutions and moving on!
[[32m[1m INFO  [21m[0m] Elapsed time: 2.43e-05 || Step number: 2400/30000
[[32m[1m INFO  [21m[0m] longdy = 1.00e+00      || longdy/dt = 1.00e+00  || dt = 1.00e-08
[[32m[1m INFO  [21m[0m] from nz = 0 and OH
[[32m[1m INFO  [21m[0m] -----------------------------------------------------------------
[[93m[1m WARNING [21m[0m] Keep producing negative values! Clipping negative solutions and moving on!
[[93m[1m WARNING [21m[0m] Keep producing negative values! Clipping negative solutions and moving on!
[[93m[1m WARNING [21m[0m] Keep producing negative values! Clipping negative solutions and moving on!
[[93m[1m WARNING [21m[0m] Keep producing negative values! Clipping negative solutions and moving on!
[[93m[1m WARNING [21m[0m] Keep producing negative values! Clipping negative solutions and moving on!
[[93m[1m WARNING [21m[0m] Keep producing negative values! Clipping negative solutions and moving on!
[[93m[1m WARNING [21m[0m] Keep producing negative values! Clipping negative solutions and moving on!
[[93m[1m WARNING [21m[0m] Keep producing negative values! Clipping negative solutions and moving on!
[[93m[1m WARNING [21m[0m] Keep producing negative values! Clipping negative solutions and moving on!
[[93m[1m WARNING [21m[0m] Keep producing negative values! Clipping negative solutions and moving on!
[[93m[1m WARNING [21m[0m] Keep producing negative values! Clipping negative solutions and moving on!
[[93m[1m WARNING [21m[0m] Keep producing negative values! Clipping negative solutions and moving on!
[[93m[1m WARNING [21m[0m] Keep producing negative values! Clipping negative solutions and moving on!
[[93m[1m WARNING [21m[0m] Keep producing negative values! Clipping negative solutions and moving on!
[[93m[1m WARNING [21m[0m] Keep producing negative values! Clipping negative solutions and moving on!
[[93m[1m WARNING [21m[0m] Keep producing negative values! Clipping negative solutions and moving on!
[[93m[1m WARNING [21m[0m] Keep producing negative values! Clipping negative solutions and moving on!
[[93m[1m WARNING [21m[0m] Keep producing negative values! Clipping negative solutions and moving on!
[[93m[1m WARNING [21m[0m] Keep producing negative values! Clipping negative solutions and moving on!
[[93m[1m WARNING [21m[0m] Keep producing negative values! Clipping negative solutions and moving on!
[[93m[1m WARNING [21m[0m] Keep producing negative values! Clipping negative solutions and moving on!
[[93m[1m WARNING [21m[0m] Keep producing negative values! Clipping negative solutions and moving on!
[[93m[1m WARNING [21m[0m] Keep producing negative values! Clipping negative solutions and moving on!
[[93m[1m WARNING [21m[0m] Keep producing negative values! Clipping negative solutions and moving on!
[[93m[1m WARNING [21m[0m] Keep producing negative values! Clipping negative solutions and moving on!
[[93m[1m WARNING [21m[0m] Keep producing negative values! Clipping negative solutions and moving on!
[[93m[1m WARNING [21m[0m] Keep producing negative values! Clipping negative solutions and moving on!
[[93m[1m WARNING [21m[0m] Keep producing negative values! Clipping negative solutions and moving on!
[[93m[1m WARNING [21m[0m] Keep producing negative values! Clipping negative solutions and moving on!
[[93m[1m WARNING [21m[0m] Keep producing negative values! Clipping negative solutions and moving on!
[[93m[1m WARNING [21m[0m] Keep producing negative values! Clipping negative solutions and moving on!
[[93m[1m WARNING [21m[0m] Keep producing negative values! Clipping negative solutions and moving on!
[[93m[1m WARNING [21m[0m] Keep producing negative values! Clipping negative solutions and moving on!
[[93m[1m WARNING [21m[0m] Keep producing negative values! Clipping negative solutions and moving on!
[[93m[1m WARNING [21m[0m] Keep producing negative values! Clipping negative solutions and moving on!
[[93m[1m WARNING [21m[0m] Keep producing negative values! Clipping negative solutions and moving on!
[[93m[1m WARNING [21m[0m] Keep producing negative values! Clipping negative solutions and moving on!
[[93m[1m WARNING [21m[0m] Keep producing negative values! Clipping negative solutions and moving on!
[[93m[1m WARNING [21m[0m] Keep producing negative values! Clipping negative solutions and moving on!
[[93m[1m WARNING [21m[0m] Keep producing negative values! Clipping negative solutions and moving on!
[[93m[1m WARNING [21m[0m] Keep producing negative values! Clipping negative solutions and moving on!
[[93m[1m WARNING [21m[0m] Keep producing negative values! Clipping negative solutions and moving on!
[[93m[1m WARNING [21m[0m] Keep producing negative values! Clipping negative solutions and moving on!
[[93m[1m WARNING [21m[0m] Keep producing negative values! Clipping negative solutions and moving on!
[[93m[1m WARNING [21m[0m] Keep producing negative values! Clipping negative solutions and moving on!
[[93m[1m WARNING [21m[0m] Keep producing negative values! Clipping negative solutions and moving on!
[[93m[1m WARNING [21m[0m] Keep producing negative values! Clipping negative solutions and moving on!
[[93m[1m WARNING [21m[0m] Keep producing negative values! Clipping negative solutions and moving on!
[[93m[1m WARNING [21m[0m] Keep producing negative values! Clipping negative solutions and moving on!
[[93m[1m WARNING [21m[0m] Keep producing negative values! Clipping negative solutions and moving on!
[[93m[1m WARNING [21m[0m] Keep producing negative values! Clipping negative solutions and moving on!
[[93m[1m WARNING [21m[0m] Keep producing negative values! Clipping negative solutions and moving on!
[[93m[1m WARNING [21m[0m] Keep producing negative values! Clipping negative solutions and moving on!
[[93m[1m WARNING [21m[0m] Keep producing negative values! Clipping negative solutions and moving on!
[[93m[1m WARNING [21m[0m] Keep producing negative values! Clipping negative solutions and moving on!
[[93m[1m WARNING [21m[0m] Keep producing negative values! Clipping negative solutions and moving on!
[[93m[1m WARNING [21m[0m] Keep producing negative values! Clipping negative solutions and moving on!
[[93m[1m WARNING [21m[0m] Keep producing negative values! Clipping negative solutions and moving on!
[[93m[1m WARNING [21m[0m] Keep producing negative values! Clipping negative solutions and moving on!
[[93m[1m WARNING [21m[0m] Keep producing negative values! Clipping negative solutions and moving on!
[[93m[1m WARNING [21m[0m] Keep producing negative values! Clipping negative solutions and moving on!
[[93m[1m WARNING [21m[0m] Keep producing negative values! Clipping negative solutions and moving on!
[[93m[1m WARNING [21m[0m] Keep producing negative values! Clipping negative solutions and moving on!
[[93m[1m WARNING [21m[0m] Keep producing negative values! Clipping negative solutions and moving on!
[[93m[1m WARNING [21m[0m] Keep producing negative values! Clipping negative solutions and moving on!
[[93m[1m WARNING [21m[0m] Keep producing negative values! Clipping negative solutions and moving on!
[[93m[1m WARNING [21m[0m] Keep producing negative values! Clipping negative solutions and moving on!
[[93m[1m WARNING [21m[0m] Keep producing negative values! Clipping negative solutions and moving on!
[[93m[1m WARNING [21m[0m] Keep producing negative values! Clipping negative solutions and moving on!
[[93m[1m WARNING [21m[0m] Keep producing negative values! Clipping negative solutions and moving on!
[[93m[1m WARNING [21m[0m] Keep producing negative values! Clipping negative solutions and moving on!
[[93m[1m WARNING [21m[0m] Keep producing negative values! Clipping negative solutions and moving on!
[[93m[1m WARNING [21m[0m] Keep producing negative values! Clipping negative solutions and moving on!
[[93m[1m WARNING [21m[0m] Keep producing negative values! Clipping negative solutions and moving on!
[[93m[1m WARNING [21m[0m] Keep producing negative values! Clipping negative solutions and moving on!
[[93m[1m WARNING [21m[0m] Keep producing negative values! Clipping negative solutions and moving on!
[[93m[1m WARNING [21m[0m] Keep producing negative values! Clipping negative solutions and moving on!
[[93m[1m WARNING [21m[0m] Keep producing negative values! Clipping negative solutions and moving on!
[[93m[1m WARNING [21m[0m] Keep producing negative values! Clipping negative solutions and moving on!
[[93m[1m WARNING [21m[0m] Keep producing negative values! Clipping negative solutions and moving on!
[[93m[1m WARNING [21m[0m] Keep producing negative values! Clipping negative solutions and moving on!
[[93m[1m WARNING [21m[0m] Keep producing negative values! Clipping negative solutions and moving on!
[[93m[1m WARNING [21m[0m] Keep producing negative values! Clipping negative solutions and moving on!
[[93m[1m WARNING [21m[0m] Keep producing negative values! Clipping negative solutions and moving on!
[[93m[1m WARNING [21m[0m] Keep producing negative values! Clipping negative solutions and moving on!
[[93m[1m WARNING [21m[0m] Keep producing negative values! Clipping negative solutions and moving on!
[[93m[1m WARNING [21m[0m] Keep producing negative values! Clipping negative solutions and moving on!
[[32m[1m INFO  [21m[0m] Elapsed time: 2.53e-05 || Step number: 2500/30000
[[32m[1m INFO  [21m[0m] longdy = 1.00e+00      || longdy/dt = 1.00e+00  || dt = 1.00e-08
[[32m[1m INFO  [21m[0m] from nz = 0 and OH
[[32m[1m INFO  [21m[0m] -----------------------------------------------------------------
[[93m[1m WARNING [21m[0m] Keep producing negative values! Clipping negative solutions and moving on!
[[93m[1m WARNING [21m[0m] Keep producing negative values! Clipping negative solutions and moving on!
[[93m[1m WARNING [21m[0m] Keep producing negative values! Clipping negative solutions and moving on!
[[93m[1m WARNING [21m[0m] Keep producing negative values! Clipping negative solutions and moving on!
[[93m[1m WARNING [21m[0m] Keep producing negative values! Clipping negative solutions and moving on!
[[93m[1m WARNING [21m[0m] Keep producing negative values! Clipping negative solutions and moving on!
[[93m[1m WARNING [21m[0m] Keep producing negative values! Clipping negative solutions and moving on!
[[93m[1m WARNING [21m[0m] Keep producing negative values! Clipping negative solutions and moving on!
[[93m[1m WARNING [21m[0m] Keep producing negative values! Clipping negative solutions and moving on!
[[93m[1m WARNING [21m[0m] Keep producing negative values! Clipping negative solutions and moving on!
[[93m[1m WARNING [21m[0m] Keep producing negative values! Clipping negative solutions and moving on!
[[93m[1m WARNING [21m[0m] Keep producing negative values! Clipping negative solutions and moving on!
[[93m[1m WARNING [21m[0m] Keep producing negative values! Clipping negative solutions and moving on!
[[93m[1m WARNING [21m[0m] Keep producing negative values! Clipping negative solutions and moving on!
[[93m[1m WARNING [21m[0m] Keep producing negative values! Clipping negative solutions and moving on!
[[93m[1m WARNING [21m[0m] Keep producing negative values! Clipping negative solutions and moving on!
[[93m[1m WARNING [21m[0m] Keep producing negative values! Clipping negative solutions and moving on!
[[93m[1m WARNING [21m[0m] Keep producing negative values! Clipping negative solutions and moving on!
[[93m[1m WARNING [21m[0m] Keep producing negative values! Clipping negative solutions and moving on!
[[93m[1m WARNING [21m[0m] Keep producing negative values! Clipping negative solutions and moving on!
[[93m[1m WARNING [21m[0m] Keep producing negative values! Clipping negative solutions and moving on!
[[93m[1m WARNING [21m[0m] Keep producing negative values! Clipping negative solutions and moving on!
[[93m[1m WARNING [21m[0m] Keep producing negative values! Clipping negative solutions and moving on!
[[93m[1m WARNING [21m[0m] Keep producing negative values! Clipping negative solutions and moving on!
[[93m[1m WARNING [21m[0m] Keep producing negative values! Clipping negative solutions and moving on!
[[93m[1m WARNING [21m[0m] Keep producing negative values! Clipping negative solutions and moving on!
[[93m[1m WARNING [21m[0m] Keep producing negative values! Clipping negative solutions and moving on!
[[93m[1m WARNING [21m[0m] Keep producing negative values! Clipping negative solutions and moving on!
[[93m[1m WARNING [21m[0m] Keep producing negative values! Clipping negative solutions and moving on!
[[93m[1m WARNING [21m[0m] Keep producing negative values! Clipping negative solutions and moving on!
[[93m[1m WARNING [21m[0m] Keep producing negative values! Clipping negative solutions and moving on!
[[93m[1m WARNING [21m[0m] Keep producing negative values! Clipping negative solutions and moving on!
[[93m[1m WARNING [21m[0m] Keep producing negative values! Clipping negative solutions and moving on!
[[93m[1m WARNING [21m[0m] Keep producing negative values! Clipping negative solutions and moving on!
[[93m[1m WARNING [21m[0m] Keep producing negative values! Clipping negative solutions and moving on!
[[93m[1m WARNING [21m[0m] Keep producing negative values! Clipping negative solutions and moving on!
[[93m[1m WARNING [21m[0m] Keep producing negative values! Clipping negative solutions and moving on!
[[93m[1m WARNING [21m[0m] Keep producing negative values! Clipping negative solutions and moving on!
[[93m[1m WARNING [21m[0m] Keep producing negative values! Clipping negative solutions and moving on!
[[93m[1m WARNING [21m[0m] Keep producing negative values! Clipping negative solutions and moving on!
[[93m[1m WARNING [21m[0m] Keep producing negative values! Clipping negative solutions and moving on!
[[93m[1m WARNING [21m[0m] Keep producing negative values! Clipping negative solutions and moving on!
[[93m[1m WARNING [21m[0m] Keep producing negative values! Clipping negative solutions and moving on!
[[93m[1m WARNING [21m[0m] Keep producing negative values! Clipping negative solutions and moving on!
[[93m[1m WARNING [21m[0m] Keep producing negative values! Clipping negative solutions and moving on!
[[93m[1m WARNING [21m[0m] Keep producing negative values! Clipping negative solutions and moving on!
[[93m[1m WARNING [21m[0m] Keep producing negative values! Clipping negative solutions and moving on!
[[93m[1m WARNING [21m[0m] Keep producing negative values! Clipping negative solutions and moving on!
[[93m[1m WARNING [21m[0m] Keep producing negative values! Clipping negative solutions and moving on!
[[93m[1m WARNING [21m[0m] Keep producing negative values! Clipping negative solutions and moving on!
[[93m[1m WARNING [21m[0m] Keep producing negative values! Clipping negative solutions and moving on!
[[93m[1m WARNING [21m[0m] Keep producing negative values! Clipping negative solutions and moving on!
[[93m[1m WARNING [21m[0m] Keep producing negative values! Clipping negative solutions and moving on!
[[93m[1m WARNING [21m[0m] Keep producing negative values! Clipping negative solutions and moving on!
[[93m[1m WARNING [21m[0m] Keep producing negative values! Clipping negative solutions and moving on!
[[93m[1m WARNING [21m[0m] Keep producing negative values! Clipping negative solutions and moving on!
[[93m[1m WARNING [21m[0m] Keep producing negative values! Clipping negative solutions and moving on!
[[93m[1m WARNING [21m[0m] Keep producing negative values! Clipping negative solutions and moving on!
[[93m[1m WARNING [21m[0m] Keep producing negative values! Clipping negative solutions and moving on!
[[93m[1m WARNING [21m[0m] Keep producing negative values! Clipping negative solutions and moving on!
[[93m[1m WARNING [21m[0m] Keep producing negative values! Clipping negative solutions and moving on!
[[93m[1m WARNING [21m[0m] Keep producing negative values! Clipping negative solutions and moving on!
[[93m[1m WARNING [21m[0m] Keep producing negative values! Clipping negative solutions and moving on!
[[93m[1m WARNING [21m[0m] Keep producing negative values! Clipping negative solutions and moving on!
[[93m[1m WARNING [21m[0m] Keep producing negative values! Clipping negative solutions and moving on!
[[93m[1m WARNING [21m[0m] Keep producing negative values! Clipping negative solutions and moving on!
[[93m[1m WARNING [21m[0m] Keep producing negative values! Clipping negative solutions and moving on!
[[93m[1m WARNING [21m[0m] Keep producing negative values! Clipping negative solutions and moving on!
[[93m[1m WARNING [21m[0m] Keep producing negative values! Clipping negative solutions and moving on!
[[93m[1m WARNING [21m[0m] Keep producing negative values! Clipping negative solutions and moving on!
[[93m[1m WARNING [21m[0m] Keep producing negative values! Clipping negative solutions and moving on!
[[93m[1m WARNING [21m[0m] Keep producing negative values! Clipping negative solutions and moving on!
[[93m[1m WARNING [21m[0m] Keep producing negative values! Clipping negative solutions and moving on!
[[93m[1m WARNING [21m[0m] Keep producing negative values! Clipping negative solutions and moving on!
[[93m[1m WARNING [21m[0m] Keep producing negative values! Clipping negative solutions and moving on!
[[93m[1m WARNING [21m[0m] Keep producing negative values! Clipping negative solutions and moving on!
[[93m[1m WARNING [21m[0m] Keep producing negative values! Clipping negative solutions and moving on!
[[93m[1m WARNING [21m[0m] Keep producing negative values! Clipping negative solutions and moving on!
[[93m[1m WARNING [21m[0m] Keep producing negative values! Clipping negative solutions and moving on!
[[93m[1m WARNING [21m[0m] Keep producing negative values! Clipping negative solutions and moving on!
[[93m[1m WARNING [21m[0m] Keep producing negative values! Clipping negative solutions and moving on!
[[93m[1m WARNING [21m[0m] Keep producing negative values! Clipping negative solutions and moving on!
[[93m[1m WARNING [21m[0m] Keep producing negative values! Clipping negative solutions and moving on!
[[93m[1m WARNING [21m[0m] Keep producing negative values! Clipping negative solutions and moving on!
[[93m[1m WARNING [21m[0m] Keep producing negative values! Clipping negative solutions and moving on!
[[93m[1m WARNING [21m[0m] Keep producing negative values! Clipping negative solutions and moving on!
[[93m[1m WARNING [21m[0m] Keep producing negative values! Clipping negative solutions and moving on!
[[93m[1m WARNING [21m[0m] Keep producing negative values! Clipping negative solutions and moving on!
[[93m[1m WARNING [21m[0m] Keep producing negative values! Clipping negative solutions and moving on!
[[93m[1m WARNING [21m[0m] Keep producing negative values! Clipping negative solutions and moving on!
[[93m[1m WARNING [21m[0m] Keep producing negative values! Clipping negative solutions and moving on!
[[93m[1m WARNING [21m[0m] Keep producing negative values! Clipping negative solutions and moving on!
[[93m[1m WARNING [21m[0m] Keep producing negative values! Clipping negative solutions and moving on!
[[93m[1m WARNING [21m[0m] Keep producing negative values! Clipping negative solutions and moving on!
[[93m[1m WARNING [21m[0m] Keep producing negative values! Clipping negative solutions and moving on!
[[93m[1m WARNING [21m[0m] Keep producing negative values! Clipping negative solutions and moving on!
[[93m[1m WARNING [21m[0m] Keep producing negative values! Clipping negative solutions and moving on!
[[93m[1m WARNING [21m[0m] Keep producing negative values! Clipping negative solutions and moving on!
[[93m[1m WARNING [21m[0m] Keep producing negative values! Clipping negative solutions and moving on!
[[32m[1m INFO  [21m[0m] Elapsed time: 2.63e-05 || Step number: 2600/30000
[[32m[1m INFO  [21m[0m] longdy = 1.00e+00      || longdy/dt = 1.00e+00  || dt = 1.00e-08
[[32m[1m INFO  [21m[0m] from nz = 0 and OH
[[32m[1m INFO  [21m[0m] -----------------------------------------------------------------
[[93m[1m WARNING [21m[0m] Keep producing negative values! Clipping negative solutions and moving on!
[[93m[1m WARNING [21m[0m] Keep producing negative values! Clipping negative solutions and moving on!
[[93m[1m WARNING [21m[0m] Keep producing negative values! Clipping negative solutions and moving on!
[[93m[1m WARNING [21m[0m] Keep producing negative values! Clipping negative solutions and moving on!
[[93m[1m WARNING [21m[0m] Keep producing negative values! Clipping negative solutions and moving on!
[[93m[1m WARNING [21m[0m] Keep producing negative values! Clipping negative solutions and moving on!
[[93m[1m WARNING [21m[0m] Keep producing negative values! Clipping negative solutions and moving on!
[[93m[1m WARNING [21m[0m] Keep producing negative values! Clipping negative solutions and moving on!
[[93m[1m WARNING [21m[0m] Keep producing negative values! Clipping negative solutions and moving on!
[[93m[1m WARNING [21m[0m] Keep producing negative values! Clipping negative solutions and moving on!
[[93m[1m WARNING [21m[0m] Keep producing negative values! Clipping negative solutions and moving on!
[[93m[1m WARNING [21m[0m] Keep producing negative values! Clipping negative solutions and moving on!
[[93m[1m WARNING [21m[0m] Keep producing negative values! Clipping negative solutions and moving on!
[[93m[1m WARNING [21m[0m] Keep producing negative values! Clipping negative solutions and moving on!
[[93m[1m WARNING [21m[0m] Keep producing negative values! Clipping negative solutions and moving on!
[[93m[1m WARNING [21m[0m] Keep producing negative values! Clipping negative solutions and moving on!
[[93m[1m WARNING [21m[0m] Keep producing negative values! Clipping negative solutions and moving on!
[[93m[1m WARNING [21m[0m] Keep producing negative values! Clipping negative solutions and moving on!
[[93m[1m WARNING [21m[0m] Keep producing negative values! Clipping negative solutions and moving on!
[[93m[1m WARNING [21m[0m] Keep producing negative values! Clipping negative solutions and moving on!
[[93m[1m WARNING [21m[0m] Keep producing negative values! Clipping negative solutions and moving on!
[[93m[1m WARNING [21m[0m] Keep producing negative values! Clipping negative solutions and moving on!
[[93m[1m WARNING [21m[0m] Keep producing negative values! Clipping negative solutions and moving on!
[[93m[1m WARNING [21m[0m] Keep producing negative values! Clipping negative solutions and moving on!
[[93m[1m WARNING [21m[0m] Keep producing negative values! Clipping negative solutions and moving on!
[[93m[1m WARNING [21m[0m] Keep producing negative values! Clipping negative solutions and moving on!
[[93m[1m WARNING [21m[0m] Keep producing negative values! Clipping negative solutions and moving on!
[[93m[1m WARNING [21m[0m] Keep producing negative values! Clipping negative solutions and moving on!
[[93m[1m WARNING [21m[0m] Keep producing negative values! Clipping negative solutions and moving on!
[[93m[1m WARNING [21m[0m] Keep producing negative values! Clipping negative solutions and moving on!
[[93m[1m WARNING [21m[0m] Keep producing negative values! Clipping negative solutions and moving on!
[[93m[1m WARNING [21m[0m] Keep producing negative values! Clipping negative solutions and moving on!
[[93m[1m WARNING [21m[0m] Keep producing negative values! Clipping negative solutions and moving on!
[[93m[1m WARNING [21m[0m] Keep producing negative values! Clipping negative solutions and moving on!
[[93m[1m WARNING [21m[0m] Keep producing negative values! Clipping negative solutions and moving on!
[[93m[1m WARNING [21m[0m] Keep producing negative values! Clipping negative solutions and moving on!
[[93m[1m WARNING [21m[0m] Keep producing negative values! Clipping negative solutions and moving on!
[[93m[1m WARNING [21m[0m] Keep producing negative values! Clipping negative solutions and moving on!
[[93m[1m WARNING [21m[0m] Keep producing negative values! Clipping negative solutions and moving on!
[[93m[1m WARNING [21m[0m] Keep producing negative values! Clipping negative solutions and moving on!
[[93m[1m WARNING [21m[0m] Keep producing negative values! Clipping negative solutions and moving on!
[[93m[1m WARNING [21m[0m] Keep producing negative values! Clipping negative solutions and moving on!
[[93m[1m WARNING [21m[0m] Keep producing negative values! Clipping negative solutions and moving on!
[[93m[1m WARNING [21m[0m] Keep producing negative values! Clipping negative solutions and moving on!
[[93m[1m WARNING [21m[0m] Keep producing negative values! Clipping negative solutions and moving on!
[[93m[1m WARNING [21m[0m] Keep producing negative values! Clipping negative solutions and moving on!
[[93m[1m WARNING [21m[0m] Keep producing negative values! Clipping negative solutions and moving on!
[[93m[1m WARNING [21m[0m] Keep producing negative values! Clipping negative solutions and moving on!
[[93m[1m WARNING [21m[0m] Keep producing negative values! Clipping negative solutions and moving on!
[[93m[1m WARNING [21m[0m] Keep producing negative values! Clipping negative solutions and moving on!
[[93m[1m WARNING [21m[0m] Keep producing negative values! Clipping negative solutions and moving on!
[[93m[1m WARNING [21m[0m] Keep producing negative values! Clipping negative solutions and moving on!
[[93m[1m WARNING [21m[0m] Keep producing negative values! Clipping negative solutions and moving on!
[[93m[1m WARNING [21m[0m] Keep producing negative values! Clipping negative solutions and moving on!
[[93m[1m WARNING [21m[0m] Keep producing negative values! Clipping negative solutions and moving on!
[[93m[1m WARNING [21m[0m] Keep producing negative values! Clipping negative solutions and moving on!
[[93m[1m WARNING [21m[0m] Keep producing negative values! Clipping negative solutions and moving on!
[[93m[1m WARNING [21m[0m] Keep producing negative values! Clipping negative solutions and moving on!
[[93m[1m WARNING [21m[0m] Keep producing negative values! Clipping negative solutions and moving on!
[[93m[1m WARNING [21m[0m] Keep producing negative values! Clipping negative solutions and moving on!
[[93m[1m WARNING [21m[0m] Keep producing negative values! Clipping negative solutions and moving on!
[[93m[1m WARNING [21m[0m] Keep producing negative values! Clipping negative solutions and moving on!
[[93m[1m WARNING [21m[0m] Keep producing negative values! Clipping negative solutions and moving on!
[[93m[1m WARNING [21m[0m] Keep producing negative values! Clipping negative solutions and moving on!
[[93m[1m WARNING [21m[0m] Keep producing negative values! Clipping negative solutions and moving on!
[[93m[1m WARNING [21m[0m] Keep producing negative values! Clipping negative solutions and moving on!
[[93m[1m WARNING [21m[0m] Keep producing negative values! Clipping negative solutions and moving on!
[[93m[1m WARNING [21m[0m] Keep producing negative values! Clipping negative solutions and moving on!
[[93m[1m WARNING [21m[0m] Keep producing negative values! Clipping negative solutions and moving on!
[[93m[1m WARNING [21m[0m] Keep producing negative values! Clipping negative solutions and moving on!
[[93m[1m WARNING [21m[0m] Keep producing negative values! Clipping negative solutions and moving on!
[[93m[1m WARNING [21m[0m] Keep producing negative values! Clipping negative solutions and moving on!
[[93m[1m WARNING [21m[0m] Keep producing negative values! Clipping negative solutions and moving on!
[[93m[1m WARNING [21m[0m] Keep producing negative values! Clipping negative solutions and moving on!
[[93m[1m WARNING [21m[0m] Keep producing negative values! Clipping negative solutions and moving on!
[[93m[1m WARNING [21m[0m] Keep producing negative values! Clipping negative solutions and moving on!
[[93m[1m WARNING [21m[0m] Keep producing negative values! Clipping negative solutions and moving on!
[[93m[1m WARNING [21m[0m] Keep producing negative values! Clipping negative solutions and moving on!
[[93m[1m WARNING [21m[0m] Keep producing negative values! Clipping negative solutions and moving on!
[[93m[1m WARNING [21m[0m] Keep producing negative values! Clipping negative solutions and moving on!
[[93m[1m WARNING [21m[0m] Keep producing negative values! Clipping negative solutions and moving on!
[[93m[1m WARNING [21m[0m] Keep producing negative values! Clipping negative solutions and moving on!
[[93m[1m WARNING [21m[0m] Keep producing negative values! Clipping negative solutions and moving on!
[[93m[1m WARNING [21m[0m] Keep producing negative values! Clipping negative solutions and moving on!
[[93m[1m WARNING [21m[0m] Keep producing negative values! Clipping negative solutions and moving on!
[[93m[1m WARNING [21m[0m] Keep producing negative values! Clipping negative solutions and moving on!
[[93m[1m WARNING [21m[0m] Keep producing negative values! Clipping negative solutions and moving on!
[[93m[1m WARNING [21m[0m] Keep producing negative values! Clipping negative solutions and moving on!
[[93m[1m WARNING [21m[0m] Keep producing negative values! Clipping negative solutions and moving on!
[[93m[1m WARNING [21m[0m] Keep producing negative values! Clipping negative solutions and moving on!
[[93m[1m WARNING [21m[0m] Keep producing negative values! Clipping negative solutions and moving on!
[[93m[1m WARNING [21m[0m] Keep producing negative values! Clipping negative solutions and moving on!
[[32m[1m INFO  [21m[0m] Elapsed time: 2.73e-05 || Step number: 2700/30000
[[32m[1m INFO  [21m[0m] longdy = 1.00e+00      || longdy/dt = 1.00e+00  || dt = 1.00e-08
[[32m[1m INFO  [21m[0m] from nz = 0 and OH
[[32m[1m INFO  [21m[0m] -----------------------------------------------------------------
[[93m[1m WARNING [21m[0m] Keep producing negative values! Clipping negative solutions and moving on!
[[93m[1m WARNING [21m[0m] Keep producing negative values! Clipping negative solutions and moving on!
[[93m[1m WARNING [21m[0m] Keep producing negative values! Clipping negative solutions and moving on!
[[93m[1m WARNING [21m[0m] Keep producing negative values! Clipping negative solutions and moving on!
[[93m[1m WARNING [21m[0m] Keep producing negative values! Clipping negative solutions and moving on!
[[93m[1m WARNING [21m[0m] Keep producing negative values! Clipping negative solutions and moving on!
[[93m[1m WARNING [21m[0m] Keep producing negative values! Clipping negative solutions and moving on!
[[93m[1m WARNING [21m[0m] Keep producing negative values! Clipping negative solutions and moving on!
[[93m[1m WARNING [21m[0m] Keep producing negative values! Clipping negative solutions and moving on!
[[93m[1m WARNING [21m[0m] Keep producing negative values! Clipping negative solutions and moving on!
[[93m[1m WARNING [21m[0m] Keep producing negative values! Clipping negative solutions and moving on!
[[93m[1m WARNING [21m[0m] Keep producing negative values! Clipping negative solutions and moving on!
[[93m[1m WARNING [21m[0m] Keep producing negative values! Clipping negative solutions and moving on!
[[93m[1m WARNING [21m[0m] Keep producing negative values! Clipping negative solutions and moving on!
[[93m[1m WARNING [21m[0m] Keep producing negative values! Clipping negative solutions and moving on!
[[93m[1m WARNING [21m[0m] Keep producing negative values! Clipping negative solutions and moving on!
[[93m[1m WARNING [21m[0m] Keep producing negative values! Clipping negative solutions and moving on!
[[93m[1m WARNING [21m[0m] Keep producing negative values! Clipping negative solutions and moving on!
[[93m[1m WARNING [21m[0m] Keep producing negative values! Clipping negative solutions and moving on!
[[93m[1m WARNING [21m[0m] Keep producing negative values! Clipping negative solutions and moving on!
[[93m[1m WARNING [21m[0m] Keep producing negative values! Clipping negative solutions and moving on!
[[93m[1m WARNING [21m[0m] Keep producing negative values! Clipping negative solutions and moving on!
[[93m[1m WARNING [21m[0m] Keep producing negative values! Clipping negative solutions and moving on!
[[93m[1m WARNING [21m[0m] Keep producing negative values! Clipping negative solutions and moving on!
[[93m[1m WARNING [21m[0m] Keep producing negative values! Clipping negative solutions and moving on!
[[93m[1m WARNING [21m[0m] Keep producing negative values! Clipping negative solutions and moving on!
[[93m[1m WARNING [21m[0m] Keep producing negative values! Clipping negative solutions and moving on!
[[93m[1m WARNING [21m[0m] Keep producing negative values! Clipping negative solutions and moving on!
[[93m[1m WARNING [21m[0m] Keep producing negative values! Clipping negative solutions and moving on!
[[93m[1m WARNING [21m[0m] Keep producing negative values! Clipping negative solutions and moving on!
[[93m[1m WARNING [21m[0m] Keep producing negative values! Clipping negative solutions and moving on!
[[93m[1m WARNING [21m[0m] Keep producing negative values! Clipping negative solutions and moving on!
[[93m[1m WARNING [21m[0m] Keep producing negative values! Clipping negative solutions and moving on!
[[93m[1m WARNING [21m[0m] Keep producing negative values! Clipping negative solutions and moving on!
[[93m[1m WARNING [21m[0m] Keep producing negative values! Clipping negative solutions and moving on!
[[93m[1m WARNING [21m[0m] Keep producing negative values! Clipping negative solutions and moving on!
[[93m[1m WARNING [21m[0m] Keep producing negative values! Clipping negative solutions and moving on!
[[93m[1m WARNING [21m[0m] Keep producing negative values! Clipping negative solutions and moving on!
[[93m[1m WARNING [21m[0m] Keep producing negative values! Clipping negative solutions and moving on!
[[93m[1m WARNING [21m[0m] Keep producing negative values! Clipping negative solutions and moving on!
[[93m[1m WARNING [21m[0m] Keep producing negative values! Clipping negative solutions and moving on!
[[93m[1m WARNING [21m[0m] Keep producing negative values! Clipping negative solutions and moving on!
[[93m[1m WARNING [21m[0m] Keep producing negative values! Clipping negative solutions and moving on!
[[93m[1m WARNING [21m[0m] Keep producing negative values! Clipping negative solutions and moving on!
[[93m[1m WARNING [21m[0m] Keep producing negative values! Clipping negative solutions and moving on!
[[93m[1m WARNING [21m[0m] Keep producing negative values! Clipping negative solutions and moving on!
[[93m[1m WARNING [21m[0m] Keep producing negative values! Clipping negative solutions and moving on!
[[93m[1m WARNING [21m[0m] Keep producing negative values! Clipping negative solutions and moving on!
[[93m[1m WARNING [21m[0m] Keep producing negative values! Clipping negative solutions and moving on!
[[93m[1m WARNING [21m[0m] Keep producing negative values! Clipping negative solutions and moving on!
[[93m[1m WARNING [21m[0m] Keep producing negative values! Clipping negative solutions and moving on!
[[93m[1m WARNING [21m[0m] Keep producing negative values! Clipping negative solutions and moving on!
[[93m[1m WARNING [21m[0m] Keep producing negative values! Clipping negative solutions and moving on!
[[93m[1m WARNING [21m[0m] Keep producing negative values! Clipping negative solutions and moving on!
[[93m[1m WARNING [21m[0m] Keep producing negative values! Clipping negative solutions and moving on!
[[93m[1m WARNING [21m[0m] Keep producing negative values! Clipping negative solutions and moving on!
[[93m[1m WARNING [21m[0m] Keep producing negative values! Clipping negative solutions and moving on!
[[93m[1m WARNING [21m[0m] Keep producing negative values! Clipping negative solutions and moving on!
[[93m[1m WARNING [21m[0m] Keep producing negative values! Clipping negative solutions and moving on!
[[93m[1m WARNING [21m[0m] Keep producing negative values! Clipping negative solutions and moving on!
[[93m[1m WARNING [21m[0m] Keep producing negative values! Clipping negative solutions and moving on!
[[93m[1m WARNING [21m[0m] Keep producing negative values! Clipping negative solutions and moving on!
[[93m[1m WARNING [21m[0m] Keep producing negative values! Clipping negative solutions and moving on!
[[93m[1m WARNING [21m[0m] Keep producing negative values! Clipping negative solutions and moving on!
[[93m[1m WARNING [21m[0m] Keep producing negative values! Clipping negative solutions and moving on!
[[93m[1m WARNING [21m[0m] Keep producing negative values! Clipping negative solutions and moving on!
[[93m[1m WARNING [21m[0m] Keep producing negative values! Clipping negative solutions and moving on!
[[93m[1m WARNING [21m[0m] Keep producing negative values! Clipping negative solutions and moving on!
[[93m[1m WARNING [21m[0m] Keep producing negative values! Clipping negative solutions and moving on!
[[93m[1m WARNING [21m[0m] Keep producing negative values! Clipping negative solutions and moving on!
[[93m[1m WARNING [21m[0m] Keep producing negative values! Clipping negative solutions and moving on!
[[93m[1m WARNING [21m[0m] Keep producing negative values! Clipping negative solutions and moving on!
[[93m[1m WARNING [21m[0m] Keep producing negative values! Clipping negative solutions and moving on!
[[93m[1m WARNING [21m[0m] Keep producing negative values! Clipping negative solutions and moving on!
[[93m[1m WARNING [21m[0m] Keep producing negative values! Clipping negative solutions and moving on!
[[93m[1m WARNING [21m[0m] Keep producing negative values! Clipping negative solutions and moving on!
[[93m[1m WARNING [21m[0m] Keep producing negative values! Clipping negative solutions and moving on!
[[93m[1m WARNING [21m[0m] Keep producing negative values! Clipping negative solutions and moving on!
[[93m[1m WARNING [21m[0m] Keep producing negative values! Clipping negative solutions and moving on!
[[93m[1m WARNING [21m[0m] Keep producing negative values! Clipping negative solutions and moving on!
[[93m[1m WARNING [21m[0m] Keep producing negative values! Clipping negative solutions and moving on!
[[93m[1m WARNING [21m[0m] Keep producing negative values! Clipping negative solutions and moving on!
[[93m[1m WARNING [21m[0m] Keep producing negative values! Clipping negative solutions and moving on!
[[93m[1m WARNING [21m[0m] Keep producing negative values! Clipping negative solutions and moving on!
[[93m[1m WARNING [21m[0m] Keep producing negative values! Clipping negative solutions and moving on!
[[93m[1m WARNING [21m[0m] Keep producing negative values! Clipping negative solutions and moving on!
[[93m[1m WARNING [21m[0m] Keep producing negative values! Clipping negative solutions and moving on!
[[93m[1m WARNING [21m[0m] Keep producing negative values! Clipping negative solutions and moving on!
[[93m[1m WARNING [21m[0m] Keep producing negative values! Clipping negative solutions and moving on!
[[93m[1m WARNING [21m[0m] Keep producing negative values! Clipping negative solutions and moving on!
[[32m[1m INFO  [21m[0m] Elapsed time: 2.83e-05 || Step number: 2800/30000
[[32m[1m INFO  [21m[0m] longdy = 1.00e+00      || longdy/dt = 1.00e+00  || dt = 1.00e-08
[[32m[1m INFO  [21m[0m] from nz = 0 and OH
[[32m[1m INFO  [21m[0m] -----------------------------------------------------------------
[[93m[1m WARNING [21m[0m] Keep producing negative values! Clipping negative solutions and moving on!
[[93m[1m WARNING [21m[0m] Keep producing negative values! Clipping negative solutions and moving on!
[[93m[1m WARNING [21m[0m] Keep producing negative values! Clipping negative solutions and moving on!
[[93m[1m WARNING [21m[0m] Keep producing negative values! Clipping negative solutions and moving on!
[[93m[1m WARNING [21m[0m] Keep producing negative values! Clipping negative solutions and moving on!
[[93m[1m WARNING [21m[0m] Keep producing negative values! Clipping negative solutions and moving on!
[[93m[1m WARNING [21m[0m] Keep producing negative values! Clipping negative solutions and moving on!
[[93m[1m WARNING [21m[0m] Keep producing negative values! Clipping negative solutions and moving on!
[[93m[1m WARNING [21m[0m] Keep producing negative values! Clipping negative solutions and moving on!
[[93m[1m WARNING [21m[0m] Keep producing negative values! Clipping negative solutions and moving on!
[[93m[1m WARNING [21m[0m] Keep producing negative values! Clipping negative solutions and moving on!
[[93m[1m WARNING [21m[0m] Keep producing negative values! Clipping negative solutions and moving on!
[[93m[1m WARNING [21m[0m] Keep producing negative values! Clipping negative solutions and moving on!
[[93m[1m WARNING [21m[0m] Keep producing negative values! Clipping negative solutions and moving on!
[[93m[1m WARNING [21m[0m] Keep producing negative values! Clipping negative solutions and moving on!
[[93m[1m WARNING [21m[0m] Keep producing negative values! Clipping negative solutions and moving on!
[[93m[1m WARNING [21m[0m] Keep producing negative values! Clipping negative solutions and moving on!
[[93m[1m WARNING [21m[0m] Keep producing negative values! Clipping negative solutions and moving on!
[[93m[1m WARNING [21m[0m] Keep producing negative values! Clipping negative solutions and moving on!
[[93m[1m WARNING [21m[0m] Keep producing negative values! Clipping negative solutions and moving on!
[[93m[1m WARNING [21m[0m] Keep producing negative values! Clipping negative solutions and moving on!
[[93m[1m WARNING [21m[0m] Keep producing negative values! Clipping negative solutions and moving on!
[[93m[1m WARNING [21m[0m] Keep producing negative values! Clipping negative solutions and moving on!
[[93m[1m WARNING [21m[0m] Keep producing negative values! Clipping negative solutions and moving on!
[[93m[1m WARNING [21m[0m] Keep producing negative values! Clipping negative solutions and moving on!
[[93m[1m WARNING [21m[0m] Keep producing negative values! Clipping negative solutions and moving on!
[[93m[1m WARNING [21m[0m] Keep producing negative values! Clipping negative solutions and moving on!
[[93m[1m WARNING [21m[0m] Keep producing negative values! Clipping negative solutions and moving on!
[[93m[1m WARNING [21m[0m] Keep producing negative values! Clipping negative solutions and moving on!
[[93m[1m WARNING [21m[0m] Keep producing negative values! Clipping negative solutions and moving on!
[[93m[1m WARNING [21m[0m] Keep producing negative values! Clipping negative solutions and moving on!
[[93m[1m WARNING [21m[0m] Keep producing negative values! Clipping negative solutions and moving on!
[[93m[1m WARNING [21m[0m] Keep producing negative values! Clipping negative solutions and moving on!
[[93m[1m WARNING [21m[0m] Keep producing negative values! Clipping negative solutions and moving on!
[[93m[1m WARNING [21m[0m] Keep producing negative values! Clipping negative solutions and moving on!
[[93m[1m WARNING [21m[0m] Keep producing negative values! Clipping negative solutions and moving on!
[[93m[1m WARNING [21m[0m] Keep producing negative values! Clipping negative solutions and moving on!
[[93m[1m WARNING [21m[0m] Keep producing negative values! Clipping negative solutions and moving on!
[[93m[1m WARNING [21m[0m] Keep producing negative values! Clipping negative solutions and moving on!
[[93m[1m WARNING [21m[0m] Keep producing negative values! Clipping negative solutions and moving on!
[[93m[1m WARNING [21m[0m] Keep producing negative values! Clipping negative solutions and moving on!
[[93m[1m WARNING [21m[0m] Keep producing negative values! Clipping negative solutions and moving on!
[[93m[1m WARNING [21m[0m] Keep producing negative values! Clipping negative solutions and moving on!
[[93m[1m WARNING [21m[0m] Keep producing negative values! Clipping negative solutions and moving on!
[[93m[1m WARNING [21m[0m] Keep producing negative values! Clipping negative solutions and moving on!
[[93m[1m WARNING [21m[0m] Keep producing negative values! Clipping negative solutions and moving on!
[[93m[1m WARNING [21m[0m] Keep producing negative values! Clipping negative solutions and moving on!
[[93m[1m WARNING [21m[0m] Keep producing negative values! Clipping negative solutions and moving on!
[[93m[1m WARNING [21m[0m] Keep producing negative values! Clipping negative solutions and moving on!
[[93m[1m WARNING [21m[0m] Keep producing negative values! Clipping negative solutions and moving on!
[[93m[1m WARNING [21m[0m] Keep producing negative values! Clipping negative solutions and moving on!
[[93m[1m WARNING [21m[0m] Keep producing negative values! Clipping negative solutions and moving on!
[[93m[1m WARNING [21m[0m] Keep producing negative values! Clipping negative solutions and moving on!
[[93m[1m WARNING [21m[0m] Keep producing negative values! Clipping negative solutions and moving on!
[[93m[1m WARNING [21m[0m] Keep producing negative values! Clipping negative solutions and moving on!
[[93m[1m WARNING [21m[0m] Keep producing negative values! Clipping negative solutions and moving on!
[[93m[1m WARNING [21m[0m] Keep producing negative values! Clipping negative solutions and moving on!
[[93m[1m WARNING [21m[0m] Keep producing negative values! Clipping negative solutions and moving on!
[[93m[1m WARNING [21m[0m] Keep producing negative values! Clipping negative solutions and moving on!
[[93m[1m WARNING [21m[0m] Keep producing negative values! Clipping negative solutions and moving on!
[[93m[1m WARNING [21m[0m] Keep producing negative values! Clipping negative solutions and moving on!
[[93m[1m WARNING [21m[0m] Keep producing negative values! Clipping negative solutions and moving on!
[[93m[1m WARNING [21m[0m] Keep producing negative values! Clipping negative solutions and moving on!
[[93m[1m WARNING [21m[0m] Keep producing negative values! Clipping negative solutions and moving on!
[[93m[1m WARNING [21m[0m] Keep producing negative values! Clipping negative solutions and moving on!
[[93m[1m WARNING [21m[0m] Keep producing negative values! Clipping negative solutions and moving on!
[[93m[1m WARNING [21m[0m] Keep producing negative values! Clipping negative solutions and moving on!
[[93m[1m WARNING [21m[0m] Keep producing negative values! Clipping negative solutions and moving on!
[[93m[1m WARNING [21m[0m] Keep producing negative values! Clipping negative solutions and moving on!
[[93m[1m WARNING [21m[0m] Keep producing negative values! Clipping negative solutions and moving on!
[[93m[1m WARNING [21m[0m] Keep producing negative values! Clipping negative solutions and moving on!
[[93m[1m WARNING [21m[0m] Keep producing negative values! Clipping negative solutions and moving on!
[[93m[1m WARNING [21m[0m] Keep producing negative values! Clipping negative solutions and moving on!
[[93m[1m WARNING [21m[0m] Keep producing negative values! Clipping negative solutions and moving on!
[[93m[1m WARNING [21m[0m] Keep producing negative values! Clipping negative solutions and moving on!
[[93m[1m WARNING [21m[0m] Keep producing negative values! Clipping negative solutions and moving on!
[[93m[1m WARNING [21m[0m] Keep producing negative values! Clipping negative solutions and moving on!
[[93m[1m WARNING [21m[0m] Keep producing negative values! Clipping negative solutions and moving on!
[[93m[1m WARNING [21m[0m] Keep producing negative values! Clipping negative solutions and moving on!
[[93m[1m WARNING [21m[0m] Keep producing negative values! Clipping negative solutions and moving on!
[[93m[1m WARNING [21m[0m] Keep producing negative values! Clipping negative solutions and moving on!
[[93m[1m WARNING [21m[0m] Keep producing negative values! Clipping negative solutions and moving on!
[[32m[1m INFO  [21m[0m] Elapsed time: 2.93e-05 || Step number: 2900/30000
[[32m[1m INFO  [21m[0m] longdy = 1.00e+00      || longdy/dt = 1.00e+00  || dt = 1.00e-08
[[32m[1m INFO  [21m[0m] from nz = 0 and OH
[[32m[1m INFO  [21m[0m] -----------------------------------------------------------------
[[93m[1m WARNING [21m[0m] Keep producing negative values! Clipping negative solutions and moving on!
[[93m[1m WARNING [21m[0m] Keep producing negative values! Clipping negative solutions and moving on!
[[93m[1m WARNING [21m[0m] Keep producing negative values! Clipping negative solutions and moving on!
[[93m[1m WARNING [21m[0m] Keep producing negative values! Clipping negative solutions and moving on!
[[93m[1m WARNING [21m[0m] Keep producing negative values! Clipping negative solutions and moving on!
[[93m[1m WARNING [21m[0m] Keep producing negative values! Clipping negative solutions and moving on!
[[93m[1m WARNING [21m[0m] Keep producing negative values! Clipping negative solutions and moving on!
[[93m[1m WARNING [21m[0m] Keep producing negative values! Clipping negative solutions and moving on!
[[93m[1m WARNING [21m[0m] Keep producing negative values! Clipping negative solutions and moving on!
[[93m[1m WARNING [21m[0m] Keep producing negative values! Clipping negative solutions and moving on!
[[93m[1m WARNING [21m[0m] Keep producing negative values! Clipping negative solutions and moving on!
[[93m[1m WARNING [21m[0m] Keep producing negative values! Clipping negative solutions and moving on!
[[93m[1m WARNING [21m[0m] Keep producing negative values! Clipping negative solutions and moving on!
[[93m[1m WARNING [21m[0m] Keep producing negative values! Clipping negative solutions and moving on!
[[93m[1m WARNING [21m[0m] Keep producing negative values! Clipping negative solutions and moving on!
[[93m[1m WARNING [21m[0m] Keep producing negative values! Clipping negative solutions and moving on!
[[93m[1m WARNING [21m[0m] Keep producing negative values! Clipping negative solutions and moving on!
[[93m[1m WARNING [21m[0m] Keep producing negative values! Clipping negative solutions and moving on!
[[93m[1m WARNING [21m[0m] Keep producing negative values! Clipping negative solutions and moving on!
[[93m[1m WARNING [21m[0m] Keep producing negative values! Clipping negative solutions and moving on!
[[93m[1m WARNING [21m[0m] Keep producing negative values! Clipping negative solutions and moving on!
[[93m[1m WARNING [21m[0m] Keep producing negative values! Clipping negative solutions and moving on!
[[93m[1m WARNING [21m[0m] Keep producing negative values! Clipping negative solutions and moving on!
[[93m[1m WARNING [21m[0m] Keep producing negative values! Clipping negative solutions and moving on!
[[93m[1m WARNING [21m[0m] Keep producing negative values! Clipping negative solutions and moving on!
[[93m[1m WARNING [21m[0m] Keep producing negative values! Clipping negative solutions and moving on!
[[93m[1m WARNING [21m[0m] Keep producing negative values! Clipping negative solutions and moving on!
[[93m[1m WARNING [21m[0m] Keep producing negative values! Clipping negative solutions and moving on!
[[93m[1m WARNING [21m[0m] Keep producing negative values! Clipping negative solutions and moving on!
[[93m[1m WARNING [21m[0m] Keep producing negative values! Clipping negative solutions and moving on!
[[93m[1m WARNING [21m[0m] Keep producing negative values! Clipping negative solutions and moving on!
[[93m[1m WARNING [21m[0m] Keep producing negative values! Clipping negative solutions and moving on!
[[93m[1m WARNING [21m[0m] Keep producing negative values! Clipping negative solutions and moving on!
[[93m[1m WARNING [21m[0m] Keep producing negative values! Clipping negative solutions and moving on!
[[93m[1m WARNING [21m[0m] Keep producing negative values! Clipping negative solutions and moving on!
[[93m[1m WARNING [21m[0m] Keep producing negative values! Clipping negative solutions and moving on!
[[93m[1m WARNING [21m[0m] Keep producing negative values! Clipping negative solutions and moving on!
[[93m[1m WARNING [21m[0m] Keep producing negative values! Clipping negative solutions and moving on!
[[93m[1m WARNING [21m[0m] Keep producing negative values! Clipping negative solutions and moving on!
[[93m[1m WARNING [21m[0m] Keep producing negative values! Clipping negative solutions and moving on!
[[93m[1m WARNING [21m[0m] Keep producing negative values! Clipping negative solutions and moving on!
[[93m[1m WARNING [21m[0m] Keep producing negative values! Clipping negative solutions and moving on!
[[93m[1m WARNING [21m[0m] Keep producing negative values! Clipping negative solutions and moving on!
[[93m[1m WARNING [21m[0m] Keep producing negative values! Clipping negative solutions and moving on!
[[93m[1m WARNING [21m[0m] Keep producing negative values! Clipping negative solutions and moving on!
[[93m[1m WARNING [21m[0m] Keep producing negative values! Clipping negative solutions and moving on!
[[93m[1m WARNING [21m[0m] Keep producing negative values! Clipping negative solutions and moving on!
[[93m[1m WARNING [21m[0m] Keep producing negative values! Clipping negative solutions and moving on!
[[93m[1m WARNING [21m[0m] Keep producing negative values! Clipping negative solutions and moving on!
[[93m[1m WARNING [21m[0m] Keep producing negative values! Clipping negative solutions and moving on!
[[93m[1m WARNING [21m[0m] Keep producing negative values! Clipping negative solutions and moving on!
[[93m[1m WARNING [21m[0m] Keep producing negative values! Clipping negative solutions and moving on!
[[93m[1m WARNING [21m[0m] Keep producing negative values! Clipping negative solutions and moving on!
[[93m[1m WARNING [21m[0m] Keep producing negative values! Clipping negative solutions and moving on!
[[93m[1m WARNING [21m[0m] Keep producing negative values! Clipping negative solutions and moving on!
[[93m[1m WARNING [21m[0m] Keep producing negative values! Clipping negative solutions and moving on!
[[93m[1m WARNING [21m[0m] Keep producing negative values! Clipping negative solutions and moving on!
[[93m[1m WARNING [21m[0m] Keep producing negative values! Clipping negative solutions and moving on!
[[93m[1m WARNING [21m[0m] Keep producing negative values! Clipping negative solutions and moving on!
[[93m[1m WARNING [21m[0m] Keep producing negative values! Clipping negative solutions and moving on!
[[93m[1m WARNING [21m[0m] Keep producing negative values! Clipping negative solutions and moving on!
[[93m[1m WARNING [21m[0m] Keep producing negative values! Clipping negative solutions and moving on!
[[93m[1m WARNING [21m[0m] Keep producing negative values! Clipping negative solutions and moving on!
[[93m[1m WARNING [21m[0m] Keep producing negative values! Clipping negative solutions and moving on!
[[93m[1m WARNING [21m[0m] Keep producing negative values! Clipping negative solutions and moving on!
[[93m[1m WARNING [21m[0m] Keep producing negative values! Clipping negative solutions and moving on!
[[93m[1m WARNING [21m[0m] Keep producing negative values! Clipping negative solutions and moving on!
[[93m[1m WARNING [21m[0m] Keep producing negative values! Clipping negative solutions and moving on!
[[93m[1m WARNING [21m[0m] Keep producing negative values! Clipping negative solutions and moving on!
[[93m[1m WARNING [21m[0m] Keep producing negative values! Clipping negative solutions and moving on!
[[93m[1m WARNING [21m[0m] Keep producing negative values! Clipping negative solutions and moving on!
[[93m[1m WARNING [21m[0m] Keep producing negative values! Clipping negative solutions and moving on!
[[93m[1m WARNING [21m[0m] Keep producing negative values! Clipping negative solutions and moving on!
[[93m[1m WARNING [21m[0m] Keep producing negative values! Clipping negative solutions and moving on!
[[93m[1m WARNING [21m[0m] Keep producing negative values! Clipping negative solutions and moving on!
[[93m[1m WARNING [21m[0m] Keep producing negative values! Clipping negative solutions and moving on!
[[93m[1m WARNING [21m[0m] Keep producing negative values! Clipping negative solutions and moving on!
[[93m[1m WARNING [21m[0m] Keep producing negative values! Clipping negative solutions and moving on!
[[93m[1m WARNING [21m[0m] Keep producing negative values! Clipping negative solutions and moving on!
[[93m[1m WARNING [21m[0m] Keep producing negative values! Clipping negative solutions and moving on!
[[93m[1m WARNING [21m[0m] Keep producing negative values! Clipping negative solutions and moving on!
[[93m[1m WARNING [21m[0m] Keep producing negative values! Clipping negative solutions and moving on!
[[93m[1m WARNING [21m[0m] Keep producing negative values! Clipping negative solutions and moving on!
[[93m[1m WARNING [21m[0m] Keep producing negative values! Clipping negative solutions and moving on!
[[32m[1m INFO  [21m[0m] Elapsed time: 3.03e-05 || Step number: 3000/30000
[[32m[1m INFO  [21m[0m] longdy = 1.00e+00      || longdy/dt = 1.00e+00  || dt = 1.00e-08
[[32m[1m INFO  [21m[0m] from nz = 0 and OH
[[32m[1m INFO  [21m[0m] -----------------------------------------------------------------
[[93m[1m WARNING [21m[0m] Keep producing negative values! Clipping negative solutions and moving on!
[[93m[1m WARNING [21m[0m] Keep producing negative values! Clipping negative solutions and moving on!
[[93m[1m WARNING [21m[0m] Keep producing negative values! Clipping negative solutions and moving on!
[[93m[1m WARNING [21m[0m] Keep producing negative values! Clipping negative solutions and moving on!
[[93m[1m WARNING [21m[0m] Keep producing negative values! Clipping negative solutions and moving on!
[[93m[1m WARNING [21m[0m] Keep producing negative values! Clipping negative solutions and moving on!
[[93m[1m WARNING [21m[0m] Keep producing negative values! Clipping negative solutions and moving on!
[[93m[1m WARNING [21m[0m] Keep producing negative values! Clipping negative solutions and moving on!
[[93m[1m WARNING [21m[0m] Keep producing negative values! Clipping negative solutions and moving on!
[[93m[1m WARNING [21m[0m] Keep producing negative values! Clipping negative solutions and moving on!
[[93m[1m WARNING [21m[0m] Keep producing negative values! Clipping negative solutions and moving on!
[[93m[1m WARNING [21m[0m] Keep producing negative values! Clipping negative solutions and moving on!
[[93m[1m WARNING [21m[0m] Keep producing negative values! Clipping negative solutions and moving on!
[[93m[1m WARNING [21m[0m] Keep producing negative values! Clipping negative solutions and moving on!
[[93m[1m WARNING [21m[0m] Keep producing negative values! Clipping negative solutions and moving on!
[[93m[1m WARNING [21m[0m] Keep producing negative values! Clipping negative solutions and moving on!
[[93m[1m WARNING [21m[0m] Keep producing negative values! Clipping negative solutions and moving on!
[[93m[1m WARNING [21m[0m] Keep producing negative values! Clipping negative solutions and moving on!
[[93m[1m WARNING [21m[0m] Keep producing negative values! Clipping negative solutions and moving on!
[[93m[1m WARNING [21m[0m] Keep producing negative values! Clipping negative solutions and moving on!
[[93m[1m WARNING [21m[0m] Keep producing negative values! Clipping negative solutions and moving on!
[[93m[1m WARNING [21m[0m] Keep producing negative values! Clipping negative solutions and moving on!
[[93m[1m WARNING [21m[0m] Keep producing negative values! Clipping negative solutions and moving on!
[[93m[1m WARNING [21m[0m] Keep producing negative values! Clipping negative solutions and moving on!
[[93m[1m WARNING [21m[0m] Keep producing negative values! Clipping negative solutions and moving on!
[[93m[1m WARNING [21m[0m] Keep producing negative values! Clipping negative solutions and moving on!
[[93m[1m WARNING [21m[0m] Keep producing negative values! Clipping negative solutions and moving on!
[[93m[1m WARNING [21m[0m] Keep producing negative values! Clipping negative solutions and moving on!
[[93m[1m WARNING [21m[0m] Keep producing negative values! Clipping negative solutions and moving on!
[[93m[1m WARNING [21m[0m] Keep producing negative values! Clipping negative solutions and moving on!
[[93m[1m WARNING [21m[0m] Keep producing negative values! Clipping negative solutions and moving on!
[[93m[1m WARNING [21m[0m] Keep producing negative values! Clipping negative solutions and moving on!
[[93m[1m WARNING [21m[0m] Keep producing negative values! Clipping negative solutions and moving on!
[[93m[1m WARNING [21m[0m] Keep producing negative values! Clipping negative solutions and moving on!
[[93m[1m WARNING [21m[0m] Keep producing negative values! Clipping negative solutions and moving on!
[[93m[1m WARNING [21m[0m] Keep producing negative values! Clipping negative solutions and moving on!
[[93m[1m WARNING [21m[0m] Keep producing negative values! Clipping negative solutions and moving on!
[[93m[1m WARNING [21m[0m] Keep producing negative values! Clipping negative solutions and moving on!
[[93m[1m WARNING [21m[0m] Keep producing negative values! Clipping negative solutions and moving on!
[[93m[1m WARNING [21m[0m] Keep producing negative values! Clipping negative solutions and moving on!
[[93m[1m WARNING [21m[0m] Keep producing negative values! Clipping negative solutions and moving on!
[[93m[1m WARNING [21m[0m] Keep producing negative values! Clipping negative solutions and moving on!
[[93m[1m WARNING [21m[0m] Keep producing negative values! Clipping negative solutions and moving on!
[[93m[1m WARNING [21m[0m] Keep producing negative values! Clipping negative solutions and moving on!
[[93m[1m WARNING [21m[0m] Keep producing negative values! Clipping negative solutions and moving on!
[[93m[1m WARNING [21m[0m] Keep producing negative values! Clipping negative solutions and moving on!
[[93m[1m WARNING [21m[0m] Keep producing negative values! Clipping negative solutions and moving on!
[[93m[1m WARNING [21m[0m] Keep producing negative values! Clipping negative solutions and moving on!
[[93m[1m WARNING [21m[0m] Keep producing negative values! Clipping negative solutions and moving on!
[[93m[1m WARNING [21m[0m] Keep producing negative values! Clipping negative solutions and moving on!
[[93m[1m WARNING [21m[0m] Keep producing negative values! Clipping negative solutions and moving on!
[[93m[1m WARNING [21m[0m] Keep producing negative values! Clipping negative solutions and moving on!
[[93m[1m WARNING [21m[0m] Keep producing negative values! Clipping negative solutions and moving on!
[[93m[1m WARNING [21m[0m] Keep producing negative values! Clipping negative solutions and moving on!
[[93m[1m WARNING [21m[0m] Keep producing negative values! Clipping negative solutions and moving on!
[[93m[1m WARNING [21m[0m] Keep producing negative values! Clipping negative solutions and moving on!
[[93m[1m WARNING [21m[0m] Keep producing negative values! Clipping negative solutions and moving on!
[[93m[1m WARNING [21m[0m] Keep producing negative values! Clipping negative solutions and moving on!
[[93m[1m WARNING [21m[0m] Keep producing negative values! Clipping negative solutions and moving on!
[[93m[1m WARNING [21m[0m] Keep producing negative values! Clipping negative solutions and moving on!
[[93m[1m WARNING [21m[0m] Keep producing negative values! Clipping negative solutions and moving on!
[[93m[1m WARNING [21m[0m] Keep producing negative values! Clipping negative solutions and moving on!
[[93m[1m WARNING [21m[0m] Keep producing negative values! Clipping negative solutions and moving on!
[[93m[1m WARNING [21m[0m] Keep producing negative values! Clipping negative solutions and moving on!
[[93m[1m WARNING [21m[0m] Keep producing negative values! Clipping negative solutions and moving on!
[[93m[1m WARNING [21m[0m] Keep producing negative values! Clipping negative solutions and moving on!
[[93m[1m WARNING [21m[0m] Keep producing negative values! Clipping negative solutions and moving on!
[[93m[1m WARNING [21m[0m] Keep producing negative values! Clipping negative solutions and moving on!
[[93m[1m WARNING [21m[0m] Keep producing negative values! Clipping negative solutions and moving on!
[[93m[1m WARNING [21m[0m] Keep producing negative values! Clipping negative solutions and moving on!
[[93m[1m WARNING [21m[0m] Keep producing negative values! Clipping negative solutions and moving on!
[[93m[1m WARNING [21m[0m] Keep producing negative values! Clipping negative solutions and moving on!
[[93m[1m WARNING [21m[0m] Keep producing negative values! Clipping negative solutions and moving on!
[[93m[1m WARNING [21m[0m] Keep producing negative values! Clipping negative solutions and moving on!
[[93m[1m WARNING [21m[0m] Keep producing negative values! Clipping negative solutions and moving on!
[[93m[1m WARNING [21m[0m] Keep producing negative values! Clipping negative solutions and moving on!
[[93m[1m WARNING [21m[0m] Keep producing negative values! Clipping negative solutions and moving on!
[[93m[1m WARNING [21m[0m] Keep producing negative values! Clipping negative solutions and moving on!
[[93m[1m WARNING [21m[0m] Keep producing negative values! Clipping negative solutions and moving on!
[[93m[1m WARNING [21m[0m] Keep producing negative values! Clipping negative solutions and moving on!
[[93m[1m WARNING [21m[0m] Keep producing negative values! Clipping negative solutions and moving on!
[[93m[1m WARNING [21m[0m] Keep producing negative values! Clipping negative solutions and moving on!
[[32m[1m INFO  [21m[0m] Elapsed time: 3.13e-05 || Step number: 3100/30000
[[32m[1m INFO  [21m[0m] longdy = 1.00e+00      || longdy/dt = 1.00e+00  || dt = 2.16e-08
[[32m[1m INFO  [21m[0m] from nz = 0 and OH
[[32m[1m INFO  [21m[0m] -----------------------------------------------------------------
[[93m[1m WARNING [21m[0m] Keep producing negative values! Clipping negative solutions and moving on!
[[93m[1m WARNING [21m[0m] Keep producing negative values! Clipping negative solutions and moving on!
[[93m[1m WARNING [21m[0m] Keep producing negative values! Clipping negative solutions and moving on!
[[93m[1m WARNING [21m[0m] Keep producing negative values! Clipping negative solutions and moving on!
[[93m[1m WARNING [21m[0m] Keep producing negative values! Clipping negative solutions and moving on!
[[93m[1m WARNING [21m[0m] Keep producing negative values! Clipping negative solutions and moving on!
[[93m[1m WARNING [21m[0m] Keep producing negative values! Clipping negative solutions and moving on!
[[93m[1m WARNING [21m[0m] Keep producing negative values! Clipping negative solutions and moving on!
[[93m[1m WARNING [21m[0m] Keep producing negative values! Clipping negative solutions and moving on!
[[93m[1m WARNING [21m[0m] Keep producing negative values! Clipping negative solutions and moving on!
[[93m[1m WARNING [21m[0m] Keep producing negative values! Clipping negative solutions and moving on!
[[93m[1m WARNING [21m[0m] Keep producing negative values! Clipping negative solutions and moving on!
[[93m[1m WARNING [21m[0m] Keep producing negative values! Clipping negative solutions and moving on!
[[93m[1m WARNING [21m[0m] Keep producing negative values! Clipping negative solutions and moving on!
[[93m[1m WARNING [21m[0m] Keep producing negative values! Clipping negative solutions and moving on!
[[93m[1m WARNING [21m[0m] Keep producing negative values! Clipping negative solutions and moving on!
[[93m[1m WARNING [21m[0m] Keep producing negative values! Clipping negative solutions and moving on!
[[93m[1m WARNING [21m[0m] Keep producing negative values! Clipping negative solutions and moving on!
[[93m[1m WARNING [21m[0m] Keep producing negative values! Clipping negative solutions and moving on!
[[93m[1m WARNING [21m[0m] Keep producing negative values! Clipping negative solutions and moving on!
[[93m[1m WARNING [21m[0m] Keep producing negative values! Clipping negative solutions and moving on!
[[93m[1m WARNING [21m[0m] Keep producing negative values! Clipping negative solutions and moving on!
[[93m[1m WARNING [21m[0m] Keep producing negative values! Clipping negative solutions and moving on!
[[93m[1m WARNING [21m[0m] Keep producing negative values! Clipping negative solutions and moving on!
[[93m[1m WARNING [21m[0m] Keep producing negative values! Clipping negative solutions and moving on!
[[93m[1m WARNING [21m[0m] Keep producing negative values! Clipping negative solutions and moving on!
[[93m[1m WARNING [21m[0m] Keep producing negative values! Clipping negative solutions and moving on!
[[93m[1m WARNING [21m[0m] Keep producing negative values! Clipping negative solutions and moving on!
[[93m[1m WARNING [21m[0m] Keep producing negative values! Clipping negative solutions and moving on!
[[93m[1m WARNING [21m[0m] Keep producing negative values! Clipping negative solutions and moving on!
[[93m[1m WARNING [21m[0m] Keep producing negative values! Clipping negative solutions and moving on!
[[93m[1m WARNING [21m[0m] Keep producing negative values! Clipping negative solutions and moving on!
[[93m[1m WARNING [21m[0m] Keep producing negative values! Clipping negative solutions and moving on!
[[93m[1m WARNING [21m[0m] Keep producing negative values! Clipping negative solutions and moving on!
[[93m[1m WARNING [21m[0m] Keep producing negative values! Clipping negative solutions and moving on!
[[93m[1m WARNING [21m[0m] Keep producing negative values! Clipping negative solutions and moving on!
[[93m[1m WARNING [21m[0m] Keep producing negative values! Clipping negative solutions and moving on!
[[93m[1m WARNING [21m[0m] Keep producing negative values! Clipping negative solutions and moving on!
[[93m[1m WARNING [21m[0m] Keep producing negative values! Clipping negative solutions and moving on!
[[93m[1m WARNING [21m[0m] Keep producing negative values! Clipping negative solutions and moving on!
[[93m[1m WARNING [21m[0m] Keep producing negative values! Clipping negative solutions and moving on!
[[93m[1m WARNING [21m[0m] Keep producing negative values! Clipping negative solutions and moving on!
[[93m[1m WARNING [21m[0m] Keep producing negative values! Clipping negative solutions and moving on!
[[93m[1m WARNING [21m[0m] Keep producing negative values! Clipping negative solutions and moving on!
[[93m[1m WARNING [21m[0m] Keep producing negative values! Clipping negative solutions and moving on!
[[93m[1m WARNING [21m[0m] Keep producing negative values! Clipping negative solutions and moving on!
[[93m[1m WARNING [21m[0m] Keep producing negative values! Clipping negative solutions and moving on!
[[93m[1m WARNING [21m[0m] Keep producing negative values! Clipping negative solutions and moving on!
[[93m[1m WARNING [21m[0m] Keep producing negative values! Clipping negative solutions and moving on!
[[93m[1m WARNING [21m[0m] Keep producing negative values! Clipping negative solutions and moving on!
[[93m[1m WARNING [21m[0m] Keep producing negative values! Clipping negative solutions and moving on!
[[93m[1m WARNING [21m[0m] Keep producing negative values! Clipping negative solutions and moving on!
[[93m[1m WARNING [21m[0m] Keep producing negative values! Clipping negative solutions and moving on!
[[93m[1m WARNING [21m[0m] Keep producing negative values! Clipping negative solutions and moving on!
[[93m[1m WARNING [21m[0m] Keep producing negative values! Clipping negative solutions and moving on!
[[93m[1m WARNING [21m[0m] Keep producing negative values! Clipping negative solutions and moving on!
[[93m[1m WARNING [21m[0m] Keep producing negative values! Clipping negative solutions and moving on!
[[93m[1m WARNING [21m[0m] Keep producing negative values! Clipping negative solutions and moving on!
[[93m[1m WARNING [21m[0m] Keep producing negative values! Clipping negative solutions and moving on!
[[93m[1m WARNING [21m[0m] Keep producing negative values! Clipping negative solutions and moving on!
[[93m[1m WARNING [21m[0m] Keep producing negative values! Clipping negative solutions and moving on!
[[93m[1m WARNING [21m[0m] Keep producing negative values! Clipping negative solutions and moving on!
[[93m[1m WARNING [21m[0m] Keep producing negative values! Clipping negative solutions and moving on!
[[93m[1m WARNING [21m[0m] Keep producing negative values! Clipping negative solutions and moving on!
[[93m[1m WARNING [21m[0m] Keep producing negative values! Clipping negative solutions and moving on!
[[93m[1m WARNING [21m[0m] Keep producing negative values! Clipping negative solutions and moving on!
[[93m[1m WARNING [21m[0m] Keep producing negative values! Clipping negative solutions and moving on!
[[93m[1m WARNING [21m[0m] Keep producing negative values! Clipping negative solutions and moving on!
[[93m[1m WARNING [21m[0m] Keep producing negative values! Clipping negative solutions and moving on!
[[93m[1m WARNING [21m[0m] Keep producing negative values! Clipping negative solutions and moving on!
[[93m[1m WARNING [21m[0m] Keep producing negative values! Clipping negative solutions and moving on!
[[93m[1m WARNING [21m[0m] Keep producing negative values! Clipping negative solutions and moving on!
[[93m[1m WARNING [21m[0m] Keep producing negative values! Clipping negative solutions and moving on!
[[93m[1m WARNING [21m[0m] Keep producing negative values! Clipping negative solutions and moving on!
[[93m[1m WARNING [21m[0m] Keep producing negative values! Clipping negative solutions and moving on!
[[93m[1m WARNING [21m[0m] Keep producing negative values! Clipping negative solutions and moving on!
[[93m[1m WARNING [21m[0m] Keep producing negative values! Clipping negative solutions and moving on!
[[93m[1m WARNING [21m[0m] Keep producing negative values! Clipping negative solutions and moving on!
[[93m[1m WARNING [21m[0m] Keep producing negative values! Clipping negative solutions and moving on!
[[93m[1m WARNING [21m[0m] Keep producing negative values! Clipping negative solutions and moving on!
[[93m[1m WARNING [21m[0m] Keep producing negative values! Clipping negative solutions and moving on!
[[93m[1m WARNING [21m[0m] Keep producing negative values! Clipping negative solutions and moving on!
[[93m[1m WARNING [21m[0m] Keep producing negative values! Clipping negative solutions and moving on!
[[93m[1m WARNING [21m[0m] Keep producing negative values! Clipping negative solutions and moving on!
[[93m[1m WARNING [21m[0m] Keep producing negative values! Clipping negative solutions and moving on!
[[93m[1m WARNING [21m[0m] Keep producing negative values! Clipping negative solutions and moving on!
[[32m[1m INFO  [21m[0m] Elapsed time: 3.23e-05 || Step number: 3200/30000
[[32m[1m INFO  [21m[0m] longdy = 1.00e+00      || longdy/dt = 1.00e+00  || dt = 1.00e-08
[[32m[1m INFO  [21m[0m] from nz = 0 and OH
[[32m[1m INFO  [21m[0m] -----------------------------------------------------------------
[[93m[1m WARNING [21m[0m] Keep producing negative values! Clipping negative solutions and moving on!
[[93m[1m WARNING [21m[0m] Keep producing negative values! Clipping negative solutions and moving on!
[[93m[1m WARNING [21m[0m] Keep producing negative values! Clipping negative solutions and moving on!
[[93m[1m WARNING [21m[0m] Keep producing negative values! Clipping negative solutions and moving on!
[[93m[1m WARNING [21m[0m] Keep producing negative values! Clipping negative solutions and moving on!
[[93m[1m WARNING [21m[0m] Keep producing negative values! Clipping negative solutions and moving on!
[[93m[1m WARNING [21m[0m] Keep producing negative values! Clipping negative solutions and moving on!
[[93m[1m WARNING [21m[0m] Keep producing negative values! Clipping negative solutions and moving on!
[[93m[1m WARNING [21m[0m] Keep producing negative values! Clipping negative solutions and moving on!
[[93m[1m WARNING [21m[0m] Keep producing negative values! Clipping negative solutions and moving on!
[[93m[1m WARNING [21m[0m] Keep producing negative values! Clipping negative solutions and moving on!
[[93m[1m WARNING [21m[0m] Keep producing negative values! Clipping negative solutions and moving on!
[[93m[1m WARNING [21m[0m] Keep producing negative values! Clipping negative solutions and moving on!
[[93m[1m WARNING [21m[0m] Keep producing negative values! Clipping negative solutions and moving on!
[[93m[1m WARNING [21m[0m] Keep producing negative values! Clipping negative solutions and moving on!
[[93m[1m WARNING [21m[0m] Keep producing negative values! Clipping negative solutions and moving on!
[[93m[1m WARNING [21m[0m] Keep producing negative values! Clipping negative solutions and moving on!
[[93m[1m WARNING [21m[0m] Keep producing negative values! Clipping negative solutions and moving on!
[[93m[1m WARNING [21m[0m] Keep producing negative values! Clipping negative solutions and moving on!
[[93m[1m WARNING [21m[0m] Keep producing negative values! Clipping negative solutions and moving on!
[[93m[1m WARNING [21m[0m] Keep producing negative values! Clipping negative solutions and moving on!
[[93m[1m WARNING [21m[0m] Keep producing negative values! Clipping negative solutions and moving on!
[[93m[1m WARNING [21m[0m] Keep producing negative values! Clipping negative solutions and moving on!
[[93m[1m WARNING [21m[0m] Keep producing negative values! Clipping negative solutions and moving on!
[[93m[1m WARNING [21m[0m] Keep producing negative values! Clipping negative solutions and moving on!
[[93m[1m WARNING [21m[0m] Keep producing negative values! Clipping negative solutions and moving on!
[[93m[1m WARNING [21m[0m] Keep producing negative values! Clipping negative solutions and moving on!
[[93m[1m WARNING [21m[0m] Keep producing negative values! Clipping negative solutions and moving on!
[[93m[1m WARNING [21m[0m] Keep producing negative values! Clipping negative solutions and moving on!
[[93m[1m WARNING [21m[0m] Keep producing negative values! Clipping negative solutions and moving on!
[[93m[1m WARNING [21m[0m] Keep producing negative values! Clipping negative solutions and moving on!
[[93m[1m WARNING [21m[0m] Keep producing negative values! Clipping negative solutions and moving on!
[[93m[1m WARNING [21m[0m] Keep producing negative values! Clipping negative solutions and moving on!
[[93m[1m WARNING [21m[0m] Keep producing negative values! Clipping negative solutions and moving on!
[[93m[1m WARNING [21m[0m] Keep producing negative values! Clipping negative solutions and moving on!
[[93m[1m WARNING [21m[0m] Keep producing negative values! Clipping negative solutions and moving on!
[[93m[1m WARNING [21m[0m] Keep producing negative values! Clipping negative solutions and moving on!
[[93m[1m WARNING [21m[0m] Keep producing negative values! Clipping negative solutions and moving on!
[[93m[1m WARNING [21m[0m] Keep producing negative values! Clipping negative solutions and moving on!
[[93m[1m WARNING [21m[0m] Keep producing negative values! Clipping negative solutions and moving on!
[[93m[1m WARNING [21m[0m] Keep producing negative values! Clipping negative solutions and moving on!
[[93m[1m WARNING [21m[0m] Keep producing negative values! Clipping negative solutions and moving on!
[[93m[1m WARNING [21m[0m] Keep producing negative values! Clipping negative solutions and moving on!
[[93m[1m WARNING [21m[0m] Keep producing negative values! Clipping negative solutions and moving on!
[[93m[1m WARNING [21m[0m] Keep producing negative values! Clipping negative solutions and moving on!
[[93m[1m WARNING [21m[0m] Keep producing negative values! Clipping negative solutions and moving on!
[[93m[1m WARNING [21m[0m] Keep producing negative values! Clipping negative solutions and moving on!
[[93m[1m WARNING [21m[0m] Keep producing negative values! Clipping negative solutions and moving on!
[[93m[1m WARNING [21m[0m] Keep producing negative values! Clipping negative solutions and moving on!
[[93m[1m WARNING [21m[0m] Keep producing negative values! Clipping negative solutions and moving on!
[[93m[1m WARNING [21m[0m] Keep producing negative values! Clipping negative solutions and moving on!
[[93m[1m WARNING [21m[0m] Keep producing negative values! Clipping negative solutions and moving on!
[[93m[1m WARNING [21m[0m] Keep producing negative values! Clipping negative solutions and moving on!
[[93m[1m WARNING [21m[0m] Keep producing negative values! Clipping negative solutions and moving on!
[[93m[1m WARNING [21m[0m] Keep producing negative values! Clipping negative solutions and moving on!
[[93m[1m WARNING [21m[0m] Keep producing negative values! Clipping negative solutions and moving on!
[[93m[1m WARNING [21m[0m] Keep producing negative values! Clipping negative solutions and moving on!
[[93m[1m WARNING [21m[0m] Keep producing negative values! Clipping negative solutions and moving on!
[[93m[1m WARNING [21m[0m] Keep producing negative values! Clipping negative solutions and moving on!
[[93m[1m WARNING [21m[0m] Keep producing negative values! Clipping negative solutions and moving on!
[[93m[1m WARNING [21m[0m] Keep producing negative values! Clipping negative solutions and moving on!
[[93m[1m WARNING [21m[0m] Keep producing negative values! Clipping negative solutions and moving on!
[[93m[1m WARNING [21m[0m] Keep producing negative values! Clipping negative solutions and moving on!
[[93m[1m WARNING [21m[0m] Keep producing negative values! Clipping negative solutions and moving on!
[[93m[1m WARNING [21m[0m] Keep producing negative values! Clipping negative solutions and moving on!
[[93m[1m WARNING [21m[0m] Keep producing negative values! Clipping negative solutions and moving on!
[[93m[1m WARNING [21m[0m] Keep producing negative values! Clipping negative solutions and moving on!
[[93m[1m WARNING [21m[0m] Keep producing negative values! Clipping negative solutions and moving on!
[[93m[1m WARNING [21m[0m] Keep producing negative values! Clipping negative solutions and moving on!
[[93m[1m WARNING [21m[0m] Keep producing negative values! Clipping negative solutions and moving on!
[[93m[1m WARNING [21m[0m] Keep producing negative values! Clipping negative solutions and moving on!
[[93m[1m WARNING [21m[0m] Keep producing negative values! Clipping negative solutions and moving on!
[[93m[1m WARNING [21m[0m] Keep producing negative values! Clipping negative solutions and moving on!
[[93m[1m WARNING [21m[0m] Keep producing negative values! Clipping negative solutions and moving on!
[[93m[1m WARNING [21m[0m] Keep producing negative values! Clipping negative solutions and moving on!
[[93m[1m WARNING [21m[0m] Keep producing negative values! Clipping negative solutions and moving on!
[[93m[1m WARNING [21m[0m] Keep producing negative values! Clipping negative solutions and moving on!
[[93m[1m WARNING [21m[0m] Keep producing negative values! Clipping negative solutions and moving on!
[[32m[1m INFO  [21m[0m] Elapsed time: 3.34e-05 || Step number: 3300/30000
[[32m[1m INFO  [21m[0m] longdy = 1.00e+00      || longdy/dt = 1.00e+00  || dt = 1.58e-08
[[32m[1m INFO  [21m[0m] from nz = 0 and OH
[[32m[1m INFO  [21m[0m] -----------------------------------------------------------------
[[93m[1m WARNING [21m[0m] Keep producing negative values! Clipping negative solutions and moving on!
[[93m[1m WARNING [21m[0m] Keep producing negative values! Clipping negative solutions and moving on!
[[93m[1m WARNING [21m[0m] Keep producing negative values! Clipping negative solutions and moving on!
[[93m[1m WARNING [21m[0m] Keep producing negative values! Clipping negative solutions and moving on!
[[93m[1m WARNING [21m[0m] Keep producing negative values! Clipping negative solutions and moving on!
[[93m[1m WARNING [21m[0m] Keep producing negative values! Clipping negative solutions and moving on!
[[93m[1m WARNING [21m[0m] Keep producing negative values! Clipping negative solutions and moving on!
[[93m[1m WARNING [21m[0m] Keep producing negative values! Clipping negative solutions and moving on!
[[93m[1m WARNING [21m[0m] Keep producing negative values! Clipping negative solutions and moving on!
[[93m[1m WARNING [21m[0m] Keep producing negative values! Clipping negative solutions and moving on!
[[93m[1m WARNING [21m[0m] Keep producing negative values! Clipping negative solutions and moving on!
[[93m[1m WARNING [21m[0m] Keep producing negative values! Clipping negative solutions and moving on!
[[93m[1m WARNING [21m[0m] Keep producing negative values! Clipping negative solutions and moving on!
[[93m[1m WARNING [21m[0m] Keep producing negative values! Clipping negative solutions and moving on!
[[93m[1m WARNING [21m[0m] Keep producing negative values! Clipping negative solutions and moving on!
[[93m[1m WARNING [21m[0m] Keep producing negative values! Clipping negative solutions and moving on!
[[93m[1m WARNING [21m[0m] Keep producing negative values! Clipping negative solutions and moving on!
[[93m[1m WARNING [21m[0m] Keep producing negative values! Clipping negative solutions and moving on!
[[93m[1m WARNING [21m[0m] Keep producing negative values! Clipping negative solutions and moving on!
[[93m[1m WARNING [21m[0m] Keep producing negative values! Clipping negative solutions and moving on!
[[93m[1m WARNING [21m[0m] Keep producing negative values! Clipping negative solutions and moving on!
[[93m[1m WARNING [21m[0m] Keep producing negative values! Clipping negative solutions and moving on!
[[93m[1m WARNING [21m[0m] Keep producing negative values! Clipping negative solutions and moving on!
[[93m[1m WARNING [21m[0m] Keep producing negative values! Clipping negative solutions and moving on!
[[93m[1m WARNING [21m[0m] Keep producing negative values! Clipping negative solutions and moving on!
[[93m[1m WARNING [21m[0m] Keep producing negative values! Clipping negative solutions and moving on!
[[93m[1m WARNING [21m[0m] Keep producing negative values! Clipping negative solutions and moving on!
[[93m[1m WARNING [21m[0m] Keep producing negative values! Clipping negative solutions and moving on!
[[93m[1m WARNING [21m[0m] Keep producing negative values! Clipping negative solutions and moving on!
[[93m[1m WARNING [21m[0m] Keep producing negative values! Clipping negative solutions and moving on!
[[93m[1m WARNING [21m[0m] Keep producing negative values! Clipping negative solutions and moving on!
[[93m[1m WARNING [21m[0m] Keep producing negative values! Clipping negative solutions and moving on!
[[93m[1m WARNING [21m[0m] Keep producing negative values! Clipping negative solutions and moving on!
[[93m[1m WARNING [21m[0m] Keep producing negative values! Clipping negative solutions and moving on!
[[93m[1m WARNING [21m[0m] Keep producing negative values! Clipping negative solutions and moving on!
[[93m[1m WARNING [21m[0m] Keep producing negative values! Clipping negative solutions and moving on!
[[93m[1m WARNING [21m[0m] Keep producing negative values! Clipping negative solutions and moving on!
[[93m[1m WARNING [21m[0m] Keep producing negative values! Clipping negative solutions and moving on!
[[93m[1m WARNING [21m[0m] Keep producing negative values! Clipping negative solutions and moving on!
[[93m[1m WARNING [21m[0m] Keep producing negative values! Clipping negative solutions and moving on!
[[93m[1m WARNING [21m[0m] Keep producing negative values! Clipping negative solutions and moving on!
[[93m[1m WARNING [21m[0m] Keep producing negative values! Clipping negative solutions and moving on!
[[93m[1m WARNING [21m[0m] Keep producing negative values! Clipping negative solutions and moving on!
[[93m[1m WARNING [21m[0m] Keep producing negative values! Clipping negative solutions and moving on!
[[93m[1m WARNING [21m[0m] Keep producing negative values! Clipping negative solutions and moving on!
[[93m[1m WARNING [21m[0m] Keep producing negative values! Clipping negative solutions and moving on!
[[93m[1m WARNING [21m[0m] Keep producing negative values! Clipping negative solutions and moving on!
[[93m[1m WARNING [21m[0m] Keep producing negative values! Clipping negative solutions and moving on!
[[93m[1m WARNING [21m[0m] Keep producing negative values! Clipping negative solutions and moving on!
[[93m[1m WARNING [21m[0m] Keep producing negative values! Clipping negative solutions and moving on!
[[93m[1m WARNING [21m[0m] Keep producing negative values! Clipping negative solutions and moving on!
[[93m[1m WARNING [21m[0m] Keep producing negative values! Clipping negative solutions and moving on!
[[93m[1m WARNING [21m[0m] Keep producing negative values! Clipping negative solutions and moving on!
[[93m[1m WARNING [21m[0m] Keep producing negative values! Clipping negative solutions and moving on!
[[93m[1m WARNING [21m[0m] Keep producing negative values! Clipping negative solutions and moving on!
[[93m[1m WARNING [21m[0m] Keep producing negative values! Clipping negative solutions and moving on!
[[93m[1m WARNING [21m[0m] Keep producing negative values! Clipping negative solutions and moving on!
[[93m[1m WARNING [21m[0m] Keep producing negative values! Clipping negative solutions and moving on!
[[93m[1m WARNING [21m[0m] Keep producing negative values! Clipping negative solutions and moving on!
[[93m[1m WARNING [21m[0m] Keep producing negative values! Clipping negative solutions and moving on!
[[93m[1m WARNING [21m[0m] Keep producing negative values! Clipping negative solutions and moving on!
[[93m[1m WARNING [21m[0m] Keep producing negative values! Clipping negative solutions and moving on!
[[93m[1m WARNING [21m[0m] Keep producing negative values! Clipping negative solutions and moving on!
[[93m[1m WARNING [21m[0m] Keep producing negative values! Clipping negative solutions and moving on!
[[93m[1m WARNING [21m[0m] Keep producing negative values! Clipping negative solutions and moving on!
[[93m[1m WARNING [21m[0m] Keep producing negative values! Clipping negative solutions and moving on!
[[93m[1m WARNING [21m[0m] Keep producing negative values! Clipping negative solutions and moving on!
[[93m[1m WARNING [21m[0m] Keep producing negative values! Clipping negative solutions and moving on!
[[93m[1m WARNING [21m[0m] Keep producing negative values! Clipping negative solutions and moving on!
[[93m[1m WARNING [21m[0m] Keep producing negative values! Clipping negative solutions and moving on!
[[93m[1m WARNING [21m[0m] Keep producing negative values! Clipping negative solutions and moving on!
[[93m[1m WARNING [21m[0m] Keep producing negative values! Clipping negative solutions and moving on!
[[93m[1m WARNING [21m[0m] Keep producing negative values! Clipping negative solutions and moving on!
[[93m[1m WARNING [21m[0m] Keep producing negative values! Clipping negative solutions and moving on!
[[93m[1m WARNING [21m[0m] Keep producing negative values! Clipping negative solutions and moving on!
[[32m[1m INFO  [21m[0m] Elapsed time: 3.44e-05 || Step number: 3400/30000
[[32m[1m INFO  [21m[0m] longdy = 1.00e+00      || longdy/dt = 1.00e+00  || dt = 1.00e-08
[[32m[1m INFO  [21m[0m] from nz = 0 and OH
[[32m[1m INFO  [21m[0m] -----------------------------------------------------------------
[[93m[1m WARNING [21m[0m] Keep producing negative values! Clipping negative solutions and moving on!
[[93m[1m WARNING [21m[0m] Keep producing negative values! Clipping negative solutions and moving on!
[[93m[1m WARNING [21m[0m] Keep producing negative values! Clipping negative solutions and moving on!
[[93m[1m WARNING [21m[0m] Keep producing negative values! Clipping negative solutions and moving on!
[[93m[1m WARNING [21m[0m] Keep producing negative values! Clipping negative solutions and moving on!
[[93m[1m WARNING [21m[0m] Keep producing negative values! Clipping negative solutions and moving on!
[[93m[1m WARNING [21m[0m] Keep producing negative values! Clipping negative solutions and moving on!
[[93m[1m WARNING [21m[0m] Keep producing negative values! Clipping negative solutions and moving on!
[[93m[1m WARNING [21m[0m] Keep producing negative values! Clipping negative solutions and moving on!
[[93m[1m WARNING [21m[0m] Keep producing negative values! Clipping negative solutions and moving on!
[[93m[1m WARNING [21m[0m] Keep producing negative values! Clipping negative solutions and moving on!
[[93m[1m WARNING [21m[0m] Keep producing negative values! Clipping negative solutions and moving on!
[[93m[1m WARNING [21m[0m] Keep producing negative values! Clipping negative solutions and moving on!
[[93m[1m WARNING [21m[0m] Keep producing negative values! Clipping negative solutions and moving on!
[[93m[1m WARNING [21m[0m] Keep producing negative values! Clipping negative solutions and moving on!
[[93m[1m WARNING [21m[0m] Keep producing negative values! Clipping negative solutions and moving on!
[[93m[1m WARNING [21m[0m] Keep producing negative values! Clipping negative solutions and moving on!
[[93m[1m WARNING [21m[0m] Keep producing negative values! Clipping negative solutions and moving on!
[[93m[1m WARNING [21m[0m] Keep producing negative values! Clipping negative solutions and moving on!
[[93m[1m WARNING [21m[0m] Keep producing negative values! Clipping negative solutions and moving on!
[[93m[1m WARNING [21m[0m] Keep producing negative values! Clipping negative solutions and moving on!
[[93m[1m WARNING [21m[0m] Keep producing negative values! Clipping negative solutions and moving on!
[[93m[1m WARNING [21m[0m] Keep producing negative values! Clipping negative solutions and moving on!
[[93m[1m WARNING [21m[0m] Keep producing negative values! Clipping negative solutions and moving on!
[[93m[1m WARNING [21m[0m] Keep producing negative values! Clipping negative solutions and moving on!
[[93m[1m WARNING [21m[0m] Keep producing negative values! Clipping negative solutions and moving on!
[[93m[1m WARNING [21m[0m] Keep producing negative values! Clipping negative solutions and moving on!
[[93m[1m WARNING [21m[0m] Keep producing negative values! Clipping negative solutions and moving on!
[[93m[1m WARNING [21m[0m] Keep producing negative values! Clipping negative solutions and moving on!
[[93m[1m WARNING [21m[0m] Keep producing negative values! Clipping negative solutions and moving on!
[[93m[1m WARNING [21m[0m] Keep producing negative values! Clipping negative solutions and moving on!
[[93m[1m WARNING [21m[0m] Keep producing negative values! Clipping negative solutions and moving on!
[[93m[1m WARNING [21m[0m] Keep producing negative values! Clipping negative solutions and moving on!
[[93m[1m WARNING [21m[0m] Keep producing negative values! Clipping negative solutions and moving on!
[[93m[1m WARNING [21m[0m] Keep producing negative values! Clipping negative solutions and moving on!
[[93m[1m WARNING [21m[0m] Keep producing negative values! Clipping negative solutions and moving on!
[[93m[1m WARNING [21m[0m] Keep producing negative values! Clipping negative solutions and moving on!
[[93m[1m WARNING [21m[0m] Keep producing negative values! Clipping negative solutions and moving on!
[[93m[1m WARNING [21m[0m] Keep producing negative values! Clipping negative solutions and moving on!
[[93m[1m WARNING [21m[0m] Keep producing negative values! Clipping negative solutions and moving on!
[[93m[1m WARNING [21m[0m] Keep producing negative values! Clipping negative solutions and moving on!
[[93m[1m WARNING [21m[0m] Keep producing negative values! Clipping negative solutions and moving on!
[[93m[1m WARNING [21m[0m] Keep producing negative values! Clipping negative solutions and moving on!
[[93m[1m WARNING [21m[0m] Keep producing negative values! Clipping negative solutions and moving on!
[[93m[1m WARNING [21m[0m] Keep producing negative values! Clipping negative solutions and moving on!
[[93m[1m WARNING [21m[0m] Keep producing negative values! Clipping negative solutions and moving on!
[[93m[1m WARNING [21m[0m] Keep producing negative values! Clipping negative solutions and moving on!
[[93m[1m WARNING [21m[0m] Keep producing negative values! Clipping negative solutions and moving on!
[[93m[1m WARNING [21m[0m] Keep producing negative values! Clipping negative solutions and moving on!
[[93m[1m WARNING [21m[0m] Keep producing negative values! Clipping negative solutions and moving on!
[[93m[1m WARNING [21m[0m] Keep producing negative values! Clipping negative solutions and moving on!
[[93m[1m WARNING [21m[0m] Keep producing negative values! Clipping negative solutions and moving on!
[[93m[1m WARNING [21m[0m] Keep producing negative values! Clipping negative solutions and moving on!
[[93m[1m WARNING [21m[0m] Keep producing negative values! Clipping negative solutions and moving on!
[[93m[1m WARNING [21m[0m] Keep producing negative values! Clipping negative solutions and moving on!
[[93m[1m WARNING [21m[0m] Keep producing negative values! Clipping negative solutions and moving on!
[[93m[1m WARNING [21m[0m] Keep producing negative values! Clipping negative solutions and moving on!
[[93m[1m WARNING [21m[0m] Keep producing negative values! Clipping negative solutions and moving on!
[[93m[1m WARNING [21m[0m] Keep producing negative values! Clipping negative solutions and moving on!
[[93m[1m WARNING [21m[0m] Keep producing negative values! Clipping negative solutions and moving on!
[[93m[1m WARNING [21m[0m] Keep producing negative values! Clipping negative solutions and moving on!
[[93m[1m WARNING [21m[0m] Keep producing negative values! Clipping negative solutions and moving on!
[[93m[1m WARNING [21m[0m] Keep producing negative values! Clipping negative solutions and moving on!
[[93m[1m WARNING [21m[0m] Keep producing negative values! Clipping negative solutions and moving on!
[[93m[1m WARNING [21m[0m] Keep producing negative values! Clipping negative solutions and moving on!
[[93m[1m WARNING [21m[0m] Keep producing negative values! Clipping negative solutions and moving on!
[[93m[1m WARNING [21m[0m] Keep producing negative values! Clipping negative solutions and moving on!
[[93m[1m WARNING [21m[0m] Keep producing negative values! Clipping negative solutions and moving on!
[[93m[1m WARNING [21m[0m] Keep producing negative values! Clipping negative solutions and moving on!
[[93m[1m WARNING [21m[0m] Keep producing negative values! Clipping negative solutions and moving on!
[[93m[1m WARNING [21m[0m] Keep producing negative values! Clipping negative solutions and moving on!
[[93m[1m WARNING [21m[0m] Keep producing negative values! Clipping negative solutions and moving on!
[[93m[1m WARNING [21m[0m] Keep producing negative values! Clipping negative solutions and moving on!
[[93m[1m WARNING [21m[0m] Keep producing negative values! Clipping negative solutions and moving on!
[[32m[1m INFO  [21m[0m] Elapsed time: 3.55e-05 || Step number: 3500/30000
[[32m[1m INFO  [21m[0m] longdy = 1.00e+00      || longdy/dt = 1.00e+00  || dt = 1.66e-08
[[32m[1m INFO  [21m[0m] from nz = 0 and OH
[[32m[1m INFO  [21m[0m] -----------------------------------------------------------------
[[93m[1m WARNING [21m[0m] Keep producing negative values! Clipping negative solutions and moving on!
[[93m[1m WARNING [21m[0m] Keep producing negative values! Clipping negative solutions and moving on!
[[93m[1m WARNING [21m[0m] Keep producing negative values! Clipping negative solutions and moving on!
[[93m[1m WARNING [21m[0m] Keep producing negative values! Clipping negative solutions and moving on!
[[93m[1m WARNING [21m[0m] Keep producing negative values! Clipping negative solutions and moving on!
[[93m[1m WARNING [21m[0m] Keep producing negative values! Clipping negative solutions and moving on!
[[93m[1m WARNING [21m[0m] Keep producing negative values! Clipping negative solutions and moving on!
[[93m[1m WARNING [21m[0m] Keep producing negative values! Clipping negative solutions and moving on!
[[93m[1m WARNING [21m[0m] Keep producing negative values! Clipping negative solutions and moving on!
[[93m[1m WARNING [21m[0m] Keep producing negative values! Clipping negative solutions and moving on!
[[93m[1m WARNING [21m[0m] Keep producing negative values! Clipping negative solutions and moving on!
[[93m[1m WARNING [21m[0m] Keep producing negative values! Clipping negative solutions and moving on!
[[93m[1m WARNING [21m[0m] Keep producing negative values! Clipping negative solutions and moving on!
[[93m[1m WARNING [21m[0m] Keep producing negative values! Clipping negative solutions and moving on!
[[93m[1m WARNING [21m[0m] Keep producing negative values! Clipping negative solutions and moving on!
[[93m[1m WARNING [21m[0m] Keep producing negative values! Clipping negative solutions and moving on!
[[93m[1m WARNING [21m[0m] Keep producing negative values! Clipping negative solutions and moving on!
[[93m[1m WARNING [21m[0m] Keep producing negative values! Clipping negative solutions and moving on!
[[93m[1m WARNING [21m[0m] Keep producing negative values! Clipping negative solutions and moving on!
[[93m[1m WARNING [21m[0m] Keep producing negative values! Clipping negative solutions and moving on!
[[93m[1m WARNING [21m[0m] Keep producing negative values! Clipping negative solutions and moving on!
[[93m[1m WARNING [21m[0m] Keep producing negative values! Clipping negative solutions and moving on!
[[93m[1m WARNING [21m[0m] Keep producing negative values! Clipping negative solutions and moving on!
[[93m[1m WARNING [21m[0m] Keep producing negative values! Clipping negative solutions and moving on!
[[93m[1m WARNING [21m[0m] Keep producing negative values! Clipping negative solutions and moving on!
[[93m[1m WARNING [21m[0m] Keep producing negative values! Clipping negative solutions and moving on!
[[93m[1m WARNING [21m[0m] Keep producing negative values! Clipping negative solutions and moving on!
[[93m[1m WARNING [21m[0m] Keep producing negative values! Clipping negative solutions and moving on!
[[93m[1m WARNING [21m[0m] Keep producing negative values! Clipping negative solutions and moving on!
[[93m[1m WARNING [21m[0m] Keep producing negative values! Clipping negative solutions and moving on!
[[93m[1m WARNING [21m[0m] Keep producing negative values! Clipping negative solutions and moving on!
[[93m[1m WARNING [21m[0m] Keep producing negative values! Clipping negative solutions and moving on!
[[93m[1m WARNING [21m[0m] Keep producing negative values! Clipping negative solutions and moving on!
[[93m[1m WARNING [21m[0m] Keep producing negative values! Clipping negative solutions and moving on!
[[93m[1m WARNING [21m[0m] Keep producing negative values! Clipping negative solutions and moving on!
[[93m[1m WARNING [21m[0m] Keep producing negative values! Clipping negative solutions and moving on!
[[93m[1m WARNING [21m[0m] Keep producing negative values! Clipping negative solutions and moving on!
[[93m[1m WARNING [21m[0m] Keep producing negative values! Clipping negative solutions and moving on!
[[93m[1m WARNING [21m[0m] Keep producing negative values! Clipping negative solutions and moving on!
[[93m[1m WARNING [21m[0m] Keep producing negative values! Clipping negative solutions and moving on!
[[93m[1m WARNING [21m[0m] Keep producing negative values! Clipping negative solutions and moving on!
[[93m[1m WARNING [21m[0m] Keep producing negative values! Clipping negative solutions and moving on!
[[93m[1m WARNING [21m[0m] Keep producing negative values! Clipping negative solutions and moving on!
[[93m[1m WARNING [21m[0m] Keep producing negative values! Clipping negative solutions and moving on!
[[93m[1m WARNING [21m[0m] Keep producing negative values! Clipping negative solutions and moving on!
[[93m[1m WARNING [21m[0m] Keep producing negative values! Clipping negative solutions and moving on!
[[93m[1m WARNING [21m[0m] Keep producing negative values! Clipping negative solutions and moving on!
[[93m[1m WARNING [21m[0m] Keep producing negative values! Clipping negative solutions and moving on!
[[93m[1m WARNING [21m[0m] Keep producing negative values! Clipping negative solutions and moving on!
[[93m[1m WARNING [21m[0m] Keep producing negative values! Clipping negative solutions and moving on!
[[93m[1m WARNING [21m[0m] Keep producing negative values! Clipping negative solutions and moving on!
[[93m[1m WARNING [21m[0m] Keep producing negative values! Clipping negative solutions and moving on!
[[93m[1m WARNING [21m[0m] Keep producing negative values! Clipping negative solutions and moving on!
[[93m[1m WARNING [21m[0m] Keep producing negative values! Clipping negative solutions and moving on!
[[93m[1m WARNING [21m[0m] Keep producing negative values! Clipping negative solutions and moving on!
[[93m[1m WARNING [21m[0m] Keep producing negative values! Clipping negative solutions and moving on!
[[93m[1m WARNING [21m[0m] Keep producing negative values! Clipping negative solutions and moving on!
[[93m[1m WARNING [21m[0m] Keep producing negative values! Clipping negative solutions and moving on!
[[93m[1m WARNING [21m[0m] Keep producing negative values! Clipping negative solutions and moving on!
[[93m[1m WARNING [21m[0m] Keep producing negative values! Clipping negative solutions and moving on!
[[93m[1m WARNING [21m[0m] Keep producing negative values! Clipping negative solutions and moving on!
[[93m[1m WARNING [21m[0m] Keep producing negative values! Clipping negative solutions and moving on!
[[32m[1m INFO  [21m[0m] Elapsed time: 3.65e-05 || Step number: 3600/30000
[[32m[1m INFO  [21m[0m] longdy = 1.00e+00      || longdy/dt = 1.00e+00  || dt = 2.00e-08
[[32m[1m INFO  [21m[0m] from nz = 0 and OH
[[32m[1m INFO  [21m[0m] -----------------------------------------------------------------
[[93m[1m WARNING [21m[0m] Keep producing negative values! Clipping negative solutions and moving on!
[[93m[1m WARNING [21m[0m] Keep producing negative values! Clipping negative solutions and moving on!
[[93m[1m WARNING [21m[0m] Keep producing negative values! Clipping negative solutions and moving on!
[[93m[1m WARNING [21m[0m] Keep producing negative values! Clipping negative solutions and moving on!
[[93m[1m WARNING [21m[0m] Keep producing negative values! Clipping negative solutions and moving on!
[[93m[1m WARNING [21m[0m] Keep producing negative values! Clipping negative solutions and moving on!
[[93m[1m WARNING [21m[0m] Keep producing negative values! Clipping negative solutions and moving on!
[[93m[1m WARNING [21m[0m] Keep producing negative values! Clipping negative solutions and moving on!
[[93m[1m WARNING [21m[0m] Keep producing negative values! Clipping negative solutions and moving on!
[[93m[1m WARNING [21m[0m] Keep producing negative values! Clipping negative solutions and moving on!
[[93m[1m WARNING [21m[0m] Keep producing negative values! Clipping negative solutions and moving on!
[[93m[1m WARNING [21m[0m] Keep producing negative values! Clipping negative solutions and moving on!
[[93m[1m WARNING [21m[0m] Keep producing negative values! Clipping negative solutions and moving on!
[[93m[1m WARNING [21m[0m] Keep producing negative values! Clipping negative solutions and moving on!
[[93m[1m WARNING [21m[0m] Keep producing negative values! Clipping negative solutions and moving on!
[[93m[1m WARNING [21m[0m] Keep producing negative values! Clipping negative solutions and moving on!
[[93m[1m WARNING [21m[0m] Keep producing negative values! Clipping negative solutions and moving on!
[[93m[1m WARNING [21m[0m] Keep producing negative values! Clipping negative solutions and moving on!
[[93m[1m WARNING [21m[0m] Keep producing negative values! Clipping negative solutions and moving on!
[[93m[1m WARNING [21m[0m] Keep producing negative values! Clipping negative solutions and moving on!
[[93m[1m WARNING [21m[0m] Keep producing negative values! Clipping negative solutions and moving on!
[[93m[1m WARNING [21m[0m] Keep producing negative values! Clipping negative solutions and moving on!
[[93m[1m WARNING [21m[0m] Keep producing negative values! Clipping negative solutions and moving on!
[[93m[1m WARNING [21m[0m] Keep producing negative values! Clipping negative solutions and moving on!
[[93m[1m WARNING [21m[0m] Keep producing negative values! Clipping negative solutions and moving on!
[[93m[1m WARNING [21m[0m] Keep producing negative values! Clipping negative solutions and moving on!
[[93m[1m WARNING [21m[0m] Keep producing negative values! Clipping negative solutions and moving on!
[[93m[1m WARNING [21m[0m] Keep producing negative values! Clipping negative solutions and moving on!
[[93m[1m WARNING [21m[0m] Keep producing negative values! Clipping negative solutions and moving on!
[[93m[1m WARNING [21m[0m] Keep producing negative values! Clipping negative solutions and moving on!
[[93m[1m WARNING [21m[0m] Keep producing negative values! Clipping negative solutions and moving on!
[[93m[1m WARNING [21m[0m] Keep producing negative values! Clipping negative solutions and moving on!
[[93m[1m WARNING [21m[0m] Keep producing negative values! Clipping negative solutions and moving on!
[[93m[1m WARNING [21m[0m] Keep producing negative values! Clipping negative solutions and moving on!
[[93m[1m WARNING [21m[0m] Keep producing negative values! Clipping negative solutions and moving on!
[[93m[1m WARNING [21m[0m] Keep producing negative values! Clipping negative solutions and moving on!
[[93m[1m WARNING [21m[0m] Keep producing negative values! Clipping negative solutions and moving on!
[[93m[1m WARNING [21m[0m] Keep producing negative values! Clipping negative solutions and moving on!
[[93m[1m WARNING [21m[0m] Keep producing negative values! Clipping negative solutions and moving on!
[[93m[1m WARNING [21m[0m] Keep producing negative values! Clipping negative solutions and moving on!
[[93m[1m WARNING [21m[0m] Keep producing negative values! Clipping negative solutions and moving on!
[[93m[1m WARNING [21m[0m] Keep producing negative values! Clipping negative solutions and moving on!
[[93m[1m WARNING [21m[0m] Keep producing negative values! Clipping negative solutions and moving on!
[[93m[1m WARNING [21m[0m] Keep producing negative values! Clipping negative solutions and moving on!
[[93m[1m WARNING [21m[0m] Keep producing negative values! Clipping negative solutions and moving on!
[[93m[1m WARNING [21m[0m] Keep producing negative values! Clipping negative solutions and moving on!
[[93m[1m WARNING [21m[0m] Keep producing negative values! Clipping negative solutions and moving on!
[[93m[1m WARNING [21m[0m] Keep producing negative values! Clipping negative solutions and moving on!
[[93m[1m WARNING [21m[0m] Keep producing negative values! Clipping negative solutions and moving on!
[[93m[1m WARNING [21m[0m] Keep producing negative values! Clipping negative solutions and moving on!
[[93m[1m WARNING [21m[0m] Keep producing negative values! Clipping negative solutions and moving on!
[[93m[1m WARNING [21m[0m] Keep producing negative values! Clipping negative solutions and moving on!
[[93m[1m WARNING [21m[0m] Keep producing negative values! Clipping negative solutions and moving on!
[[93m[1m WARNING [21m[0m] Keep producing negative values! Clipping negative solutions and moving on!
[[93m[1m WARNING [21m[0m] Keep producing negative values! Clipping negative solutions and moving on!
[[93m[1m WARNING [21m[0m] Keep producing negative values! Clipping negative solutions and moving on!
[[93m[1m WARNING [21m[0m] Keep producing negative values! Clipping negative solutions and moving on!
[[93m[1m WARNING [21m[0m] Keep producing negative values! Clipping negative solutions and moving on!
[[93m[1m WARNING [21m[0m] Keep producing negative values! Clipping negative solutions and moving on!
[[93m[1m WARNING [21m[0m] Keep producing negative values! Clipping negative solutions and moving on!
[[93m[1m WARNING [21m[0m] Keep producing negative values! Clipping negative solutions and moving on!
[[93m[1m WARNING [21m[0m] Keep producing negative values! Clipping negative solutions and moving on!
[[32m[1m INFO  [21m[0m] Elapsed time: 3.76e-05 || Step number: 3700/30000
[[32m[1m INFO  [21m[0m] longdy = 1.00e+00      || longdy/dt = 1.00e+00  || dt = 1.00e-08
[[32m[1m INFO  [21m[0m] from nz = 0 and OH
[[32m[1m INFO  [21m[0m] -----------------------------------------------------------------
[[93m[1m WARNING [21m[0m] Keep producing negative values! Clipping negative solutions and moving on!
[[93m[1m WARNING [21m[0m] Keep producing negative values! Clipping negative solutions and moving on!
[[93m[1m WARNING [21m[0m] Keep producing negative values! Clipping negative solutions and moving on!
[[93m[1m WARNING [21m[0m] Keep producing negative values! Clipping negative solutions and moving on!
[[93m[1m WARNING [21m[0m] Keep producing negative values! Clipping negative solutions and moving on!
[[93m[1m WARNING [21m[0m] Keep producing negative values! Clipping negative solutions and moving on!
[[93m[1m WARNING [21m[0m] Keep producing negative values! Clipping negative solutions and moving on!
[[93m[1m WARNING [21m[0m] Keep producing negative values! Clipping negative solutions and moving on!
[[93m[1m WARNING [21m[0m] Keep producing negative values! Clipping negative solutions and moving on!
[[93m[1m WARNING [21m[0m] Keep producing negative values! Clipping negative solutions and moving on!
[[93m[1m WARNING [21m[0m] Keep producing negative values! Clipping negative solutions and moving on!
[[93m[1m WARNING [21m[0m] Keep producing negative values! Clipping negative solutions and moving on!
[[93m[1m WARNING [21m[0m] Keep producing negative values! Clipping negative solutions and moving on!
[[93m[1m WARNING [21m[0m] Keep producing negative values! Clipping negative solutions and moving on!
[[93m[1m WARNING [21m[0m] Keep producing negative values! Clipping negative solutions and moving on!
[[93m[1m WARNING [21m[0m] Keep producing negative values! Clipping negative solutions and moving on!
[[93m[1m WARNING [21m[0m] Keep producing negative values! Clipping negative solutions and moving on!
[[93m[1m WARNING [21m[0m] Keep producing negative values! Clipping negative solutions and moving on!
[[93m[1m WARNING [21m[0m] Keep producing negative values! Clipping negative solutions and moving on!
[[93m[1m WARNING [21m[0m] Keep producing negative values! Clipping negative solutions and moving on!
[[93m[1m WARNING [21m[0m] Keep producing negative values! Clipping negative solutions and moving on!
[[93m[1m WARNING [21m[0m] Keep producing negative values! Clipping negative solutions and moving on!
[[93m[1m WARNING [21m[0m] Keep producing negative values! Clipping negative solutions and moving on!
[[93m[1m WARNING [21m[0m] Keep producing negative values! Clipping negative solutions and moving on!
[[93m[1m WARNING [21m[0m] Keep producing negative values! Clipping negative solutions and moving on!
[[93m[1m WARNING [21m[0m] Keep producing negative values! Clipping negative solutions and moving on!
[[93m[1m WARNING [21m[0m] Keep producing negative values! Clipping negative solutions and moving on!
[[93m[1m WARNING [21m[0m] Keep producing negative values! Clipping negative solutions and moving on!
[[93m[1m WARNING [21m[0m] Keep producing negative values! Clipping negative solutions and moving on!
[[93m[1m WARNING [21m[0m] Keep producing negative values! Clipping negative solutions and moving on!
[[93m[1m WARNING [21m[0m] Keep producing negative values! Clipping negative solutions and moving on!
[[93m[1m WARNING [21m[0m] Keep producing negative values! Clipping negative solutions and moving on!
[[93m[1m WARNING [21m[0m] Keep producing negative values! Clipping negative solutions and moving on!
[[93m[1m WARNING [21m[0m] Keep producing negative values! Clipping negative solutions and moving on!
[[93m[1m WARNING [21m[0m] Keep producing negative values! Clipping negative solutions and moving on!
[[93m[1m WARNING [21m[0m] Keep producing negative values! Clipping negative solutions and moving on!
[[93m[1m WARNING [21m[0m] Keep producing negative values! Clipping negative solutions and moving on!
[[93m[1m WARNING [21m[0m] Keep producing negative values! Clipping negative solutions and moving on!
[[93m[1m WARNING [21m[0m] Keep producing negative values! Clipping negative solutions and moving on!
[[93m[1m WARNING [21m[0m] Keep producing negative values! Clipping negative solutions and moving on!
[[93m[1m WARNING [21m[0m] Keep producing negative values! Clipping negative solutions and moving on!
[[93m[1m WARNING [21m[0m] Keep producing negative values! Clipping negative solutions and moving on!
[[93m[1m WARNING [21m[0m] Keep producing negative values! Clipping negative solutions and moving on!
[[93m[1m WARNING [21m[0m] Keep producing negative values! Clipping negative solutions and moving on!
[[93m[1m WARNING [21m[0m] Keep producing negative values! Clipping negative solutions and moving on!
[[93m[1m WARNING [21m[0m] Keep producing negative values! Clipping negative solutions and moving on!
[[93m[1m WARNING [21m[0m] Keep producing negative values! Clipping negative solutions and moving on!
[[93m[1m WARNING [21m[0m] Keep producing negative values! Clipping negative solutions and moving on!
[[93m[1m WARNING [21m[0m] Keep producing negative values! Clipping negative solutions and moving on!
[[93m[1m WARNING [21m[0m] Keep producing negative values! Clipping negative solutions and moving on!
[[93m[1m WARNING [21m[0m] Keep producing negative values! Clipping negative solutions and moving on!
[[93m[1m WARNING [21m[0m] Keep producing negative values! Clipping negative solutions and moving on!
[[93m[1m WARNING [21m[0m] Keep producing negative values! Clipping negative solutions and moving on!
[[93m[1m WARNING [21m[0m] Keep producing negative values! Clipping negative solutions and moving on!
[[93m[1m WARNING [21m[0m] Keep producing negative values! Clipping negative solutions and moving on!
[[93m[1m WARNING [21m[0m] Keep producing negative values! Clipping negative solutions and moving on!
[[93m[1m WARNING [21m[0m] Keep producing negative values! Clipping negative solutions and moving on!
[[93m[1m WARNING [21m[0m] Keep producing negative values! Clipping negative solutions and moving on!
[[93m[1m WARNING [21m[0m] Keep producing negative values! Clipping negative solutions and moving on!
[[93m[1m WARNING [21m[0m] Keep producing negative values! Clipping negative solutions and moving on!
[[93m[1m WARNING [21m[0m] Keep producing negative values! Clipping negative solutions and moving on!
[[93m[1m WARNING [21m[0m] Keep producing negative values! Clipping negative solutions and moving on!
[[32m[1m INFO  [21m[0m] Elapsed time: 3.88e-05 || Step number: 3800/30000
[[32m[1m INFO  [21m[0m] longdy = 1.00e+00      || longdy/dt = 1.00e+00  || dt = 1.00e-08
[[32m[1m INFO  [21m[0m] from nz = 0 and OH
[[32m[1m INFO  [21m[0m] -----------------------------------------------------------------
[[93m[1m WARNING [21m[0m] Keep producing negative values! Clipping negative solutions and moving on!
[[93m[1m WARNING [21m[0m] Keep producing negative values! Clipping negative solutions and moving on!
[[93m[1m WARNING [21m[0m] Keep producing negative values! Clipping negative solutions and moving on!
[[93m[1m WARNING [21m[0m] Keep producing negative values! Clipping negative solutions and moving on!
[[93m[1m WARNING [21m[0m] Keep producing negative values! Clipping negative solutions and moving on!
[[93m[1m WARNING [21m[0m] Keep producing negative values! Clipping negative solutions and moving on!
[[93m[1m WARNING [21m[0m] Keep producing negative values! Clipping negative solutions and moving on!
[[93m[1m WARNING [21m[0m] Keep producing negative values! Clipping negative solutions and moving on!
[[93m[1m WARNING [21m[0m] Keep producing negative values! Clipping negative solutions and moving on!
[[93m[1m WARNING [21m[0m] Keep producing negative values! Clipping negative solutions and moving on!
[[93m[1m WARNING [21m[0m] Keep producing negative values! Clipping negative solutions and moving on!
[[93m[1m WARNING [21m[0m] Keep producing negative values! Clipping negative solutions and moving on!
[[93m[1m WARNING [21m[0m] Keep producing negative values! Clipping negative solutions and moving on!
[[93m[1m WARNING [21m[0m] Keep producing negative values! Clipping negative solutions and moving on!
[[93m[1m WARNING [21m[0m] Keep producing negative values! Clipping negative solutions and moving on!
[[93m[1m WARNING [21m[0m] Keep producing negative values! Clipping negative solutions and moving on!
[[93m[1m WARNING [21m[0m] Keep producing negative values! Clipping negative solutions and moving on!
[[93m[1m WARNING [21m[0m] Keep producing negative values! Clipping negative solutions and moving on!
[[93m[1m WARNING [21m[0m] Keep producing negative values! Clipping negative solutions and moving on!
[[93m[1m WARNING [21m[0m] Keep producing negative values! Clipping negative solutions and moving on!
[[93m[1m WARNING [21m[0m] Keep producing negative values! Clipping negative solutions and moving on!
[[93m[1m WARNING [21m[0m] Keep producing negative values! Clipping negative solutions and moving on!
[[93m[1m WARNING [21m[0m] Keep producing negative values! Clipping negative solutions and moving on!
[[93m[1m WARNING [21m[0m] Keep producing negative values! Clipping negative solutions and moving on!
[[93m[1m WARNING [21m[0m] Keep producing negative values! Clipping negative solutions and moving on!
[[93m[1m WARNING [21m[0m] Keep producing negative values! Clipping negative solutions and moving on!
[[93m[1m WARNING [21m[0m] Keep producing negative values! Clipping negative solutions and moving on!
[[93m[1m WARNING [21m[0m] Keep producing negative values! Clipping negative solutions and moving on!
[[93m[1m WARNING [21m[0m] Keep producing negative values! Clipping negative solutions and moving on!
[[93m[1m WARNING [21m[0m] Keep producing negative values! Clipping negative solutions and moving on!
[[93m[1m WARNING [21m[0m] Keep producing negative values! Clipping negative solutions and moving on!
[[93m[1m WARNING [21m[0m] Keep producing negative values! Clipping negative solutions and moving on!
[[93m[1m WARNING [21m[0m] Keep producing negative values! Clipping negative solutions and moving on!
[[93m[1m WARNING [21m[0m] Keep producing negative values! Clipping negative solutions and moving on!
[[93m[1m WARNING [21m[0m] Keep producing negative values! Clipping negative solutions and moving on!
[[93m[1m WARNING [21m[0m] Keep producing negative values! Clipping negative solutions and moving on!
[[93m[1m WARNING [21m[0m] Keep producing negative values! Clipping negative solutions and moving on!
[[93m[1m WARNING [21m[0m] Keep producing negative values! Clipping negative solutions and moving on!
[[93m[1m WARNING [21m[0m] Keep producing negative values! Clipping negative solutions and moving on!
[[93m[1m WARNING [21m[0m] Keep producing negative values! Clipping negative solutions and moving on!
[[93m[1m WARNING [21m[0m] Keep producing negative values! Clipping negative solutions and moving on!
[[93m[1m WARNING [21m[0m] Keep producing negative values! Clipping negative solutions and moving on!
[[93m[1m WARNING [21m[0m] Keep producing negative values! Clipping negative solutions and moving on!
[[93m[1m WARNING [21m[0m] Keep producing negative values! Clipping negative solutions and moving on!
[[93m[1m WARNING [21m[0m] Keep producing negative values! Clipping negative solutions and moving on!
[[93m[1m WARNING [21m[0m] Keep producing negative values! Clipping negative solutions and moving on!
[[93m[1m WARNING [21m[0m] Keep producing negative values! Clipping negative solutions and moving on!
[[93m[1m WARNING [21m[0m] Keep producing negative values! Clipping negative solutions and moving on!
[[93m[1m WARNING [21m[0m] Keep producing negative values! Clipping negative solutions and moving on!
[[93m[1m WARNING [21m[0m] Keep producing negative values! Clipping negative solutions and moving on!
[[93m[1m WARNING [21m[0m] Keep producing negative values! Clipping negative solutions and moving on!
[[93m[1m WARNING [21m[0m] Keep producing negative values! Clipping negative solutions and moving on!
[[93m[1m WARNING [21m[0m] Keep producing negative values! Clipping negative solutions and moving on!
[[93m[1m WARNING [21m[0m] Keep producing negative values! Clipping negative solutions and moving on!
[[93m[1m WARNING [21m[0m] Keep producing negative values! Clipping negative solutions and moving on!
[[93m[1m WARNING [21m[0m] Keep producing negative values! Clipping negative solutions and moving on!
[[93m[1m WARNING [21m[0m] Keep producing negative values! Clipping negative solutions and moving on!
[[93m[1m WARNING [21m[0m] Keep producing negative values! Clipping negative solutions and moving on!
[[93m[1m WARNING [21m[0m] Keep producing negative values! Clipping negative solutions and moving on!
[[93m[1m WARNING [21m[0m] Keep producing negative values! Clipping negative solutions and moving on!
[[93m[1m WARNING [21m[0m] Keep producing negative values! Clipping negative solutions and moving on!
[[93m[1m WARNING [21m[0m] Keep producing negative values! Clipping negative solutions and moving on!
[[93m[1m WARNING [21m[0m] Keep producing negative values! Clipping negative solutions and moving on!
[[93m[1m WARNING [21m[0m] Keep producing negative values! Clipping negative solutions and moving on!
[[93m[1m WARNING [21m[0m] Keep producing negative values! Clipping negative solutions and moving on!
[[93m[1m WARNING [21m[0m] Keep producing negative values! Clipping negative solutions and moving on!
[[93m[1m WARNING [21m[0m] Keep producing negative values! Clipping negative solutions and moving on!
[[93m[1m WARNING [21m[0m] Keep producing negative values! Clipping negative solutions and moving on!
[[93m[1m WARNING [21m[0m] Keep producing negative values! Clipping negative solutions and moving on!
[[93m[1m WARNING [21m[0m] Keep producing negative values! Clipping negative solutions and moving on!
[[32m[1m INFO  [21m[0m] Elapsed time: 3.99e-05 || Step number: 3900/30000
[[32m[1m INFO  [21m[0m] longdy = 1.00e+00      || longdy/dt = 1.00e+00  || dt = 1.00e-08
[[32m[1m INFO  [21m[0m] from nz = 0 and OH
[[32m[1m INFO  [21m[0m] -----------------------------------------------------------------
[[93m[1m WARNING [21m[0m] Keep producing negative values! Clipping negative solutions and moving on!
[[93m[1m WARNING [21m[0m] Keep producing negative values! Clipping negative solutions and moving on!
[[93m[1m WARNING [21m[0m] Keep producing negative values! Clipping negative solutions and moving on!
[[93m[1m WARNING [21m[0m] Keep producing negative values! Clipping negative solutions and moving on!
[[93m[1m WARNING [21m[0m] Keep producing negative values! Clipping negative solutions and moving on!
[[93m[1m WARNING [21m[0m] Keep producing negative values! Clipping negative solutions and moving on!
[[93m[1m WARNING [21m[0m] Keep producing negative values! Clipping negative solutions and moving on!
[[93m[1m WARNING [21m[0m] Keep producing negative values! Clipping negative solutions and moving on!
[[93m[1m WARNING [21m[0m] Keep producing negative values! Clipping negative solutions and moving on!
[[93m[1m WARNING [21m[0m] Keep producing negative values! Clipping negative solutions and moving on!
[[93m[1m WARNING [21m[0m] Keep producing negative values! Clipping negative solutions and moving on!
[[93m[1m WARNING [21m[0m] Keep producing negative values! Clipping negative solutions and moving on!
[[93m[1m WARNING [21m[0m] Keep producing negative values! Clipping negative solutions and moving on!
[[93m[1m WARNING [21m[0m] Keep producing negative values! Clipping negative solutions and moving on!
[[93m[1m WARNING [21m[0m] Keep producing negative values! Clipping negative solutions and moving on!
[[93m[1m WARNING [21m[0m] Keep producing negative values! Clipping negative solutions and moving on!
[[93m[1m WARNING [21m[0m] Keep producing negative values! Clipping negative solutions and moving on!
[[93m[1m WARNING [21m[0m] Keep producing negative values! Clipping negative solutions and moving on!
[[93m[1m WARNING [21m[0m] Keep producing negative values! Clipping negative solutions and moving on!
[[93m[1m WARNING [21m[0m] Keep producing negative values! Clipping negative solutions and moving on!
[[93m[1m WARNING [21m[0m] Keep producing negative values! Clipping negative solutions and moving on!
[[93m[1m WARNING [21m[0m] Keep producing negative values! Clipping negative solutions and moving on!
[[93m[1m WARNING [21m[0m] Keep producing negative values! Clipping negative solutions and moving on!
[[93m[1m WARNING [21m[0m] Keep producing negative values! Clipping negative solutions and moving on!
[[93m[1m WARNING [21m[0m] Keep producing negative values! Clipping negative solutions and moving on!
[[93m[1m WARNING [21m[0m] Keep producing negative values! Clipping negative solutions and moving on!
[[93m[1m WARNING [21m[0m] Keep producing negative values! Clipping negative solutions and moving on!
[[93m[1m WARNING [21m[0m] Keep producing negative values! Clipping negative solutions and moving on!
[[93m[1m WARNING [21m[0m] Keep producing negative values! Clipping negative solutions and moving on!
[[93m[1m WARNING [21m[0m] Keep producing negative values! Clipping negative solutions and moving on!
[[93m[1m WARNING [21m[0m] Keep producing negative values! Clipping negative solutions and moving on!
[[93m[1m WARNING [21m[0m] Keep producing negative values! Clipping negative solutions and moving on!
[[93m[1m WARNING [21m[0m] Keep producing negative values! Clipping negative solutions and moving on!
[[93m[1m WARNING [21m[0m] Keep producing negative values! Clipping negative solutions and moving on!
[[93m[1m WARNING [21m[0m] Keep producing negative values! Clipping negative solutions and moving on!
[[93m[1m WARNING [21m[0m] Keep producing negative values! Clipping negative solutions and moving on!
[[93m[1m WARNING [21m[0m] Keep producing negative values! Clipping negative solutions and moving on!
[[93m[1m WARNING [21m[0m] Keep producing negative values! Clipping negative solutions and moving on!
[[93m[1m WARNING [21m[0m] Keep producing negative values! Clipping negative solutions and moving on!
[[93m[1m WARNING [21m[0m] Keep producing negative values! Clipping negative solutions and moving on!
[[93m[1m WARNING [21m[0m] Keep producing negative values! Clipping negative solutions and moving on!
[[93m[1m WARNING [21m[0m] Keep producing negative values! Clipping negative solutions and moving on!
[[93m[1m WARNING [21m[0m] Keep producing negative values! Clipping negative solutions and moving on!
[[93m[1m WARNING [21m[0m] Keep producing negative values! Clipping negative solutions and moving on!
[[93m[1m WARNING [21m[0m] Keep producing negative values! Clipping negative solutions and moving on!
[[93m[1m WARNING [21m[0m] Keep producing negative values! Clipping negative solutions and moving on!
[[93m[1m WARNING [21m[0m] Keep producing negative values! Clipping negative solutions and moving on!
[[93m[1m WARNING [21m[0m] Keep producing negative values! Clipping negative solutions and moving on!
[[93m[1m WARNING [21m[0m] Keep producing negative values! Clipping negative solutions and moving on!
[[93m[1m WARNING [21m[0m] Keep producing negative values! Clipping negative solutions and moving on!
[[93m[1m WARNING [21m[0m] Keep producing negative values! Clipping negative solutions and moving on!
[[93m[1m WARNING [21m[0m] Keep producing negative values! Clipping negative solutions and moving on!
[[93m[1m WARNING [21m[0m] Keep producing negative values! Clipping negative solutions and moving on!
[[93m[1m WARNING [21m[0m] Keep producing negative values! Clipping negative solutions and moving on!
[[93m[1m WARNING [21m[0m] Keep producing negative values! Clipping negative solutions and moving on!
[[93m[1m WARNING [21m[0m] Keep producing negative values! Clipping negative solutions and moving on!
[[93m[1m WARNING [21m[0m] Keep producing negative values! Clipping negative solutions and moving on!
[[93m[1m WARNING [21m[0m] Keep producing negative values! Clipping negative solutions and moving on!
[[93m[1m WARNING [21m[0m] Keep producing negative values! Clipping negative solutions and moving on!
[[93m[1m WARNING [21m[0m] Keep producing negative values! Clipping negative solutions and moving on!
[[93m[1m WARNING [21m[0m] Keep producing negative values! Clipping negative solutions and moving on!
[[93m[1m WARNING [21m[0m] Keep producing negative values! Clipping negative solutions and moving on!
[[93m[1m WARNING [21m[0m] Keep producing negative values! Clipping negative solutions and moving on!
[[93m[1m WARNING [21m[0m] Keep producing negative values! Clipping negative solutions and moving on!
[[93m[1m WARNING [21m[0m] Keep producing negative values! Clipping negative solutions and moving on!
[[93m[1m WARNING [21m[0m] Keep producing negative values! Clipping negative solutions and moving on!
[[32m[1m INFO  [21m[0m] Elapsed time: 4.13e-05 || Step number: 4000/30000
[[32m[1m INFO  [21m[0m] longdy = 1.00e+00      || longdy/dt = 1.00e+00  || dt = 2.00e-08
[[32m[1m INFO  [21m[0m] from nz = 0 and OH
[[32m[1m INFO  [21m[0m] -----------------------------------------------------------------
[[93m[1m WARNING [21m[0m] Keep producing negative values! Clipping negative solutions and moving on!
[[93m[1m WARNING [21m[0m] Keep producing negative values! Clipping negative solutions and moving on!
[[93m[1m WARNING [21m[0m] Keep producing negative values! Clipping negative solutions and moving on!
[[93m[1m WARNING [21m[0m] Keep producing negative values! Clipping negative solutions and moving on!
[[93m[1m WARNING [21m[0m] Keep producing negative values! Clipping negative solutions and moving on!
[[93m[1m WARNING [21m[0m] Keep producing negative values! Clipping negative solutions and moving on!
[[93m[1m WARNING [21m[0m] Keep producing negative values! Clipping negative solutions and moving on!
[[93m[1m WARNING [21m[0m] Keep producing negative values! Clipping negative solutions and moving on!
[[93m[1m WARNING [21m[0m] Keep producing negative values! Clipping negative solutions and moving on!
[[93m[1m WARNING [21m[0m] Keep producing negative values! Clipping negative solutions and moving on!
[[93m[1m WARNING [21m[0m] Keep producing negative values! Clipping negative solutions and moving on!
[[93m[1m WARNING [21m[0m] Keep producing negative values! Clipping negative solutions and moving on!
[[93m[1m WARNING [21m[0m] Keep producing negative values! Clipping negative solutions and moving on!
[[93m[1m WARNING [21m[0m] Keep producing negative values! Clipping negative solutions and moving on!
[[93m[1m WARNING [21m[0m] Keep producing negative values! Clipping negative solutions and moving on!
[[93m[1m WARNING [21m[0m] Keep producing negative values! Clipping negative solutions and moving on!
[[93m[1m WARNING [21m[0m] Keep producing negative values! Clipping negative solutions and moving on!
[[93m[1m WARNING [21m[0m] Keep producing negative values! Clipping negative solutions and moving on!
[[93m[1m WARNING [21m[0m] Keep producing negative values! Clipping negative solutions and moving on!
[[93m[1m WARNING [21m[0m] Keep producing negative values! Clipping negative solutions and moving on!
[[93m[1m WARNING [21m[0m] Keep producing negative values! Clipping negative solutions and moving on!
[[93m[1m WARNING [21m[0m] Keep producing negative values! Clipping negative solutions and moving on!
[[93m[1m WARNING [21m[0m] Keep producing negative values! Clipping negative solutions and moving on!
[[93m[1m WARNING [21m[0m] Keep producing negative values! Clipping negative solutions and moving on!
[[93m[1m WARNING [21m[0m] Keep producing negative values! Clipping negative solutions and moving on!
[[93m[1m WARNING [21m[0m] Keep producing negative values! Clipping negative solutions and moving on!
[[93m[1m WARNING [21m[0m] Keep producing negative values! Clipping negative solutions and moving on!
[[93m[1m WARNING [21m[0m] Keep producing negative values! Clipping negative solutions and moving on!
[[93m[1m WARNING [21m[0m] Keep producing negative values! Clipping negative solutions and moving on!
[[93m[1m WARNING [21m[0m] Keep producing negative values! Clipping negative solutions and moving on!
[[93m[1m WARNING [21m[0m] Keep producing negative values! Clipping negative solutions and moving on!
[[93m[1m WARNING [21m[0m] Keep producing negative values! Clipping negative solutions and moving on!
[[93m[1m WARNING [21m[0m] Keep producing negative values! Clipping negative solutions and moving on!
[[93m[1m WARNING [21m[0m] Keep producing negative values! Clipping negative solutions and moving on!
[[93m[1m WARNING [21m[0m] Keep producing negative values! Clipping negative solutions and moving on!
[[93m[1m WARNING [21m[0m] Keep producing negative values! Clipping negative solutions and moving on!
[[93m[1m WARNING [21m[0m] Keep producing negative values! Clipping negative solutions and moving on!
[[93m[1m WARNING [21m[0m] Keep producing negative values! Clipping negative solutions and moving on!
[[93m[1m WARNING [21m[0m] Keep producing negative values! Clipping negative solutions and moving on!
[[93m[1m WARNING [21m[0m] Keep producing negative values! Clipping negative solutions and moving on!
[[93m[1m WARNING [21m[0m] Keep producing negative values! Clipping negative solutions and moving on!
[[93m[1m WARNING [21m[0m] Keep producing negative values! Clipping negative solutions and moving on!
[[93m[1m WARNING [21m[0m] Keep producing negative values! Clipping negative solutions and moving on!
[[93m[1m WARNING [21m[0m] Keep producing negative values! Clipping negative solutions and moving on!
[[93m[1m WARNING [21m[0m] Keep producing negative values! Clipping negative solutions and moving on!
[[93m[1m WARNING [21m[0m] Keep producing negative values! Clipping negative solutions and moving on!
[[93m[1m WARNING [21m[0m] Keep producing negative values! Clipping negative solutions and moving on!
[[93m[1m WARNING [21m[0m] Keep producing negative values! Clipping negative solutions and moving on!
[[93m[1m WARNING [21m[0m] Keep producing negative values! Clipping negative solutions and moving on!
[[93m[1m WARNING [21m[0m] Keep producing negative values! Clipping negative solutions and moving on!
[[93m[1m WARNING [21m[0m] Keep producing negative values! Clipping negative solutions and moving on!
[[93m[1m WARNING [21m[0m] Keep producing negative values! Clipping negative solutions and moving on!
[[93m[1m WARNING [21m[0m] Keep producing negative values! Clipping negative solutions and moving on!
[[93m[1m WARNING [21m[0m] Keep producing negative values! Clipping negative solutions and moving on!
[[93m[1m WARNING [21m[0m] Keep producing negative values! Clipping negative solutions and moving on!
[[93m[1m WARNING [21m[0m] Keep producing negative values! Clipping negative solutions and moving on!
[[93m[1m WARNING [21m[0m] Keep producing negative values! Clipping negative solutions and moving on!
[[93m[1m WARNING [21m[0m] Keep producing negative values! Clipping negative solutions and moving on!
[[93m[1m WARNING [21m[0m] Keep producing negative values! Clipping negative solutions and moving on!
[[93m[1m WARNING [21m[0m] Keep producing negative values! Clipping negative solutions and moving on!
[[93m[1m WARNING [21m[0m] Keep producing negative values! Clipping negative solutions and moving on!
[[93m[1m WARNING [21m[0m] Keep producing negative values! Clipping negative solutions and moving on!
[[93m[1m WARNING [21m[0m] Keep producing negative values! Clipping negative solutions and moving on!
[[93m[1m WARNING [21m[0m] Keep producing negative values! Clipping negative solutions and moving on!
[[93m[1m WARNING [21m[0m] Keep producing negative values! Clipping negative solutions and moving on!
[[93m[1m WARNING [21m[0m] Keep producing negative values! Clipping negative solutions and moving on!
[[93m[1m WARNING [21m[0m] Keep producing negative values! Clipping negative solutions and moving on!
[[93m[1m WARNING [21m[0m] Keep producing negative values! Clipping negative solutions and moving on!
[[93m[1m WARNING [21m[0m] Keep producing negative values! Clipping negative solutions and moving on!
[[32m[1m INFO  [21m[0m] Elapsed time: 4.25e-05 || Step number: 4100/30000
[[32m[1m INFO  [21m[0m] longdy = 1.00e+00      || longdy/dt = 1.00e+00  || dt = 1.21e-07
[[32m[1m INFO  [21m[0m] from nz = 0 and OH
[[32m[1m INFO  [21m[0m] -----------------------------------------------------------------
[[93m[1m WARNING [21m[0m] Keep producing negative values! Clipping negative solutions and moving on!
[[93m[1m WARNING [21m[0m] Keep producing negative values! Clipping negative solutions and moving on!
[[93m[1m WARNING [21m[0m] Keep producing negative values! Clipping negative solutions and moving on!
[[93m[1m WARNING [21m[0m] Keep producing negative values! Clipping negative solutions and moving on!
[[93m[1m WARNING [21m[0m] Keep producing negative values! Clipping negative solutions and moving on!
[[93m[1m WARNING [21m[0m] Keep producing negative values! Clipping negative solutions and moving on!
[[93m[1m WARNING [21m[0m] Keep producing negative values! Clipping negative solutions and moving on!
[[93m[1m WARNING [21m[0m] Keep producing negative values! Clipping negative solutions and moving on!
[[93m[1m WARNING [21m[0m] Keep producing negative values! Clipping negative solutions and moving on!
[[93m[1m WARNING [21m[0m] Keep producing negative values! Clipping negative solutions and moving on!
[[93m[1m WARNING [21m[0m] Keep producing negative values! Clipping negative solutions and moving on!
[[93m[1m WARNING [21m[0m] Keep producing negative values! Clipping negative solutions and moving on!
[[93m[1m WARNING [21m[0m] Keep producing negative values! Clipping negative solutions and moving on!
[[93m[1m WARNING [21m[0m] Keep producing negative values! Clipping negative solutions and moving on!
[[93m[1m WARNING [21m[0m] Keep producing negative values! Clipping negative solutions and moving on!
[[93m[1m WARNING [21m[0m] Keep producing negative values! Clipping negative solutions and moving on!
[[93m[1m WARNING [21m[0m] Keep producing negative values! Clipping negative solutions and moving on!
[[93m[1m WARNING [21m[0m] Keep producing negative values! Clipping negative solutions and moving on!
[[93m[1m WARNING [21m[0m] Keep producing negative values! Clipping negative solutions and moving on!
[[93m[1m WARNING [21m[0m] Keep producing negative values! Clipping negative solutions and moving on!
[[93m[1m WARNING [21m[0m] Keep producing negative values! Clipping negative solutions and moving on!
[[93m[1m WARNING [21m[0m] Keep producing negative values! Clipping negative solutions and moving on!
[[93m[1m WARNING [21m[0m] Keep producing negative values! Clipping negative solutions and moving on!
[[93m[1m WARNING [21m[0m] Keep producing negative values! Clipping negative solutions and moving on!
[[93m[1m WARNING [21m[0m] Keep producing negative values! Clipping negative solutions and moving on!
[[93m[1m WARNING [21m[0m] Keep producing negative values! Clipping negative solutions and moving on!
[[93m[1m WARNING [21m[0m] Keep producing negative values! Clipping negative solutions and moving on!
[[93m[1m WARNING [21m[0m] Keep producing negative values! Clipping negative solutions and moving on!
[[93m[1m WARNING [21m[0m] Keep producing negative values! Clipping negative solutions and moving on!
[[93m[1m WARNING [21m[0m] Keep producing negative values! Clipping negative solutions and moving on!
[[93m[1m WARNING [21m[0m] Keep producing negative values! Clipping negative solutions and moving on!
[[93m[1m WARNING [21m[0m] Keep producing negative values! Clipping negative solutions and moving on!
[[93m[1m WARNING [21m[0m] Keep producing negative values! Clipping negative solutions and moving on!
[[93m[1m WARNING [21m[0m] Keep producing negative values! Clipping negative solutions and moving on!
[[93m[1m WARNING [21m[0m] Keep producing negative values! Clipping negative solutions and moving on!
[[93m[1m WARNING [21m[0m] Keep producing negative values! Clipping negative solutions and moving on!
[[93m[1m WARNING [21m[0m] Keep producing negative values! Clipping negative solutions and moving on!
[[93m[1m WARNING [21m[0m] Keep producing negative values! Clipping negative solutions and moving on!
[[93m[1m WARNING [21m[0m] Keep producing negative values! Clipping negative solutions and moving on!
[[93m[1m WARNING [21m[0m] Keep producing negative values! Clipping negative solutions and moving on!
[[93m[1m WARNING [21m[0m] Keep producing negative values! Clipping negative solutions and moving on!
[[93m[1m WARNING [21m[0m] Keep producing negative values! Clipping negative solutions and moving on!
[[93m[1m WARNING [21m[0m] Keep producing negative values! Clipping negative solutions and moving on!
[[93m[1m WARNING [21m[0m] Keep producing negative values! Clipping negative solutions and moving on!
[[93m[1m WARNING [21m[0m] Keep producing negative values! Clipping negative solutions and moving on!
[[93m[1m WARNING [21m[0m] Keep producing negative values! Clipping negative solutions and moving on!
[[93m[1m WARNING [21m[0m] Keep producing negative values! Clipping negative solutions and moving on!
[[93m[1m WARNING [21m[0m] Keep producing negative values! Clipping negative solutions and moving on!
[[93m[1m WARNING [21m[0m] Keep producing negative values! Clipping negative solutions and moving on!
[[93m[1m WARNING [21m[0m] Keep producing negative values! Clipping negative solutions and moving on!
[[93m[1m WARNING [21m[0m] Keep producing negative values! Clipping negative solutions and moving on!
[[93m[1m WARNING [21m[0m] Keep producing negative values! Clipping negative solutions and moving on!
[[93m[1m WARNING [21m[0m] Keep producing negative values! Clipping negative solutions and moving on!
[[93m[1m WARNING [21m[0m] Keep producing negative values! Clipping negative solutions and moving on!
[[93m[1m WARNING [21m[0m] Keep producing negative values! Clipping negative solutions and moving on!
[[93m[1m WARNING [21m[0m] Keep producing negative values! Clipping negative solutions and moving on!
[[93m[1m WARNING [21m[0m] Keep producing negative values! Clipping negative solutions and moving on!
[[93m[1m WARNING [21m[0m] Keep producing negative values! Clipping negative solutions and moving on!
[[93m[1m WARNING [21m[0m] Keep producing negative values! Clipping negative solutions and moving on!
[[93m[1m WARNING [21m[0m] Keep producing negative values! Clipping negative solutions and moving on!
[[93m[1m WARNING [21m[0m] Keep producing negative values! Clipping negative solutions and moving on!
[[93m[1m WARNING [21m[0m] Keep producing negative values! Clipping negative solutions and moving on!
[[93m[1m WARNING [21m[0m] Keep producing negative values! Clipping negative solutions and moving on!
[[93m[1m WARNING [21m[0m] Keep producing negative values! Clipping negative solutions and moving on!
[[93m[1m WARNING [21m[0m] Keep producing negative values! Clipping negative solutions and moving on!
[[93m[1m WARNING [21m[0m] Keep producing negative values! Clipping negative solutions and moving on!
[[32m[1m INFO  [21m[0m] Elapsed time: 4.36e-05 || Step number: 4200/30000
[[32m[1m INFO  [21m[0m] longdy = 1.00e+00      || longdy/dt = 1.00e+00  || dt = 1.00e-08
[[32m[1m INFO  [21m[0m] from nz = 0 and OH
[[32m[1m INFO  [21m[0m] -----------------------------------------------------------------
[[93m[1m WARNING [21m[0m] Keep producing negative values! Clipping negative solutions and moving on!
[[93m[1m WARNING [21m[0m] Keep producing negative values! Clipping negative solutions and moving on!
[[93m[1m WARNING [21m[0m] Keep producing negative values! Clipping negative solutions and moving on!
[[93m[1m WARNING [21m[0m] Keep producing negative values! Clipping negative solutions and moving on!
[[93m[1m WARNING [21m[0m] Keep producing negative values! Clipping negative solutions and moving on!
[[93m[1m WARNING [21m[0m] Keep producing negative values! Clipping negative solutions and moving on!
[[93m[1m WARNING [21m[0m] Keep producing negative values! Clipping negative solutions and moving on!
[[93m[1m WARNING [21m[0m] Keep producing negative values! Clipping negative solutions and moving on!
[[93m[1m WARNING [21m[0m] Keep producing negative values! Clipping negative solutions and moving on!
[[93m[1m WARNING [21m[0m] Keep producing negative values! Clipping negative solutions and moving on!
[[93m[1m WARNING [21m[0m] Keep producing negative values! Clipping negative solutions and moving on!
[[93m[1m WARNING [21m[0m] Keep producing negative values! Clipping negative solutions and moving on!
[[93m[1m WARNING [21m[0m] Keep producing negative values! Clipping negative solutions and moving on!
[[93m[1m WARNING [21m[0m] Keep producing negative values! Clipping negative solutions and moving on!
[[93m[1m WARNING [21m[0m] Keep producing negative values! Clipping negative solutions and moving on!
[[93m[1m WARNING [21m[0m] Keep producing negative values! Clipping negative solutions and moving on!
[[93m[1m WARNING [21m[0m] Keep producing negative values! Clipping negative solutions and moving on!
[[93m[1m WARNING [21m[0m] Keep producing negative values! Clipping negative solutions and moving on!
[[93m[1m WARNING [21m[0m] Keep producing negative values! Clipping negative solutions and moving on!
[[93m[1m WARNING [21m[0m] Keep producing negative values! Clipping negative solutions and moving on!
[[93m[1m WARNING [21m[0m] Keep producing negative values! Clipping negative solutions and moving on!
[[93m[1m WARNING [21m[0m] Keep producing negative values! Clipping negative solutions and moving on!
[[93m[1m WARNING [21m[0m] Keep producing negative values! Clipping negative solutions and moving on!
[[93m[1m WARNING [21m[0m] Keep producing negative values! Clipping negative solutions and moving on!
[[93m[1m WARNING [21m[0m] Keep producing negative values! Clipping negative solutions and moving on!
[[93m[1m WARNING [21m[0m] Keep producing negative values! Clipping negative solutions and moving on!
[[93m[1m WARNING [21m[0m] Keep producing negative values! Clipping negative solutions and moving on!
[[93m[1m WARNING [21m[0m] Keep producing negative values! Clipping negative solutions and moving on!
[[93m[1m WARNING [21m[0m] Keep producing negative values! Clipping negative solutions and moving on!
[[93m[1m WARNING [21m[0m] Keep producing negative values! Clipping negative solutions and moving on!
[[93m[1m WARNING [21m[0m] Keep producing negative values! Clipping negative solutions and moving on!
[[93m[1m WARNING [21m[0m] Keep producing negative values! Clipping negative solutions and moving on!
[[93m[1m WARNING [21m[0m] Keep producing negative values! Clipping negative solutions and moving on!
[[93m[1m WARNING [21m[0m] Keep producing negative values! Clipping negative solutions and moving on!
[[93m[1m WARNING [21m[0m] Keep producing negative values! Clipping negative solutions and moving on!
[[93m[1m WARNING [21m[0m] Keep producing negative values! Clipping negative solutions and moving on!
[[93m[1m WARNING [21m[0m] Keep producing negative values! Clipping negative solutions and moving on!
[[93m[1m WARNING [21m[0m] Keep producing negative values! Clipping negative solutions and moving on!
[[93m[1m WARNING [21m[0m] Keep producing negative values! Clipping negative solutions and moving on!
[[93m[1m WARNING [21m[0m] Keep producing negative values! Clipping negative solutions and moving on!
[[93m[1m WARNING [21m[0m] Keep producing negative values! Clipping negative solutions and moving on!
[[93m[1m WARNING [21m[0m] Keep producing negative values! Clipping negative solutions and moving on!
[[93m[1m WARNING [21m[0m] Keep producing negative values! Clipping negative solutions and moving on!
[[93m[1m WARNING [21m[0m] Keep producing negative values! Clipping negative solutions and moving on!
[[93m[1m WARNING [21m[0m] Keep producing negative values! Clipping negative solutions and moving on!
[[93m[1m WARNING [21m[0m] Keep producing negative values! Clipping negative solutions and moving on!
[[93m[1m WARNING [21m[0m] Keep producing negative values! Clipping negative solutions and moving on!
[[93m[1m WARNING [21m[0m] Keep producing negative values! Clipping negative solutions and moving on!
[[93m[1m WARNING [21m[0m] Keep producing negative values! Clipping negative solutions and moving on!
[[93m[1m WARNING [21m[0m] Keep producing negative values! Clipping negative solutions and moving on!
[[93m[1m WARNING [21m[0m] Keep producing negative values! Clipping negative solutions and moving on!
[[93m[1m WARNING [21m[0m] Keep producing negative values! Clipping negative solutions and moving on!
[[32m[1m INFO  [21m[0m] Elapsed time: 4.51e-05 || Step number: 4300/30000
[[32m[1m INFO  [21m[0m] longdy = 1.00e+00      || longdy/dt = 1.00e+00  || dt = 3.33e-08
[[32m[1m INFO  [21m[0m] from nz = 0 and OH
[[32m[1m INFO  [21m[0m] -----------------------------------------------------------------
[[93m[1m WARNING [21m[0m] Keep producing negative values! Clipping negative solutions and moving on!
[[93m[1m WARNING [21m[0m] Keep producing negative values! Clipping negative solutions and moving on!
[[93m[1m WARNING [21m[0m] Keep producing negative values! Clipping negative solutions and moving on!
[[93m[1m WARNING [21m[0m] Keep producing negative values! Clipping negative solutions and moving on!
[[93m[1m WARNING [21m[0m] Keep producing negative values! Clipping negative solutions and moving on!
[[93m[1m WARNING [21m[0m] Keep producing negative values! Clipping negative solutions and moving on!
[[93m[1m WARNING [21m[0m] Keep producing negative values! Clipping negative solutions and moving on!
[[93m[1m WARNING [21m[0m] Keep producing negative values! Clipping negative solutions and moving on!
[[93m[1m WARNING [21m[0m] Keep producing negative values! Clipping negative solutions and moving on!
[[93m[1m WARNING [21m[0m] Keep producing negative values! Clipping negative solutions and moving on!
[[93m[1m WARNING [21m[0m] Keep producing negative values! Clipping negative solutions and moving on!
[[93m[1m WARNING [21m[0m] Keep producing negative values! Clipping negative solutions and moving on!
[[93m[1m WARNING [21m[0m] Keep producing negative values! Clipping negative solutions and moving on!
[[93m[1m WARNING [21m[0m] Keep producing negative values! Clipping negative solutions and moving on!
[[93m[1m WARNING [21m[0m] Keep producing negative values! Clipping negative solutions and moving on!
[[93m[1m WARNING [21m[0m] Keep producing negative values! Clipping negative solutions and moving on!
[[93m[1m WARNING [21m[0m] Keep producing negative values! Clipping negative solutions and moving on!
[[93m[1m WARNING [21m[0m] Keep producing negative values! Clipping negative solutions and moving on!
[[93m[1m WARNING [21m[0m] Keep producing negative values! Clipping negative solutions and moving on!
[[93m[1m WARNING [21m[0m] Keep producing negative values! Clipping negative solutions and moving on!
[[93m[1m WARNING [21m[0m] Keep producing negative values! Clipping negative solutions and moving on!
[[93m[1m WARNING [21m[0m] Keep producing negative values! Clipping negative solutions and moving on!
[[93m[1m WARNING [21m[0m] Keep producing negative values! Clipping negative solutions and moving on!
[[93m[1m WARNING [21m[0m] Keep producing negative values! Clipping negative solutions and moving on!
[[93m[1m WARNING [21m[0m] Keep producing negative values! Clipping negative solutions and moving on!
[[93m[1m WARNING [21m[0m] Keep producing negative values! Clipping negative solutions and moving on!
[[93m[1m WARNING [21m[0m] Keep producing negative values! Clipping negative solutions and moving on!
[[93m[1m WARNING [21m[0m] Keep producing negative values! Clipping negative solutions and moving on!
[[93m[1m WARNING [21m[0m] Keep producing negative values! Clipping negative solutions and moving on!
[[93m[1m WARNING [21m[0m] Keep producing negative values! Clipping negative solutions and moving on!
[[93m[1m WARNING [21m[0m] Keep producing negative values! Clipping negative solutions and moving on!
[[93m[1m WARNING [21m[0m] Keep producing negative values! Clipping negative solutions and moving on!
[[93m[1m WARNING [21m[0m] Keep producing negative values! Clipping negative solutions and moving on!
[[93m[1m WARNING [21m[0m] Keep producing negative values! Clipping negative solutions and moving on!
[[93m[1m WARNING [21m[0m] Keep producing negative values! Clipping negative solutions and moving on!
[[93m[1m WARNING [21m[0m] Keep producing negative values! Clipping negative solutions and moving on!
[[93m[1m WARNING [21m[0m] Keep producing negative values! Clipping negative solutions and moving on!
[[93m[1m WARNING [21m[0m] Keep producing negative values! Clipping negative solutions and moving on!
[[93m[1m WARNING [21m[0m] Keep producing negative values! Clipping negative solutions and moving on!
[[93m[1m WARNING [21m[0m] Keep producing negative values! Clipping negative solutions and moving on!
[[93m[1m WARNING [21m[0m] Keep producing negative values! Clipping negative solutions and moving on!
[[93m[1m WARNING [21m[0m] Keep producing negative values! Clipping negative solutions and moving on!
[[93m[1m WARNING [21m[0m] Keep producing negative values! Clipping negative solutions and moving on!
[[93m[1m WARNING [21m[0m] Keep producing negative values! Clipping negative solutions and moving on!
[[93m[1m WARNING [21m[0m] Keep producing negative values! Clipping negative solutions and moving on!
[[93m[1m WARNING [21m[0m] Keep producing negative values! Clipping negative solutions and moving on!
[[93m[1m WARNING [21m[0m] Keep producing negative values! Clipping negative solutions and moving on!
[[93m[1m WARNING [21m[0m] Keep producing negative values! Clipping negative solutions and moving on!
[[93m[1m WARNING [21m[0m] Keep producing negative values! Clipping negative solutions and moving on!
[[32m[1m INFO  [21m[0m] Elapsed time: 4.69e-05 || Step number: 4400/30000
[[32m[1m INFO  [21m[0m] longdy = 1.00e+00      || longdy/dt = 1.00e+00  || dt = 2.00e-08
[[32m[1m INFO  [21m[0m] from nz = 0 and OH
[[32m[1m INFO  [21m[0m] -----------------------------------------------------------------
[[93m[1m WARNING [21m[0m] Keep producing negative values! Clipping negative solutions and moving on!
[[93m[1m WARNING [21m[0m] Keep producing negative values! Clipping negative solutions and moving on!
[[93m[1m WARNING [21m[0m] Keep producing negative values! Clipping negative solutions and moving on!
[[93m[1m WARNING [21m[0m] Keep producing negative values! Clipping negative solutions and moving on!
[[93m[1m WARNING [21m[0m] Keep producing negative values! Clipping negative solutions and moving on!
[[93m[1m WARNING [21m[0m] Keep producing negative values! Clipping negative solutions and moving on!
[[93m[1m WARNING [21m[0m] Keep producing negative values! Clipping negative solutions and moving on!
[[93m[1m WARNING [21m[0m] Keep producing negative values! Clipping negative solutions and moving on!
[[93m[1m WARNING [21m[0m] Keep producing negative values! Clipping negative solutions and moving on!
[[93m[1m WARNING [21m[0m] Keep producing negative values! Clipping negative solutions and moving on!
[[93m[1m WARNING [21m[0m] Keep producing negative values! Clipping negative solutions and moving on!
[[93m[1m WARNING [21m[0m] Keep producing negative values! Clipping negative solutions and moving on!
[[93m[1m WARNING [21m[0m] Keep producing negative values! Clipping negative solutions and moving on!
[[93m[1m WARNING [21m[0m] Keep producing negative values! Clipping negative solutions and moving on!
[[93m[1m WARNING [21m[0m] Keep producing negative values! Clipping negative solutions and moving on!
[[93m[1m WARNING [21m[0m] Keep producing negative values! Clipping negative solutions and moving on!
[[93m[1m WARNING [21m[0m] Keep producing negative values! Clipping negative solutions and moving on!
[[93m[1m WARNING [21m[0m] Keep producing negative values! Clipping negative solutions and moving on!
[[93m[1m WARNING [21m[0m] Keep producing negative values! Clipping negative solutions and moving on!
[[93m[1m WARNING [21m[0m] Keep producing negative values! Clipping negative solutions and moving on!
[[93m[1m WARNING [21m[0m] Keep producing negative values! Clipping negative solutions and moving on!
[[93m[1m WARNING [21m[0m] Keep producing negative values! Clipping negative solutions and moving on!
[[93m[1m WARNING [21m[0m] Keep producing negative values! Clipping negative solutions and moving on!
[[93m[1m WARNING [21m[0m] Keep producing negative values! Clipping negative solutions and moving on!
[[93m[1m WARNING [21m[0m] Keep producing negative values! Clipping negative solutions and moving on!
[[93m[1m WARNING [21m[0m] Keep producing negative values! Clipping negative solutions and moving on!
[[93m[1m WARNING [21m[0m] Keep producing negative values! Clipping negative solutions and moving on!
[[93m[1m WARNING [21m[0m] Keep producing negative values! Clipping negative solutions and moving on!
[[93m[1m WARNING [21m[0m] Keep producing negative values! Clipping negative solutions and moving on!
[[93m[1m WARNING [21m[0m] Keep producing negative values! Clipping negative solutions and moving on!
[[93m[1m WARNING [21m[0m] Keep producing negative values! Clipping negative solutions and moving on!
[[93m[1m WARNING [21m[0m] Keep producing negative values! Clipping negative solutions and moving on!
[[93m[1m WARNING [21m[0m] Keep producing negative values! Clipping negative solutions and moving on!
[[93m[1m WARNING [21m[0m] Keep producing negative values! Clipping negative solutions and moving on!
[[93m[1m WARNING [21m[0m] Keep producing negative values! Clipping negative solutions and moving on!
[[93m[1m WARNING [21m[0m] Keep producing negative values! Clipping negative solutions and moving on!
[[93m[1m WARNING [21m[0m] Keep producing negative values! Clipping negative solutions and moving on!
[[93m[1m WARNING [21m[0m] Keep producing negative values! Clipping negative solutions and moving on!
[[93m[1m WARNING [21m[0m] Keep producing negative values! Clipping negative solutions and moving on!
[[93m[1m WARNING [21m[0m] Keep producing negative values! Clipping negative solutions and moving on!
[[93m[1m WARNING [21m[0m] Keep producing negative values! Clipping negative solutions and moving on!
[[93m[1m WARNING [21m[0m] Keep producing negative values! Clipping negative solutions and moving on!
[[93m[1m WARNING [21m[0m] Keep producing negative values! Clipping negative solutions and moving on!
[[93m[1m WARNING [21m[0m] Keep producing negative values! Clipping negative solutions and moving on!
[[93m[1m WARNING [21m[0m] Keep producing negative values! Clipping negative solutions and moving on!
[[93m[1m WARNING [21m[0m] Keep producing negative values! Clipping negative solutions and moving on!
[[93m[1m WARNING [21m[0m] Keep producing negative values! Clipping negative solutions and moving on!
[[93m[1m WARNING [21m[0m] Keep producing negative values! Clipping negative solutions and moving on!
[[93m[1m WARNING [21m[0m] Keep producing negative values! Clipping negative solutions and moving on!
[[93m[1m WARNING [21m[0m] Keep producing negative values! Clipping negative solutions and moving on!
[[93m[1m WARNING [21m[0m] Keep producing negative values! Clipping negative solutions and moving on!
[[93m[1m WARNING [21m[0m] Keep producing negative values! Clipping negative solutions and moving on!
[[93m[1m WARNING [21m[0m] Keep producing negative values! Clipping negative solutions and moving on!
[[93m[1m WARNING [21m[0m] Keep producing negative values! Clipping negative solutions and moving on!
[[93m[1m WARNING [21m[0m] Keep producing negative values! Clipping negative solutions and moving on!
[[93m[1m WARNING [21m[0m] Keep producing negative values! Clipping negative solutions and moving on!
[[93m[1m WARNING [21m[0m] Keep producing negative values! Clipping negative solutions and moving on!
[[93m[1m WARNING [21m[0m] Keep producing negative values! Clipping negative solutions and moving on!
[[32m[1m INFO  [21m[0m] Elapsed time: 4.82e-05 || Step number: 4500/30000
[[32m[1m INFO  [21m[0m] longdy = 1.00e+00      || longdy/dt = 1.00e+00  || dt = 1.00e-08
[[32m[1m INFO  [21m[0m] from nz = 0 and OH
[[32m[1m INFO  [21m[0m] -----------------------------------------------------------------
[[93m[1m WARNING [21m[0m] Keep producing negative values! Clipping negative solutions and moving on!
[[93m[1m WARNING [21m[0m] Keep producing negative values! Clipping negative solutions and moving on!
[[93m[1m WARNING [21m[0m] Keep producing negative values! Clipping negative solutions and moving on!
[[93m[1m WARNING [21m[0m] Keep producing negative values! Clipping negative solutions and moving on!
[[93m[1m WARNING [21m[0m] Keep producing negative values! Clipping negative solutions and moving on!
[[93m[1m WARNING [21m[0m] Keep producing negative values! Clipping negative solutions and moving on!
[[93m[1m WARNING [21m[0m] Keep producing negative values! Clipping negative solutions and moving on!
[[93m[1m WARNING [21m[0m] Keep producing negative values! Clipping negative solutions and moving on!
[[93m[1m WARNING [21m[0m] Keep producing negative values! Clipping negative solutions and moving on!
[[93m[1m WARNING [21m[0m] Keep producing negative values! Clipping negative solutions and moving on!
[[93m[1m WARNING [21m[0m] Keep producing negative values! Clipping negative solutions and moving on!
[[93m[1m WARNING [21m[0m] Keep producing negative values! Clipping negative solutions and moving on!
[[93m[1m WARNING [21m[0m] Keep producing negative values! Clipping negative solutions and moving on!
[[93m[1m WARNING [21m[0m] Keep producing negative values! Clipping negative solutions and moving on!
[[93m[1m WARNING [21m[0m] Keep producing negative values! Clipping negative solutions and moving on!
[[93m[1m WARNING [21m[0m] Keep producing negative values! Clipping negative solutions and moving on!
[[93m[1m WARNING [21m[0m] Keep producing negative values! Clipping negative solutions and moving on!
[[93m[1m WARNING [21m[0m] Keep producing negative values! Clipping negative solutions and moving on!
[[93m[1m WARNING [21m[0m] Keep producing negative values! Clipping negative solutions and moving on!
[[93m[1m WARNING [21m[0m] Keep producing negative values! Clipping negative solutions and moving on!
[[93m[1m WARNING [21m[0m] Keep producing negative values! Clipping negative solutions and moving on!
[[93m[1m WARNING [21m[0m] Keep producing negative values! Clipping negative solutions and moving on!
[[93m[1m WARNING [21m[0m] Keep producing negative values! Clipping negative solutions and moving on!
[[93m[1m WARNING [21m[0m] Keep producing negative values! Clipping negative solutions and moving on!
[[93m[1m WARNING [21m[0m] Keep producing negative values! Clipping negative solutions and moving on!
[[93m[1m WARNING [21m[0m] Keep producing negative values! Clipping negative solutions and moving on!
[[93m[1m WARNING [21m[0m] Keep producing negative values! Clipping negative solutions and moving on!
[[93m[1m WARNING [21m[0m] Keep producing negative values! Clipping negative solutions and moving on!
[[93m[1m WARNING [21m[0m] Keep producing negative values! Clipping negative solutions and moving on!
[[93m[1m WARNING [21m[0m] Keep producing negative values! Clipping negative solutions and moving on!
[[93m[1m WARNING [21m[0m] Keep producing negative values! Clipping negative solutions and moving on!
[[93m[1m WARNING [21m[0m] Keep producing negative values! Clipping negative solutions and moving on!
[[93m[1m WARNING [21m[0m] Keep producing negative values! Clipping negative solutions and moving on!
[[93m[1m WARNING [21m[0m] Keep producing negative values! Clipping negative solutions and moving on!
[[93m[1m WARNING [21m[0m] Keep producing negative values! Clipping negative solutions and moving on!
[[93m[1m WARNING [21m[0m] Keep producing negative values! Clipping negative solutions and moving on!
[[93m[1m WARNING [21m[0m] Keep producing negative values! Clipping negative solutions and moving on!
[[93m[1m WARNING [21m[0m] Keep producing negative values! Clipping negative solutions and moving on!
[[93m[1m WARNING [21m[0m] Keep producing negative values! Clipping negative solutions and moving on!
[[93m[1m WARNING [21m[0m] Keep producing negative values! Clipping negative solutions and moving on!
[[93m[1m WARNING [21m[0m] Keep producing negative values! Clipping negative solutions and moving on!
[[93m[1m WARNING [21m[0m] Keep producing negative values! Clipping negative solutions and moving on!
[[93m[1m WARNING [21m[0m] Keep producing negative values! Clipping negative solutions and moving on!
[[93m[1m WARNING [21m[0m] Keep producing negative values! Clipping negative solutions and moving on!
[[93m[1m WARNING [21m[0m] Keep producing negative values! Clipping negative solutions and moving on!
[[93m[1m WARNING [21m[0m] Keep producing negative values! Clipping negative solutions and moving on!
[[93m[1m WARNING [21m[0m] Keep producing negative values! Clipping negative solutions and moving on!
[[93m[1m WARNING [21m[0m] Keep producing negative values! Clipping negative solutions and moving on!
[[93m[1m WARNING [21m[0m] Keep producing negative values! Clipping negative solutions and moving on!
[[93m[1m WARNING [21m[0m] Keep producing negative values! Clipping negative solutions and moving on!
[[93m[1m WARNING [21m[0m] Keep producing negative values! Clipping negative solutions and moving on!
[[93m[1m WARNING [21m[0m] Keep producing negative values! Clipping negative solutions and moving on!
[[93m[1m WARNING [21m[0m] Keep producing negative values! Clipping negative solutions and moving on!
[[32m[1m INFO  [21m[0m] Elapsed time: 5.00e-05 || Step number: 4600/30000
[[32m[1m INFO  [21m[0m] longdy = 1.00e+00      || longdy/dt = 1.00e+00  || dt = 1.00e-08
[[32m[1m INFO  [21m[0m] from nz = 0 and OH
[[32m[1m INFO  [21m[0m] -----------------------------------------------------------------
[[93m[1m WARNING [21m[0m] Keep producing negative values! Clipping negative solutions and moving on!
[[93m[1m WARNING [21m[0m] Keep producing negative values! Clipping negative solutions and moving on!
[[93m[1m WARNING [21m[0m] Keep producing negative values! Clipping negative solutions and moving on!
[[93m[1m WARNING [21m[0m] Keep producing negative values! Clipping negative solutions and moving on!
[[93m[1m WARNING [21m[0m] Keep producing negative values! Clipping negative solutions and moving on!
[[93m[1m WARNING [21m[0m] Keep producing negative values! Clipping negative solutions and moving on!
[[93m[1m WARNING [21m[0m] Keep producing negative values! Clipping negative solutions and moving on!
[[93m[1m WARNING [21m[0m] Keep producing negative values! Clipping negative solutions and moving on!
[[93m[1m WARNING [21m[0m] Keep producing negative values! Clipping negative solutions and moving on!
[[93m[1m WARNING [21m[0m] Keep producing negative values! Clipping negative solutions and moving on!
[[93m[1m WARNING [21m[0m] Keep producing negative values! Clipping negative solutions and moving on!
[[93m[1m WARNING [21m[0m] Keep producing negative values! Clipping negative solutions and moving on!
[[93m[1m WARNING [21m[0m] Keep producing negative values! Clipping negative solutions and moving on!
[[93m[1m WARNING [21m[0m] Keep producing negative values! Clipping negative solutions and moving on!
[[93m[1m WARNING [21m[0m] Keep producing negative values! Clipping negative solutions and moving on!
[[93m[1m WARNING [21m[0m] Keep producing negative values! Clipping negative solutions and moving on!
[[93m[1m WARNING [21m[0m] Keep producing negative values! Clipping negative solutions and moving on!
[[93m[1m WARNING [21m[0m] Keep producing negative values! Clipping negative solutions and moving on!
[[93m[1m WARNING [21m[0m] Keep producing negative values! Clipping negative solutions and moving on!
[[93m[1m WARNING [21m[0m] Keep producing negative values! Clipping negative solutions and moving on!
[[93m[1m WARNING [21m[0m] Keep producing negative values! Clipping negative solutions and moving on!
[[93m[1m WARNING [21m[0m] Keep producing negative values! Clipping negative solutions and moving on!
[[93m[1m WARNING [21m[0m] Keep producing negative values! Clipping negative solutions and moving on!
[[93m[1m WARNING [21m[0m] Keep producing negative values! Clipping negative solutions and moving on!
[[93m[1m WARNING [21m[0m] Keep producing negative values! Clipping negative solutions and moving on!
[[93m[1m WARNING [21m[0m] Keep producing negative values! Clipping negative solutions and moving on!
[[93m[1m WARNING [21m[0m] Keep producing negative values! Clipping negative solutions and moving on!
[[93m[1m WARNING [21m[0m] Keep producing negative values! Clipping negative solutions and moving on!
[[93m[1m WARNING [21m[0m] Keep producing negative values! Clipping negative solutions and moving on!
[[93m[1m WARNING [21m[0m] Keep producing negative values! Clipping negative solutions and moving on!
[[93m[1m WARNING [21m[0m] Keep producing negative values! Clipping negative solutions and moving on!
[[93m[1m WARNING [21m[0m] Keep producing negative values! Clipping negative solutions and moving on!
[[93m[1m WARNING [21m[0m] Keep producing negative values! Clipping negative solutions and moving on!
[[93m[1m WARNING [21m[0m] Keep producing negative values! Clipping negative solutions and moving on!
[[93m[1m WARNING [21m[0m] Keep producing negative values! Clipping negative solutions and moving on!
[[93m[1m WARNING [21m[0m] Keep producing negative values! Clipping negative solutions and moving on!
[[93m[1m WARNING [21m[0m] Keep producing negative values! Clipping negative solutions and moving on!
[[93m[1m WARNING [21m[0m] Keep producing negative values! Clipping negative solutions and moving on!
[[93m[1m WARNING [21m[0m] Keep producing negative values! Clipping negative solutions and moving on!
[[93m[1m WARNING [21m[0m] Keep producing negative values! Clipping negative solutions and moving on!
[[93m[1m WARNING [21m[0m] Keep producing negative values! Clipping negative solutions and moving on!
[[93m[1m WARNING [21m[0m] Keep producing negative values! Clipping negative solutions and moving on!
[[93m[1m WARNING [21m[0m] Keep producing negative values! Clipping negative solutions and moving on!
[[93m[1m WARNING [21m[0m] Keep producing negative values! Clipping negative solutions and moving on!
[[93m[1m WARNING [21m[0m] Keep producing negative values! Clipping negative solutions and moving on!
[[93m[1m WARNING [21m[0m] Keep producing negative values! Clipping negative solutions and moving on!
[[93m[1m WARNING [21m[0m] Keep producing negative values! Clipping negative solutions and moving on!
[[93m[1m WARNING [21m[0m] Keep producing negative values! Clipping negative solutions and moving on!
[[93m[1m WARNING [21m[0m] Keep producing negative values! Clipping negative solutions and moving on!
[[93m[1m WARNING [21m[0m] Keep producing negative values! Clipping negative solutions and moving on!
[[93m[1m WARNING [21m[0m] Keep producing negative values! Clipping negative solutions and moving on!
[[93m[1m WARNING [21m[0m] Keep producing negative values! Clipping negative solutions and moving on!
[[32m[1m INFO  [21m[0m] Elapsed time: 5.14e-05 || Step number: 4700/30000
[[32m[1m INFO  [21m[0m] longdy = 1.00e+00      || longdy/dt = 1.00e+00  || dt = 1.00e-08
[[32m[1m INFO  [21m[0m] from nz = 0 and OH
[[32m[1m INFO  [21m[0m] -----------------------------------------------------------------
[[93m[1m WARNING [21m[0m] Keep producing negative values! Clipping negative solutions and moving on!
[[93m[1m WARNING [21m[0m] Keep producing negative values! Clipping negative solutions and moving on!
[[93m[1m WARNING [21m[0m] Keep producing negative values! Clipping negative solutions and moving on!
[[93m[1m WARNING [21m[0m] Keep producing negative values! Clipping negative solutions and moving on!
[[93m[1m WARNING [21m[0m] Keep producing negative values! Clipping negative solutions and moving on!
[[93m[1m WARNING [21m[0m] Keep producing negative values! Clipping negative solutions and moving on!
[[93m[1m WARNING [21m[0m] Keep producing negative values! Clipping negative solutions and moving on!
[[93m[1m WARNING [21m[0m] Keep producing negative values! Clipping negative solutions and moving on!
[[93m[1m WARNING [21m[0m] Keep producing negative values! Clipping negative solutions and moving on!
[[93m[1m WARNING [21m[0m] Keep producing negative values! Clipping negative solutions and moving on!
[[93m[1m WARNING [21m[0m] Keep producing negative values! Clipping negative solutions and moving on!
[[93m[1m WARNING [21m[0m] Keep producing negative values! Clipping negative solutions and moving on!
[[93m[1m WARNING [21m[0m] Keep producing negative values! Clipping negative solutions and moving on!
[[93m[1m WARNING [21m[0m] Keep producing negative values! Clipping negative solutions and moving on!
[[93m[1m WARNING [21m[0m] Keep producing negative values! Clipping negative solutions and moving on!
[[93m[1m WARNING [21m[0m] Keep producing negative values! Clipping negative solutions and moving on!
[[93m[1m WARNING [21m[0m] Keep producing negative values! Clipping negative solutions and moving on!
[[93m[1m WARNING [21m[0m] Keep producing negative values! Clipping negative solutions and moving on!
[[93m[1m WARNING [21m[0m] Keep producing negative values! Clipping negative solutions and moving on!
[[93m[1m WARNING [21m[0m] Keep producing negative values! Clipping negative solutions and moving on!
[[93m[1m WARNING [21m[0m] Keep producing negative values! Clipping negative solutions and moving on!
[[93m[1m WARNING [21m[0m] Keep producing negative values! Clipping negative solutions and moving on!
[[93m[1m WARNING [21m[0m] Keep producing negative values! Clipping negative solutions and moving on!
[[93m[1m WARNING [21m[0m] Keep producing negative values! Clipping negative solutions and moving on!
[[93m[1m WARNING [21m[0m] Keep producing negative values! Clipping negative solutions and moving on!
[[93m[1m WARNING [21m[0m] Keep producing negative values! Clipping negative solutions and moving on!
[[93m[1m WARNING [21m[0m] Keep producing negative values! Clipping negative solutions and moving on!
[[93m[1m WARNING [21m[0m] Keep producing negative values! Clipping negative solutions and moving on!
[[93m[1m WARNING [21m[0m] Keep producing negative values! Clipping negative solutions and moving on!
[[93m[1m WARNING [21m[0m] Keep producing negative values! Clipping negative solutions and moving on!
[[93m[1m WARNING [21m[0m] Keep producing negative values! Clipping negative solutions and moving on!
[[93m[1m WARNING [21m[0m] Keep producing negative values! Clipping negative solutions and moving on!
[[93m[1m WARNING [21m[0m] Keep producing negative values! Clipping negative solutions and moving on!
[[93m[1m WARNING [21m[0m] Keep producing negative values! Clipping negative solutions and moving on!
[[93m[1m WARNING [21m[0m] Keep producing negative values! Clipping negative solutions and moving on!
[[93m[1m WARNING [21m[0m] Keep producing negative values! Clipping negative solutions and moving on!
[[93m[1m WARNING [21m[0m] Keep producing negative values! Clipping negative solutions and moving on!
[[93m[1m WARNING [21m[0m] Keep producing negative values! Clipping negative solutions and moving on!
[[93m[1m WARNING [21m[0m] Keep producing negative values! Clipping negative solutions and moving on!
[[93m[1m WARNING [21m[0m] Keep producing negative values! Clipping negative solutions and moving on!
[[93m[1m WARNING [21m[0m] Keep producing negative values! Clipping negative solutions and moving on!
[[93m[1m WARNING [21m[0m] Keep producing negative values! Clipping negative solutions and moving on!
[[93m[1m WARNING [21m[0m] Keep producing negative values! Clipping negative solutions and moving on!
[[93m[1m WARNING [21m[0m] Keep producing negative values! Clipping negative solutions and moving on!
[[93m[1m WARNING [21m[0m] Keep producing negative values! Clipping negative solutions and moving on!
[[93m[1m WARNING [21m[0m] Keep producing negative values! Clipping negative solutions and moving on!
[[93m[1m WARNING [21m[0m] Keep producing negative values! Clipping negative solutions and moving on!
[[93m[1m WARNING [21m[0m] Keep producing negative values! Clipping negative solutions and moving on!
[[93m[1m WARNING [21m[0m] Keep producing negative values! Clipping negative solutions and moving on!
[[93m[1m WARNING [21m[0m] Keep producing negative values! Clipping negative solutions and moving on!
[[93m[1m WARNING [21m[0m] Keep producing negative values! Clipping negative solutions and moving on!
[[93m[1m WARNING [21m[0m] Keep producing negative values! Clipping negative solutions and moving on!
[[93m[1m WARNING [21m[0m] Keep producing negative values! Clipping negative solutions and moving on!
[[93m[1m WARNING [21m[0m] Keep producing negative values! Clipping negative solutions and moving on!
[[32m[1m INFO  [21m[0m] Elapsed time: 5.39e-05 || Step number: 4800/30000
[[32m[1m INFO  [21m[0m] longdy = 1.00e+00      || longdy/dt = 1.00e+00  || dt = 3.01e-08
[[32m[1m INFO  [21m[0m] from nz = 0 and OH
[[32m[1m INFO  [21m[0m] -----------------------------------------------------------------
[[93m[1m WARNING [21m[0m] Keep producing negative values! Clipping negative solutions and moving on!
[[93m[1m WARNING [21m[0m] Keep producing negative values! Clipping negative solutions and moving on!
[[93m[1m WARNING [21m[0m] Keep producing negative values! Clipping negative solutions and moving on!
[[93m[1m WARNING [21m[0m] Keep producing negative values! Clipping negative solutions and moving on!
[[93m[1m WARNING [21m[0m] Keep producing negative values! Clipping negative solutions and moving on!
[[93m[1m WARNING [21m[0m] Keep producing negative values! Clipping negative solutions and moving on!
[[93m[1m WARNING [21m[0m] Keep producing negative values! Clipping negative solutions and moving on!
[[93m[1m WARNING [21m[0m] Keep producing negative values! Clipping negative solutions and moving on!
[[93m[1m WARNING [21m[0m] Keep producing negative values! Clipping negative solutions and moving on!
[[93m[1m WARNING [21m[0m] Keep producing negative values! Clipping negative solutions and moving on!
[[93m[1m WARNING [21m[0m] Keep producing negative values! Clipping negative solutions and moving on!
[[93m[1m WARNING [21m[0m] Keep producing negative values! Clipping negative solutions and moving on!
[[93m[1m WARNING [21m[0m] Keep producing negative values! Clipping negative solutions and moving on!
[[93m[1m WARNING [21m[0m] Keep producing negative values! Clipping negative solutions and moving on!
[[93m[1m WARNING [21m[0m] Keep producing negative values! Clipping negative solutions and moving on!
[[93m[1m WARNING [21m[0m] Keep producing negative values! Clipping negative solutions and moving on!
[[93m[1m WARNING [21m[0m] Keep producing negative values! Clipping negative solutions and moving on!
[[93m[1m WARNING [21m[0m] Keep producing negative values! Clipping negative solutions and moving on!
[[93m[1m WARNING [21m[0m] Keep producing negative values! Clipping negative solutions and moving on!
[[93m[1m WARNING [21m[0m] Keep producing negative values! Clipping negative solutions and moving on!
[[93m[1m WARNING [21m[0m] Keep producing negative values! Clipping negative solutions and moving on!
[[93m[1m WARNING [21m[0m] Keep producing negative values! Clipping negative solutions and moving on!
[[93m[1m WARNING [21m[0m] Keep producing negative values! Clipping negative solutions and moving on!
[[93m[1m WARNING [21m[0m] Keep producing negative values! Clipping negative solutions and moving on!
[[93m[1m WARNING [21m[0m] Keep producing negative values! Clipping negative solutions and moving on!
[[93m[1m WARNING [21m[0m] Keep producing negative values! Clipping negative solutions and moving on!
[[93m[1m WARNING [21m[0m] Keep producing negative values! Clipping negative solutions and moving on!
[[93m[1m WARNING [21m[0m] Keep producing negative values! Clipping negative solutions and moving on!
[[93m[1m WARNING [21m[0m] Keep producing negative values! Clipping negative solutions and moving on!
[[93m[1m WARNING [21m[0m] Keep producing negative values! Clipping negative solutions and moving on!
[[93m[1m WARNING [21m[0m] Keep producing negative values! Clipping negative solutions and moving on!
[[93m[1m WARNING [21m[0m] Keep producing negative values! Clipping negative solutions and moving on!
[[93m[1m WARNING [21m[0m] Keep producing negative values! Clipping negative solutions and moving on!
[[93m[1m WARNING [21m[0m] Keep producing negative values! Clipping negative solutions and moving on!
[[93m[1m WARNING [21m[0m] Keep producing negative values! Clipping negative solutions and moving on!
[[93m[1m WARNING [21m[0m] Keep producing negative values! Clipping negative solutions and moving on!
[[93m[1m WARNING [21m[0m] Keep producing negative values! Clipping negative solutions and moving on!
[[32m[1m INFO  [21m[0m] Elapsed time: 5.68e-05 || Step number: 4900/30000
[[32m[1m INFO  [21m[0m] longdy = 1.00e+00      || longdy/dt = 1.00e+00  || dt = 1.00e-08
[[32m[1m INFO  [21m[0m] from nz = 0 and OH
[[32m[1m INFO  [21m[0m] -----------------------------------------------------------------
[[93m[1m WARNING [21m[0m] Keep producing negative values! Clipping negative solutions and moving on!
[[93m[1m WARNING [21m[0m] Keep producing negative values! Clipping negative solutions and moving on!
[[93m[1m WARNING [21m[0m] Keep producing negative values! Clipping negative solutions and moving on!
[[93m[1m WARNING [21m[0m] Keep producing negative values! Clipping negative solutions and moving on!
[[93m[1m WARNING [21m[0m] Keep producing negative values! Clipping negative solutions and moving on!
[[93m[1m WARNING [21m[0m] Keep producing negative values! Clipping negative solutions and moving on!
[[93m[1m WARNING [21m[0m] Keep producing negative values! Clipping negative solutions and moving on!
[[93m[1m WARNING [21m[0m] Keep producing negative values! Clipping negative solutions and moving on!
[[93m[1m WARNING [21m[0m] Keep producing negative values! Clipping negative solutions and moving on!
[[93m[1m WARNING [21m[0m] Keep producing negative values! Clipping negative solutions and moving on!
[[93m[1m WARNING [21m[0m] Keep producing negative values! Clipping negative solutions and moving on!
[[93m[1m WARNING [21m[0m] Keep producing negative values! Clipping negative solutions and moving on!
[[93m[1m WARNING [21m[0m] Keep producing negative values! Clipping negative solutions and moving on!
[[93m[1m WARNING [21m[0m] Keep producing negative values! Clipping negative solutions and moving on!
[[93m[1m WARNING [21m[0m] Keep producing negative values! Clipping negative solutions and moving on!
[[93m[1m WARNING [21m[0m] Keep producing negative values! Clipping negative solutions and moving on!
[[93m[1m WARNING [21m[0m] Keep producing negative values! Clipping negative solutions and moving on!
[[93m[1m WARNING [21m[0m] Keep producing negative values! Clipping negative solutions and moving on!
[[93m[1m WARNING [21m[0m] Keep producing negative values! Clipping negative solutions and moving on!
[[93m[1m WARNING [21m[0m] Keep producing negative values! Clipping negative solutions and moving on!
[[93m[1m WARNING [21m[0m] Keep producing negative values! Clipping negative solutions and moving on!
[[93m[1m WARNING [21m[0m] Keep producing negative values! Clipping negative solutions and moving on!
[[93m[1m WARNING [21m[0m] Keep producing negative values! Clipping negative solutions and moving on!
[[93m[1m WARNING [21m[0m] Keep producing negative values! Clipping negative solutions and moving on!
[[93m[1m WARNING [21m[0m] Keep producing negative values! Clipping negative solutions and moving on!
[[93m[1m WARNING [21m[0m] Keep producing negative values! Clipping negative solutions and moving on!
[[93m[1m WARNING [21m[0m] Keep producing negative values! Clipping negative solutions and moving on!
[[93m[1m WARNING [21m[0m] Keep producing negative values! Clipping negative solutions and moving on!
[[93m[1m WARNING [21m[0m] Keep producing negative values! Clipping negative solutions and moving on!
[[93m[1m WARNING [21m[0m] Keep producing negative values! Clipping negative solutions and moving on!
[[93m[1m WARNING [21m[0m] Keep producing negative values! Clipping negative solutions and moving on!
[[93m[1m WARNING [21m[0m] Keep producing negative values! Clipping negative solutions and moving on!
[[93m[1m WARNING [21m[0m] Keep producing negative values! Clipping negative solutions and moving on!
[[93m[1m WARNING [21m[0m] Keep producing negative values! Clipping negative solutions and moving on!
[[93m[1m WARNING [21m[0m] Keep producing negative values! Clipping negative solutions and moving on!
[[93m[1m WARNING [21m[0m] Keep producing negative values! Clipping negative solutions and moving on!
[[93m[1m WARNING [21m[0m] Keep producing negative values! Clipping negative solutions and moving on!
[[93m[1m WARNING [21m[0m] Keep producing negative values! Clipping negative solutions and moving on!
[[93m[1m WARNING [21m[0m] Keep producing negative values! Clipping negative solutions and moving on!
[[93m[1m WARNING [21m[0m] Keep producing negative values! Clipping negative solutions and moving on!
[[93m[1m WARNING [21m[0m] Keep producing negative values! Clipping negative solutions and moving on!
[[93m[1m WARNING [21m[0m] Keep producing negative values! Clipping negative solutions and moving on!
[[93m[1m WARNING [21m[0m] Keep producing negative values! Clipping negative solutions and moving on!
[[93m[1m WARNING [21m[0m] Keep producing negative values! Clipping negative solutions and moving on!
[[32m[1m INFO  [21m[0m] Elapsed time: 5.91e-05 || Step number: 5000/30000
[[32m[1m INFO  [21m[0m] longdy = 1.00e+00      || longdy/dt = 1.00e+00  || dt = 2.00e-08
[[32m[1m INFO  [21m[0m] from nz = 0 and OH
[[32m[1m INFO  [21m[0m] -----------------------------------------------------------------
[[93m[1m WARNING [21m[0m] Keep producing negative values! Clipping negative solutions and moving on!
[[93m[1m WARNING [21m[0m] Keep producing negative values! Clipping negative solutions and moving on!
[[93m[1m WARNING [21m[0m] Keep producing negative values! Clipping negative solutions and moving on!
[[93m[1m WARNING [21m[0m] Keep producing negative values! Clipping negative solutions and moving on!
[[93m[1m WARNING [21m[0m] Keep producing negative values! Clipping negative solutions and moving on!
[[93m[1m WARNING [21m[0m] Keep producing negative values! Clipping negative solutions and moving on!
[[93m[1m WARNING [21m[0m] Keep producing negative values! Clipping negative solutions and moving on!
[[93m[1m WARNING [21m[0m] Keep producing negative values! Clipping negative solutions and moving on!
[[93m[1m WARNING [21m[0m] Keep producing negative values! Clipping negative solutions and moving on!
[[93m[1m WARNING [21m[0m] Keep producing negative values! Clipping negative solutions and moving on!
[[93m[1m WARNING [21m[0m] Keep producing negative values! Clipping negative solutions and moving on!
[[93m[1m WARNING [21m[0m] Keep producing negative values! Clipping negative solutions and moving on!
[[93m[1m WARNING [21m[0m] Keep producing negative values! Clipping negative solutions and moving on!
[[93m[1m WARNING [21m[0m] Keep producing negative values! Clipping negative solutions and moving on!
[[93m[1m WARNING [21m[0m] Keep producing negative values! Clipping negative solutions and moving on!
[[93m[1m WARNING [21m[0m] Keep producing negative values! Clipping negative solutions and moving on!
[[93m[1m WARNING [21m[0m] Keep producing negative values! Clipping negative solutions and moving on!
[[93m[1m WARNING [21m[0m] Keep producing negative values! Clipping negative solutions and moving on!
[[93m[1m WARNING [21m[0m] Keep producing negative values! Clipping negative solutions and moving on!
[[93m[1m WARNING [21m[0m] Keep producing negative values! Clipping negative solutions and moving on!
[[93m[1m WARNING [21m[0m] Keep producing negative values! Clipping negative solutions and moving on!
[[93m[1m WARNING [21m[0m] Keep producing negative values! Clipping negative solutions and moving on!
[[93m[1m WARNING [21m[0m] Keep producing negative values! Clipping negative solutions and moving on!
[[93m[1m WARNING [21m[0m] Keep producing negative values! Clipping negative solutions and moving on!
[[93m[1m WARNING [21m[0m] Keep producing negative values! Clipping negative solutions and moving on!
[[93m[1m WARNING [21m[0m] Keep producing negative values! Clipping negative solutions and moving on!
[[93m[1m WARNING [21m[0m] Keep producing negative values! Clipping negative solutions and moving on!
[[93m[1m WARNING [21m[0m] Keep producing negative values! Clipping negative solutions and moving on!
[[93m[1m WARNING [21m[0m] Keep producing negative values! Clipping negative solutions and moving on!
[[93m[1m WARNING [21m[0m] Keep producing negative values! Clipping negative solutions and moving on!
[[93m[1m WARNING [21m[0m] Keep producing negative values! Clipping negative solutions and moving on!
[[93m[1m WARNING [21m[0m] Keep producing negative values! Clipping negative solutions and moving on!
[[93m[1m WARNING [21m[0m] Keep producing negative values! Clipping negative solutions and moving on!
[[93m[1m WARNING [21m[0m] Keep producing negative values! Clipping negative solutions and moving on!
[[93m[1m WARNING [21m[0m] Keep producing negative values! Clipping negative solutions and moving on!
[[93m[1m WARNING [21m[0m] Keep producing negative values! Clipping negative solutions and moving on!
[[32m[1m INFO  [21m[0m] Elapsed time: 6.15e-05 || Step number: 5100/30000
[[32m[1m INFO  [21m[0m] longdy = 1.00e+00      || longdy/dt = 1.00e+00  || dt = 1.00e-08
[[32m[1m INFO  [21m[0m] from nz = 0 and OH
[[32m[1m INFO  [21m[0m] -----------------------------------------------------------------
[[93m[1m WARNING [21m[0m] Keep producing negative values! Clipping negative solutions and moving on!
[[93m[1m WARNING [21m[0m] Keep producing negative values! Clipping negative solutions and moving on!
[[93m[1m WARNING [21m[0m] Keep producing negative values! Clipping negative solutions and moving on!
[[93m[1m WARNING [21m[0m] Keep producing negative values! Clipping negative solutions and moving on!
[[93m[1m WARNING [21m[0m] Keep producing negative values! Clipping negative solutions and moving on!
[[93m[1m WARNING [21m[0m] Keep producing negative values! Clipping negative solutions and moving on!
[[93m[1m WARNING [21m[0m] Keep producing negative values! Clipping negative solutions and moving on!
[[93m[1m WARNING [21m[0m] Keep producing negative values! Clipping negative solutions and moving on!
[[93m[1m WARNING [21m[0m] Keep producing negative values! Clipping negative solutions and moving on!
[[93m[1m WARNING [21m[0m] Keep producing negative values! Clipping negative solutions and moving on!
[[93m[1m WARNING [21m[0m] Keep producing negative values! Clipping negative solutions and moving on!
[[93m[1m WARNING [21m[0m] Keep producing negative values! Clipping negative solutions and moving on!
[[93m[1m WARNING [21m[0m] Keep producing negative values! Clipping negative solutions and moving on!
[[93m[1m WARNING [21m[0m] Keep producing negative values! Clipping negative solutions and moving on!
[[93m[1m WARNING [21m[0m] Keep producing negative values! Clipping negative solutions and moving on!
[[93m[1m WARNING [21m[0m] Keep producing negative values! Clipping negative solutions and moving on!
[[93m[1m WARNING [21m[0m] Keep producing negative values! Clipping negative solutions and moving on!
[[93m[1m WARNING [21m[0m] Keep producing negative values! Clipping negative solutions and moving on!
[[93m[1m WARNING [21m[0m] Keep producing negative values! Clipping negative solutions and moving on!
[[93m[1m WARNING [21m[0m] Keep producing negative values! Clipping negative solutions and moving on!
[[93m[1m WARNING [21m[0m] Keep producing negative values! Clipping negative solutions and moving on!
[[93m[1m WARNING [21m[0m] Keep producing negative values! Clipping negative solutions and moving on!
[[93m[1m WARNING [21m[0m] Keep producing negative values! Clipping negative solutions and moving on!
[[93m[1m WARNING [21m[0m] Keep producing negative values! Clipping negative solutions and moving on!
[[93m[1m WARNING [21m[0m] Keep producing negative values! Clipping negative solutions and moving on!
[[93m[1m WARNING [21m[0m] Keep producing negative values! Clipping negative solutions and moving on!
[[93m[1m WARNING [21m[0m] Keep producing negative values! Clipping negative solutions and moving on!
[[93m[1m WARNING [21m[0m] Keep producing negative values! Clipping negative solutions and moving on!
[[93m[1m WARNING [21m[0m] Keep producing negative values! Clipping negative solutions and moving on!
[[93m[1m WARNING [21m[0m] Keep producing negative values! Clipping negative solutions and moving on!
[[93m[1m WARNING [21m[0m] Keep producing negative values! Clipping negative solutions and moving on!
[[93m[1m WARNING [21m[0m] Keep producing negative values! Clipping negative solutions and moving on!
[[93m[1m WARNING [21m[0m] Keep producing negative values! Clipping negative solutions and moving on!
[[93m[1m WARNING [21m[0m] Keep producing negative values! Clipping negative solutions and moving on!
[[93m[1m WARNING [21m[0m] Keep producing negative values! Clipping negative solutions and moving on!
[[32m[1m INFO  [21m[0m] Elapsed time: 6.43e-05 || Step number: 5200/30000
[[32m[1m INFO  [21m[0m] longdy = 1.00e+00      || longdy/dt = 1.00e+00  || dt = 1.01e-07
[[32m[1m INFO  [21m[0m] from nz = 0 and OH
[[32m[1m INFO  [21m[0m] -----------------------------------------------------------------
[[93m[1m WARNING [21m[0m] Keep producing negative values! Clipping negative solutions and moving on!
[[93m[1m WARNING [21m[0m] Keep producing negative values! Clipping negative solutions and moving on!
[[93m[1m WARNING [21m[0m] Keep producing negative values! Clipping negative solutions and moving on!
[[93m[1m WARNING [21m[0m] Keep producing negative values! Clipping negative solutions and moving on!
[[93m[1m WARNING [21m[0m] Keep producing negative values! Clipping negative solutions and moving on!
[[93m[1m WARNING [21m[0m] Keep producing negative values! Clipping negative solutions and moving on!
[[93m[1m WARNING [21m[0m] Keep producing negative values! Clipping negative solutions and moving on!
[[93m[1m WARNING [21m[0m] Keep producing negative values! Clipping negative solutions and moving on!
[[93m[1m WARNING [21m[0m] Keep producing negative values! Clipping negative solutions and moving on!
[[93m[1m WARNING [21m[0m] Keep producing negative values! Clipping negative solutions and moving on!
[[93m[1m WARNING [21m[0m] Keep producing negative values! Clipping negative solutions and moving on!
[[93m[1m WARNING [21m[0m] Keep producing negative values! Clipping negative solutions and moving on!
[[93m[1m WARNING [21m[0m] Keep producing negative values! Clipping negative solutions and moving on!
[[93m[1m WARNING [21m[0m] Keep producing negative values! Clipping negative solutions and moving on!
[[93m[1m WARNING [21m[0m] Keep producing negative values! Clipping negative solutions and moving on!
[[93m[1m WARNING [21m[0m] Keep producing negative values! Clipping negative solutions and moving on!
[[93m[1m WARNING [21m[0m] Keep producing negative values! Clipping negative solutions and moving on!
[[93m[1m WARNING [21m[0m] Keep producing negative values! Clipping negative solutions and moving on!
[[93m[1m WARNING [21m[0m] Keep producing negative values! Clipping negative solutions and moving on!
[[93m[1m WARNING [21m[0m] Keep producing negative values! Clipping negative solutions and moving on!
[[93m[1m WARNING [21m[0m] Keep producing negative values! Clipping negative solutions and moving on!
[[93m[1m WARNING [21m[0m] Keep producing negative values! Clipping negative solutions and moving on!
[[93m[1m WARNING [21m[0m] Keep producing negative values! Clipping negative solutions and moving on!
[[93m[1m WARNING [21m[0m] Keep producing negative values! Clipping negative solutions and moving on!
[[93m[1m WARNING [21m[0m] Keep producing negative values! Clipping negative solutions and moving on!
[[93m[1m WARNING [21m[0m] Keep producing negative values! Clipping negative solutions and moving on!
[[93m[1m WARNING [21m[0m] Keep producing negative values! Clipping negative solutions and moving on!
[[93m[1m WARNING [21m[0m] Keep producing negative values! Clipping negative solutions and moving on!
[[93m[1m WARNING [21m[0m] Keep producing negative values! Clipping negative solutions and moving on!
[[93m[1m WARNING [21m[0m] Keep producing negative values! Clipping negative solutions and moving on!
[[93m[1m WARNING [21m[0m] Keep producing negative values! Clipping negative solutions and moving on!
[[93m[1m WARNING [21m[0m] Keep producing negative values! Clipping negative solutions and moving on!
[[93m[1m WARNING [21m[0m] Keep producing negative values! Clipping negative solutions and moving on!
[[93m[1m WARNING [21m[0m] Keep producing negative values! Clipping negative solutions and moving on!
[[93m[1m WARNING [21m[0m] Keep producing negative values! Clipping negative solutions and moving on!
[[93m[1m WARNING [21m[0m] Keep producing negative values! Clipping negative solutions and moving on!
[[32m[1m INFO  [21m[0m] Elapsed time: 6.86e-05 || Step number: 5300/30000
[[32m[1m INFO  [21m[0m] longdy = 1.00e+00      || longdy/dt = 1.00e+00  || dt = 4.00e-08
[[32m[1m INFO  [21m[0m] from nz = 0 and OH
[[32m[1m INFO  [21m[0m] -----------------------------------------------------------------
[[93m[1m WARNING [21m[0m] Keep producing negative values! Clipping negative solutions and moving on!
[[93m[1m WARNING [21m[0m] Keep producing negative values! Clipping negative solutions and moving on!
[[93m[1m WARNING [21m[0m] Keep producing negative values! Clipping negative solutions and moving on!
[[93m[1m WARNING [21m[0m] Keep producing negative values! Clipping negative solutions and moving on!
[[93m[1m WARNING [21m[0m] Keep producing negative values! Clipping negative solutions and moving on!
[[93m[1m WARNING [21m[0m] Keep producing negative values! Clipping negative solutions and moving on!
[[93m[1m WARNING [21m[0m] Keep producing negative values! Clipping negative solutions and moving on!
[[93m[1m WARNING [21m[0m] Keep producing negative values! Clipping negative solutions and moving on!
[[93m[1m WARNING [21m[0m] Keep producing negative values! Clipping negative solutions and moving on!
[[93m[1m WARNING [21m[0m] Keep producing negative values! Clipping negative solutions and moving on!
[[93m[1m WARNING [21m[0m] Keep producing negative values! Clipping negative solutions and moving on!
[[93m[1m WARNING [21m[0m] Keep producing negative values! Clipping negative solutions and moving on!
[[93m[1m WARNING [21m[0m] Keep producing negative values! Clipping negative solutions and moving on!
[[93m[1m WARNING [21m[0m] Keep producing negative values! Clipping negative solutions and moving on!
[[93m[1m WARNING [21m[0m] Keep producing negative values! Clipping negative solutions and moving on!
[[93m[1m WARNING [21m[0m] Keep producing negative values! Clipping negative solutions and moving on!
[[93m[1m WARNING [21m[0m] Keep producing negative values! Clipping negative solutions and moving on!
[[93m[1m WARNING [21m[0m] Keep producing negative values! Clipping negative solutions and moving on!
[[93m[1m WARNING [21m[0m] Keep producing negative values! Clipping negative solutions and moving on!
[[93m[1m WARNING [21m[0m] Keep producing negative values! Clipping negative solutions and moving on!
[[93m[1m WARNING [21m[0m] Keep producing negative values! Clipping negative solutions and moving on!
[[93m[1m WARNING [21m[0m] Keep producing negative values! Clipping negative solutions and moving on!
[[32m[1m INFO  [21m[0m] Elapsed time: 7.36e-05 || Step number: 5400/30000
[[32m[1m INFO  [21m[0m] longdy = 1.00e+00      || longdy/dt = 1.00e+00  || dt = 1.92e-07
[[32m[1m INFO  [21m[0m] from nz = 0 and OH
[[32m[1m INFO  [21m[0m] -----------------------------------------------------------------
[[93m[1m WARNING [21m[0m] Keep producing negative values! Clipping negative solutions and moving on!
[[93m[1m WARNING [21m[0m] Keep producing negative values! Clipping negative solutions and moving on!
[[93m[1m WARNING [21m[0m] Keep producing negative values! Clipping negative solutions and moving on!
[[93m[1m WARNING [21m[0m] Keep producing negative values! Clipping negative solutions and moving on!
[[93m[1m WARNING [21m[0m] Keep producing negative values! Clipping negative solutions and moving on!
[[93m[1m WARNING [21m[0m] Keep producing negative values! Clipping negative solutions and moving on!
[[93m[1m WARNING [21m[0m] Keep producing negative values! Clipping negative solutions and moving on!
[[93m[1m WARNING [21m[0m] Keep producing negative values! Clipping negative solutions and moving on!
[[93m[1m WARNING [21m[0m] Keep producing negative values! Clipping negative solutions and moving on!
[[93m[1m WARNING [21m[0m] Keep producing negative values! Clipping negative solutions and moving on!
[[93m[1m WARNING [21m[0m] Keep producing negative values! Clipping negative solutions and moving on!
[[93m[1m WARNING [21m[0m] Keep producing negative values! Clipping negative solutions and moving on!
[[93m[1m WARNING [21m[0m] Keep producing negative values! Clipping negative solutions and moving on!
[[93m[1m WARNING [21m[0m] Keep producing negative values! Clipping negative solutions and moving on!
[[93m[1m WARNING [21m[0m] Keep producing negative values! Clipping negative solutions and moving on!
[[93m[1m WARNING [21m[0m] Keep producing negative values! Clipping negative solutions and moving on!
[[93m[1m WARNING [21m[0m] Keep producing negative values! Clipping negative solutions and moving on!
[[93m[1m WARNING [21m[0m] Keep producing negative values! Clipping negative solutions and moving on!
[[93m[1m WARNING [21m[0m] Keep producing negative values! Clipping negative solutions and moving on!
[[93m[1m WARNING [21m[0m] Keep producing negative values! Clipping negative solutions and moving on!
[[93m[1m WARNING [21m[0m] Keep producing negative values! Clipping negative solutions and moving on!
[[93m[1m WARNING [21m[0m] Keep producing negative values! Clipping negative solutions and moving on!
[[93m[1m WARNING [21m[0m] Keep producing negative values! Clipping negative solutions and moving on!
[[93m[1m WARNING [21m[0m] Keep producing negative values! Clipping negative solutions and moving on!
[[93m[1m WARNING [21m[0m] Keep producing negative values! Clipping negative solutions and moving on!
[[93m[1m WARNING [21m[0m] Keep producing negative values! Clipping negative solutions and moving on!
[[93m[1m WARNING [21m[0m] Keep producing negative values! Clipping negative solutions and moving on!
[[32m[1m INFO  [21m[0m] Elapsed time: 7.71e-05 || Step number: 5500/30000
[[32m[1m INFO  [21m[0m] longdy = 1.00e+00      || longdy/dt = 1.00e+00  || dt = 1.71e-07
[[32m[1m INFO  [21m[0m] from nz = 0 and OH
[[32m[1m INFO  [21m[0m] -----------------------------------------------------------------
[[93m[1m WARNING [21m[0m] Keep producing negative values! Clipping negative solutions and moving on!
[[93m[1m WARNING [21m[0m] Keep producing negative values! Clipping negative solutions and moving on!
[[93m[1m WARNING [21m[0m] Keep producing negative values! Clipping negative solutions and moving on!
[[93m[1m WARNING [21m[0m] Keep producing negative values! Clipping negative solutions and moving on!
[[93m[1m WARNING [21m[0m] Keep producing negative values! Clipping negative solutions and moving on!
[[93m[1m WARNING [21m[0m] Keep producing negative values! Clipping negative solutions and moving on!
[[93m[1m WARNING [21m[0m] Keep producing negative values! Clipping negative solutions and moving on!
[[93m[1m WARNING [21m[0m] Keep producing negative values! Clipping negative solutions and moving on!
[[93m[1m WARNING [21m[0m] Keep producing negative values! Clipping negative solutions and moving on!
[[93m[1m WARNING [21m[0m] Keep producing negative values! Clipping negative solutions and moving on!
[[93m[1m WARNING [21m[0m] Keep producing negative values! Clipping negative solutions and moving on!
[[93m[1m WARNING [21m[0m] Keep producing negative values! Clipping negative solutions and moving on!
[[93m[1m WARNING [21m[0m] Keep producing negative values! Clipping negative solutions and moving on!
[[93m[1m WARNING [21m[0m] Keep producing negative values! Clipping negative solutions and moving on!
[[93m[1m WARNING [21m[0m] Keep producing negative values! Clipping negative solutions and moving on!
[[32m[1m INFO  [21m[0m] Elapsed time: 8.54e-05 || Step number: 5600/30000
[[32m[1m INFO  [21m[0m] longdy = 1.00e+00      || longdy/dt = 1.00e+00  || dt = 1.00e-08
[[32m[1m INFO  [21m[0m] from nz = 0 and OH
[[32m[1m INFO  [21m[0m] -----------------------------------------------------------------
[[93m[1m WARNING [21m[0m] Keep producing negative values! Clipping negative solutions and moving on!
[[93m[1m WARNING [21m[0m] Keep producing negative values! Clipping negative solutions and moving on!
[[93m[1m WARNING [21m[0m] Keep producing negative values! Clipping negative solutions and moving on!
[[93m[1m WARNING [21m[0m] Keep producing negative values! Clipping negative solutions and moving on!
[[93m[1m WARNING [21m[0m] Keep producing negative values! Clipping negative solutions and moving on!
[[93m[1m WARNING [21m[0m] Keep producing negative values! Clipping negative solutions and moving on!
[[32m[1m INFO  [21m[0m] Elapsed time: 9.04e-05 || Step number: 5700/30000
[[32m[1m INFO  [21m[0m] longdy = 1.00e+00      || longdy/dt = 1.00e+00  || dt = 4.00e-08
[[32m[1m INFO  [21m[0m] from nz = 0 and OH
[[32m[1m INFO  [21m[0m] -----------------------------------------------------------------
[[93m[1m WARNING [21m[0m] Keep producing negative values! Clipping negative solutions and moving on!
[[93m[1m WARNING [21m[0m] Keep producing negative values! Clipping negative solutions and moving on!
[[93m[1m WARNING [21m[0m] Keep producing negative values! Clipping negative solutions and moving on!
[[93m[1m WARNING [21m[0m] Keep producing negative values! Clipping negative solutions and moving on!
[[93m[1m WARNING [21m[0m] Keep producing negative values! Clipping negative solutions and moving on!
[[93m[1m WARNING [21m[0m] Keep producing negative values! Clipping negative solutions and moving on!
[[93m[1m WARNING [21m[0m] Keep producing negative values! Clipping negative solutions and moving on!
[[32m[1m INFO  [21m[0m] Elapsed time: 9.64e-05 || Step number: 5800/30000
[[32m[1m INFO  [21m[0m] longdy = 1.00e+00      || longdy/dt = 1.00e+00  || dt = 4.00e-08
[[32m[1m INFO  [21m[0m] from nz = 0 and OH
[[32m[1m INFO  [21m[0m] -----------------------------------------------------------------
[[93m[1m WARNING [21m[0m] Keep producing negative values! Clipping negative solutions and moving on!
[[93m[1m WARNING [21m[0m] Keep producing negative values! Clipping negative solutions and moving on!
[[93m[1m WARNING [21m[0m] Keep producing negative values! Clipping negative solutions and moving on!
[[93m[1m WARNING [21m[0m] Keep producing negative values! Clipping negative solutions and moving on!
[[93m[1m WARNING [21m[0m] Keep producing negative values! Clipping negative solutions and moving on!
[[93m[1m WARNING [21m[0m] Keep producing negative values! Clipping negative solutions and moving on!
[[93m[1m WARNING [21m[0m] Keep producing negative values! Clipping negative solutions and moving on!
[[93m[1m WARNING [21m[0m] Keep producing negative values! Clipping negative solutions and moving on!
[[32m[1m INFO  [21m[0m] Elapsed time: 1.04e-04 || Step number: 5900/30000
[[32m[1m INFO  [21m[0m] longdy = 1.00e+00      || longdy/dt = 1.00e+00  || dt = 4.65e-07
[[32m[1m INFO  [21m[0m] from nz = 0 and OH
[[32m[1m INFO  [21m[0m] -----------------------------------------------------------------
[[93m[1m WARNING [21m[0m] Keep producing negative values! Clipping negative solutions and moving on!
[[93m[1m WARNING [21m[0m] Keep producing negative values! Clipping negative solutions and moving on!
[[93m[1m WARNING [21m[0m] Keep producing negative values! Clipping negative solutions and moving on!
[[93m[1m WARNING [21m[0m] Keep producing negative values! Clipping negative solutions and moving on!
[[93m[1m WARNING [21m[0m] Keep producing negative values! Clipping negative solutions and moving on!
[[93m[1m WARNING [21m[0m] Keep producing negative values! Clipping negative solutions and moving on!
[[93m[1m WARNING [21m[0m] Keep producing negative values! Clipping negative solutions and moving on!
[[32m[1m INFO  [21m[0m] Elapsed time: 1.13e-04 || Step number: 6000/30000
[[32m[1m INFO  [21m[0m] longdy = 1.00e+00      || longdy/dt = 1.00e+00  || dt = 2.94e-07
[[32m[1m INFO  [21m[0m] from nz = 0 and OH
[[32m[1m INFO  [21m[0m] -----------------------------------------------------------------
[[93m[1m WARNING [21m[0m] Keep producing negative values! Clipping negative solutions and moving on!
[[93m[1m WARNING [21m[0m] Keep producing negative values! Clipping negative solutions and moving on!
[[93m[1m WARNING [21m[0m] Keep producing negative values! Clipping negative solutions and moving on!
[[93m[1m WARNING [21m[0m] Keep producing negative values! Clipping negative solutions and moving on!
[[93m[1m WARNING [21m[0m] Keep producing negative values! Clipping negative solutions and moving on!
[[32m[1m INFO  [21m[0m] Elapsed time: 1.24e-04 || Step number: 6100/30000
[[32m[1m INFO  [21m[0m] longdy = 1.00e+00      || longdy/dt = 1.00e+00  || dt = 1.96e-07
[[32m[1m INFO  [21m[0m] from nz = 0 and OH
[[32m[1m INFO  [21m[0m] -----------------------------------------------------------------
[[93m[1m WARNING [21m[0m] Keep producing negative values! Clipping negative solutions and moving on!
[[93m[1m WARNING [21m[0m] Keep producing negative values! Clipping negative solutions and moving on!
[[93m[1m WARNING [21m[0m] Keep producing negative values! Clipping negative solutions and moving on!
[[93m[1m WARNING [21m[0m] Keep producing negative values! Clipping negative solutions and moving on!
[[32m[1m INFO  [21m[0m] Elapsed time: 1.39e-04 || Step number: 6200/30000
[[32m[1m INFO  [21m[0m] longdy = 1.00e+00      || longdy/dt = 1.00e+00  || dt = 3.93e-07
[[32m[1m INFO  [21m[0m] from nz = 0 and OH
[[32m[1m INFO  [21m[0m] -----------------------------------------------------------------
[[93m[1m WARNING [21m[0m] Keep producing negative values! Clipping negative solutions and moving on!
[[93m[1m WARNING [21m[0m] Keep producing negative values! Clipping negative solutions and moving on!
[[93m[1m WARNING [21m[0m] Keep producing negative values! Clipping negative solutions and moving on!
[[32m[1m INFO  [21m[0m] Elapsed time: 1.58e-04 || Step number: 6300/30000
[[32m[1m INFO  [21m[0m] longdy = 1.00e+00      || longdy/dt = 1.00e+00  || dt = 1.50e-07
[[32m[1m INFO  [21m[0m] from nz = 0 and OH
[[32m[1m INFO  [21m[0m] -----------------------------------------------------------------
[[93m[1m WARNING [21m[0m] Keep producing negative values! Clipping negative solutions and moving on!
[[93m[1m WARNING [21m[0m] Keep producing negative values! Clipping negative solutions and moving on!
[[93m[1m WARNING [21m[0m] Keep producing negative values! Clipping negative solutions and moving on!
[[93m[1m WARNING [21m[0m] Keep producing negative values! Clipping negative solutions and moving on!
[[93m[1m WARNING [21m[0m] Keep producing negative values! Clipping negative solutions and moving on!
[[32m[1m INFO  [21m[0m] Elapsed time: 1.78e-04 || Step number: 6400/30000
[[32m[1m INFO  [21m[0m] longdy = 1.00e+00      || longdy/dt = 1.00e+00  || dt = 1.95e-07
[[32m[1m INFO  [21m[0m] from nz = 0 and OH
[[32m[1m INFO  [21m[0m] -----------------------------------------------------------------
[[32m[1m INFO  [21m[0m] Elapsed time: 2.09e-04 || Step number: 6500/30000
[[32m[1m INFO  [21m[0m] longdy = 1.00e+00      || longdy/dt = 1.00e+00  || dt = 5.95e-07
[[32m[1m INFO  [21m[0m] from nz = 0 and OH
[[32m[1m INFO  [21m[0m] -----------------------------------------------------------------
[[93m[1m WARNING [21m[0m] Keep producing negative values! Clipping negative solutions and moving on!
[[32m[1m INFO  [21m[0m] Elapsed time: 2.37e-04 || Step number: 6600/30000
[[32m[1m INFO  [21m[0m] longdy = 1.00e+00      || longdy/dt = 1.00e+00  || dt = 7.36e-07
[[32m[1m INFO  [21m[0m] from nz = 0 and OH
[[32m[1m INFO  [21m[0m] -----------------------------------------------------------------
[[93m[1m WARNING [21m[0m] Keep producing negative values! Clipping negative solutions and moving on!
[[93m[1m WARNING [21m[0m] Keep producing negative values! Clipping negative solutions and moving on!
[[32m[1m INFO  [21m[0m] Elapsed time: 2.77e-04 || Step number: 6700/30000
[[32m[1m INFO  [21m[0m] longdy = 1.00e+00      || longdy/dt = 1.00e+00  || dt = 4.57e-07
[[32m[1m INFO  [21m[0m] from nz = 0 and OH
[[32m[1m INFO  [21m[0m] -----------------------------------------------------------------
[[32m[1m INFO  [21m[0m] Elapsed time: 3.13e-04 || Step number: 6800/30000
[[32m[1m INFO  [21m[0m] longdy = 1.00e+00      || longdy/dt = 1.00e+00  || dt = 5.77e-07
[[32m[1m INFO  [21m[0m] from nz = 0 and OH
[[32m[1m INFO  [21m[0m] -----------------------------------------------------------------
[[93m[1m WARNING [21m[0m] Keep producing negative values! Clipping negative solutions and moving on!
[[93m[1m WARNING [21m[0m] Keep producing negative values! Clipping negative solutions and moving on!
[[93m[1m WARNING [21m[0m] Keep producing negative values! Clipping negative solutions and moving on!
[[32m[1m INFO  [21m[0m] Elapsed time: 3.43e-04 || Step number: 6900/30000
[[32m[1m INFO  [21m[0m] longdy = 1.00e+00      || longdy/dt = 1.00e+00  || dt = 9.10e-07
[[32m[1m INFO  [21m[0m] from nz = 0 and OH
[[32m[1m INFO  [21m[0m] -----------------------------------------------------------------
[[93m[1m WARNING [21m[0m] Keep producing negative values! Clipping negative solutions and moving on!
[[93m[1m WARNING [21m[0m] Keep producing negative values! Clipping negative solutions and moving on!
[[93m[1m WARNING [21m[0m] Keep producing negative values! Clipping negative solutions and moving on!
[[32m[1m INFO  [21m[0m] Elapsed time: 3.76e-04 || Step number: 7000/30000
[[32m[1m INFO  [21m[0m] longdy = 1.00e+00      || longdy/dt = 1.00e+00  || dt = 2.50e-07
[[32m[1m INFO  [21m[0m] from nz = 0 and OH
[[32m[1m INFO  [21m[0m] -----------------------------------------------------------------
[[93m[1m WARNING [21m[0m] Keep producing negative values! Clipping negative solutions and moving on!
[[93m[1m WARNING [21m[0m] Keep producing negative values! Clipping negative solutions and moving on!
[[93m[1m WARNING [21m[0m] Keep producing negative values! Clipping negative solutions and moving on!
[[93m[1m WARNING [21m[0m] Keep producing negative values! Clipping negative solutions and moving on!
[[32m[1m INFO  [21m[0m] Elapsed time: 4.00e-04 || Step number: 7100/30000
[[32m[1m INFO  [21m[0m] longdy = 1.00e+00      || longdy/dt = 1.00e+00  || dt = 1.60e-07
[[32m[1m INFO  [21m[0m] from nz = 0 and OH
[[32m[1m INFO  [21m[0m] -----------------------------------------------------------------
[[93m[1m WARNING [21m[0m] Keep producing negative values! Clipping negative solutions and moving on!
[[93m[1m WARNING [21m[0m] Keep producing negative values! Clipping negative solutions and moving on!
[[93m[1m WARNING [21m[0m] Keep producing negative values! Clipping negative solutions and moving on!
[[32m[1m INFO  [21m[0m] Elapsed time: 4.28e-04 || Step number: 7200/30000
[[32m[1m INFO  [21m[0m] longdy = 1.00e+00      || longdy/dt = 1.00e+00  || dt = 4.00e-08
[[32m[1m INFO  [21m[0m] from nz = 0 and OH
[[32m[1m INFO  [21m[0m] -----------------------------------------------------------------
[[93m[1m WARNING [21m[0m] Keep producing negative values! Clipping negative solutions and moving on!
[[32m[1m INFO  [21m[0m] Elapsed time: 4.56e-04 || Step number: 7300/30000
[[32m[1m INFO  [21m[0m] longdy = 1.00e+00      || longdy/dt = 1.00e+00  || dt = 5.75e-07
[[32m[1m INFO  [21m[0m] from nz = 0 and OH
[[32m[1m INFO  [21m[0m] -----------------------------------------------------------------
[[93m[1m WARNING [21m[0m] Keep producing negative values! Clipping negative solutions and moving on!
[[93m[1m WARNING [21m[0m] Keep producing negative values! Clipping negative solutions and moving on!
[[32m[1m INFO  [21m[0m] Elapsed time: 4.90e-04 || Step number: 7400/30000
[[32m[1m INFO  [21m[0m] longdy = 1.00e+00      || longdy/dt = 1.00e+00  || dt = 3.49e-07
[[32m[1m INFO  [21m[0m] from nz = 0 and OH
[[32m[1m INFO  [21m[0m] -----------------------------------------------------------------
[[93m[1m WARNING [21m[0m] Keep producing negative values! Clipping negative solutions and moving on!
[[93m[1m WARNING [21m[0m] Keep producing negative values! Clipping negative solutions and moving on!
[[32m[1m INFO  [21m[0m] Elapsed time: 5.27e-04 || Step number: 7500/30000
[[32m[1m INFO  [21m[0m] longdy = 1.00e+00      || longdy/dt = 1.00e+00  || dt = 3.71e-07
[[32m[1m INFO  [21m[0m] from nz = 0 and OH
[[32m[1m INFO  [21m[0m] -----------------------------------------------------------------
[[93m[1m WARNING [21m[0m] Keep producing negative values! Clipping negative solutions and moving on!
[[93m[1m WARNING [21m[0m] Keep producing negative values! Clipping negative solutions and moving on!
[[32m[1m INFO  [21m[0m] Elapsed time: 5.51e-04 || Step number: 7600/30000
[[32m[1m INFO  [21m[0m] longdy = 1.00e+00      || longdy/dt = 1.00e+00  || dt = 9.85e-08
[[32m[1m INFO  [21m[0m] from nz = 0 and OH
[[32m[1m INFO  [21m[0m] -----------------------------------------------------------------
[[93m[1m WARNING [21m[0m] Keep producing negative values! Clipping negative solutions and moving on!
[[93m[1m WARNING [21m[0m] Keep producing negative values! Clipping negative solutions and moving on!
[[93m[1m WARNING [21m[0m] Keep producing negative values! Clipping negative solutions and moving on!
[[32m[1m INFO  [21m[0m] Elapsed time: 5.89e-04 || Step number: 7700/30000
[[32m[1m INFO  [21m[0m] longdy = 1.00e+00      || longdy/dt = 1.00e+00  || dt = 5.46e-07
[[32m[1m INFO  [21m[0m] from nz = 0 and OH
[[32m[1m INFO  [21m[0m] -----------------------------------------------------------------
[[93m[1m WARNING [21m[0m] Keep producing negative values! Clipping negative solutions and moving on!
[[93m[1m WARNING [21m[0m] Keep producing negative values! Clipping negative solutions and moving on!
[[93m[1m WARNING [21m[0m] Keep producing negative values! Clipping negative solutions and moving on!
[[93m[1m WARNING [21m[0m] Keep producing negative values! Clipping negative solutions and moving on!
[[32m[1m INFO  [21m[0m] Elapsed time: 6.23e-04 || Step number: 7800/30000
[[32m[1m INFO  [21m[0m] longdy = 1.00e+00      || longdy/dt = 1.00e+00  || dt = 6.71e-07
[[32m[1m INFO  [21m[0m] from nz = 0 and OH
[[32m[1m INFO  [21m[0m] -----------------------------------------------------------------
[[93m[1m WARNING [21m[0m] Keep producing negative values! Clipping negative solutions and moving on!
[[93m[1m WARNING [21m[0m] Keep producing negative values! Clipping negative solutions and moving on!
[[93m[1m WARNING [21m[0m] Keep producing negative values! Clipping negative solutions and moving on!
[[32m[1m INFO  [21m[0m] Elapsed time: 6.55e-04 || Step number: 7900/30000
[[32m[1m INFO  [21m[0m] longdy = 1.00e+00      || longdy/dt = 1.00e+00  || dt = 6.75e-07
[[32m[1m INFO  [21m[0m] from nz = 0 and OH
[[32m[1m INFO  [21m[0m] -----------------------------------------------------------------
[[93m[1m WARNING [21m[0m] Keep producing negative values! Clipping negative solutions and moving on!
[[93m[1m WARNING [21m[0m] Keep producing negative values! Clipping negative solutions and moving on!
[[93m[1m WARNING [21m[0m] Keep producing negative values! Clipping negative solutions and moving on!
[[32m[1m INFO  [21m[0m] Elapsed time: 6.90e-04 || Step number: 8000/30000
[[32m[1m INFO  [21m[0m] longdy = 1.00e+00      || longdy/dt = 1.00e+00  || dt = 2.58e-07
[[32m[1m INFO  [21m[0m] from nz = 0 and OH
[[32m[1m INFO  [21m[0m] -----------------------------------------------------------------
[[93m[1m WARNING [21m[0m] Keep producing negative values! Clipping negative solutions and moving on!
[[93m[1m WARNING [21m[0m] Keep producing negative values! Clipping negative solutions and moving on!
[[93m[1m WARNING [21m[0m] Keep producing negative values! Clipping negative solutions and moving on!
[[93m[1m WARNING [21m[0m] Keep producing negative values! Clipping negative solutions and moving on!
[[93m[1m WARNING [21m[0m] Keep producing negative values! Clipping negative solutions and moving on!
[[32m[1m INFO  [21m[0m] Elapsed time: 7.18e-04 || Step number: 8100/30000
[[32m[1m INFO  [21m[0m] longdy = 1.00e+00      || longdy/dt = 1.00e+00  || dt = 1.67e-06
[[32m[1m INFO  [21m[0m] from nz = 0 and OH
[[32m[1m INFO  [21m[0m] -----------------------------------------------------------------
[[93m[1m WARNING [21m[0m] Keep producing negative values! Clipping negative solutions and moving on!
[[93m[1m WARNING [21m[0m] Keep producing negative values! Clipping negative solutions and moving on!
[[32m[1m INFO  [21m[0m] Elapsed time: 7.57e-04 || Step number: 8200/30000
[[32m[1m INFO  [21m[0m] longdy = 1.00e+00      || longdy/dt = 1.00e+00  || dt = 1.64e-07
[[32m[1m INFO  [21m[0m] from nz = 0 and OH
[[32m[1m INFO  [21m[0m] -----------------------------------------------------------------
[[93m[1m WARNING [21m[0m] Keep producing negative values! Clipping negative solutions and moving on!
[[93m[1m WARNING [21m[0m] Keep producing negative values! Clipping negative solutions and moving on!
[[93m[1m WARNING [21m[0m] Keep producing negative values! Clipping negative solutions and moving on!
[[93m[1m WARNING [21m[0m] Keep producing negative values! Clipping negative solutions and moving on!
[[93m[1m WARNING [21m[0m] Keep producing negative values! Clipping negative solutions and moving on!
[[93m[1m WARNING [21m[0m] Keep producing negative values! Clipping negative solutions and moving on!
[[32m[1m INFO  [21m[0m] Elapsed time: 7.91e-04 || Step number: 8300/30000
[[32m[1m INFO  [21m[0m] longdy = 1.00e+00      || longdy/dt = 1.00e+00  || dt = 1.00e-08
[[32m[1m INFO  [21m[0m] from nz = 0 and OH
[[32m[1m INFO  [21m[0m] -----------------------------------------------------------------
[[93m[1m WARNING [21m[0m] Keep producing negative values! Clipping negative solutions and moving on!
[[93m[1m WARNING [21m[0m] Keep producing negative values! Clipping negative solutions and moving on!
[[32m[1m INFO  [21m[0m] Elapsed time: 8.32e-04 || Step number: 8400/30000
[[32m[1m INFO  [21m[0m] longdy = 1.00e+00      || longdy/dt = 1.00e+00  || dt = 7.95e-07
[[32m[1m INFO  [21m[0m] from nz = 0 and OH
[[32m[1m INFO  [21m[0m] -----------------------------------------------------------------
[[93m[1m WARNING [21m[0m] Keep producing negative values! Clipping negative solutions and moving on!
[[93m[1m WARNING [21m[0m] Keep producing negative values! Clipping negative solutions and moving on!
[[93m[1m WARNING [21m[0m] Keep producing negative values! Clipping negative solutions and moving on!
[[93m[1m WARNING [21m[0m] Keep producing negative values! Clipping negative solutions and moving on!
[[32m[1m INFO  [21m[0m] Elapsed time: 8.79e-04 || Step number: 8500/30000
[[32m[1m INFO  [21m[0m] longdy = 1.00e+00      || longdy/dt = 1.00e+00  || dt = 4.88e-07
[[32m[1m INFO  [21m[0m] from nz = 0 and OH
[[32m[1m INFO  [21m[0m] -----------------------------------------------------------------
[[93m[1m WARNING [21m[0m] Keep producing negative values! Clipping negative solutions and moving on!
[[93m[1m WARNING [21m[0m] Keep producing negative values! Clipping negative solutions and moving on!
[[93m[1m WARNING [21m[0m] Keep producing negative values! Clipping negative solutions and moving on!
[[93m[1m WARNING [21m[0m] Keep producing negative values! Clipping negative solutions and moving on!
[[93m[1m WARNING [21m[0m] Keep producing negative values! Clipping negative solutions and moving on!
[[32m[1m INFO  [21m[0m] Elapsed time: 9.23e-04 || Step number: 8600/30000
[[32m[1m INFO  [21m[0m] longdy = 1.00e+00      || longdy/dt = 1.00e+00  || dt = 1.81e-06
[[32m[1m INFO  [21m[0m] from nz = 0 and OH
[[32m[1m INFO  [21m[0m] -----------------------------------------------------------------
[[93m[1m WARNING [21m[0m] Keep producing negative values! Clipping negative solutions and moving on!
[[93m[1m WARNING [21m[0m] Keep producing negative values! Clipping negative solutions and moving on!
[[93m[1m WARNING [21m[0m] Keep producing negative values! Clipping negative solutions and moving on!
[[93m[1m WARNING [21m[0m] Keep producing negative values! Clipping negative solutions and moving on!
[[32m[1m INFO  [21m[0m] Elapsed time: 9.79e-04 || Step number: 8700/30000
[[32m[1m INFO  [21m[0m] longdy = 1.00e+00      || longdy/dt = 1.00e+00  || dt = 6.17e-07
[[32m[1m INFO  [21m[0m] from nz = 0 and OH
[[32m[1m INFO  [21m[0m] -----------------------------------------------------------------
[[93m[1m WARNING [21m[0m] Keep producing negative values! Clipping negative solutions and moving on!
[[93m[1m WARNING [21m[0m] Keep producing negative values! Clipping negative solutions and moving on!
[[32m[1m INFO  [21m[0m] Elapsed time: 1.05e-03 || Step number: 8800/30000
[[32m[1m INFO  [21m[0m] longdy = 1.00e+00      || longdy/dt = 1.00e+00  || dt = 1.36e-06
[[32m[1m INFO  [21m[0m] from nz = 0 and OH
[[32m[1m INFO  [21m[0m] -----------------------------------------------------------------
[[93m[1m WARNING [21m[0m] Keep producing negative values! Clipping negative solutions and moving on!
[[93m[1m WARNING [21m[0m] Keep producing negative values! Clipping negative solutions and moving on!
[[93m[1m WARNING [21m[0m] Keep producing negative values! Clipping negative solutions and moving on!
[[32m[1m INFO  [21m[0m] Elapsed time: 1.12e-03 || Step number: 8900/30000
[[32m[1m INFO  [21m[0m] longdy = 1.00e+00      || longdy/dt = 1.00e+00  || dt = 2.00e-08
[[32m[1m INFO  [21m[0m] from nz = 0 and OH
[[32m[1m INFO  [21m[0m] -----------------------------------------------------------------
[[93m[1m WARNING [21m[0m] Keep producing negative values! Clipping negative solutions and moving on!
[[93m[1m WARNING [21m[0m] Keep producing negative values! Clipping negative solutions and moving on!
[[93m[1m WARNING [21m[0m] Keep producing negative values! Clipping negative solutions and moving on!
[[93m[1m WARNING [21m[0m] Keep producing negative values! Clipping negative solutions and moving on!
[[32m[1m INFO  [21m[0m] Elapsed time: 1.18e-03 || Step number: 9000/30000
[[32m[1m INFO  [21m[0m] longdy = 1.00e+00      || longdy/dt = 1.00e+00  || dt = 9.40e-07
[[32m[1m INFO  [21m[0m] from nz = 0 and OH
[[32m[1m INFO  [21m[0m] -----------------------------------------------------------------
[[93m[1m WARNING [21m[0m] Keep producing negative values! Clipping negative solutions and moving on!
[[93m[1m WARNING [21m[0m] Keep producing negative values! Clipping negative solutions and moving on!
[[32m[1m INFO  [21m[0m] Elapsed time: 1.28e-03 || Step number: 9100/30000
[[32m[1m INFO  [21m[0m] longdy = 1.00e+00      || longdy/dt = 1.00e+00  || dt = 2.17e-06
[[32m[1m INFO  [21m[0m] from nz = 0 and OH
[[32m[1m INFO  [21m[0m] -----------------------------------------------------------------
[[93m[1m WARNING [21m[0m] Keep producing negative values! Clipping negative solutions and moving on!
[[93m[1m WARNING [21m[0m] Keep producing negative values! Clipping negative solutions and moving on!
[[32m[1m INFO  [21m[0m] Elapsed time: 1.38e-03 || Step number: 9200/30000
[[32m[1m INFO  [21m[0m] longdy = 1.00e+00      || longdy/dt = 1.00e+00  || dt = 1.55e-07
[[32m[1m INFO  [21m[0m] from nz = 0 and OH
[[32m[1m INFO  [21m[0m] -----------------------------------------------------------------
[[93m[1m WARNING [21m[0m] Keep producing negative values! Clipping negative solutions and moving on!
[[93m[1m WARNING [21m[0m] Keep producing negative values! Clipping negative solutions and moving on!
[[93m[1m WARNING [21m[0m] Keep producing negative values! Clipping negative solutions and moving on!
[[93m[1m WARNING [21m[0m] Keep producing negative values! Clipping negative solutions and moving on!
[[32m[1m INFO  [21m[0m] Elapsed time: 1.52e-03 || Step number: 9300/30000
[[32m[1m INFO  [21m[0m] longdy = 1.00e+00      || longdy/dt = 1.00e+00  || dt = 1.99e-07
[[32m[1m INFO  [21m[0m] from nz = 0 and OH
[[32m[1m INFO  [21m[0m] -----------------------------------------------------------------
[[93m[1m WARNING [21m[0m] Keep producing negative values! Clipping negative solutions and moving on!
[[93m[1m WARNING [21m[0m] Keep producing negative values! Clipping negative solutions and moving on!
[[32m[1m INFO  [21m[0m] Elapsed time: 1.68e-03 || Step number: 9400/30000
[[32m[1m INFO  [21m[0m] longdy = 1.00e+00      || longdy/dt = 1.00e+00  || dt = 3.97e-06
[[32m[1m INFO  [21m[0m] from nz = 0 and OH
[[32m[1m INFO  [21m[0m] -----------------------------------------------------------------
[[32m[1m INFO  [21m[0m] Elapsed time: 2.01e-03 || Step number: 9500/30000
[[32m[1m INFO  [21m[0m] longdy = 1.00e+00      || longdy/dt = 1.00e+00  || dt = 5.39e-06
[[32m[1m INFO  [21m[0m] from nz = 0 and OH
[[32m[1m INFO  [21m[0m] -----------------------------------------------------------------
[[32m[1m INFO  [21m[0m] Elapsed time: 2.35e-03 || Step number: 9600/30000
[[32m[1m INFO  [21m[0m] longdy = 1.00e+00      || longdy/dt = 1.00e+00  || dt = 1.66e-07
[[32m[1m INFO  [21m[0m] from nz = 0 and OH
[[32m[1m INFO  [21m[0m] -----------------------------------------------------------------
[[32m[1m INFO  [21m[0m] Elapsed time: 2.73e-03 || Step number: 9700/30000
[[32m[1m INFO  [21m[0m] longdy = 1.00e+00      || longdy/dt = 1.00e+00  || dt = 7.53e-06
[[32m[1m INFO  [21m[0m] from nz = 0 and OH
[[32m[1m INFO  [21m[0m] -----------------------------------------------------------------
[[32m[1m INFO  [21m[0m] Elapsed time: 3.75e-03 || Step number: 9800/30000
[[32m[1m INFO  [21m[0m] longdy = 1.00e+00      || longdy/dt = 1.00e+00  || dt = 3.78e-05
[[32m[1m INFO  [21m[0m] from nz = 0 and OH
[[32m[1m INFO  [21m[0m] -----------------------------------------------------------------
[[32m[1m INFO  [21m[0m] Elapsed time: 5.14e-03 || Step number: 9900/30000
[[32m[1m INFO  [21m[0m] longdy = 1.00e+00      || longdy/dt = 1.00e+00  || dt = 5.33e-08
[[32m[1m INFO  [21m[0m] from nz = 0 and OH
[[32m[1m INFO  [21m[0m] -----------------------------------------------------------------
[[32m[1m INFO  [21m[0m] Elapsed time: 6.45e-03 || Step number: 10000/30000
[[32m[1m INFO  [21m[0m] longdy = 1.00e+00      || longdy/dt = 1.00e+00  || dt = 1.68e-05
[[32m[1m INFO  [21m[0m] from nz = 0 and OH
[[32m[1m INFO  [21m[0m] -----------------------------------------------------------------
[[32m[1m INFO  [21m[0m] Elapsed time: 8.14e-03 || Step number: 10100/30000
[[32m[1m INFO  [21m[0m] longdy = 1.00e+00      || longdy/dt = 1.00e+00  || dt = 2.75e-05
[[32m[1m INFO  [21m[0m] from nz = 0 and OH
[[32m[1m INFO  [21m[0m] -----------------------------------------------------------------
[[32m[1m INFO  [21m[0m] Elapsed time: 1.01e-02 || Step number: 10200/30000
[[32m[1m INFO  [21m[0m] longdy = 1.00e+00      || longdy/dt = 1.00e+00  || dt = 2.25e-05
[[32m[1m INFO  [21m[0m] from nz = 0 and OH
[[32m[1m INFO  [21m[0m] -----------------------------------------------------------------
[[32m[1m INFO  [21m[0m] Elapsed time: 1.30e-02 || Step number: 10300/30000
[[32m[1m INFO  [21m[0m] longdy = 1.00e+00      || longdy/dt = 1.00e+00  || dt = 4.44e-05
[[32m[1m INFO  [21m[0m] from nz = 0 and OH
[[32m[1m INFO  [21m[0m] -----------------------------------------------------------------
[[32m[1m INFO  [21m[0m] Elapsed time: 1.59e-02 || Step number: 10400/30000
[[32m[1m INFO  [21m[0m] longdy = 1.00e+00      || longdy/dt = 1.00e+00  || dt = 2.63e-05
[[32m[1m INFO  [21m[0m] from nz = 0 and OH
[[32m[1m INFO  [21m[0m] -----------------------------------------------------------------
[[32m[1m INFO  [21m[0m] Elapsed time: 1.93e-02 || Step number: 10500/30000
[[32m[1m INFO  [21m[0m] longdy = 1.00e+00      || longdy/dt = 1.00e+00  || dt = 3.70e-05
[[32m[1m INFO  [21m[0m] from nz = 0 and OH
[[32m[1m INFO  [21m[0m] -----------------------------------------------------------------
[[32m[1m INFO  [21m[0m] Elapsed time: 2.27e-02 || Step number: 10600/30000
[[32m[1m INFO  [21m[0m] longdy = 1.00e+00      || longdy/dt = 1.00e+00  || dt = 6.40e-05
[[32m[1m INFO  [21m[0m] from nz = 0 and OH
[[32m[1m INFO  [21m[0m] -----------------------------------------------------------------
[[32m[1m INFO  [21m[0m] Elapsed time: 2.70e-02 || Step number: 10700/30000
[[32m[1m INFO  [21m[0m] longdy = 1.00e+00      || longdy/dt = 1.00e+00  || dt = 6.36e-05
[[32m[1m INFO  [21m[0m] from nz = 0 and OH
[[32m[1m INFO  [21m[0m] -----------------------------------------------------------------
[[32m[1m INFO  [21m[0m] Elapsed time: 3.14e-02 || Step number: 10800/30000
[[32m[1m INFO  [21m[0m] longdy = 1.00e+00      || longdy/dt = 1.00e+00  || dt = 8.05e-05
[[32m[1m INFO  [21m[0m] from nz = 0 and OH
[[32m[1m INFO  [21m[0m] -----------------------------------------------------------------
[[32m[1m INFO  [21m[0m] Elapsed time: 3.63e-02 || Step number: 10900/30000
[[32m[1m INFO  [21m[0m] longdy = 1.00e+00      || longdy/dt = 1.00e+00  || dt = 7.34e-05
[[32m[1m INFO  [21m[0m] from nz = 0 and OH
[[32m[1m INFO  [21m[0m] -----------------------------------------------------------------
[[32m[1m INFO  [21m[0m] Elapsed time: 4.18e-02 || Step number: 11000/30000
[[32m[1m INFO  [21m[0m] longdy = 1.00e+00      || longdy/dt = 1.00e+00  || dt = 1.32e-04
[[32m[1m INFO  [21m[0m] from nz = 0 and OH
[[32m[1m INFO  [21m[0m] -----------------------------------------------------------------
[[32m[1m INFO  [21m[0m] Elapsed time: 4.63e-02 || Step number: 11100/30000
[[32m[1m INFO  [21m[0m] longdy = 1.00e+00      || longdy/dt = 1.00e+00  || dt = 4.33e-05
[[32m[1m INFO  [21m[0m] from nz = 0 and OH
[[32m[1m INFO  [21m[0m] -----------------------------------------------------------------
[[32m[1m INFO  [21m[0m] Elapsed time: 5.12e-02 || Step number: 11200/30000
[[32m[1m INFO  [21m[0m] longdy = 1.00e+00      || longdy/dt = 1.00e+00  || dt = 9.05e-07
[[32m[1m INFO  [21m[0m] from nz = 0 and OH
[[32m[1m INFO  [21m[0m] -----------------------------------------------------------------
[[32m[1m INFO  [21m[0m] Elapsed time: 5.74e-02 || Step number: 11300/30000
[[32m[1m INFO  [21m[0m] longdy = 1.00e+00      || longdy/dt = 1.00e+00  || dt = 6.39e-05
[[32m[1m INFO  [21m[0m] from nz = 0 and OH
[[32m[1m INFO  [21m[0m] -----------------------------------------------------------------
[[32m[1m INFO  [21m[0m] Elapsed time: 6.19e-02 || Step number: 11400/30000
[[32m[1m INFO  [21m[0m] longdy = 1.00e+00      || longdy/dt = 1.00e+00  || dt = 2.74e-08
[[32m[1m INFO  [21m[0m] from nz = 0 and OH
[[32m[1m INFO  [21m[0m] -----------------------------------------------------------------
[[32m[1m INFO  [21m[0m] Elapsed time: 6.70e-02 || Step number: 11500/30000
[[32m[1m INFO  [21m[0m] longdy = 1.00e+00      || longdy/dt = 1.00e+00  || dt = 6.64e-05
[[32m[1m INFO  [21m[0m] from nz = 0 and OH
[[32m[1m INFO  [21m[0m] -----------------------------------------------------------------
[[32m[1m INFO  [21m[0m] Elapsed time: 7.19e-02 || Step number: 11600/30000
[[32m[1m INFO  [21m[0m] longdy = 1.00e+00      || longdy/dt = 1.00e+00  || dt = 2.09e-05
[[32m[1m INFO  [21m[0m] from nz = 0 and OH
[[32m[1m INFO  [21m[0m] -----------------------------------------------------------------
[[32m[1m INFO  [21m[0m] Elapsed time: 7.90e-02 || Step number: 11700/30000
[[32m[1m INFO  [21m[0m] longdy = 1.00e+00      || longdy/dt = 1.00e+00  || dt = 1.03e-04
[[32m[1m INFO  [21m[0m] from nz = 0 and OH
[[32m[1m INFO  [21m[0m] -----------------------------------------------------------------
[[32m[1m INFO  [21m[0m] Elapsed time: 8.70e-02 || Step number: 11800/30000
[[32m[1m INFO  [21m[0m] longdy = 1.00e+00      || longdy/dt = 1.00e+00  || dt = 3.97e-07
[[32m[1m INFO  [21m[0m] from nz = 0 and OH
[[32m[1m INFO  [21m[0m] -----------------------------------------------------------------
[[32m[1m INFO  [21m[0m] Elapsed time: 9.39e-02 || Step number: 11900/30000
[[32m[1m INFO  [21m[0m] longdy = 1.00e+00      || longdy/dt = 1.00e+00  || dt = 7.85e-05
[[32m[1m INFO  [21m[0m] from nz = 0 and OH
[[32m[1m INFO  [21m[0m] -----------------------------------------------------------------
[[32m[1m INFO  [21m[0m] Elapsed time: 9.92e-02 || Step number: 12000/30000
[[32m[1m INFO  [21m[0m] longdy = 1.00e+00      || longdy/dt = 1.00e+00  || dt = 9.08e-05
[[32m[1m INFO  [21m[0m] from nz = 0 and OH
[[32m[1m INFO  [21m[0m] -----------------------------------------------------------------
[[32m[1m INFO  [21m[0m] Elapsed time: 1.08e-01 || Step number: 12100/30000
[[32m[1m INFO  [21m[0m] longdy = 1.00e+00      || longdy/dt = 1.00e+00  || dt = 1.13e-04
[[32m[1m INFO  [21m[0m] from nz = 0 and OH
[[32m[1m INFO  [21m[0m] -----------------------------------------------------------------
[[32m[1m INFO  [21m[0m] Elapsed time: 1.17e-01 || Step number: 12200/30000
[[32m[1m INFO  [21m[0m] longdy = 1.00e+00      || longdy/dt = 1.00e+00  || dt = 1.26e-05
[[32m[1m INFO  [21m[0m] from nz = 0 and OH
[[32m[1m INFO  [21m[0m] -----------------------------------------------------------------
[[32m[1m INFO  [21m[0m] Elapsed time: 1.27e-01 || Step number: 12300/30000
[[32m[1m INFO  [21m[0m] longdy = 1.00e+00      || longdy/dt = 1.00e+00  || dt = 8.82e-05
[[32m[1m INFO  [21m[0m] from nz = 0 and OH
[[32m[1m INFO  [21m[0m] -----------------------------------------------------------------
[[32m[1m INFO  [21m[0m] Elapsed time: 1.38e-01 || Step number: 12400/30000
[[32m[1m INFO  [21m[0m] longdy = 1.00e+00      || longdy/dt = 1.00e+00  || dt = 1.77e-04
[[32m[1m INFO  [21m[0m] from nz = 0 and OH
[[32m[1m INFO  [21m[0m] -----------------------------------------------------------------
[[32m[1m INFO  [21m[0m] Elapsed time: 1.47e-01 || Step number: 12500/30000
[[32m[1m INFO  [21m[0m] longdy = 1.00e+00      || longdy/dt = 1.00e+00  || dt = 2.15e-04
[[32m[1m INFO  [21m[0m] from nz = 0 and OH
[[32m[1m INFO  [21m[0m] -----------------------------------------------------------------
[[32m[1m INFO  [21m[0m] Elapsed time: 1.55e-01 || Step number: 12600/30000
[[32m[1m INFO  [21m[0m] longdy = 1.00e+00      || longdy/dt = 1.00e+00  || dt = 5.37e-05
[[32m[1m INFO  [21m[0m] from nz = 0 and OH
[[32m[1m INFO  [21m[0m] -----------------------------------------------------------------
[[93m[1m WARNING [21m[0m] Keep producing negative values! Clipping negative solutions and moving on!
[[32m[1m INFO  [21m[0m] Elapsed time: 1.74e-01 || Step number: 12700/30000
[[32m[1m INFO  [21m[0m] longdy = 1.00e+00      || longdy/dt = 1.00e+00  || dt = 1.97e-04
[[32m[1m INFO  [21m[0m] from nz = 0 and OH
[[32m[1m INFO  [21m[0m] -----------------------------------------------------------------
[[32m[1m INFO  [21m[0m] Elapsed time: 2.97e-01 || Step number: 12800/30000
[[32m[1m INFO  [21m[0m] longdy = 1.00e+00      || longdy/dt = 1.00e+00  || dt = 2.80e-03
[[32m[1m INFO  [21m[0m] from nz = 0 and OH
[[32m[1m INFO  [21m[0m] -----------------------------------------------------------------
[[32m[1m INFO  [21m[0m] Elapsed time: 6.84e-01 || Step number: 12900/30000
[[32m[1m INFO  [21m[0m] longdy = 1.00e+00      || longdy/dt = 1.00e+00  || dt = 9.38e-03
[[32m[1m INFO  [21m[0m] from nz = 0 and OH
[[32m[1m INFO  [21m[0m] -----------------------------------------------------------------
[[32m[1m INFO  [21m[0m] Elapsed time: 1.56e+00 || Step number: 13000/30000
[[32m[1m INFO  [21m[0m] longdy = 1.00e+00      || longdy/dt = 1.00e+00  || dt = 2.12e-02
[[32m[1m INFO  [21m[0m] from nz = 0 and OH
[[32m[1m INFO  [21m[0m] -----------------------------------------------------------------
[[32m[1m INFO  [21m[0m] Elapsed time: 3.38e+00 || Step number: 13100/30000
[[32m[1m INFO  [21m[0m] longdy = 1.00e+00      || longdy/dt = 1.00e+00  || dt = 3.89e-02
[[32m[1m INFO  [21m[0m] from nz = 0 and OH
[[32m[1m INFO  [21m[0m] -----------------------------------------------------------------
[[32m[1m INFO  [21m[0m] Elapsed time: 6.85e+00 || Step number: 13200/30000
[[32m[1m INFO  [21m[0m] longdy = 1.00e+00      || longdy/dt = 1.00e+00  || dt = 6.54e-02
[[32m[1m INFO  [21m[0m] from nz = 0 and OH
[[32m[1m INFO  [21m[0m] -----------------------------------------------------------------
[[32m[1m INFO  [21m[0m] Elapsed time: 1.25e+01 || Step number: 13300/30000
[[32m[1m INFO  [21m[0m] longdy = 1.00e+00      || longdy/dt = 1.00e+00  || dt = 1.12e-01
[[32m[1m INFO  [21m[0m] from nz = 0 and OH
[[32m[1m INFO  [21m[0m] -----------------------------------------------------------------
[[32m[1m INFO  [21m[0m] Elapsed time: 2.25e+01 || Step number: 13400/30000
[[32m[1m INFO  [21m[0m] longdy = 1.00e+00      || longdy/dt = 1.00e+00  || dt = 1.84e-01
[[32m[1m INFO  [21m[0m] from nz = 0 and OH
[[32m[1m INFO  [21m[0m] -----------------------------------------------------------------
[[32m[1m INFO  [21m[0m] Elapsed time: 4.04e+01 || Step number: 13500/30000
[[32m[1m INFO  [21m[0m] longdy = 1.00e+00      || longdy/dt = 1.00e+00  || dt = 3.07e-01
[[32m[1m INFO  [21m[0m] from nz = 0 and OH
[[32m[1m INFO  [21m[0m] -----------------------------------------------------------------
[[93m[1m WARNING [21m[0m] Keep producing negative values! Clipping negative solutions and moving on!
[[93m[1m WARNING [21m[0m] Keep producing negative values! Clipping negative solutions and moving on!
[[32m[1m INFO  [21m[0m] Elapsed time: 5.28e+01 || Step number: 13600/30000
[[32m[1m INFO  [21m[0m] longdy = 1.00e+00      || longdy/dt = 1.00e+00  || dt = 8.19e-05
[[32m[1m INFO  [21m[0m] from nz = 0 and OH
[[32m[1m INFO  [21m[0m] -----------------------------------------------------------------
[[93m[1m WARNING [21m[0m] Keep producing negative values! Clipping negative solutions and moving on!
[[93m[1m WARNING [21m[0m] Keep producing negative values! Clipping negative solutions and moving on!
[[32m[1m INFO  [21m[0m] Elapsed time: 6.99e+01 || Step number: 13700/30000
[[32m[1m INFO  [21m[0m] longdy = 1.00e+00      || longdy/dt = 1.00e+00  || dt = 1.02e-05
[[32m[1m INFO  [21m[0m] from nz = 0 and OH
[[32m[1m INFO  [21m[0m] -----------------------------------------------------------------
[[93m[1m WARNING [21m[0m] Keep producing negative values! Clipping negative solutions and moving on!
[[93m[1m WARNING [21m[0m] Keep producing negative values! Clipping negative solutions and moving on!
[[93m[1m WARNING [21m[0m] Keep producing negative values! Clipping negative solutions and moving on!
[[32m[1m INFO  [21m[0m] Elapsed time: 7.71e+01 || Step number: 13800/30000
[[32m[1m INFO  [21m[0m] longdy = 1.00e+00      || longdy/dt = 1.00e+00  || dt = 8.19e-05
[[32m[1m INFO  [21m[0m] from nz = 0 and OH
[[32m[1m INFO  [21m[0m] -----------------------------------------------------------------
[[93m[1m WARNING [21m[0m] Keep producing negative values! Clipping negative solutions and moving on!
[[93m[1m WARNING [21m[0m] Keep producing negative values! Clipping negative solutions and moving on!
[[32m[1m INFO  [21m[0m] Elapsed time: 9.68e+01 || Step number: 13900/30000
[[32m[1m INFO  [21m[0m] longdy = 1.00e+00      || longdy/dt = 1.00e+00  || dt = 6.40e-07
[[32m[1m INFO  [21m[0m] from nz = 0 and OH
[[32m[1m INFO  [21m[0m] -----------------------------------------------------------------
[[93m[1m WARNING [21m[0m] Keep producing negative values! Clipping negative solutions and moving on!
[[32m[1m INFO  [21m[0m] Elapsed time: 1.15e+02 || Step number: 14000/30000
[[32m[1m INFO  [21m[0m] longdy = 1.70e+00      || longdy/dt = 9.61e-02  || dt = 2.57e-01
[[32m[1m INFO  [21m[0m] from nz = 22 and S8
[[32m[1m INFO  [21m[0m] -----------------------------------------------------------------
[[32m[1m INFO  [21m[0m] Elapsed time: 1.43e+02 || Step number: 14100/30000
[[32m[1m INFO  [21m[0m] longdy = 2.94e+00      || longdy/dt = 1.05e-01  || dt = 4.54e-01
[[32m[1m INFO  [21m[0m] from nz = 22 and S8
[[32m[1m INFO  [21m[0m] -----------------------------------------------------------------
[[93m[1m WARNING [21m[0m] Keep producing negative values! Clipping negative solutions and moving on!
[[93m[1m WARNING [21m[0m] Keep producing negative values! Clipping negative solutions and moving on!
[[32m[1m INFO  [21m[0m] Elapsed time: 1.59e+02 || Step number: 14200/30000
[[32m[1m INFO  [21m[0m] longdy = 9.63e-01      || longdy/dt = 6.01e-02  || dt = 1.53e-01
[[32m[1m INFO  [21m[0m] from nz = 22 and S8
[[32m[1m INFO  [21m[0m] -----------------------------------------------------------------
[[93m[1m WARNING [21m[0m] Keep producing negative values! Clipping negative solutions and moving on!
[[93m[1m WARNING [21m[0m] Keep producing negative values! Clipping negative solutions and moving on!
[[32m[1m INFO  [21m[0m] Elapsed time: 1.74e+02 || Step number: 14300/30000
[[32m[1m INFO  [21m[0m] longdy = 7.82e-01      || longdy/dt = 5.52e-02  || dt = 3.87e-01
[[32m[1m INFO  [21m[0m] from nz = 29 and CS2
[[32m[1m INFO  [21m[0m] -----------------------------------------------------------------
[[93m[1m WARNING [21m[0m] Keep producing negative values! Clipping negative solutions and moving on!
[[93m[1m WARNING [21m[0m] Keep producing negative values! Clipping negative solutions and moving on!
[[93m[1m WARNING [21m[0m] Keep producing negative values! Clipping negative solutions and moving on!
[[32m[1m INFO  [21m[0m] Elapsed time: 1.89e+02 || Step number: 14400/30000
[[32m[1m INFO  [21m[0m] longdy = 7.71e-01      || longdy/dt = 5.05e-02  || dt = 6.40e-07
[[32m[1m INFO  [21m[0m] from nz = 29 and CS2
[[32m[1m INFO  [21m[0m] -----------------------------------------------------------------
[[32m[1m INFO  [21m[0m] Elapsed time: 2.17e+02 || Step number: 14500/30000
[[32m[1m INFO  [21m[0m] longdy = 1.12e+00      || longdy/dt = 3.99e-02  || dt = 4.98e-01
[[32m[1m INFO  [21m[0m] from nz = 22 and S8
[[32m[1m INFO  [21m[0m] -----------------------------------------------------------------
[[93m[1m WARNING [21m[0m] Keep producing negative values! Clipping negative solutions and moving on!
[[93m[1m WARNING [21m[0m] Keep producing negative values! Clipping negative solutions and moving on!
[[93m[1m WARNING [21m[0m] Keep producing negative values! Clipping negative solutions and moving on!
[[32m[1m INFO  [21m[0m] Elapsed time: 2.29e+02 || Step number: 14600/30000
[[32m[1m INFO  [21m[0m] longdy = 5.49e-01      || longdy/dt = 4.90e-02  || dt = 1.31e-03
[[32m[1m INFO  [21m[0m] from nz = 29 and CS2
[[32m[1m INFO  [21m[0m] -----------------------------------------------------------------
[[93m[1m WARNING [21m[0m] Keep producing negative values! Clipping negative solutions and moving on!
[[93m[1m WARNING [21m[0m] Keep producing negative values! Clipping negative solutions and moving on!
[[32m[1m INFO  [21m[0m] Elapsed time: 2.46e+02 || Step number: 14700/30000
[[32m[1m INFO  [21m[0m] longdy = 6.78e-01      || longdy/dt = 3.79e-02  || dt = 3.28e-04
[[32m[1m INFO  [21m[0m] from nz = 29 and CS2
[[32m[1m INFO  [21m[0m] -----------------------------------------------------------------
[[93m[1m WARNING [21m[0m] Keep producing negative values! Clipping negative solutions and moving on!
[[93m[1m WARNING [21m[0m] Keep producing negative values! Clipping negative solutions and moving on!
[[32m[1m INFO  [21m[0m] Elapsed time: 2.62e+02 || Step number: 14800/30000
[[32m[1m INFO  [21m[0m] longdy = 5.88e-01      || longdy/dt = 3.80e-02  || dt = 2.62e-03
[[32m[1m INFO  [21m[0m] from nz = 30 and CS2
[[32m[1m INFO  [21m[0m] -----------------------------------------------------------------
[[93m[1m WARNING [21m[0m] Keep producing negative values! Clipping negative solutions and moving on!
[[93m[1m WARNING [21m[0m] Keep producing negative values! Clipping negative solutions and moving on!
[[32m[1m INFO  [21m[0m] Elapsed time: 2.75e+02 || Step number: 14900/30000
[[32m[1m INFO  [21m[0m] longdy = 5.05e-01      || longdy/dt = 3.82e-02  || dt = 3.22e-01
[[32m[1m INFO  [21m[0m] from nz = 30 and CS2
[[32m[1m INFO  [21m[0m] -----------------------------------------------------------------
[[93m[1m WARNING [21m[0m] Keep producing negative values! Clipping negative solutions and moving on!
[[93m[1m WARNING [21m[0m] Keep producing negative values! Clipping negative solutions and moving on!
[[93m[1m WARNING [21m[0m] Keep producing negative values! Clipping negative solutions and moving on!
[[32m[1m INFO  [21m[0m] Elapsed time: 2.89e+02 || Step number: 15000/30000
[[32m[1m INFO  [21m[0m] longdy = 4.92e-01      || longdy/dt = 3.57e-02  || dt = 5.12e-06
[[32m[1m INFO  [21m[0m] from nz = 30 and CS2
[[32m[1m INFO  [21m[0m] -----------------------------------------------------------------
[[93m[1m WARNING [21m[0m] Keep producing negative values! Clipping negative solutions and moving on!
[[93m[1m WARNING [21m[0m] Keep producing negative values! Clipping negative solutions and moving on!
[[93m[1m WARNING [21m[0m] Keep producing negative values! Clipping negative solutions and moving on!
[[32m[1m INFO  [21m[0m] Elapsed time: 2.99e+02 || Step number: 15100/30000
[[32m[1m INFO  [21m[0m] longdy = 3.73e-01      || longdy/dt = 3.66e-02  || dt = 1.28e-06
[[32m[1m INFO  [21m[0m] from nz = 30 and CS2
[[32m[1m INFO  [21m[0m] -----------------------------------------------------------------
[[93m[1m WARNING [21m[0m] Keep producing negative values! Clipping negative solutions and moving on!
[[93m[1m WARNING [21m[0m] Keep producing negative values! Clipping negative solutions and moving on!
[[32m[1m INFO  [21m[0m] Elapsed time: 3.11e+02 || Step number: 15200/30000
[[32m[1m INFO  [21m[0m] longdy = 3.72e-01      || longdy/dt = 3.43e-02  || dt = 5.02e-01
[[32m[1m INFO  [21m[0m] from nz = 30 and CS2
[[32m[1m INFO  [21m[0m] -----------------------------------------------------------------
[[93m[1m WARNING [21m[0m] Keep producing negative values! Clipping negative solutions and moving on!
[[93m[1m WARNING [21m[0m] Keep producing negative values! Clipping negative solutions and moving on!
[[93m[1m WARNING [21m[0m] Keep producing negative values! Clipping negative solutions and moving on!
[[32m[1m INFO  [21m[0m] Elapsed time: 3.30e+02 || Step number: 15300/30000
[[32m[1m INFO  [21m[0m] longdy = 6.04e-01      || longdy/dt = 3.09e-02  || dt = 2.00e-08
[[32m[1m INFO  [21m[0m] from nz = 27 and CS
[[32m[1m INFO  [21m[0m] -----------------------------------------------------------------
[[93m[1m WARNING [21m[0m] Keep producing negative values! Clipping negative solutions and moving on!
[[93m[1m WARNING [21m[0m] Keep producing negative values! Clipping negative solutions and moving on!
[[32m[1m INFO  [21m[0m] Elapsed time: 3.48e+02 || Step number: 15400/30000
[[32m[1m INFO  [21m[0m] longdy = 4.89e-01      || longdy/dt = 2.81e-02  || dt = 4.00e-08
[[32m[1m INFO  [21m[0m] from nz = 29 and C6H6
[[32m[1m INFO  [21m[0m] -----------------------------------------------------------------
[[93m[1m WARNING [21m[0m] Keep producing negative values! Clipping negative solutions and moving on!
[[32m[1m INFO  [21m[0m] Elapsed time: 3.66e+02 || Step number: 15500/30000
[[32m[1m INFO  [21m[0m] longdy = 4.81e-01      || longdy/dt = 2.62e-02  || dt = 3.38e-01
[[32m[1m INFO  [21m[0m] from nz = 29 and C6H6
[[32m[1m INFO  [21m[0m] -----------------------------------------------------------------
[[93m[1m WARNING [21m[0m] Keep producing negative values! Clipping negative solutions and moving on!
[[32m[1m INFO  [21m[0m] Elapsed time: 3.94e+02 || Step number: 15600/30000
[[32m[1m INFO  [21m[0m] longdy = 1.05e+00      || longdy/dt = 3.73e-02  || dt = 4.10e-05
[[32m[1m INFO  [21m[0m] from nz = 28 and CS
[[32m[1m INFO  [21m[0m] -----------------------------------------------------------------
[[93m[1m WARNING [21m[0m] Keep producing negative values! Clipping negative solutions and moving on!
[[93m[1m WARNING [21m[0m] Keep producing negative values! Clipping negative solutions and moving on!
[[32m[1m INFO  [21m[0m] Elapsed time: 4.08e+02 || Step number: 15700/30000
[[32m[1m INFO  [21m[0m] longdy = 4.99e-01      || longdy/dt = 3.55e-02  || dt = 5.24e-03
[[32m[1m INFO  [21m[0m] from nz = 28 and CS
[[32m[1m INFO  [21m[0m] -----------------------------------------------------------------
[[93m[1m WARNING [21m[0m] Keep producing negative values! Clipping negative solutions and moving on!
[[32m[1m INFO  [21m[0m] Elapsed time: 4.24e+02 || Step number: 15800/30000
[[32m[1m INFO  [21m[0m] longdy = 5.88e-01      || longdy/dt = 3.90e-02  || dt = 6.23e-01
[[32m[1m INFO  [21m[0m] from nz = 28 and CS
[[32m[1m INFO  [21m[0m] -----------------------------------------------------------------
[[93m[1m WARNING [21m[0m] Keep producing negative values! Clipping negative solutions and moving on!
[[93m[1m WARNING [21m[0m] Keep producing negative values! Clipping negative solutions and moving on!
[[32m[1m INFO  [21m[0m] Elapsed time: 4.46e+02 || Step number: 15900/30000
[[32m[1m INFO  [21m[0m] longdy = 1.09e+00      || longdy/dt = 4.86e-02  || dt = 5.12e-06
[[32m[1m INFO  [21m[0m] from nz = 28 and CS
[[32m[1m INFO  [21m[0m] -----------------------------------------------------------------
[[93m[1m WARNING [21m[0m] Keep producing negative values! Clipping negative solutions and moving on!
[[93m[1m WARNING [21m[0m] Keep producing negative values! Clipping negative solutions and moving on!
[[93m[1m WARNING [21m[0m] Keep producing negative values! Clipping negative solutions and moving on!
[[32m[1m INFO  [21m[0m] Elapsed time: 4.53e+02 || Step number: 16000/30000
[[32m[1m INFO  [21m[0m] longdy = 2.37e-01      || longdy/dt = 3.82e-02  || dt = 6.55e-04
[[32m[1m INFO  [21m[0m] from nz = 28 and CS
[[32m[1m INFO  [21m[0m] -----------------------------------------------------------------
[[93m[1m WARNING [21m[0m] Keep producing negative values! Clipping negative solutions and moving on!
[[93m[1m WARNING [21m[0m] Keep producing negative values! Clipping negative solutions and moving on!
[[32m[1m INFO  [21m[0m] Elapsed time: 4.72e+02 || Step number: 16100/30000
[[32m[1m INFO  [21m[0m] longdy = 9.66e-01      || longdy/dt = 5.07e-02  || dt = 8.00e-08
[[32m[1m INFO  [21m[0m] from nz = 28 and CS
[[32m[1m INFO  [21m[0m] -----------------------------------------------------------------
[[93m[1m WARNING [21m[0m] Keep producing negative values! Clipping negative solutions and moving on!
[[93m[1m WARNING [21m[0m] Keep producing negative values! Clipping negative solutions and moving on!
[[32m[1m INFO  [21m[0m] Elapsed time: 4.84e+02 || Step number: 16200/30000
[[32m[1m INFO  [21m[0m] longdy = 5.83e-01      || longdy/dt = 4.67e-02  || dt = 2.62e-03
[[32m[1m INFO  [21m[0m] from nz = 28 and CS
[[32m[1m INFO  [21m[0m] -----------------------------------------------------------------
[[93m[1m WARNING [21m[0m] Keep producing negative values! Clipping negative solutions and moving on!
[[93m[1m WARNING [21m[0m] Keep producing negative values! Clipping negative solutions and moving on!
[[32m[1m INFO  [21m[0m] Elapsed time: 5.05e+02 || Step number: 16300/30000
[[32m[1m INFO  [21m[0m] longdy = 1.20e+00      || longdy/dt = 5.79e-02  || dt = 4.10e-05
[[32m[1m INFO  [21m[0m] from nz = 28 and CS
[[32m[1m INFO  [21m[0m] -----------------------------------------------------------------
[[93m[1m WARNING [21m[0m] Keep producing negative values! Clipping negative solutions and moving on!
[[93m[1m WARNING [21m[0m] Keep producing negative values! Clipping negative solutions and moving on!
[[93m[1m WARNING [21m[0m] Keep producing negative values! Clipping negative solutions and moving on!
[[32m[1m INFO  [21m[0m] Elapsed time: 5.16e+02 || Step number: 16400/30000
[[32m[1m INFO  [21m[0m] longdy = 5.76e-01      || longdy/dt = 4.94e-02  || dt = 4.00e-08
[[32m[1m INFO  [21m[0m] from nz = 28 and CS
[[32m[1m INFO  [21m[0m] -----------------------------------------------------------------
[[93m[1m WARNING [21m[0m] Keep producing negative values! Clipping negative solutions and moving on!
[[32m[1m INFO  [21m[0m] Elapsed time: 5.34e+02 || Step number: 16500/30000
[[32m[1m INFO  [21m[0m] longdy = 9.79e-01      || longdy/dt = 5.69e-02  || dt = 2.70e-01
[[32m[1m INFO  [21m[0m] from nz = 28 and CS
[[32m[1m INFO  [21m[0m] -----------------------------------------------------------------
[[93m[1m WARNING [21m[0m] Keep producing negative values! Clipping negative solutions and moving on!
[[93m[1m WARNING [21m[0m] Keep producing negative values! Clipping negative solutions and moving on!
[[32m[1m INFO  [21m[0m] Elapsed time: 5.52e+02 || Step number: 16600/30000
[[32m[1m INFO  [21m[0m] longdy = 1.05e+00      || longdy/dt = 5.90e-02  || dt = 6.96e-01
[[32m[1m INFO  [21m[0m] from nz = 28 and CS
[[32m[1m INFO  [21m[0m] -----------------------------------------------------------------
[[93m[1m WARNING [21m[0m] Keep producing negative values! Clipping negative solutions and moving on!
[[32m[1m INFO  [21m[0m] Elapsed time: 5.79e+02 || Step number: 16700/30000
[[32m[1m INFO  [21m[0m] longdy = 1.49e+00      || longdy/dt = 5.61e-02  || dt = 4.11e-01
[[32m[1m INFO  [21m[0m] from nz = 29 and CS
[[32m[1m INFO  [21m[0m] -----------------------------------------------------------------
[[93m[1m WARNING [21m[0m] Keep producing negative values! Clipping negative solutions and moving on!
[[93m[1m WARNING [21m[0m] Keep producing negative values! Clipping negative solutions and moving on!
[[93m[1m WARNING [21m[0m] Keep producing negative values! Clipping negative solutions and moving on!
[[32m[1m INFO  [21m[0m] Elapsed time: 5.95e+02 || Step number: 16800/30000
[[32m[1m INFO  [21m[0m] longdy = 7.53e-01      || longdy/dt = 4.73e-02  || dt = 5.12e-06
[[32m[1m INFO  [21m[0m] from nz = 29 and CS
[[32m[1m INFO  [21m[0m] -----------------------------------------------------------------
[[93m[1m WARNING [21m[0m] Keep producing negative values! Clipping negative solutions and moving on!
[[32m[1m INFO  [21m[0m] Elapsed time: 6.17e+02 || Step number: 16900/30000
[[32m[1m INFO  [21m[0m] longdy = 1.16e+00      || longdy/dt = 5.41e-02  || dt = 5.58e-01
[[32m[1m INFO  [21m[0m] from nz = 29 and CS
[[32m[1m INFO  [21m[0m] -----------------------------------------------------------------
[[93m[1m WARNING [21m[0m] Keep producing negative values! Clipping negative solutions and moving on!
[[93m[1m WARNING [21m[0m] Keep producing negative values! Clipping negative solutions and moving on!
[[32m[1m INFO  [21m[0m] Elapsed time: 6.33e+02 || Step number: 17000/30000
[[32m[1m INFO  [21m[0m] longdy = 7.61e-01      || longdy/dt = 4.91e-02  || dt = 1.53e-01
[[32m[1m INFO  [21m[0m] from nz = 29 and CS
[[32m[1m INFO  [21m[0m] -----------------------------------------------------------------
[[93m[1m WARNING [21m[0m] Keep producing negative values! Clipping negative solutions and moving on!
[[93m[1m WARNING [21m[0m] Keep producing negative values! Clipping negative solutions and moving on!
[[93m[1m WARNING [21m[0m] Keep producing negative values! Clipping negative solutions and moving on!
[[32m[1m INFO  [21m[0m] Elapsed time: 6.49e+02 || Step number: 17100/30000
[[32m[1m INFO  [21m[0m] longdy = 8.21e-01      || longdy/dt = 5.05e-02  || dt = 1.60e-07
[[32m[1m INFO  [21m[0m] from nz = 29 and CS
[[32m[1m INFO  [21m[0m] -----------------------------------------------------------------
[[93m[1m WARNING [21m[0m] Keep producing negative values! Clipping negative solutions and moving on!
[[93m[1m WARNING [21m[0m] Keep producing negative values! Clipping negative solutions and moving on!
[[32m[1m INFO  [21m[0m] Elapsed time: 6.62e+02 || Step number: 17200/30000
[[32m[1m INFO  [21m[0m] longdy = 6.38e-01      || longdy/dt = 4.80e-02  || dt = 3.28e-04
[[32m[1m INFO  [21m[0m] from nz = 29 and CS
[[32m[1m INFO  [21m[0m] -----------------------------------------------------------------
[[93m[1m WARNING [21m[0m] Keep producing negative values! Clipping negative solutions and moving on!
[[93m[1m WARNING [21m[0m] Keep producing negative values! Clipping negative solutions and moving on!
[[32m[1m INFO  [21m[0m] Elapsed time: 6.75e+02 || Step number: 17300/30000
[[32m[1m INFO  [21m[0m] longdy = 5.89e-01      || longdy/dt = 4.75e-02  || dt = 3.53e-01
[[32m[1m INFO  [21m[0m] from nz = 29 and CS
[[32m[1m INFO  [21m[0m] -----------------------------------------------------------------
[[93m[1m WARNING [21m[0m] Keep producing negative values! Clipping negative solutions and moving on!
[[32m[1m INFO  [21m[0m] Elapsed time: 7.06e+02 || Step number: 17400/30000
[[32m[1m INFO  [21m[0m] longdy = 2.26e+00      || longdy/dt = 7.20e-02  || dt = 2.62e-03
[[32m[1m INFO  [21m[0m] from nz = 29 and CS
[[32m[1m INFO  [21m[0m] -----------------------------------------------------------------
[[93m[1m WARNING [21m[0m] Keep producing negative values! Clipping negative solutions and moving on!
[[93m[1m WARNING [21m[0m] Keep producing negative values! Clipping negative solutions and moving on!
[[32m[1m INFO  [21m[0m] Elapsed time: 7.22e+02 || Step number: 17500/30000
[[32m[1m INFO  [21m[0m] longdy = 8.33e-01      || longdy/dt = 5.20e-02  || dt = 3.74e-01
[[32m[1m INFO  [21m[0m] from nz = 29 and CS
[[32m[1m INFO  [21m[0m] -----------------------------------------------------------------
[[93m[1m WARNING [21m[0m] Keep producing negative values! Clipping negative solutions and moving on!
[[32m[1m INFO  [21m[0m] Elapsed time: 7.50e+02 || Step number: 17600/30000
[[32m[1m INFO  [21m[0m] longdy = 1.71e+00      || longdy/dt = 6.49e-02  || dt = 8.68e-01
[[32m[1m INFO  [21m[0m] from nz = 29 and CS
[[32m[1m INFO  [21m[0m] -----------------------------------------------------------------
[[93m[1m WARNING [21m[0m] Keep producing negative values! Clipping negative solutions and moving on!
[[93m[1m WARNING [21m[0m] Keep producing negative values! Clipping negative solutions and moving on!
[[32m[1m INFO  [21m[0m] Elapsed time: 7.68e+02 || Step number: 17700/30000
[[32m[1m INFO  [21m[0m] longdy = 9.50e-01      || longdy/dt = 5.30e-02  || dt = 9.84e-01
[[32m[1m INFO  [21m[0m] from nz = 29 and CS
[[32m[1m INFO  [21m[0m] -----------------------------------------------------------------
[[93m[1m WARNING [21m[0m] Keep producing negative values! Clipping negative solutions and moving on!
[[93m[1m WARNING [21m[0m] Keep producing negative values! Clipping negative solutions and moving on!
[[32m[1m INFO  [21m[0m] Elapsed time: 7.89e+02 || Step number: 17800/30000
[[32m[1m INFO  [21m[0m] longdy = 1.06e+00      || longdy/dt = 5.29e-02  || dt = 9.97e-01
[[32m[1m INFO  [21m[0m] from nz = 29 and CS
[[32m[1m INFO  [21m[0m] -----------------------------------------------------------------
[[93m[1m WARNING [21m[0m] Keep producing negative values! Clipping negative solutions and moving on!
[[93m[1m WARNING [21m[0m] Keep producing negative values! Clipping negative solutions and moving on!
[[32m[1m INFO  [21m[0m] Elapsed time: 8.09e+02 || Step number: 17900/30000
[[32m[1m INFO  [21m[0m] longdy = 9.31e-01      || longdy/dt = 4.75e-02  || dt = 4.40e-01
[[32m[1m INFO  [21m[0m] from nz = 30 and CS
[[32m[1m INFO  [21m[0m] -----------------------------------------------------------------
[[93m[1m WARNING [21m[0m] Keep producing negative values! Clipping negative solutions and moving on!
[[93m[1m WARNING [21m[0m] Keep producing negative values! Clipping negative solutions and moving on!
[[93m[1m WARNING [21m[0m] Keep producing negative values! Clipping negative solutions and moving on!
[[32m[1m INFO  [21m[0m] Elapsed time: 8.21e+02 || Step number: 18000/30000
[[32m[1m INFO  [21m[0m] longdy = 4.68e-01      || longdy/dt = 4.11e-02  || dt = 5.24e-03
[[32m[1m INFO  [21m[0m] from nz = 30 and CS
[[32m[1m INFO  [21m[0m] -----------------------------------------------------------------
[[93m[1m WARNING [21m[0m] Keep producing negative values! Clipping negative solutions and moving on!
[[93m[1m WARNING [21m[0m] Keep producing negative values! Clipping negative solutions and moving on!
[[32m[1m INFO  [21m[0m] Elapsed time: 8.36e+02 || Step number: 18100/30000
[[32m[1m INFO  [21m[0m] longdy = 6.85e-01      || longdy/dt = 4.45e-02  || dt = 2.16e-01
[[32m[1m INFO  [21m[0m] from nz = 30 and CS
[[32m[1m INFO  [21m[0m] -----------------------------------------------------------------
[[93m[1m WARNING [21m[0m] Keep producing negative values! Clipping negative solutions and moving on!
[[93m[1m WARNING [21m[0m] Keep producing negative values! Clipping negative solutions and moving on!
[[32m[1m INFO  [21m[0m] Elapsed time: 8.55e+02 || Step number: 18200/30000
[[32m[1m INFO  [21m[0m] longdy = 8.44e-01      || longdy/dt = 4.69e-02  || dt = 1.09e+00
[[32m[1m INFO  [21m[0m] from nz = 30 and CS
[[32m[1m INFO  [21m[0m] -----------------------------------------------------------------
[[93m[1m WARNING [21m[0m] Keep producing negative values! Clipping negative solutions and moving on!
[[32m[1m INFO  [21m[0m] Elapsed time: 8.79e+02 || Step number: 18300/30000
[[32m[1m INFO  [21m[0m] longdy = 1.25e+00      || longdy/dt = 5.26e-02  || dt = 2.85e-01
[[32m[1m INFO  [21m[0m] from nz = 30 and CS
[[32m[1m INFO  [21m[0m] -----------------------------------------------------------------
[[93m[1m WARNING [21m[0m] Keep producing negative values! Clipping negative solutions and moving on!
[[32m[1m INFO  [21m[0m] Elapsed time: 9.08e+02 || Step number: 18400/30000
[[32m[1m INFO  [21m[0m] longdy = 1.64e+00      || longdy/dt = 5.74e-02  || dt = 5.81e-01
[[32m[1m INFO  [21m[0m] from nz = 30 and CS
[[32m[1m INFO  [21m[0m] -----------------------------------------------------------------
[[93m[1m WARNING [21m[0m] Keep producing negative values! Clipping negative solutions and moving on!
[[32m[1m INFO  [21m[0m] Elapsed time: 9.27e+02 || Step number: 18500/30000
[[32m[1m INFO  [21m[0m] longdy = 8.51e-01      || longdy/dt = 4.62e-02  || dt = 4.34e-01
[[32m[1m INFO  [21m[0m] from nz = 30 and CS
[[32m[1m INFO  [21m[0m] -----------------------------------------------------------------
[[93m[1m WARNING [21m[0m] Keep producing negative values! Clipping negative solutions and moving on!
[[93m[1m WARNING [21m[0m] Keep producing negative values! Clipping negative solutions and moving on!
[[32m[1m INFO  [21m[0m] Elapsed time: 9.47e+02 || Step number: 18600/30000
[[32m[1m INFO  [21m[0m] longdy = 8.83e-01      || longdy/dt = 4.53e-02  || dt = 4.36e-01
[[32m[1m INFO  [21m[0m] from nz = 30 and CS
[[32m[1m INFO  [21m[0m] -----------------------------------------------------------------
[[93m[1m WARNING [21m[0m] Keep producing negative values! Clipping negative solutions and moving on!
[[93m[1m WARNING [21m[0m] Keep producing negative values! Clipping negative solutions and moving on!
[[93m[1m WARNING [21m[0m] Keep producing negative values! Clipping negative solutions and moving on!
[[32m[1m INFO  [21m[0m] Elapsed time: 9.65e+02 || Step number: 18700/30000
[[32m[1m INFO  [21m[0m] longdy = 7.59e-01      || longdy/dt = 4.14e-02  || dt = 1.00e-08
[[32m[1m INFO  [21m[0m] from nz = 30 and CS
[[32m[1m INFO  [21m[0m] -----------------------------------------------------------------
[[93m[1m WARNING [21m[0m] Keep producing negative values! Clipping negative solutions and moving on!
[[32m[1m INFO  [21m[0m] Elapsed time: 9.91e+02 || Step number: 18800/30000
[[32m[1m INFO  [21m[0m] longdy = 1.16e+00      || longdy/dt = 4.56e-02  || dt = 8.00e-08
[[32m[1m INFO  [21m[0m] from nz = 31 and CS
[[32m[1m INFO  [21m[0m] -----------------------------------------------------------------
[[93m[1m WARNING [21m[0m] Keep producing negative values! Clipping negative solutions and moving on!
[[32m[1m INFO  [21m[0m] Elapsed time: 1.02e+03 || Step number: 18900/30000
[[32m[1m INFO  [21m[0m] longdy = 1.57e+00      || longdy/dt = 5.05e-02  || dt = 6.55e-04
[[32m[1m INFO  [21m[0m] from nz = 31 and CS
[[32m[1m INFO  [21m[0m] -----------------------------------------------------------------
[[93m[1m WARNING [21m[0m] Keep producing negative values! Clipping negative solutions and moving on!
[[93m[1m WARNING [21m[0m] Keep producing negative values! Clipping negative solutions and moving on!
[[32m[1m INFO  [21m[0m] Elapsed time: 1.05e+03 || Step number: 19000/30000
[[32m[1m INFO  [21m[0m] longdy = 1.58e+00      || longdy/dt = 5.06e-02  || dt = 2.56e-06
[[32m[1m INFO  [21m[0m] from nz = 31 and CS
[[32m[1m INFO  [21m[0m] -----------------------------------------------------------------
[[93m[1m WARNING [21m[0m] Keep producing negative values! Clipping negative solutions and moving on!
[[93m[1m WARNING [21m[0m] Keep producing negative values! Clipping negative solutions and moving on!
[[32m[1m INFO  [21m[0m] Elapsed time: 1.08e+03 || Step number: 19100/30000
[[32m[1m INFO  [21m[0m] longdy = 1.00e+00      || longdy/dt = 4.35e-02  || dt = 6.55e-04
[[32m[1m INFO  [21m[0m] from nz = 31 and CS
[[32m[1m INFO  [21m[0m] -----------------------------------------------------------------
[[93m[1m WARNING [21m[0m] Keep producing negative values! Clipping negative solutions and moving on!
[[93m[1m WARNING [21m[0m] Keep producing negative values! Clipping negative solutions and moving on!
[[93m[1m WARNING [21m[0m] Keep producing negative values! Clipping negative solutions and moving on!
[[32m[1m INFO  [21m[0m] Elapsed time: 1.10e+03 || Step number: 19200/30000
[[32m[1m INFO  [21m[0m] longdy = 8.17e-01      || longdy/dt = 4.07e-02  || dt = 6.40e-07
[[32m[1m INFO  [21m[0m] from nz = 31 and CS
[[32m[1m INFO  [21m[0m] -----------------------------------------------------------------
[[93m[1m WARNING [21m[0m] Keep producing negative values! Clipping negative solutions and moving on!
[[93m[1m WARNING [21m[0m] Keep producing negative values! Clipping negative solutions and moving on!
[[32m[1m INFO  [21m[0m] Elapsed time: 1.12e+03 || Step number: 19300/30000
[[32m[1m INFO  [21m[0m] longdy = 1.13e+00      || longdy/dt = 4.31e-02  || dt = 1.60e-07
[[32m[1m INFO  [21m[0m] from nz = 31 and CS
[[32m[1m INFO  [21m[0m] -----------------------------------------------------------------
[[93m[1m WARNING [21m[0m] Keep producing negative values! Clipping negative solutions and moving on!
[[93m[1m WARNING [21m[0m] Keep producing negative values! Clipping negative solutions and moving on!
[[32m[1m INFO  [21m[0m] Elapsed time: 1.14e+03 || Step number: 19400/30000
[[32m[1m INFO  [21m[0m] longdy = 4.79e-01      || longdy/dt = 3.39e-02  || dt = 3.77e-01
[[32m[1m INFO  [21m[0m] from nz = 31 and CS
[[32m[1m INFO  [21m[0m] -----------------------------------------------------------------
[[93m[1m WARNING [21m[0m] Keep producing negative values! Clipping negative solutions and moving on!
[[32m[1m INFO  [21m[0m] Elapsed time: 1.18e+03 || Step number: 19500/30000
[[32m[1m INFO  [21m[0m] longdy = 2.57e+00      || longdy/dt = 5.39e-02  || dt = 2.05e-05
[[32m[1m INFO  [21m[0m] from nz = 32 and CS
[[32m[1m INFO  [21m[0m] -----------------------------------------------------------------
[[93m[1m WARNING [21m[0m] Keep producing negative values! Clipping negative solutions and moving on!
[[93m[1m WARNING [21m[0m] Keep producing negative values! Clipping negative solutions and moving on!
[[32m[1m INFO  [21m[0m] Elapsed time: 1.21e+03 || Step number: 19600/30000
[[32m[1m INFO  [21m[0m] longdy = 7.34e-01      || longdy/dt = 3.56e-02  || dt = 2.31e-01
[[32m[1m INFO  [21m[0m] from nz = 32 and CS
[[32m[1m INFO  [21m[0m] -----------------------------------------------------------------
[[32m[1m INFO  [21m[0m] Elapsed time: 1.24e+03 || Step number: 19700/30000
[[32m[1m INFO  [21m[0m] longdy = 1.67e+00      || longdy/dt = 4.52e-02  || dt = 9.92e-01
[[32m[1m INFO  [21m[0m] from nz = 32 and CS
[[32m[1m INFO  [21m[0m] -----------------------------------------------------------------
[[93m[1m WARNING [21m[0m] Keep producing negative values! Clipping negative solutions and moving on!
[[93m[1m WARNING [21m[0m] Keep producing negative values! Clipping negative solutions and moving on!
[[32m[1m INFO  [21m[0m] Elapsed time: 1.27e+03 || Step number: 19800/30000
[[32m[1m INFO  [21m[0m] longdy = 1.09e+00      || longdy/dt = 3.87e-02  || dt = 3.84e-01
[[32m[1m INFO  [21m[0m] from nz = 32 and CS
[[32m[1m INFO  [21m[0m] -----------------------------------------------------------------
[[93m[1m WARNING [21m[0m] Keep producing negative values! Clipping negative solutions and moving on!
[[93m[1m WARNING [21m[0m] Keep producing negative values! Clipping negative solutions and moving on!
[[32m[1m INFO  [21m[0m] Elapsed time: 1.30e+03 || Step number: 19900/30000
[[32m[1m INFO  [21m[0m] longdy = 8.96e-01      || longdy/dt = 3.59e-02  || dt = 4.71e-01
[[32m[1m INFO  [21m[0m] from nz = 32 and CS
[[32m[1m INFO  [21m[0m] -----------------------------------------------------------------
[[93m[1m WARNING [21m[0m] Keep producing negative values! Clipping negative solutions and moving on!
[[32m[1m INFO  [21m[0m] Elapsed time: 1.33e+03 || Step number: 20000/30000
[[32m[1m INFO  [21m[0m] longdy = 1.35e+00      || longdy/dt = 3.87e-02  || dt = 1.90e+00
[[32m[1m INFO  [21m[0m] from nz = 32 and CS
[[32m[1m INFO  [21m[0m] -----------------------------------------------------------------
[[32m[1m INFO  [21m[0m] Elapsed time: 1.39e+03 || Step number: 20100/30000
[[32m[1m INFO  [21m[0m] longdy = 2.52e+00      || longdy/dt = 4.61e-02  || dt = 4.46e-01
[[32m[1m INFO  [21m[0m] from nz = 33 and CS
[[32m[1m INFO  [21m[0m] -----------------------------------------------------------------
[[32m[1m INFO  [21m[0m] Elapsed time: 1.44e+03 || Step number: 20200/30000
[[32m[1m INFO  [21m[0m] longdy = 2.53e+00      || longdy/dt = 4.57e-02  || dt = 3.60e-01
[[32m[1m INFO  [21m[0m] from nz = 33 and CS
[[32m[1m INFO  [21m[0m] -----------------------------------------------------------------
[[93m[1m WARNING [21m[0m] Keep producing negative values! Clipping negative solutions and moving on!
[[93m[1m WARNING [21m[0m] Keep producing negative values! Clipping negative solutions and moving on!
[[32m[1m INFO  [21m[0m] Elapsed time: 1.47e+03 || Step number: 20300/30000
[[32m[1m INFO  [21m[0m] longdy = 8.03e-01      || longdy/dt = 3.05e-02  || dt = 9.53e-01
[[32m[1m INFO  [21m[0m] from nz = 33 and CS
[[32m[1m INFO  [21m[0m] -----------------------------------------------------------------
[[93m[1m WARNING [21m[0m] Keep producing negative values! Clipping negative solutions and moving on!
[[93m[1m WARNING [21m[0m] Keep producing negative values! Clipping negative solutions and moving on!
[[93m[1m WARNING [21m[0m] Keep producing negative values! Clipping negative solutions and moving on!
[[32m[1m INFO  [21m[0m] Elapsed time: 1.49e+03 || Step number: 20400/30000
[[32m[1m INFO  [21m[0m] longdy = 4.29e-01      || longdy/dt = 2.64e-02  || dt = 1.05e+00
[[32m[1m INFO  [21m[0m] from nz = 33 and CS
[[32m[1m INFO  [21m[0m] -----------------------------------------------------------------
[[93m[1m WARNING [21m[0m] Keep producing negative values! Clipping negative solutions and moving on!
[[93m[1m WARNING [21m[0m] Keep producing negative values! Clipping negative solutions and moving on!
[[93m[1m WARNING [21m[0m] Keep producing negative values! Clipping negative solutions and moving on!
[[32m[1m INFO  [21m[0m] Elapsed time: 1.51e+03 || Step number: 20500/30000
[[32m[1m INFO  [21m[0m] longdy = 4.72e-01      || longdy/dt = 2.64e-02  || dt = 6.55e-04
[[32m[1m INFO  [21m[0m] from nz = 33 and CS
[[32m[1m INFO  [21m[0m] -----------------------------------------------------------------
[[93m[1m WARNING [21m[0m] Keep producing negative values! Clipping negative solutions and moving on!
[[32m[1m INFO  [21m[0m] Elapsed time: 1.55e+03 || Step number: 20600/30000
[[32m[1m INFO  [21m[0m] longdy = 1.28e+00      || longdy/dt = 3.20e-02  || dt = 3.28e-04
[[32m[1m INFO  [21m[0m] from nz = 33 and CS
[[32m[1m INFO  [21m[0m] -----------------------------------------------------------------
[[93m[1m WARNING [21m[0m] Keep producing negative values! Clipping negative solutions and moving on!
[[93m[1m WARNING [21m[0m] Keep producing negative values! Clipping negative solutions and moving on!
[[93m[1m WARNING [21m[0m] Keep producing negative values! Clipping negative solutions and moving on!
[[32m[1m INFO  [21m[0m] Elapsed time: 1.56e+03 || Step number: 20700/30000
[[32m[1m INFO  [21m[0m] longdy = 3.88e-01      || longdy/dt = 2.30e-02  || dt = 2.56e-06
[[32m[1m INFO  [21m[0m] from nz = 34 and CS
[[32m[1m INFO  [21m[0m] -----------------------------------------------------------------
[[93m[1m WARNING [21m[0m] Keep producing negative values! Clipping negative solutions and moving on!
[[93m[1m WARNING [21m[0m] Keep producing negative values! Clipping negative solutions and moving on!
[[32m[1m INFO  [21m[0m] Elapsed time: 1.59e+03 || Step number: 20800/30000
[[32m[1m INFO  [21m[0m] longdy = 7.95e-01      || longdy/dt = 2.63e-02  || dt = 2.05e-05
[[32m[1m INFO  [21m[0m] from nz = 34 and CS
[[32m[1m INFO  [21m[0m] -----------------------------------------------------------------
[[93m[1m WARNING [21m[0m] Keep producing negative values! Clipping negative solutions and moving on!
[[32m[1m INFO  [21m[0m] Elapsed time: 1.63e+03 || Step number: 20900/30000
[[32m[1m INFO  [21m[0m] longdy = 8.79e-01      || longdy/dt = 2.68e-02  || dt = 6.93e-01
[[32m[1m INFO  [21m[0m] from nz = 34 and CS
[[32m[1m INFO  [21m[0m] -----------------------------------------------------------------
[[93m[1m WARNING [21m[0m] Keep producing negative values! Clipping negative solutions and moving on!
[[32m[1m INFO  [21m[0m] Elapsed time: 1.65e+03 || Step number: 21000/30000
[[32m[1m INFO  [21m[0m] longdy = 6.26e-01      || longdy/dt = 2.44e-02  || dt = 2.62e-03
[[32m[1m INFO  [21m[0m] from nz = 34 and CS
[[32m[1m INFO  [21m[0m] -----------------------------------------------------------------
[[93m[1m WARNING [21m[0m] Keep producing negative values! Clipping negative solutions and moving on!
[[93m[1m WARNING [21m[0m] Keep producing negative values! Clipping negative solutions and moving on!
[[32m[1m INFO  [21m[0m] Elapsed time: 1.68e+03 || Step number: 21100/30000
[[32m[1m INFO  [21m[0m] longdy = 7.50e-01      || longdy/dt = 2.50e-02  || dt = 4.19e-02
[[32m[1m INFO  [21m[0m] from nz = 34 and CS
[[32m[1m INFO  [21m[0m] -----------------------------------------------------------------
[[93m[1m WARNING [21m[0m] Keep producing negative values! Clipping negative solutions and moving on!
[[32m[1m INFO  [21m[0m] Elapsed time: 1.72e+03 || Step number: 21200/30000
[[32m[1m INFO  [21m[0m] longdy = 9.49e-01      || longdy/dt = 2.58e-02  || dt = 9.75e-01
[[32m[1m INFO  [21m[0m] from nz = 34 and CS
[[32m[1m INFO  [21m[0m] -----------------------------------------------------------------
[[93m[1m WARNING [21m[0m] Keep producing negative values! Clipping negative solutions and moving on!
[[93m[1m WARNING [21m[0m] Keep producing negative values! Clipping negative solutions and moving on!
[[93m[1m WARNING [21m[0m] Keep producing negative values! Clipping negative solutions and moving on!
[[32m[1m INFO  [21m[0m] Elapsed time: 1.73e+03 || Step number: 21300/30000
[[32m[1m INFO  [21m[0m] longdy = 2.60e-01      || longdy/dt = 1.98e-02  || dt = 1.68e-01
[[32m[1m INFO  [21m[0m] from nz = 34 and CS
[[32m[1m INFO  [21m[0m] -----------------------------------------------------------------
[[93m[1m WARNING [21m[0m] Keep producing negative values! Clipping negative solutions and moving on!
[[93m[1m WARNING [21m[0m] Keep producing negative values! Clipping negative solutions and moving on!
[[93m[1m WARNING [21m[0m] Keep producing negative values! Clipping negative solutions and moving on!
[[32m[1m INFO  [21m[0m] Elapsed time: 1.75e+03 || Step number: 21400/30000
[[32m[1m INFO  [21m[0m] longdy = 4.10e-01      || longdy/dt = 2.05e-02  || dt = 1.64e-04
[[32m[1m INFO  [21m[0m] from nz = 34 and CS
[[32m[1m INFO  [21m[0m] -----------------------------------------------------------------
[[93m[1m WARNING [21m[0m] Keep producing negative values! Clipping negative solutions and moving on!
[[93m[1m WARNING [21m[0m] Keep producing negative values! Clipping negative solutions and moving on!
[[32m[1m INFO  [21m[0m] Elapsed time: 1.77e+03 || Step number: 21500/30000
[[32m[1m INFO  [21m[0m] longdy = 4.38e-01      || longdy/dt = 1.98e-02  || dt = 3.36e-01
[[32m[1m INFO  [21m[0m] from nz = 34 and CS
[[32m[1m INFO  [21m[0m] -----------------------------------------------------------------
[[93m[1m WARNING [21m[0m] Keep producing negative values! Clipping negative solutions and moving on!
[[93m[1m WARNING [21m[0m] Keep producing negative values! Clipping negative solutions and moving on!
