Atmodeller initialized with double precision (float64)
[[93m[1m WARNING [21m[0m] The archive tar file does not exist: /data/rdc49-2/K218b_project/simulation_data/grid_H0_C2_N3_S3_fO21__from_batch06_case_000015__7_crash_atmos_chem_step_vulcan_chem_funs_race_syntax_error/data/data.tar
[[32m[1m INFO  [21m[0m] Running atmospheric chemistry...
[[32m[1m INFO  [21m[0m]     Using vulcan module, offline
[[32m[1m INFO  [21m[0m] Elements conserved in the network.
[[32m[1m INFO  [21m[0m] No duplicates in the network.
[[32m[1m INFO  [21m[0m] Elements conserved in the network.
[[32m[1m INFO  [21m[0m] No duplicates in the network.
[[32m[1m INFO  [21m[0m] Running VULCAN
[[93m[1m WARNING [21m[0m] P_b and P_t assgined in vulcan.cfg are out of range of the input. Constant extension is used.
[[32m[1m INFO  [21m[0m] Initializing with compositions from ASCII file /data/rdc49-2/K218b_project/simulation_data/grid_H0_C2_N3_S3_fO21__from_batch06_case_000015__7_crash_atmos_chem_step_vulcan_chem_funs_race_syntax_error/offchem/vmrs.dat
[[32m[1m INFO  [21m[0m] Input stellar spectrum from 2.0 to 700.0
[[32m[1m INFO  [21m[0m] Using wavelength bins from 2.0 to 655.5
[[32m[1m INFO  [21m[0m] Include molecular diffusion.
[[32m[1m INFO  [21m[0m] Starting VULCAN integration with 1 threads...
[[93m[1m WARNING [21m[0m] Keep producing negative values! Clipping negative solutions and moving on!
[[93m[1m WARNING [21m[0m] Keep producing negative values! Clipping negative solutions and moving on!
[[93m[1m WARNING [21m[0m] Keep producing negative values! Clipping negative solutions and moving on!
[[93m[1m WARNING [21m[0m] Keep producing negative values! Clipping negative solutions and moving on!
[[93m[1m WARNING [21m[0m] Keep producing negative values! Clipping negative solutions and moving on!
[[93m[1m WARNING [21m[0m] Keep producing negative values! Clipping negative solutions and moving on!
[[93m[1m WARNING [21m[0m] Keep producing negative values! Clipping negative solutions and moving on!
[[93m[1m WARNING [21m[0m] Keep producing negative values! Clipping negative solutions and moving on!
[[93m[1m WARNING [21m[0m] Keep producing negative values! Clipping negative solutions and moving on!
[[93m[1m WARNING [21m[0m] Keep producing negative values! Clipping negative solutions and moving on!
[[93m[1m WARNING [21m[0m] Keep producing negative values! Clipping negative solutions and moving on!
[[93m[1m WARNING [21m[0m] Keep producing negative values! Clipping negative solutions and moving on!
[[93m[1m WARNING [21m[0m] Keep producing negative values! Clipping negative solutions and moving on!
[[93m[1m WARNING [21m[0m] Keep producing negative values! Clipping negative solutions and moving on!
[[93m[1m WARNING [21m[0m] Element conservation is violated too large
[[93m[1m WARNING [21m[0m] at step: 14
[[93m[1m WARNING [21m[0m] -----------------------------------------------------------------
[[93m[1m WARNING [21m[0m] Keep producing negative values! Clipping negative solutions and moving on!
[[93m[1m WARNING [21m[0m] Element conservation is violated too large
[[93m[1m WARNING [21m[0m] at step: 15
[[93m[1m WARNING [21m[0m] -----------------------------------------------------------------
[[93m[1m WARNING [21m[0m] Keep producing negative values! Clipping negative solutions and moving on!
[[93m[1m WARNING [21m[0m] Element conservation is violated too large
[[93m[1m WARNING [21m[0m] at step: 16
[[93m[1m WARNING [21m[0m] -----------------------------------------------------------------
[[93m[1m WARNING [21m[0m] Keep producing negative values! Clipping negative solutions and moving on!
[[93m[1m WARNING [21m[0m] Element conservation is violated too large
[[93m[1m WARNING [21m[0m] at step: 17
[[93m[1m WARNING [21m[0m] -----------------------------------------------------------------
[[93m[1m WARNING [21m[0m] Keep producing negative values! Clipping negative solutions and moving on!
[[93m[1m WARNING [21m[0m] Element conservation is violated too large
[[93m[1m WARNING [21m[0m] at step: 18
[[93m[1m WARNING [21m[0m] -----------------------------------------------------------------
[[93m[1m WARNING [21m[0m] Keep producing negative values! Clipping negative solutions and moving on!
[[93m[1m WARNING [21m[0m] Element conservation is violated too large
[[93m[1m WARNING [21m[0m] at step: 19
[[93m[1m WARNING [21m[0m] -----------------------------------------------------------------
[[93m[1m WARNING [21m[0m] Keep producing negative values! Clipping negative solutions and moving on!
[[93m[1m WARNING [21m[0m] Element conservation is violated too large
[[93m[1m WARNING [21m[0m] at step: 22
[[93m[1m WARNING [21m[0m] -----------------------------------------------------------------
[[93m[1m WARNING [21m[0m] Element conservation is violated too large
[[93m[1m WARNING [21m[0m] at step: 22
[[93m[1m WARNING [21m[0m] -----------------------------------------------------------------
[[93m[1m WARNING [21m[0m] Keep producing negative values! Clipping negative solutions and moving on!
[[93m[1m WARNING [21m[0m] Element conservation is violated too large
[[93m[1m WARNING [21m[0m] at step: 24
[[93m[1m WARNING [21m[0m] -----------------------------------------------------------------
[[93m[1m WARNING [21m[0m] Element conservation is violated too large
[[93m[1m WARNING [21m[0m] at step: 24
[[93m[1m WARNING [21m[0m] -----------------------------------------------------------------
[[93m[1m WARNING [21m[0m] Keep producing negative values! Clipping negative solutions and moving on!
[[93m[1m WARNING [21m[0m] Element conservation is violated too large
[[93m[1m WARNING [21m[0m] at step: 27
[[93m[1m WARNING [21m[0m] -----------------------------------------------------------------
[[93m[1m WARNING [21m[0m] Keep producing negative values! Clipping negative solutions and moving on!
[[93m[1m WARNING [21m[0m] Element conservation is violated too large
[[93m[1m WARNING [21m[0m] at step: 31
[[93m[1m WARNING [21m[0m] -----------------------------------------------------------------
[[93m[1m WARNING [21m[0m] Element conservation is violated too large
[[93m[1m WARNING [21m[0m] at step: 31
[[93m[1m WARNING [21m[0m] -----------------------------------------------------------------
[[93m[1m WARNING [21m[0m] Keep producing negative values! Clipping negative solutions and moving on!
[[32m[1m INFO  [21m[0m] Elapsed time: 8.16e-06 || Step number: 100/30000
[[32m[1m INFO  [21m[0m] longdy = 1.00e+00      || longdy/dt = 1.00e+00  || dt = 2.56e-07
[[32m[1m INFO  [21m[0m] from nz = 0 and OH
[[32m[1m INFO  [21m[0m] -----------------------------------------------------------------
[[32m[1m INFO  [21m[0m] Elapsed time: 4.99e-05 || Step number: 200/30000
[[32m[1m INFO  [21m[0m] longdy = 1.00e+00      || longdy/dt = 1.00e+00  || dt = 8.69e-07
[[32m[1m INFO  [21m[0m] from nz = 0 and OH
[[32m[1m INFO  [21m[0m] -----------------------------------------------------------------
[[32m[1m INFO  [21m[0m] Elapsed time: 2.85e-04 || Step number: 300/30000
[[32m[1m INFO  [21m[0m] longdy = 1.00e+00      || longdy/dt = 1.00e+00  || dt = 4.77e-06
[[32m[1m INFO  [21m[0m] from nz = 0 and OH
[[32m[1m INFO  [21m[0m] -----------------------------------------------------------------
[[32m[1m INFO  [21m[0m] Elapsed time: 1.34e-03 || Step number: 400/30000
[[32m[1m INFO  [21m[0m] longdy = 1.00e+00      || longdy/dt = 1.00e+00  || dt = 1.60e-05
[[32m[1m INFO  [21m[0m] from nz = 0 and OH
[[32m[1m INFO  [21m[0m] -----------------------------------------------------------------
[[32m[1m INFO  [21m[0m] Elapsed time: 5.37e-03 || Step number: 500/30000
[[32m[1m INFO  [21m[0m] longdy = 1.00e+00      || longdy/dt = 1.00e+00  || dt = 9.10e-05
[[32m[1m INFO  [21m[0m] from nz = 0 and OH
[[32m[1m INFO  [21m[0m] -----------------------------------------------------------------
[[32m[1m INFO  [21m[0m] Elapsed time: 2.04e-02 || Step number: 600/30000
[[32m[1m INFO  [21m[0m] longdy = 1.00e+00      || longdy/dt = 1.00e+00  || dt = 4.27e-04
[[32m[1m INFO  [21m[0m] from nz = 0 and OH
[[32m[1m INFO  [21m[0m] -----------------------------------------------------------------
[[32m[1m INFO  [21m[0m] Elapsed time: 6.41e-02 || Step number: 700/30000
[[32m[1m INFO  [21m[0m] longdy = 1.00e+00      || longdy/dt = 1.00e+00  || dt = 1.31e-03
[[32m[1m INFO  [21m[0m] from nz = 0 and OH
[[32m[1m INFO  [21m[0m] -----------------------------------------------------------------
[[32m[1m INFO  [21m[0m] Elapsed time: 1.71e-01 || Step number: 800/30000
[[32m[1m INFO  [21m[0m] longdy = 1.00e+00      || longdy/dt = 1.00e+00  || dt = 2.07e-03
[[32m[1m INFO  [21m[0m] from nz = 0 and OH
[[32m[1m INFO  [21m[0m] -----------------------------------------------------------------
[[32m[1m INFO  [21m[0m] Elapsed time: 5.24e-01 || Step number: 900/30000
[[32m[1m INFO  [21m[0m] longdy = 1.00e+00      || longdy/dt = 1.00e+00  || dt = 6.40e-03
[[32m[1m INFO  [21m[0m] from nz = 0 and OH
[[32m[1m INFO  [21m[0m] -----------------------------------------------------------------
[[32m[1m INFO  [21m[0m] Elapsed time: 1.35e+00 || Step number: 1000/30000
[[32m[1m INFO  [21m[0m] longdy = 1.00e+00      || longdy/dt = 1.00e+00  || dt = 1.84e-02
[[32m[1m INFO  [21m[0m] from nz = 0 and OH
[[32m[1m INFO  [21m[0m] -----------------------------------------------------------------
[[32m[1m INFO  [21m[0m] Elapsed time: 2.94e+00 || Step number: 1100/30000
[[32m[1m INFO  [21m[0m] longdy = 1.00e+00      || longdy/dt = 1.00e+00  || dt = 3.46e-02
[[32m[1m INFO  [21m[0m] from nz = 0 and OH
[[32m[1m INFO  [21m[0m] -----------------------------------------------------------------
[[32m[1m INFO  [21m[0m] Elapsed time: 5.72e+00 || Step number: 1200/30000
[[32m[1m INFO  [21m[0m] longdy = 1.00e+00      || longdy/dt = 1.00e+00  || dt = 5.52e-02
[[32m[1m INFO  [21m[0m] from nz = 0 and OH
[[32m[1m INFO  [21m[0m] -----------------------------------------------------------------
[[32m[1m INFO  [21m[0m] Elapsed time: 1.08e+01 || Step number: 1300/30000
[[32m[1m INFO  [21m[0m] longdy = 1.00e+00      || longdy/dt = 1.00e+00  || dt = 9.07e-02
[[32m[1m INFO  [21m[0m] from nz = 0 and OH
[[32m[1m INFO  [21m[0m] -----------------------------------------------------------------
[[32m[1m INFO  [21m[0m] Elapsed time: 1.97e+01 || Step number: 1400/30000
[[32m[1m INFO  [21m[0m] longdy = 1.00e+00      || longdy/dt = 1.00e+00  || dt = 1.69e-01
[[32m[1m INFO  [21m[0m] from nz = 0 and OH
[[32m[1m INFO  [21m[0m] -----------------------------------------------------------------
[[32m[1m INFO  [21m[0m] Elapsed time: 3.52e+01 || Step number: 1500/30000
[[32m[1m INFO  [21m[0m] longdy = 1.00e+00      || longdy/dt = 1.00e+00  || dt = 2.58e-01
[[32m[1m INFO  [21m[0m] from nz = 0 and OH
[[32m[1m INFO  [21m[0m] -----------------------------------------------------------------
[[32m[1m INFO  [21m[0m] Elapsed time: 6.12e+01 || Step number: 1600/30000
[[32m[1m INFO  [21m[0m] longdy = 1.00e+00      || longdy/dt = 1.00e+00  || dt = 4.19e-01
[[32m[1m INFO  [21m[0m] from nz = 0 and OH
[[32m[1m INFO  [21m[0m] -----------------------------------------------------------------
[[32m[1m INFO  [21m[0m] Elapsed time: 1.05e+02 || Step number: 1700/30000
[[32m[1m INFO  [21m[0m] longdy = 3.85e+00      || longdy/dt = 8.95e-02  || dt = 6.96e-01
[[32m[1m INFO  [21m[0m] from nz = 18 and S4
[[32m[1m INFO  [21m[0m] -----------------------------------------------------------------
[[32m[1m INFO  [21m[0m] Elapsed time: 1.76e+02 || Step number: 1800/30000
[[32m[1m INFO  [21m[0m] longdy = 5.69e+00      || longdy/dt = 8.19e-02  || dt = 1.16e+00
[[32m[1m INFO  [21m[0m] from nz = 18 and S4
[[32m[1m INFO  [21m[0m] -----------------------------------------------------------------
[[93m[1m WARNING [21m[0m] Keep producing negative values! Clipping negative solutions and moving on!
[[32m[1m INFO  [21m[0m] Elapsed time: 2.35e+02 || Step number: 1900/30000
[[32m[1m INFO  [21m[0m] longdy = 1.96e+00      || longdy/dt = 3.38e-02  || dt = 1.44e+00
[[32m[1m INFO  [21m[0m] from nz = 33 and HCS
[[32m[1m INFO  [21m[0m] -----------------------------------------------------------------
[[93m[1m WARNING [21m[0m] Keep producing negative values! Clipping negative solutions and moving on!
[[93m[1m WARNING [21m[0m] Keep producing negative values! Clipping negative solutions and moving on!
[[32m[1m INFO  [21m[0m] Elapsed time: 2.86e+02 || Step number: 2000/30000
[[32m[1m INFO  [21m[0m] longdy = 1.30e+00      || longdy/dt = 2.63e-02  || dt = 1.54e+00
[[32m[1m INFO  [21m[0m] from nz = 31 and HCS
[[32m[1m INFO  [21m[0m] -----------------------------------------------------------------
[[93m[1m WARNING [21m[0m] Keep producing negative values! Clipping negative solutions and moving on!
[[93m[1m WARNING [21m[0m] Keep producing negative values! Clipping negative solutions and moving on!
[[32m[1m INFO  [21m[0m] Elapsed time: 3.67e+02 || Step number: 2100/30000
[[32m[1m INFO  [21m[0m] longdy = 2.17e+00      || longdy/dt = 2.75e-02  || dt = 3.05e+00
[[32m[1m INFO  [21m[0m] from nz = 30 and HCS
[[32m[1m INFO  [21m[0m] -----------------------------------------------------------------
[[93m[1m WARNING [21m[0m] Keep producing negative values! Clipping negative solutions and moving on!
[[93m[1m WARNING [21m[0m] Keep producing negative values! Clipping negative solutions and moving on!
[[32m[1m INFO  [21m[0m] Elapsed time: 5.59e+02 || Step number: 2200/30000
[[32m[1m INFO  [21m[0m] longdy = 7.66e+00      || longdy/dt = 3.99e-02  || dt = 6.40e-07
[[32m[1m INFO  [21m[0m] from nz = 28 and HCS
[[32m[1m INFO  [21m[0m] -----------------------------------------------------------------
[[93m[1m WARNING [21m[0m] Keep producing negative values! Clipping negative solutions and moving on!
[[93m[1m WARNING [21m[0m] Keep producing negative values! Clipping negative solutions and moving on!
[[32m[1m INFO  [21m[0m] Elapsed time: 6.46e+02 || Step number: 2300/30000
[[32m[1m INFO  [21m[0m] longdy = 2.38e+00      || longdy/dt = 2.79e-02  || dt = 2.40e+00
[[32m[1m INFO  [21m[0m] from nz = 24 and CS
[[32m[1m INFO  [21m[0m] -----------------------------------------------------------------
[[93m[1m WARNING [21m[0m] Keep producing negative values! Clipping negative solutions and moving on!
[[93m[1m WARNING [21m[0m] Keep producing negative values! Clipping negative solutions and moving on!
[[32m[1m INFO  [21m[0m] Elapsed time: 7.94e+02 || Step number: 2400/30000
[[32m[1m INFO  [21m[0m] longdy = 1.54e+01      || longdy/dt = 1.04e-01  || dt = 8.39e-02
[[32m[1m INFO  [21m[0m] from nz = 24 and CS
[[32m[1m INFO  [21m[0m] -----------------------------------------------------------------
[[93m[1m WARNING [21m[0m] Keep producing negative values! Clipping negative solutions and moving on!
[[93m[1m WARNING [21m[0m] Keep producing negative values! Clipping negative solutions and moving on!
[[93m[1m WARNING [21m[0m] Keep producing negative values! Clipping negative solutions and moving on!
[[32m[1m INFO  [21m[0m] Elapsed time: 8.81e+02 || Step number: 2500/30000
[[32m[1m INFO  [21m[0m] longdy = 5.36e+00      || longdy/dt = 6.15e-02  || dt = 4.10e-05
[[32m[1m INFO  [21m[0m] from nz = 24 and CS
[[32m[1m INFO  [21m[0m] -----------------------------------------------------------------
[[93m[1m WARNING [21m[0m] Keep producing negative values! Clipping negative solutions and moving on!
[[93m[1m WARNING [21m[0m] Keep producing negative values! Clipping negative solutions and moving on!
[[32m[1m INFO  [21m[0m] Elapsed time: 9.95e+02 || Step number: 2600/30000
[[32m[1m INFO  [21m[0m] longdy = 7.35e+00      || longdy/dt = 6.62e-02  || dt = 3.43e+00
[[32m[1m INFO  [21m[0m] from nz = 25 and CS
[[32m[1m INFO  [21m[0m] -----------------------------------------------------------------
[[93m[1m WARNING [21m[0m] Keep producing negative values! Clipping negative solutions and moving on!
[[93m[1m WARNING [21m[0m] Keep producing negative values! Clipping negative solutions and moving on!
[[93m[1m WARNING [21m[0m] Keep producing negative values! Clipping negative solutions and moving on!
[[32m[1m INFO  [21m[0m] Elapsed time: 1.11e+03 || Step number: 2700/30000
[[32m[1m INFO  [21m[0m] longdy = 9.05e+00      || longdy/dt = 7.83e-02  || dt = 1.64e-04
[[32m[1m INFO  [21m[0m] from nz = 25 and CS
[[32m[1m INFO  [21m[0m] -----------------------------------------------------------------
[[93m[1m WARNING [21m[0m] Keep producing negative values! Clipping negative solutions and moving on!
[[32m[1m INFO  [21m[0m] Elapsed time: 1.33e+03 || Step number: 2800/30000
[[32m[1m INFO  [21m[0m] longdy = 4.80e+01      || longdy/dt = 2.17e-01  || dt = 3.16e+00
[[32m[1m INFO  [21m[0m] from nz = 26 and CS
[[32m[1m INFO  [21m[0m] -----------------------------------------------------------------
[[93m[1m WARNING [21m[0m] Keep producing negative values! Clipping negative solutions and moving on!
[[93m[1m WARNING [21m[0m] Keep producing negative values! Clipping negative solutions and moving on!
[[32m[1m INFO  [21m[0m] Elapsed time: 1.54e+03 || Step number: 2900/30000
[[32m[1m INFO  [21m[0m] longdy = 2.94e+01      || longdy/dt = 1.48e-01  || dt = 1.01e+01
[[32m[1m INFO  [21m[0m] from nz = 26 and CS
[[32m[1m INFO  [21m[0m] -----------------------------------------------------------------
[[93m[1m WARNING [21m[0m] Keep producing negative values! Clipping negative solutions and moving on!
[[93m[1m WARNING [21m[0m] Keep producing negative values! Clipping negative solutions and moving on!
[[93m[1m WARNING [21m[0m] Keep producing negative values! Clipping negative solutions and moving on!
[[32m[1m INFO  [21m[0m] Elapsed time: 1.64e+03 || Step number: 3000/30000
[[32m[1m INFO  [21m[0m] longdy = 3.94e+00      || longdy/dt = 3.83e-02  || dt = 2.62e-03
[[32m[1m INFO  [21m[0m] from nz = 27 and CS
[[32m[1m INFO  [21m[0m] -----------------------------------------------------------------
[[93m[1m WARNING [21m[0m] Keep producing negative values! Clipping negative solutions and moving on!
[[93m[1m WARNING [21m[0m] Keep producing negative values! Clipping negative solutions and moving on!
[[93m[1m WARNING [21m[0m] Keep producing negative values! Clipping negative solutions and moving on!
[[32m[1m INFO  [21m[0m] Elapsed time: 1.75e+03 || Step number: 3100/30000
[[32m[1m INFO  [21m[0m] longdy = 3.67e+00      || longdy/dt = 3.63e-02  || dt = 1.64e-04
[[32m[1m INFO  [21m[0m] from nz = 27 and CS
[[32m[1m INFO  [21m[0m] -----------------------------------------------------------------
[[93m[1m WARNING [21m[0m] Keep producing negative values! Clipping negative solutions and moving on!
[[32m[1m INFO  [21m[0m] Elapsed time: 2.18e+03 || Step number: 3200/30000
[[32m[1m INFO  [21m[0m] longdy = 2.40e+02      || longdy/dt = 5.65e-01  || dt = 1.75e+01
[[32m[1m INFO  [21m[0m] from nz = 28 and CS
[[32m[1m INFO  [21m[0m] -----------------------------------------------------------------
[[93m[1m WARNING [21m[0m] Keep producing negative values! Clipping negative solutions and moving on!
[[93m[1m WARNING [21m[0m] Keep producing negative values! Clipping negative solutions and moving on!
[[32m[1m INFO  [21m[0m] Elapsed time: 2.56e+03 || Step number: 3300/30000
[[32m[1m INFO  [21m[0m] longdy = 5.00e+01      || longdy/dt = 1.34e-01  || dt = 1.05e+01
[[32m[1m INFO  [21m[0m] from nz = 29 and CS
[[32m[1m INFO  [21m[0m] -----------------------------------------------------------------
[[32m[1m INFO  [21m[0m] Elapsed time: 4.92e+03 || Step number: 3400/30000
[[32m[1m INFO  [21m[0m] longdy = 5.94e+04      || longdy/dt = 2.58e+01  || dt = 6.08e+01
[[32m[1m INFO  [21m[0m] from nz = 31 and CS
[[32m[1m INFO  [21m[0m] -----------------------------------------------------------------
[[32m[1m INFO  [21m[0m] Elapsed time: 1.17e+04 || Step number: 3500/30000
[[32m[1m INFO  [21m[0m] longdy = 1.22e+02      || longdy/dt = 2.12e-02  || dt = 1.65e+02
[[32m[1m INFO  [21m[0m] from nz = 35 and CS
[[32m[1m INFO  [21m[0m] -----------------------------------------------------------------
[[32m[1m INFO  [21m[0m] Elapsed time: 2.38e+04 || Step number: 3600/30000
[[32m[1m INFO  [21m[0m] longdy = 1.12e+02      || longdy/dt = 9.55e-03  || dt = 3.02e+02
[[32m[1m INFO  [21m[0m] from nz = 20 and S8
[[32m[1m INFO  [21m[0m] -----------------------------------------------------------------
[[32m[1m INFO  [21m[0m] Elapsed time: 2.43e+04 || Step number: 3700/30000
[[32m[1m INFO  [21m[0m] longdy = 5.83e-01      || longdy/dt = 1.33e-03  || dt = 7.74e+00
[[32m[1m INFO  [21m[0m] from nz = 50 and S4
[[32m[1m INFO  [21m[0m] -----------------------------------------------------------------
[[32m[1m INFO  [21m[0m] Elapsed time: 2.86e+04 || Step number: 3800/30000
[[32m[1m INFO  [21m[0m] longdy = 3.22e+00      || longdy/dt = 7.99e-04  || dt = 2.62e+02
[[32m[1m INFO  [21m[0m] from nz = 20 and S8
[[32m[1m INFO  [21m[0m] -----------------------------------------------------------------
[[93m[1m WARNING [21m[0m] Keep producing negative values! Clipping negative solutions and moving on!
[[32m[1m INFO  [21m[0m] Elapsed time: 3.49e+04 || Step number: 3900/30000
[[32m[1m INFO  [21m[0m] longdy = 6.25e+00      || longdy/dt = 9.85e-04  || dt = 5.44e+01
[[32m[1m INFO  [21m[0m] from nz = 20 and S8
[[32m[1m INFO  [21m[0m] -----------------------------------------------------------------
[[32m[1m INFO  [21m[0m] Elapsed time: 3.61e+04 || Step number: 4000/30000
[[32m[1m INFO  [21m[0m] longdy = 5.89e-01      || longdy/dt = 4.98e-04  || dt = 2.30e-03
[[32m[1m INFO  [21m[0m] from nz = 5 and C6H5
[[32m[1m INFO  [21m[0m] -----------------------------------------------------------------
[[32m[1m INFO  [21m[0m] Elapsed time: 3.67e+04 || Step number: 4100/30000
[[32m[1m INFO  [21m[0m] longdy = 3.63e-01      || longdy/dt = 5.91e-04  || dt = 5.29e-05
[[32m[1m INFO  [21m[0m] from nz = 5 and C6H5
[[32m[1m INFO  [21m[0m] -----------------------------------------------------------------
[[32m[1m INFO  [21m[0m] Elapsed time: 3.72e+04 || Step number: 4200/30000
[[32m[1m INFO  [21m[0m] longdy = 3.04e-01      || longdy/dt = 6.07e-04  || dt = 1.68e-04
[[32m[1m INFO  [21m[0m] from nz = 5 and C6H5
[[32m[1m INFO  [21m[0m] -----------------------------------------------------------------
[[32m[1m INFO  [21m[0m] Elapsed time: 3.75e+04 || Step number: 4300/30000
[[32m[1m INFO  [21m[0m] longdy = 1.59e-01      || longdy/dt = 6.59e-04  || dt = 1.99e-07
[[32m[1m INFO  [21m[0m] from nz = 5 and C6H5
[[32m[1m INFO  [21m[0m] -----------------------------------------------------------------
[[32m[1m INFO  [21m[0m] Elapsed time: 3.80e+04 || Step number: 4400/30000
[[32m[1m INFO  [21m[0m] longdy = 2.93e-01      || longdy/dt = 6.01e-04  || dt = 1.76e+01
[[32m[1m INFO  [21m[0m] from nz = 5 and C6H5
[[32m[1m INFO  [21m[0m] -----------------------------------------------------------------
[[32m[1m INFO  [21m[0m] Elapsed time: 3.82e+04 || Step number: 4500/30000
[[32m[1m INFO  [21m[0m] longdy = 1.59e-01      || longdy/dt = 6.48e-04  || dt = 7.45e-02
[[32m[1m INFO  [21m[0m] from nz = 5 and C6H5
[[32m[1m INFO  [21m[0m] -----------------------------------------------------------------
[[32m[1m INFO  [21m[0m] Elapsed time: 3.86e+04 || Step number: 4600/30000
[[32m[1m INFO  [21m[0m] longdy = 2.26e-01      || longdy/dt = 6.19e-04  || dt = 6.76e-08
[[32m[1m INFO  [21m[0m] from nz = 5 and C6H5
[[32m[1m INFO  [21m[0m] -----------------------------------------------------------------
[[32m[1m INFO  [21m[0m] Elapsed time: 3.87e+04 || Step number: 4700/30000
[[32m[1m INFO  [21m[0m] longdy = 1.00e-01      || longdy/dt = 6.62e-04  || dt = 1.90e+01
[[32m[1m INFO  [21m[0m] from nz = 5 and C6H5
[[32m[1m INFO  [21m[0m] -----------------------------------------------------------------
[[32m[1m INFO  [21m[0m] Elapsed time: 3.90e+04 || Step number: 4800/30000
[[32m[1m INFO  [21m[0m] longdy = 1.70e-01      || longdy/dt = 6.33e-04  || dt = 1.74e-03
[[32m[1m INFO  [21m[0m] from nz = 5 and C6H5
[[32m[1m INFO  [21m[0m] -----------------------------------------------------------------
[[32m[1m INFO  [21m[0m] Elapsed time: 3.92e+04 || Step number: 4900/30000
[[32m[1m INFO  [21m[0m] longdy = 1.33e-01      || longdy/dt = 6.43e-04  || dt = 7.93e-06
[[32m[1m INFO  [21m[0m] from nz = 5 and C6H5
[[32m[1m INFO  [21m[0m] -----------------------------------------------------------------
[[32m[1m INFO  [21m[0m] Elapsed time: 3.94e+04 || Step number: 5000/30000
[[32m[1m INFO  [21m[0m] longdy = 9.94e-02      || longdy/dt = 6.53e-04  || dt = 4.40e-05
[[32m[1m INFO  [21m[0m] from nz = 5 and C6H5
[[32m[1m INFO  [21m[0m] -----------------------------------------------------------------
[[32m[1m INFO  [21m[0m] Elapsed time: 3.96e+04 || Step number: 5100/30000
[[32m[1m INFO  [21m[0m] longdy = 1.65e-01      || longdy/dt = 6.26e-04  || dt = 5.34e+00
[[32m[1m INFO  [21m[0m] from nz = 5 and C6H5
[[32m[1m INFO  [21m[0m] -----------------------------------------------------------------
[[32m[1m INFO  [21m[0m] Elapsed time: 3.99e+04 || Step number: 5200/30000
[[32m[1m INFO  [21m[0m] longdy = 1.47e-01      || longdy/dt = 6.29e-04  || dt = 2.22e-04
[[32m[1m INFO  [21m[0m] from nz = 5 and C6H5
[[32m[1m INFO  [21m[0m] -----------------------------------------------------------------
[[32m[1m INFO  [21m[0m] Elapsed time: 4.01e+04 || Step number: 5300/30000
[[32m[1m INFO  [21m[0m] longdy = 1.19e-01      || longdy/dt = 6.36e-04  || dt = 3.70e-05
[[32m[1m INFO  [21m[0m] from nz = 5 and C6H5
[[32m[1m INFO  [21m[0m] -----------------------------------------------------------------
[[32m[1m INFO  [21m[0m] Elapsed time: 4.03e+04 || Step number: 5400/30000
[[32m[1m INFO  [21m[0m] longdy = 1.15e-01      || longdy/dt = 6.34e-04  || dt = 2.00e+01
[[32m[1m INFO  [21m[0m] from nz = 5 and C6H5
[[32m[1m INFO  [21m[0m] -----------------------------------------------------------------
[[32m[1m INFO  [21m[0m] Elapsed time: 4.05e+04 || Step number: 5500/30000
[[32m[1m INFO  [21m[0m] longdy = 1.68e-01      || longdy/dt = 6.11e-04  || dt = 1.52e-05
[[32m[1m INFO  [21m[0m] from nz = 5 and C6H5
[[32m[1m INFO  [21m[0m] -----------------------------------------------------------------
[[32m[1m INFO  [21m[0m] Elapsed time: 4.07e+04 || Step number: 5600/30000
[[32m[1m INFO  [21m[0m] longdy = 1.17e-01      || longdy/dt = 6.25e-04  || dt = 3.09e-06
[[32m[1m INFO  [21m[0m] from nz = 5 and C6H5
[[32m[1m INFO  [21m[0m] -----------------------------------------------------------------
[[32m[1m INFO  [21m[0m] Elapsed time: 4.09e+04 || Step number: 5700/30000
[[32m[1m INFO  [21m[0m] longdy = 1.09e-01      || longdy/dt = 6.24e-04  || dt = 1.47e+01
[[32m[1m INFO  [21m[0m] from nz = 5 and C6H5
[[32m[1m INFO  [21m[0m] -----------------------------------------------------------------
[[32m[1m INFO  [21m[0m] Elapsed time: 4.11e+04 || Step number: 5800/30000
[[32m[1m INFO  [21m[0m] longdy = 1.08e-01      || longdy/dt = 6.20e-04  || dt = 5.79e-02
[[32m[1m INFO  [21m[0m] from nz = 5 and C6H5
[[32m[1m INFO  [21m[0m] -----------------------------------------------------------------
[[32m[1m INFO  [21m[0m] Elapsed time: 4.14e+04 || Step number: 5900/30000
[[32m[1m INFO  [21m[0m] longdy = 1.91e-01      || longdy/dt = 5.87e-04  || dt = 4.17e-07
[[32m[1m INFO  [21m[0m] from nz = 5 and C6H5
[[32m[1m INFO  [21m[0m] -----------------------------------------------------------------
[[32m[1m INFO  [21m[0m] Elapsed time: 4.15e+04 || Step number: 6000/30000
[[32m[1m INFO  [21m[0m] longdy = 6.27e-02      || longdy/dt = 6.26e-04  || dt = 2.67e-06
[[32m[1m INFO  [21m[0m] from nz = 5 and C6H5
[[32m[1m INFO  [21m[0m] -----------------------------------------------------------------
[[32m[1m INFO  [21m[0m] Elapsed time: 4.17e+04 || Step number: 6100/30000
[[32m[1m INFO  [21m[0m] longdy = 1.07e-01      || longdy/dt = 6.08e-04  || dt = 1.20e+01
[[32m[1m INFO  [21m[0m] from nz = 5 and C6H5
[[32m[1m INFO  [21m[0m] -----------------------------------------------------------------
[[32m[1m INFO  [21m[0m] Elapsed time: 4.19e+04 || Step number: 6200/30000
[[32m[1m INFO  [21m[0m] longdy = 1.31e-01      || longdy/dt = 5.95e-04  || dt = 2.63e+01
[[32m[1m INFO  [21m[0m] from nz = 5 and C6H5
[[32m[1m INFO  [21m[0m] -----------------------------------------------------------------
[[32m[1m INFO  [21m[0m] Elapsed time: 4.21e+04 || Step number: 6300/30000
[[32m[1m INFO  [21m[0m] longdy = 8.65e-02      || longdy/dt = 6.06e-04  || dt = 1.61e+01
[[32m[1m INFO  [21m[0m] from nz = 6 and C6H5
[[32m[1m INFO  [21m[0m] -----------------------------------------------------------------
[[32m[1m INFO  [21m[0m] Elapsed time: 4.22e+04 || Step number: 6400/30000
[[32m[1m INFO  [21m[0m] longdy = 1.04e-01      || longdy/dt = 5.97e-04  || dt = 7.15e-04
[[32m[1m INFO  [21m[0m] from nz = 6 and C6H5
[[32m[1m INFO  [21m[0m] -----------------------------------------------------------------
[[32m[1m INFO  [21m[0m] Elapsed time: 4.23e+04 || Step number: 6500/30000
[[32m[1m INFO  [21m[0m] longdy = 6.59e-02      || longdy/dt = 6.08e-04  || dt = 3.95e-05
[[32m[1m INFO  [21m[0m] from nz = 6 and C6H5
[[32m[1m INFO  [21m[0m] -----------------------------------------------------------------
[[32m[1m INFO  [21m[0m] Elapsed time: 4.25e+04 || Step number: 6600/30000
[[32m[1m INFO  [21m[0m] longdy = 1.09e-01      || longdy/dt = 5.92e-04  || dt = 1.22e+01
[[32m[1m INFO  [21m[0m] from nz = 6 and C6H5
[[32m[1m INFO  [21m[0m] -----------------------------------------------------------------
[[32m[1m INFO  [21m[0m] Elapsed time: 4.27e+04 || Step number: 6700/30000
[[32m[1m INFO  [21m[0m] longdy = 9.42e-02      || longdy/dt = 5.96e-04  || dt = 6.51e-02
[[32m[1m INFO  [21m[0m] from nz = 6 and C6H5
[[32m[1m INFO  [21m[0m] -----------------------------------------------------------------
[[32m[1m INFO  [21m[0m] Elapsed time: 4.29e+04 || Step number: 6800/30000
[[32m[1m INFO  [21m[0m] longdy = 1.04e-01      || longdy/dt = 5.90e-04  || dt = 3.22e-07
[[32m[1m INFO  [21m[0m] from nz = 6 and C6H5
[[32m[1m INFO  [21m[0m] -----------------------------------------------------------------
[[32m[1m INFO  [21m[0m] Elapsed time: 4.30e+04 || Step number: 6900/30000
[[32m[1m INFO  [21m[0m] longdy = 6.55e-02      || longdy/dt = 6.00e-04  || dt = 2.88e-01
[[32m[1m INFO  [21m[0m] from nz = 6 and C6H5
[[32m[1m INFO  [21m[0m] -----------------------------------------------------------------
[[32m[1m INFO  [21m[0m] Elapsed time: 4.31e+04 || Step number: 7000/30000
[[32m[1m INFO  [21m[0m] longdy = 4.60e-02      || longdy/dt = 6.07e-04  || dt = 1.31e-06
[[32m[1m INFO  [21m[0m] from nz = 6 and C6H5
[[32m[1m INFO  [21m[0m] -----------------------------------------------------------------
[[32m[1m INFO  [21m[0m] Elapsed time: 4.31e+04 || Step number: 7100/30000
[[32m[1m INFO  [21m[0m] longdy = 4.84e-02      || longdy/dt = 6.04e-04  || dt = 3.77e-07
[[32m[1m INFO  [21m[0m] from nz = 6 and C6H5
[[32m[1m INFO  [21m[0m] -----------------------------------------------------------------
[[32m[1m INFO  [21m[0m] Elapsed time: 4.32e+04 || Step number: 7200/30000
[[32m[1m INFO  [21m[0m] longdy = 4.11e-02      || longdy/dt = 6.05e-04  || dt = 1.84e+00
[[32m[1m INFO  [21m[0m] from nz = 6 and C6H5
[[32m[1m INFO  [21m[0m] -----------------------------------------------------------------
[[32m[1m INFO  [21m[0m] Elapsed time: 4.33e+04 || Step number: 7300/30000
[[32m[1m INFO  [21m[0m] longdy = 6.38e-02      || longdy/dt = 5.97e-04  || dt = 1.77e-03
[[32m[1m INFO  [21m[0m] from nz = 6 and C6H5
[[32m[1m INFO  [21m[0m] -----------------------------------------------------------------
[[32m[1m INFO  [21m[0m] Elapsed time: 4.34e+04 || Step number: 7400/30000
[[32m[1m INFO  [21m[0m] longdy = 3.17e-02      || longdy/dt = 6.08e-04  || dt = 1.21e+00
[[32m[1m INFO  [21m[0m] from nz = 6 and C6H5
[[32m[1m INFO  [21m[0m] -----------------------------------------------------------------
[[32m[1m INFO  [21m[0m] Elapsed time: 4.34e+04 || Step number: 7500/30000
[[32m[1m INFO  [21m[0m] longdy = 4.72e-02      || longdy/dt = 6.01e-04  || dt = 8.39e-08
[[32m[1m INFO  [21m[0m] from nz = 6 and C6H5
[[32m[1m INFO  [21m[0m] -----------------------------------------------------------------
[[32m[1m INFO  [21m[0m] Elapsed time: 4.35e+04 || Step number: 7600/30000
[[32m[1m INFO  [21m[0m] longdy = 6.30e-02      || longdy/dt = 5.95e-04  || dt = 1.24e-02
[[32m[1m INFO  [21m[0m] from nz = 6 and C6H5
[[32m[1m INFO  [21m[0m] -----------------------------------------------------------------
[[32m[1m INFO  [21m[0m] Elapsed time: 4.36e+04 || Step number: 7700/30000
[[32m[1m INFO  [21m[0m] longdy = 2.26e-02      || longdy/dt = 6.08e-04  || dt = 1.70e+00
[[32m[1m INFO  [21m[0m] from nz = 6 and C6H5
[[32m[1m INFO  [21m[0m] -----------------------------------------------------------------
[[32m[1m INFO  [21m[0m] Elapsed time: 4.37e+04 || Step number: 7800/30000
[[32m[1m INFO  [21m[0m] longdy = 4.62e-02      || longdy/dt = 5.98e-04  || dt = 4.24e+00
[[32m[1m INFO  [21m[0m] from nz = 6 and C6H5
[[32m[1m INFO  [21m[0m] -----------------------------------------------------------------
[[32m[1m INFO  [21m[0m] Elapsed time: 4.38e+04 || Step number: 7900/30000
[[32m[1m INFO  [21m[0m] longdy = 6.96e-02      || longdy/dt = 5.91e-04  || dt = 1.78e-05
[[32m[1m INFO  [21m[0m] from nz = 6 and C6H5
[[32m[1m INFO  [21m[0m] -----------------------------------------------------------------
[[32m[1m INFO  [21m[0m] Elapsed time: 4.39e+04 || Step number: 8000/30000
[[32m[1m INFO  [21m[0m] longdy = 4.42e-02      || longdy/dt = 5.98e-04  || dt = 4.93e-04
[[32m[1m INFO  [21m[0m] from nz = 6 and C6H5
[[32m[1m INFO  [21m[0m] -----------------------------------------------------------------
[[32m[1m INFO  [21m[0m] Elapsed time: 4.39e+04 || Step number: 8100/30000
[[32m[1m INFO  [21m[0m] longdy = 4.46e-02      || longdy/dt = 5.96e-04  || dt = 6.44e-07
[[32m[1m INFO  [21m[0m] from nz = 6 and C6H5
[[32m[1m INFO  [21m[0m] -----------------------------------------------------------------
[[32m[1m INFO  [21m[0m] Elapsed time: 4.40e+04 || Step number: 8200/30000
[[32m[1m INFO  [21m[0m] longdy = 6.56e-02      || longdy/dt = 5.88e-04  || dt = 5.21e-08
[[32m[1m INFO  [21m[0m] from nz = 6 and C6H5
[[32m[1m INFO  [21m[0m] -----------------------------------------------------------------
[[32m[1m INFO  [21m[0m] Elapsed time: 4.41e+04 || Step number: 8300/30000
[[32m[1m INFO  [21m[0m] longdy = 3.18e-02      || longdy/dt = 5.99e-04  || dt = 4.58e-07
[[32m[1m INFO  [21m[0m] from nz = 6 and C6H5
[[32m[1m INFO  [21m[0m] -----------------------------------------------------------------
[[32m[1m INFO  [21m[0m] Elapsed time: 4.42e+04 || Step number: 8400/30000
[[32m[1m INFO  [21m[0m] longdy = 4.91e-02      || longdy/dt = 5.92e-04  || dt = 7.13e-06
[[32m[1m INFO  [21m[0m] from nz = 6 and C6H5
[[32m[1m INFO  [21m[0m] -----------------------------------------------------------------
[[32m[1m INFO  [21m[0m] Elapsed time: 4.43e+04 || Step number: 8500/30000
[[32m[1m INFO  [21m[0m] longdy = 4.13e-02      || longdy/dt = 5.94e-04  || dt = 8.66e+00
[[32m[1m INFO  [21m[0m] from nz = 6 and C6H5
[[32m[1m INFO  [21m[0m] -----------------------------------------------------------------
[[32m[1m INFO  [21m[0m] Elapsed time: 4.43e+04 || Step number: 8600/30000
[[32m[1m INFO  [21m[0m] longdy = 3.30e-02      || longdy/dt = 5.96e-04  || dt = 6.08e+00
[[32m[1m INFO  [21m[0m] from nz = 6 and C6H5
[[32m[1m INFO  [21m[0m] -----------------------------------------------------------------
[[32m[1m INFO  [21m[0m] Elapsed time: 4.43e+04 || Step number: 8700/30000
[[32m[1m INFO  [21m[0m] longdy = 1.74e-02      || longdy/dt = 6.01e-04  || dt = 5.93e-02
[[32m[1m INFO  [21m[0m] from nz = 6 and C6H5
[[32m[1m INFO  [21m[0m] -----------------------------------------------------------------
[[32m[1m INFO  [21m[0m] Elapsed time: 4.45e+04 || Step number: 8800/30000
[[32m[1m INFO  [21m[0m] longdy = 8.67e-02      || longdy/dt = 5.77e-04  || dt = 2.13e-06
[[32m[1m INFO  [21m[0m] from nz = 6 and C6H5
[[32m[1m INFO  [21m[0m] -----------------------------------------------------------------
[[32m[1m INFO  [21m[0m] Elapsed time: 4.46e+04 || Step number: 8900/30000
[[32m[1m INFO  [21m[0m] longdy = 3.74e-02      || longdy/dt = 5.93e-04  || dt = 4.86e-01
[[32m[1m INFO  [21m[0m] from nz = 6 and C6H5
[[32m[1m INFO  [21m[0m] -----------------------------------------------------------------
[[32m[1m INFO  [21m[0m] Elapsed time: 4.46e+04 || Step number: 9000/30000
[[32m[1m INFO  [21m[0m] longdy = 2.57e-02      || longdy/dt = 5.96e-04  || dt = 1.89e-05
[[32m[1m INFO  [21m[0m] from nz = 6 and C6H5
[[32m[1m INFO  [21m[0m] -----------------------------------------------------------------
[[32m[1m INFO  [21m[0m] Elapsed time: 4.47e+04 || Step number: 9100/30000
[[32m[1m INFO  [21m[0m] longdy = 3.84e-02      || longdy/dt = 5.91e-04  || dt = 3.85e-04
[[32m[1m INFO  [21m[0m] from nz = 6 and C6H5
[[32m[1m INFO  [21m[0m] -----------------------------------------------------------------
[[32m[1m INFO  [21m[0m] Elapsed time: 4.47e+04 || Step number: 9200/30000
[[32m[1m INFO  [21m[0m] longdy = 4.00e-02      || longdy/dt = 5.89e-04  || dt = 5.97e-07
[[32m[1m INFO  [21m[0m] from nz = 6 and C6H5
[[32m[1m INFO  [21m[0m] -----------------------------------------------------------------
[[32m[1m INFO  [21m[0m] Elapsed time: 4.48e+04 || Step number: 9300/30000
[[32m[1m INFO  [21m[0m] longdy = 3.05e-02      || longdy/dt = 5.92e-04  || dt = 1.79e-05
[[32m[1m INFO  [21m[0m] from nz = 6 and C6H5
[[32m[1m INFO  [21m[0m] -----------------------------------------------------------------
[[32m[1m INFO  [21m[0m] Elapsed time: 4.52e+04 || Step number: 9400/30000
[[32m[1m INFO  [21m[0m] longdy = 2.14e-01      || longdy/dt = 5.31e-04  || dt = 1.43e+01
[[32m[1m INFO  [21m[0m] from nz = 6 and C6H5
[[32m[1m INFO  [21m[0m] -----------------------------------------------------------------
[[32m[1m INFO  [21m[0m] Elapsed time: 4.54e+04 || Step number: 9500/30000
[[32m[1m INFO  [21m[0m] longdy = 8.91e-02      || longdy/dt = 5.70e-04  || dt = 5.37e-04
[[32m[1m INFO  [21m[0m] from nz = 6 and C6H5
[[32m[1m INFO  [21m[0m] -----------------------------------------------------------------
[[32m[1m INFO  [21m[0m] Elapsed time: 4.54e+04 || Step number: 9600/30000
[[32m[1m INFO  [21m[0m] longdy = 4.77e-02      || longdy/dt = 5.80e-04  || dt = 1.20e+00
[[32m[1m INFO  [21m[0m] from nz = 6 and C6H5
[[32m[1m INFO  [21m[0m] -----------------------------------------------------------------
[[32m[1m INFO  [21m[0m] Elapsed time: 4.55e+04 || Step number: 9700/30000
[[32m[1m INFO  [21m[0m] longdy = 3.95e-02      || longdy/dt = 5.83e-04  || dt = 2.90e+00
[[32m[1m INFO  [21m[0m] from nz = 6 and C6H5
[[32m[1m INFO  [21m[0m] -----------------------------------------------------------------
[[32m[1m INFO  [21m[0m] Elapsed time: 4.56e+04 || Step number: 9800/30000
[[32m[1m INFO  [21m[0m] longdy = 3.80e-02      || longdy/dt = 5.82e-04  || dt = 5.32e-02
[[32m[1m INFO  [21m[0m] from nz = 6 and C6H5
[[32m[1m INFO  [21m[0m] -----------------------------------------------------------------
[[32m[1m INFO  [21m[0m] Elapsed time: 4.57e+04 || Step number: 9900/30000
[[32m[1m INFO  [21m[0m] longdy = 5.64e-02      || longdy/dt = 5.76e-04  || dt = 2.07e+00
[[32m[1m INFO  [21m[0m] from nz = 6 and C6H5
[[32m[1m INFO  [21m[0m] -----------------------------------------------------------------
[[32m[1m INFO  [21m[0m] Elapsed time: 4.57e+04 || Step number: 10000/30000
[[32m[1m INFO  [21m[0m] longdy = 2.66e-02      || longdy/dt = 5.85e-04  || dt = 4.19e+00
[[32m[1m INFO  [21m[0m] from nz = 6 and C6H5
[[32m[1m INFO  [21m[0m] -----------------------------------------------------------------
[[32m[1m INFO  [21m[0m] Elapsed time: 4.58e+04 || Step number: 10100/30000
[[32m[1m INFO  [21m[0m] longdy = 4.09e-02      || longdy/dt = 5.79e-04  || dt = 1.74e-03
[[32m[1m INFO  [21m[0m] from nz = 6 and C6H5
[[32m[1m INFO  [21m[0m] -----------------------------------------------------------------
[[32m[1m INFO  [21m[0m] Elapsed time: 4.59e+04 || Step number: 10200/30000
[[32m[1m INFO  [21m[0m] longdy = 4.01e-02      || longdy/dt = 5.79e-04  || dt = 6.70e+00
[[32m[1m INFO  [21m[0m] from nz = 6 and C6H5
[[32m[1m INFO  [21m[0m] -----------------------------------------------------------------
[[32m[1m INFO  [21m[0m] Elapsed time: 4.60e+04 || Step number: 10300/30000
[[32m[1m INFO  [21m[0m] longdy = 6.32e-02      || longdy/dt = 5.71e-04  || dt = 1.37e+00
[[32m[1m INFO  [21m[0m] from nz = 6 and C6H5
[[32m[1m INFO  [21m[0m] -----------------------------------------------------------------
[[32m[1m INFO  [21m[0m] Elapsed time: 4.61e+04 || Step number: 10400/30000
[[32m[1m INFO  [21m[0m] longdy = 5.66e-02      || longdy/dt = 5.73e-04  || dt = 2.05e+00
[[32m[1m INFO  [21m[0m] from nz = 6 and C6H5
[[32m[1m INFO  [21m[0m] -----------------------------------------------------------------
[[32m[1m INFO  [21m[0m] Elapsed time: 4.62e+04 || Step number: 10500/30000
[[32m[1m INFO  [21m[0m] longdy = 6.36e-02      || longdy/dt = 5.70e-04  || dt = 5.31e+00
[[32m[1m INFO  [21m[0m] from nz = 6 and C6H5
[[32m[1m INFO  [21m[0m] -----------------------------------------------------------------
[[32m[1m INFO  [21m[0m] Elapsed time: 4.62e+04 || Step number: 10600/30000
[[32m[1m INFO  [21m[0m] longdy = 2.27e-02      || longdy/dt = 5.82e-04  || dt = 2.68e-06
[[32m[1m INFO  [21m[0m] from nz = 6 and C6H5
[[32m[1m INFO  [21m[0m] -----------------------------------------------------------------
[[32m[1m INFO  [21m[0m] Elapsed time: 4.63e+04 || Step number: 10700/30000
[[32m[1m INFO  [21m[0m] longdy = 2.59e-02      || longdy/dt = 5.80e-04  || dt = 1.52e-03
[[32m[1m INFO  [21m[0m] from nz = 6 and C6H5
[[32m[1m INFO  [21m[0m] -----------------------------------------------------------------
[[32m[1m INFO  [21m[0m] Elapsed time: 4.63e+04 || Step number: 10800/30000
[[32m[1m INFO  [21m[0m] longdy = 4.23e-02      || longdy/dt = 5.75e-04  || dt = 1.68e-06
[[32m[1m INFO  [21m[0m] from nz = 6 and C6H5
[[32m[1m INFO  [21m[0m] -----------------------------------------------------------------
[[32m[1m INFO  [21m[0m] Elapsed time: 4.65e+04 || Step number: 10900/30000
[[32m[1m INFO  [21m[0m] longdy = 7.51e-02      || longdy/dt = 5.64e-04  || dt = 7.25e+00
[[32m[1m INFO  [21m[0m] from nz = 6 and C6H5
[[32m[1m INFO  [21m[0m] -----------------------------------------------------------------
[[32m[1m INFO  [21m[0m] Elapsed time: 4.65e+04 || Step number: 11000/30000
[[32m[1m INFO  [21m[0m] longdy = 2.03e-02      || longdy/dt = 5.80e-04  || dt = 4.29e-05
[[32m[1m INFO  [21m[0m] from nz = 6 and C6H5
[[32m[1m INFO  [21m[0m] -----------------------------------------------------------------
[[32m[1m INFO  [21m[0m] Elapsed time: 4.66e+04 || Step number: 11100/30000
[[32m[1m INFO  [21m[0m] longdy = 3.26e-02      || longdy/dt = 5.76e-04  || dt = 4.89e-06
[[32m[1m INFO  [21m[0m] from nz = 6 and C6H5
[[32m[1m INFO  [21m[0m] -----------------------------------------------------------------
[[32m[1m INFO  [21m[0m] Elapsed time: 4.66e+04 || Step number: 11200/30000
[[32m[1m INFO  [21m[0m] longdy = 3.30e-02      || longdy/dt = 5.75e-04  || dt = 6.79e-06
[[32m[1m INFO  [21m[0m] from nz = 6 and C6H5
[[32m[1m INFO  [21m[0m] -----------------------------------------------------------------
[[32m[1m INFO  [21m[0m] Elapsed time: 4.67e+04 || Step number: 11300/30000
[[32m[1m INFO  [21m[0m] longdy = 4.41e-02      || longdy/dt = 5.72e-04  || dt = 6.98e-06
[[32m[1m INFO  [21m[0m] from nz = 6 and C6H5
[[32m[1m INFO  [21m[0m] -----------------------------------------------------------------
[[32m[1m INFO  [21m[0m] Elapsed time: 4.68e+04 || Step number: 11400/30000
[[32m[1m INFO  [21m[0m] longdy = 2.58e-02      || longdy/dt = 5.78e-04  || dt = 2.20e-02
[[32m[1m INFO  [21m[0m] from nz = 6 and C6H5
[[32m[1m INFO  [21m[0m] -----------------------------------------------------------------
[[32m[1m INFO  [21m[0m] Elapsed time: 4.69e+04 || Step number: 11500/30000
[[32m[1m INFO  [21m[0m] longdy = 5.82e-02      || longdy/dt = 5.66e-04  || dt = 1.84e+00
[[32m[1m INFO  [21m[0m] from nz = 6 and C6H5
[[32m[1m INFO  [21m[0m] -----------------------------------------------------------------
[[32m[1m INFO  [21m[0m] Elapsed time: 4.69e+04 || Step number: 11600/30000
[[32m[1m INFO  [21m[0m] longdy = 3.04e-02      || longdy/dt = 5.75e-04  || dt = 3.42e+00
[[32m[1m INFO  [21m[0m] from nz = 6 and C6H5
[[32m[1m INFO  [21m[0m] -----------------------------------------------------------------
[[32m[1m INFO  [21m[0m] Elapsed time: 4.70e+04 || Step number: 11700/30000
[[32m[1m INFO  [21m[0m] longdy = 3.33e-02      || longdy/dt = 5.73e-04  || dt = 4.09e-04
[[32m[1m INFO  [21m[0m] from nz = 6 and C6H5
[[32m[1m INFO  [21m[0m] -----------------------------------------------------------------
[[32m[1m INFO  [21m[0m] Elapsed time: 4.71e+04 || Step number: 11800/30000
[[32m[1m INFO  [21m[0m] longdy = 4.86e-02      || longdy/dt = 5.68e-04  || dt = 5.73e-05
[[32m[1m INFO  [21m[0m] from nz = 6 and C6H5
[[32m[1m INFO  [21m[0m] -----------------------------------------------------------------
[[32m[1m INFO  [21m[0m] Elapsed time: 4.71e+04 || Step number: 11900/30000
[[32m[1m INFO  [21m[0m] longdy = 2.27e-02      || longdy/dt = 5.76e-04  || dt = 4.18e-01
[[32m[1m INFO  [21m[0m] from nz = 6 and C6H5
[[32m[1m INFO  [21m[0m] -----------------------------------------------------------------
[[32m[1m INFO  [21m[0m] Elapsed time: 4.72e+04 || Step number: 12000/30000
[[32m[1m INFO  [21m[0m] longdy = 5.88e-02      || longdy/dt = 5.65e-04  || dt = 1.41e-02
[[32m[1m INFO  [21m[0m] from nz = 6 and C6H5
[[32m[1m INFO  [21m[0m] -----------------------------------------------------------------
[[32m[1m INFO  [21m[0m] Elapsed time: 4.73e+04 || Step number: 12100/30000
[[32m[1m INFO  [21m[0m] longdy = 4.89e-02      || longdy/dt = 5.67e-04  || dt = 1.53e-03
[[32m[1m INFO  [21m[0m] from nz = 6 and C6H5
[[32m[1m INFO  [21m[0m] -----------------------------------------------------------------
[[32m[1m INFO  [21m[0m] Elapsed time: 4.73e+04 || Step number: 12200/30000
[[32m[1m INFO  [21m[0m] longdy = 2.23e-02      || longdy/dt = 5.74e-04  || dt = 9.62e-01
[[32m[1m INFO  [21m[0m] from nz = 6 and C6H5
[[32m[1m INFO  [21m[0m] -----------------------------------------------------------------
[[32m[1m INFO  [21m[0m] Elapsed time: 4.74e+04 || Step number: 12300/30000
[[32m[1m INFO  [21m[0m] longdy = 4.30e-02      || longdy/dt = 5.68e-04  || dt = 4.78e-01
[[32m[1m INFO  [21m[0m] from nz = 6 and C6H5
[[32m[1m INFO  [21m[0m] -----------------------------------------------------------------
[[32m[1m INFO  [21m[0m] Elapsed time: 4.76e+04 || Step number: 12400/30000
[[32m[1m INFO  [21m[0m] longdy = 9.03e-02      || longdy/dt = 5.53e-04  || dt = 7.25e-04
[[32m[1m INFO  [21m[0m] from nz = 6 and C6H5
[[32m[1m INFO  [21m[0m] -----------------------------------------------------------------
[[32m[1m INFO  [21m[0m] Elapsed time: 4.76e+04 || Step number: 12500/30000
[[32m[1m INFO  [21m[0m] longdy = 3.67e-02      || longdy/dt = 5.69e-04  || dt = 6.65e-03
[[32m[1m INFO  [21m[0m] from nz = 6 and C6H5
[[32m[1m INFO  [21m[0m] -----------------------------------------------------------------
[[32m[1m INFO  [21m[0m] Elapsed time: 4.77e+04 || Step number: 12600/30000
[[32m[1m INFO  [21m[0m] longdy = 6.81e-02      || longdy/dt = 5.59e-04  || dt = 2.24e-04
[[32m[1m INFO  [21m[0m] from nz = 6 and C6H5
[[32m[1m INFO  [21m[0m] -----------------------------------------------------------------
[[32m[1m INFO  [21m[0m] Elapsed time: 4.79e+04 || Step number: 12700/30000
[[32m[1m INFO  [21m[0m] longdy = 7.77e-02      || longdy/dt = 5.55e-04  || dt = 9.18e+00
[[32m[1m INFO  [21m[0m] from nz = 6 and C6H5
[[32m[1m INFO  [21m[0m] -----------------------------------------------------------------
[[32m[1m INFO  [21m[0m] Elapsed time: 4.80e+04 || Step number: 12800/30000
[[32m[1m INFO  [21m[0m] longdy = 5.90e-02      || longdy/dt = 5.61e-04  || dt = 1.94e-02
[[32m[1m INFO  [21m[0m] from nz = 6 and C6H5
[[32m[1m INFO  [21m[0m] -----------------------------------------------------------------
[[32m[1m INFO  [21m[0m] Elapsed time: 4.81e+04 || Step number: 12900/30000
[[32m[1m INFO  [21m[0m] longdy = 5.76e-02      || longdy/dt = 5.60e-04  || dt = 1.58e-02
[[32m[1m INFO  [21m[0m] from nz = 6 and C6H5
[[32m[1m INFO  [21m[0m] -----------------------------------------------------------------
[[93m[1m WARNING [21m[0m] Keep producing negative values! Clipping negative solutions and moving on!
[[32m[1m INFO  [21m[0m] Elapsed time: 5.07e+04 || Step number: 13000/30000
[[32m[1m INFO  [21m[0m] longdy = 7.73e-01      || longdy/dt = 2.93e-04  || dt = 3.37e-08
[[32m[1m INFO  [21m[0m] from nz = 6 and C6H5
[[32m[1m INFO  [21m[0m] -----------------------------------------------------------------
[[32m[1m INFO  [21m[0m] Elapsed time: 5.08e+04 || Step number: 13100/30000
[[32m[1m INFO  [21m[0m] longdy = 5.32e-02      || longdy/dt = 3.45e-03  || dt = 2.73e+01
[[32m[1m INFO  [21m[0m] from nz = 20 and NH
[[32m[1m INFO  [21m[0m] -----------------------------------------------------------------
[[93m[1m WARNING [21m[0m] Keep producing negative values! Clipping negative solutions and moving on!
[[32m[1m INFO  [21m[0m] Elapsed time: 5.16e+04 || Step number: 13200/30000
[[32m[1m INFO  [21m[0m] longdy = 3.66e-01      || longdy/dt = 4.54e-04  || dt = 4.74e+01
[[32m[1m INFO  [21m[0m] from nz = 6 and C6H5
[[32m[1m INFO  [21m[0m] -----------------------------------------------------------------
[[93m[1m WARNING [21m[0m] Keep producing negative values! Clipping negative solutions and moving on!
[[93m[1m WARNING [21m[0m] Keep producing negative values! Clipping negative solutions and moving on!
[[93m[1m WARNING [21m[0m] Keep producing negative values! Clipping negative solutions and moving on!
[[32m[1m INFO  [21m[0m] Elapsed time: 5.21e+04 || Step number: 13300/30000
[[32m[1m INFO  [21m[0m] longdy = 2.43e-01      || longdy/dt = 4.90e-04  || dt = 2.24e-04
[[32m[1m INFO  [21m[0m] from nz = 6 and C6H5
[[32m[1m INFO  [21m[0m] -----------------------------------------------------------------
[[32m[1m INFO  [21m[0m] Elapsed time: 5.23e+04 || Step number: 13400/30000
[[32m[1m INFO  [21m[0m] longdy = 1.01e-01      || longdy/dt = 5.35e-04  || dt = 5.69e-03
[[32m[1m INFO  [21m[0m] from nz = 6 and C6H5
[[32m[1m INFO  [21m[0m] -----------------------------------------------------------------
[[32m[1m INFO  [21m[0m] Elapsed time: 5.27e+04 || Step number: 13500/30000
[[32m[1m INFO  [21m[0m] longdy = 1.96e-01      || longdy/dt = 5.02e-04  || dt = 1.47e-01
[[32m[1m INFO  [21m[0m] from nz = 6 and C6H5
[[32m[1m INFO  [21m[0m] -----------------------------------------------------------------
[[32m[1m INFO  [21m[0m] Elapsed time: 5.32e+04 || Step number: 13600/30000
[[32m[1m INFO  [21m[0m] longdy = 2.50e-01      || longdy/dt = 4.83e-04  || dt = 1.24e-07
[[32m[1m INFO  [21m[0m] from nz = 6 and C6H5
[[32m[1m INFO  [21m[0m] -----------------------------------------------------------------
[[32m[1m INFO  [21m[0m] Elapsed time: 5.33e+04 || Step number: 13700/30000
[[32m[1m INFO  [21m[0m] longdy = 8.10e-02      || longdy/dt = 5.30e-04  || dt = 7.93e-03
[[32m[1m INFO  [21m[0m] from nz = 6 and C6H5
[[32m[1m INFO  [21m[0m] -----------------------------------------------------------------
[[32m[1m INFO  [21m[0m] Elapsed time: 5.36e+04 || Step number: 13800/30000
[[32m[1m INFO  [21m[0m] longdy = 1.43e-01      || longdy/dt = 5.10e-04  || dt = 4.35e+00
[[32m[1m INFO  [21m[0m] from nz = 6 and C6H5
[[32m[1m INFO  [21m[0m] -----------------------------------------------------------------
[[32m[1m INFO  [21m[0m] Elapsed time: 5.39e+04 || Step number: 13900/30000
[[32m[1m INFO  [21m[0m] longdy = 1.56e-01      || longdy/dt = 5.03e-04  || dt = 5.44e+00
[[32m[1m INFO  [21m[0m] from nz = 6 and C6H5
[[32m[1m INFO  [21m[0m] -----------------------------------------------------------------
[[32m[1m INFO  [21m[0m] Elapsed time: 5.41e+04 || Step number: 14000/30000
[[32m[1m INFO  [21m[0m] longdy = 9.24e-02      || longdy/dt = 5.18e-04  || dt = 2.04e+00
[[32m[1m INFO  [21m[0m] from nz = 6 and C6H5
[[32m[1m INFO  [21m[0m] -----------------------------------------------------------------
[[32m[1m INFO  [21m[0m] Elapsed time: 5.45e+04 || Step number: 14100/30000
[[32m[1m INFO  [21m[0m] longdy = 1.79e-01      || longdy/dt = 4.90e-04  || dt = 1.55e-04
[[32m[1m INFO  [21m[0m] from nz = 6 and C6H5
[[32m[1m INFO  [21m[0m] -----------------------------------------------------------------
[[32m[1m INFO  [21m[0m] Elapsed time: 5.47e+04 || Step number: 14200/30000
[[32m[1m INFO  [21m[0m] longdy = 9.66e-02      || longdy/dt = 5.09e-04  || dt = 2.84e-07
[[32m[1m INFO  [21m[0m] from nz = 6 and C6H5
[[32m[1m INFO  [21m[0m] -----------------------------------------------------------------
[[32m[1m INFO  [21m[0m] Elapsed time: 5.49e+04 || Step number: 14300/30000
[[32m[1m INFO  [21m[0m] longdy = 1.20e-01      || longdy/dt = 4.99e-04  || dt = 7.91e+00
[[32m[1m INFO  [21m[0m] from nz = 6 and C6H5
[[32m[1m INFO  [21m[0m] -----------------------------------------------------------------
[[32m[1m INFO  [21m[0m] Elapsed time: 5.50e+04 || Step number: 14400/30000
[[32m[1m INFO  [21m[0m] longdy = 6.23e-02      || longdy/dt = 5.12e-04  || dt = 4.43e-03
[[32m[1m INFO  [21m[0m] from nz = 6 and C6H5
[[32m[1m INFO  [21m[0m] -----------------------------------------------------------------
[[32m[1m INFO  [21m[0m] Elapsed time: 5.51e+04 || Step number: 14500/30000
[[32m[1m INFO  [21m[0m] longdy = 2.65e-02      || longdy/dt = 5.20e-04  || dt = 3.68e-04
[[32m[1m INFO  [21m[0m] from nz = 6 and C6H5
[[32m[1m INFO  [21m[0m] -----------------------------------------------------------------
[[32m[1m INFO  [21m[0m] Elapsed time: 5.52e+04 || Step number: 14600/30000
[[32m[1m INFO  [21m[0m] longdy = 3.69e-02      || longdy/dt = 5.15e-04  || dt = 1.63e+00
[[32m[1m INFO  [21m[0m] from nz = 6 and C6H5
[[32m[1m INFO  [21m[0m] -----------------------------------------------------------------
[[32m[1m INFO  [21m[0m] Elapsed time: 5.52e+04 || Step number: 14700/30000
[[32m[1m INFO  [21m[0m] longdy = 2.57e-02      || longdy/dt = 5.18e-04  || dt = 5.59e-01
[[32m[1m INFO  [21m[0m] from nz = 6 and C6H5
[[32m[1m INFO  [21m[0m] -----------------------------------------------------------------
[[32m[1m INFO  [21m[0m] Elapsed time: 5.53e+04 || Step number: 14800/30000
[[32m[1m INFO  [21m[0m] longdy = 1.74e-02      || longdy/dt = 5.19e-04  || dt = 1.23e-05
[[32m[1m INFO  [21m[0m] from nz = 6 and C6H5
[[32m[1m INFO  [21m[0m] -----------------------------------------------------------------
[[32m[1m INFO  [21m[0m] Elapsed time: 5.53e+04 || Step number: 14900/30000
[[32m[1m INFO  [21m[0m] longdy = 3.10e-02      || longdy/dt = 5.14e-04  || dt = 2.72e+00
[[32m[1m INFO  [21m[0m] from nz = 6 and C6H5
[[32m[1m INFO  [21m[0m] -----------------------------------------------------------------
[[32m[1m INFO  [21m[0m] Elapsed time: 5.54e+04 || Step number: 15000/30000
[[32m[1m INFO  [21m[0m] longdy = 2.19e-02      || longdy/dt = 5.15e-04  || dt = 1.84e+00
[[32m[1m INFO  [21m[0m] from nz = 6 and C6H5
[[32m[1m INFO  [21m[0m] -----------------------------------------------------------------
[[32m[1m INFO  [21m[0m] Elapsed time: 5.54e+04 || Step number: 15100/30000
[[32m[1m INFO  [21m[0m] longdy = 2.89e-02      || longdy/dt = 5.13e-04  || dt = 1.88e+00
[[32m[1m INFO  [21m[0m] from nz = 6 and C6H5
[[32m[1m INFO  [21m[0m] -----------------------------------------------------------------
[[32m[1m INFO  [21m[0m] Elapsed time: 5.55e+04 || Step number: 15200/30000
[[32m[1m INFO  [21m[0m] longdy = 2.94e-02      || longdy/dt = 5.11e-04  || dt = 8.21e-02
[[32m[1m INFO  [21m[0m] from nz = 6 and C6H5
[[32m[1m INFO  [21m[0m] -----------------------------------------------------------------
[[32m[1m INFO  [21m[0m] Elapsed time: 5.55e+04 || Step number: 15300/30000
[[32m[1m INFO  [21m[0m] longdy = 2.61e-02      || longdy/dt = 5.11e-04  || dt = 3.07e-03
[[32m[1m INFO  [21m[0m] from nz = 6 and C6H5
[[32m[1m INFO  [21m[0m] -----------------------------------------------------------------
[[32m[1m INFO  [21m[0m] Elapsed time: 5.56e+04 || Step number: 15400/30000
[[32m[1m INFO  [21m[0m] longdy = 2.67e-02      || longdy/dt = 5.10e-04  || dt = 5.68e-05
[[32m[1m INFO  [21m[0m] from nz = 6 and C6H5
[[32m[1m INFO  [21m[0m] -----------------------------------------------------------------
[[32m[1m INFO  [21m[0m] Elapsed time: 5.56e+04 || Step number: 15500/30000
[[32m[1m INFO  [21m[0m] longdy = 1.92e-02      || longdy/dt = 5.11e-04  || dt = 2.13e-04
[[32m[1m INFO  [21m[0m] from nz = 6 and C6H5
[[32m[1m INFO  [21m[0m] -----------------------------------------------------------------
[[32m[1m INFO  [21m[0m] Elapsed time: 5.57e+04 || Step number: 15600/30000
[[32m[1m INFO  [21m[0m] longdy = 2.66e-02      || longdy/dt = 5.08e-04  || dt = 2.47e-05
[[32m[1m INFO  [21m[0m] from nz = 7 and C6H5
[[32m[1m INFO  [21m[0m] -----------------------------------------------------------------
[[32m[1m INFO  [21m[0m] Elapsed time: 5.57e+04 || Step number: 15700/30000
[[32m[1m INFO  [21m[0m] longdy = 2.81e-02      || longdy/dt = 5.08e-04  || dt = 2.39e+00
[[32m[1m INFO  [21m[0m] from nz = 7 and C6H5
[[32m[1m INFO  [21m[0m] -----------------------------------------------------------------
[[32m[1m INFO  [21m[0m] Elapsed time: 5.58e+04 || Step number: 15800/30000
[[32m[1m INFO  [21m[0m] longdy = 1.79e-02      || longdy/dt = 5.12e-04  || dt = 1.94e-06
[[32m[1m INFO  [21m[0m] from nz = 7 and C6H5
[[32m[1m INFO  [21m[0m] -----------------------------------------------------------------
[[32m[1m INFO  [21m[0m] Elapsed time: 5.58e+04 || Step number: 15900/30000
[[32m[1m INFO  [21m[0m] longdy = 1.05e-02      || longdy/dt = 5.13e-04  || dt = 1.02e-02
[[32m[1m INFO  [21m[0m] from nz = 7 and C6H5
[[32m[1m INFO  [21m[0m] -----------------------------------------------------------------
[[32m[1m INFO  [21m[0m] Elapsed time: 5.59e+04 || Step number: 16000/30000
[[32m[1m INFO  [21m[0m] longdy = 3.46e-02      || longdy/dt = 5.06e-04  || dt = 5.32e-05
[[32m[1m INFO  [21m[0m] from nz = 7 and C6H5
[[32m[1m INFO  [21m[0m] -----------------------------------------------------------------
[[32m[1m INFO  [21m[0m] Elapsed time: 5.59e+04 || Step number: 16100/30000
[[32m[1m INFO  [21m[0m] longdy = 1.68e-02      || longdy/dt = 5.12e-04  || dt = 7.14e-03
[[32m[1m INFO  [21m[0m] from nz = 7 and C6H5
[[32m[1m INFO  [21m[0m] -----------------------------------------------------------------
[[32m[1m INFO  [21m[0m] Elapsed time: 5.59e+04 || Step number: 16200/30000
[[32m[1m INFO  [21m[0m] longdy = 2.00e-02      || longdy/dt = 5.09e-04  || dt = 2.40e+00
[[32m[1m INFO  [21m[0m] from nz = 7 and C6H5
[[32m[1m INFO  [21m[0m] -----------------------------------------------------------------
[[32m[1m INFO  [21m[0m] Elapsed time: 5.60e+04 || Step number: 16300/30000
[[32m[1m INFO  [21m[0m] longdy = 1.83e-02      || longdy/dt = 5.11e-04  || dt = 1.67e+00
[[32m[1m INFO  [21m[0m] from nz = 7 and C6H5
[[32m[1m INFO  [21m[0m] -----------------------------------------------------------------
[[32m[1m INFO  [21m[0m] Elapsed time: 5.60e+04 || Step number: 16400/30000
[[32m[1m INFO  [21m[0m] longdy = 1.36e-02      || longdy/dt = 5.11e-04  || dt = 9.60e-05
[[32m[1m INFO  [21m[0m] from nz = 7 and C6H5
[[32m[1m INFO  [21m[0m] -----------------------------------------------------------------
[[32m[1m INFO  [21m[0m] Elapsed time: 5.60e+04 || Step number: 16500/30000
[[32m[1m INFO  [21m[0m] longdy = 2.33e-02      || longdy/dt = 5.08e-04  || dt = 1.61e-04
[[32m[1m INFO  [21m[0m] from nz = 7 and C6H5
[[32m[1m INFO  [21m[0m] -----------------------------------------------------------------
[[32m[1m INFO  [21m[0m] Elapsed time: 5.61e+04 || Step number: 16600/30000
[[32m[1m INFO  [21m[0m] longdy = 1.23e-02      || longdy/dt = 5.13e-04  || dt = 2.54e-01
[[32m[1m INFO  [21m[0m] from nz = 7 and C6H5
[[32m[1m INFO  [21m[0m] -----------------------------------------------------------------
[[32m[1m INFO  [21m[0m] Elapsed time: 5.61e+04 || Step number: 16700/30000
[[32m[1m INFO  [21m[0m] longdy = 1.46e-02      || longdy/dt = 5.10e-04  || dt = 1.47e+00
[[32m[1m INFO  [21m[0m] from nz = 7 and C6H5
[[32m[1m INFO  [21m[0m] -----------------------------------------------------------------
[[32m[1m INFO  [21m[0m] Elapsed time: 5.61e+04 || Step number: 16800/30000
[[32m[1m INFO  [21m[0m] longdy = 2.17e-02      || longdy/dt = 5.09e-04  || dt = 2.10e-07
[[32m[1m INFO  [21m[0m] from nz = 7 and C6H5
[[32m[1m INFO  [21m[0m] -----------------------------------------------------------------
[[93m[1m WARNING [21m[0m] Keep producing negative values! Clipping negative solutions and moving on!
[[32m[1m INFO  [21m[0m] Elapsed time: 5.62e+04 || Step number: 16900/30000
[[32m[1m INFO  [21m[0m] longdy = 1.51e-02      || longdy/dt = 5.10e-04  || dt = 9.69e-06
[[32m[1m INFO  [21m[0m] from nz = 7 and C6H5
[[32m[1m INFO  [21m[0m] -----------------------------------------------------------------
[[32m[1m INFO  [21m[0m] Elapsed time: 5.62e+04 || Step number: 17000/30000
[[32m[1m INFO  [21m[0m] longdy = 1.15e-02      || longdy/dt = 5.12e-04  || dt = 9.48e-02
[[32m[1m INFO  [21m[0m] from nz = 7 and C6H5
[[32m[1m INFO  [21m[0m] -----------------------------------------------------------------
[[32m[1m INFO  [21m[0m] Elapsed time: 5.62e+04 || Step number: 17100/30000
[[32m[1m INFO  [21m[0m] longdy = 2.16e-02      || longdy/dt = 5.08e-04  || dt = 2.60e+00
[[32m[1m INFO  [21m[0m] from nz = 7 and C6H5
[[32m[1m INFO  [21m[0m] -----------------------------------------------------------------
[[93m[1m WARNING [21m[0m] Keep producing negative values! Clipping negative solutions and moving on!
[[32m[1m INFO  [21m[0m] Elapsed time: 5.63e+04 || Step number: 17200/30000
[[32m[1m INFO  [21m[0m] longdy = 2.22e-02      || longdy/dt = 5.08e-04  || dt = 3.65e-08
[[32m[1m INFO  [21m[0m] from nz = 7 and C6H5
[[32m[1m INFO  [21m[0m] -----------------------------------------------------------------
[[32m[1m INFO  [21m[0m] Elapsed time: 5.63e+04 || Step number: 17300/30000
[[32m[1m INFO  [21m[0m] longdy = 2.13e-02      || longdy/dt = 5.08e-04  || dt = 5.07e+00
[[32m[1m INFO  [21m[0m] from nz = 7 and C6H5
[[32m[1m INFO  [21m[0m] -----------------------------------------------------------------
[[93m[1m WARNING [21m[0m] Keep producing negative values! Clipping negative solutions and moving on!
[[32m[1m INFO  [21m[0m] Elapsed time: 5.64e+04 || Step number: 17400/30000
[[32m[1m INFO  [21m[0m] longdy = 2.83e-02      || longdy/dt = 5.06e-04  || dt = 1.16e-02
[[32m[1m INFO  [21m[0m] from nz = 7 and C6H5
[[32m[1m INFO  [21m[0m] -----------------------------------------------------------------
[[32m[1m INFO  [21m[0m] Elapsed time: 5.64e+04 || Step number: 17500/30000
[[32m[1m INFO  [21m[0m] longdy = 1.33e-02      || longdy/dt = 5.10e-04  || dt = 1.75e+00
[[32m[1m INFO  [21m[0m] from nz = 7 and C6H5
[[32m[1m INFO  [21m[0m] -----------------------------------------------------------------
[[32m[1m INFO  [21m[0m] Elapsed time: 5.64e+04 || Step number: 17600/30000
[[32m[1m INFO  [21m[0m] longdy = 1.85e-02      || longdy/dt = 5.08e-04  || dt = 2.89e+00
[[32m[1m INFO  [21m[0m] from nz = 7 and C6H5
[[32m[1m INFO  [21m[0m] -----------------------------------------------------------------
[[32m[1m INFO  [21m[0m] Elapsed time: 5.65e+04 || Step number: 17700/30000
[[32m[1m INFO  [21m[0m] longdy = 2.25e-02      || longdy/dt = 5.07e-04  || dt = 3.75e-02
[[32m[1m INFO  [21m[0m] from nz = 7 and C6H5
[[32m[1m INFO  [21m[0m] -----------------------------------------------------------------
[[32m[1m INFO  [21m[0m] Elapsed time: 5.65e+04 || Step number: 17800/30000
[[32m[1m INFO  [21m[0m] longdy = 2.22e-02      || longdy/dt = 5.06e-04  || dt = 6.73e-03
[[32m[1m INFO  [21m[0m] from nz = 7 and C6H5
[[32m[1m INFO  [21m[0m] -----------------------------------------------------------------
[[93m[1m WARNING [21m[0m] Keep producing negative values! Clipping negative solutions and moving on!
[[32m[1m INFO  [21m[0m] Elapsed time: 5.66e+04 || Step number: 17900/30000
[[32m[1m INFO  [21m[0m] longdy = 2.61e-02      || longdy/dt = 5.06e-04  || dt = 4.62e-05
[[32m[1m INFO  [21m[0m] from nz = 7 and C6H5
[[32m[1m INFO  [21m[0m] -----------------------------------------------------------------
[[32m[1m INFO  [21m[0m] Elapsed time: 5.66e+04 || Step number: 18000/30000
[[32m[1m INFO  [21m[0m] longdy = 2.55e-02      || longdy/dt = 5.06e-04  || dt = 3.74e-07
[[32m[1m INFO  [21m[0m] from nz = 7 and C6H5
[[32m[1m INFO  [21m[0m] -----------------------------------------------------------------
[[32m[1m INFO  [21m[0m] Elapsed time: 5.66e+04 || Step number: 18100/30000
[[32m[1m INFO  [21m[0m] longdy = 6.24e-03      || longdy/dt = 5.14e-04  || dt = 1.26e-02
[[32m[1m INFO  [21m[0m] from nz = 7 and C6H5
[[32m[1m INFO  [21m[0m] -----------------------------------------------------------------
[[32m[1m INFO  [21m[0m] Elapsed time: 5.67e+04 || Step number: 18200/30000
[[32m[1m INFO  [21m[0m] longdy = 1.41e-02      || longdy/dt = 5.08e-04  || dt = 5.50e-01
[[32m[1m INFO  [21m[0m] from nz = 7 and C6H5
[[32m[1m INFO  [21m[0m] -----------------------------------------------------------------
[[32m[1m INFO  [21m[0m] Elapsed time: 5.67e+04 || Step number: 18300/30000
[[32m[1m INFO  [21m[0m] longdy = 3.82e-02      || longdy/dt = 5.02e-04  || dt = 7.91e-06
[[32m[1m INFO  [21m[0m] from nz = 7 and C6H5
[[32m[1m INFO  [21m[0m] -----------------------------------------------------------------
[[32m[1m INFO  [21m[0m] Elapsed time: 5.68e+04 || Step number: 18400/30000
[[32m[1m INFO  [21m[0m] longdy = 1.19e-02      || longdy/dt = 5.11e-04  || dt = 1.40e-04
[[32m[1m INFO  [21m[0m] from nz = 7 and C6H5
[[32m[1m INFO  [21m[0m] -----------------------------------------------------------------
[[32m[1m INFO  [21m[0m] Elapsed time: 5.68e+04 || Step number: 18500/30000
[[32m[1m INFO  [21m[0m] longdy = 2.88e-02      || longdy/dt = 5.03e-04  || dt = 3.94e+00
[[32m[1m INFO  [21m[0m] from nz = 7 and C6H5
[[32m[1m INFO  [21m[0m] -----------------------------------------------------------------
[[32m[1m INFO  [21m[0m] Elapsed time: 5.69e+04 || Step number: 18600/30000
[[32m[1m INFO  [21m[0m] longdy = 2.08e-02      || longdy/dt = 5.07e-04  || dt = 4.01e-08
[[32m[1m INFO  [21m[0m] from nz = 7 and C6H5
[[32m[1m INFO  [21m[0m] -----------------------------------------------------------------
[[32m[1m INFO  [21m[0m] Elapsed time: 5.69e+04 || Step number: 18700/30000
[[32m[1m INFO  [21m[0m] longdy = 1.57e-02      || longdy/dt = 5.07e-04  || dt = 2.25e-07
[[32m[1m INFO  [21m[0m] from nz = 7 and C6H5
[[32m[1m INFO  [21m[0m] -----------------------------------------------------------------
[[32m[1m INFO  [21m[0m] Elapsed time: 5.69e+04 || Step number: 18800/30000
[[32m[1m INFO  [21m[0m] longdy = 2.06e-02      || longdy/dt = 5.05e-04  || dt = 3.49e-07
[[32m[1m INFO  [21m[0m] from nz = 7 and C6H5
[[32m[1m INFO  [21m[0m] -----------------------------------------------------------------
[[32m[1m INFO  [21m[0m] Elapsed time: 5.70e+04 || Step number: 18900/30000
[[32m[1m INFO  [21m[0m] longdy = 2.10e-02      || longdy/dt = 5.06e-04  || dt = 2.88e+00
[[32m[1m INFO  [21m[0m] from nz = 7 and C6H5
[[32m[1m INFO  [21m[0m] -----------------------------------------------------------------
[[32m[1m INFO  [21m[0m] Elapsed time: 5.70e+04 || Step number: 19000/30000
[[32m[1m INFO  [21m[0m] longdy = 2.33e-02      || longdy/dt = 5.05e-04  || dt = 1.16e-01
[[32m[1m INFO  [21m[0m] from nz = 7 and C6H5
[[32m[1m INFO  [21m[0m] -----------------------------------------------------------------
[[93m[1m WARNING [21m[0m] Keep producing negative values! Clipping negative solutions and moving on!
[[32m[1m INFO  [21m[0m] Elapsed time: 5.71e+04 || Step number: 19100/30000
[[32m[1m INFO  [21m[0m] longdy = 3.51e-02      || longdy/dt = 5.01e-04  || dt = 1.63e-07
[[32m[1m INFO  [21m[0m] from nz = 7 and C6H5
[[32m[1m INFO  [21m[0m] -----------------------------------------------------------------
[[32m[1m INFO  [21m[0m] Elapsed time: 5.71e+04 || Step number: 19200/30000
[[32m[1m INFO  [21m[0m] longdy = 1.49e-02      || longdy/dt = 5.08e-04  || dt = 5.51e-04
[[32m[1m INFO  [21m[0m] from nz = 7 and C6H5
[[32m[1m INFO  [21m[0m] -----------------------------------------------------------------
[[93m[1m WARNING [21m[0m] Keep producing negative values! Clipping negative solutions and moving on!
[[32m[1m INFO  [21m[0m] Elapsed time: 5.72e+04 || Step number: 19300/30000
[[32m[1m INFO  [21m[0m] longdy = 1.13e-02      || longdy/dt = 5.09e-04  || dt = 6.00e-02
[[32m[1m INFO  [21m[0m] from nz = 7 and C6H5
[[32m[1m INFO  [21m[0m] -----------------------------------------------------------------
[[32m[1m INFO  [21m[0m] Elapsed time: 5.72e+04 || Step number: 19400/30000
[[32m[1m INFO  [21m[0m] longdy = 1.74e-02      || longdy/dt = 5.06e-04  || dt = 1.90e+00
[[32m[1m INFO  [21m[0m] from nz = 7 and C6H5
[[32m[1m INFO  [21m[0m] -----------------------------------------------------------------
[[32m[1m INFO  [21m[0m] Elapsed time: 5.73e+04 || Step number: 19500/30000
[[32m[1m INFO  [21m[0m] longdy = 3.33e-02      || longdy/dt = 5.01e-04  || dt = 4.00e+00
[[32m[1m INFO  [21m[0m] from nz = 7 and C6H5
[[32m[1m INFO  [21m[0m] -----------------------------------------------------------------
[[32m[1m INFO  [21m[0m] Elapsed time: 5.73e+04 || Step number: 19600/30000
[[32m[1m INFO  [21m[0m] longdy = 1.61e-02      || longdy/dt = 5.07e-04  || dt = 1.83e-08
[[32m[1m INFO  [21m[0m] from nz = 7 and C6H5
[[32m[1m INFO  [21m[0m] -----------------------------------------------------------------
[[32m[1m INFO  [21m[0m] Elapsed time: 5.73e+04 || Step number: 19700/30000
[[32m[1m INFO  [21m[0m] longdy = 2.22e-02      || longdy/dt = 5.04e-04  || dt = 3.12e-08
[[32m[1m INFO  [21m[0m] from nz = 7 and C6H5
[[32m[1m INFO  [21m[0m] -----------------------------------------------------------------
[[32m[1m INFO  [21m[0m] Elapsed time: 5.74e+04 || Step number: 19800/30000
[[32m[1m INFO  [21m[0m] longdy = 2.72e-02      || longdy/dt = 5.02e-04  || dt = 1.89e+00
[[32m[1m INFO  [21m[0m] from nz = 7 and C6H5
[[32m[1m INFO  [21m[0m] -----------------------------------------------------------------
[[32m[1m INFO  [21m[0m] Elapsed time: 5.74e+04 || Step number: 19900/30000
[[32m[1m INFO  [21m[0m] longdy = 1.98e-02      || longdy/dt = 5.06e-04  || dt = 4.67e-03
[[32m[1m INFO  [21m[0m] from nz = 7 and C6H5
[[32m[1m INFO  [21m[0m] -----------------------------------------------------------------
[[93m[1m WARNING [21m[0m] Keep producing negative values! Clipping negative solutions and moving on!
[[32m[1m INFO  [21m[0m] Elapsed time: 5.75e+04 || Step number: 20000/30000
[[32m[1m INFO  [21m[0m] longdy = 2.13e-02      || longdy/dt = 5.04e-04  || dt = 2.52e-05
[[32m[1m INFO  [21m[0m] from nz = 7 and C6H5
[[32m[1m INFO  [21m[0m] -----------------------------------------------------------------
[[32m[1m INFO  [21m[0m] Elapsed time: 5.75e+04 || Step number: 20100/30000
[[32m[1m INFO  [21m[0m] longdy = 2.43e-02      || longdy/dt = 5.03e-04  || dt = 6.96e-05
[[32m[1m INFO  [21m[0m] from nz = 7 and C6H5
[[32m[1m INFO  [21m[0m] -----------------------------------------------------------------
[[32m[1m INFO  [21m[0m] Elapsed time: 5.76e+04 || Step number: 20200/30000
[[32m[1m INFO  [21m[0m] longdy = 2.16e-02      || longdy/dt = 5.04e-04  || dt = 7.56e-04
[[32m[1m INFO  [21m[0m] from nz = 7 and C6H5
[[32m[1m INFO  [21m[0m] -----------------------------------------------------------------
[[32m[1m INFO  [21m[0m] Elapsed time: 5.76e+04 || Step number: 20300/30000
[[32m[1m INFO  [21m[0m] longdy = 1.75e-02      || longdy/dt = 5.04e-04  || dt = 2.68e+00
[[32m[1m INFO  [21m[0m] from nz = 7 and C6H5
[[32m[1m INFO  [21m[0m] -----------------------------------------------------------------
[[32m[1m INFO  [21m[0m] Elapsed time: 5.76e+04 || Step number: 20400/30000
[[32m[1m INFO  [21m[0m] longdy = 1.84e-02      || longdy/dt = 5.04e-04  || dt = 6.65e-01
[[32m[1m INFO  [21m[0m] from nz = 7 and C6H5
[[32m[1m INFO  [21m[0m] -----------------------------------------------------------------
[[32m[1m INFO  [21m[0m] Elapsed time: 5.77e+04 || Step number: 20500/30000
[[32m[1m INFO  [21m[0m] longdy = 2.32e-02      || longdy/dt = 5.03e-04  || dt = 7.26e-03
[[32m[1m INFO  [21m[0m] from nz = 7 and C6H5
[[32m[1m INFO  [21m[0m] -----------------------------------------------------------------
[[32m[1m INFO  [21m[0m] Elapsed time: 5.77e+04 || Step number: 20600/30000
[[32m[1m INFO  [21m[0m] longdy = 1.35e-02      || longdy/dt = 5.05e-04  || dt = 2.57e-01
[[32m[1m INFO  [21m[0m] from nz = 7 and C6H5
[[32m[1m INFO  [21m[0m] -----------------------------------------------------------------
[[32m[1m INFO  [21m[0m] Elapsed time: 5.77e+04 || Step number: 20700/30000
[[32m[1m INFO  [21m[0m] longdy = 1.43e-02      || longdy/dt = 5.05e-04  || dt = 2.36e+00
[[32m[1m INFO  [21m[0m] from nz = 7 and C6H5
[[32m[1m INFO  [21m[0m] -----------------------------------------------------------------
[[32m[1m INFO  [21m[0m] Elapsed time: 5.78e+04 || Step number: 20800/30000
[[32m[1m INFO  [21m[0m] longdy = 1.60e-02      || longdy/dt = 5.05e-04  || dt = 1.25e-07
[[32m[1m INFO  [21m[0m] from nz = 7 and C6H5
[[32m[1m INFO  [21m[0m] -----------------------------------------------------------------
[[32m[1m INFO  [21m[0m] Elapsed time: 5.78e+04 || Step number: 20900/30000
[[32m[1m INFO  [21m[0m] longdy = 2.50e-02      || longdy/dt = 5.01e-04  || dt = 6.94e-05
[[32m[1m INFO  [21m[0m] from nz = 7 and C6H5
[[32m[1m INFO  [21m[0m] -----------------------------------------------------------------
[[32m[1m INFO  [21m[0m] Elapsed time: 5.79e+04 || Step number: 21000/30000
[[32m[1m INFO  [21m[0m] longdy = 1.98e-02      || longdy/dt = 5.04e-04  || dt = 3.01e-06
[[32m[1m INFO  [21m[0m] from nz = 7 and C6H5
[[32m[1m INFO  [21m[0m] -----------------------------------------------------------------
[[93m[1m WARNING [21m[0m] Keep producing negative values! Clipping negative solutions and moving on!
[[32m[1m INFO  [21m[0m] Elapsed time: 5.79e+04 || Step number: 21100/30000
[[32m[1m INFO  [21m[0m] longdy = 1.77e-02      || longdy/dt = 5.04e-04  || dt = 3.24e-08
[[32m[1m INFO  [21m[0m] from nz = 7 and C6H5
[[32m[1m INFO  [21m[0m] -----------------------------------------------------------------
[[32m[1m INFO  [21m[0m] Elapsed time: 5.79e+04 || Step number: 21200/30000
[[32m[1m INFO  [21m[0m] longdy = 1.62e-02      || longdy/dt = 5.03e-04  || dt = 2.00e+00
[[32m[1m INFO  [21m[0m] from nz = 7 and C6H5
[[32m[1m INFO  [21m[0m] -----------------------------------------------------------------
[[32m[1m INFO  [21m[0m] Elapsed time: 5.80e+04 || Step number: 21300/30000
[[32m[1m INFO  [21m[0m] longdy = 2.08e-02      || longdy/dt = 5.03e-04  || dt = 2.51e+00
[[32m[1m INFO  [21m[0m] from nz = 7 and C6H5
[[32m[1m INFO  [21m[0m] -----------------------------------------------------------------
[[32m[1m INFO  [21m[0m] Elapsed time: 5.80e+04 || Step number: 21400/30000
[[32m[1m INFO  [21m[0m] longdy = 1.65e-02      || longdy/dt = 5.03e-04  || dt = 4.72e+00
[[32m[1m INFO  [21m[0m] from nz = 7 and C6H5
[[32m[1m INFO  [21m[0m] -----------------------------------------------------------------
[[32m[1m INFO  [21m[0m] Elapsed time: 5.80e+04 || Step number: 21500/30000
[[32m[1m INFO  [21m[0m] longdy = 1.35e-02      || longdy/dt = 5.06e-04  || dt = 9.68e-07
[[32m[1m INFO  [21m[0m] from nz = 7 and C6H5
[[32m[1m INFO  [21m[0m] -----------------------------------------------------------------
[[32m[1m INFO  [21m[0m] Elapsed time: 5.81e+04 || Step number: 21600/30000
[[32m[1m INFO  [21m[0m] longdy = 2.15e-02      || longdy/dt = 5.01e-04  || dt = 1.30e-07
[[32m[1m INFO  [21m[0m] from nz = 7 and C6H5
[[32m[1m INFO  [21m[0m] -----------------------------------------------------------------
[[93m[1m WARNING [21m[0m] Keep producing negative values! Clipping negative solutions and moving on!
[[32m[1m INFO  [21m[0m] Elapsed time: 5.81e+04 || Step number: 21700/30000
[[32m[1m INFO  [21m[0m] longdy = 1.20e-02      || longdy/dt = 5.05e-04  || dt = 4.30e-06
[[32m[1m INFO  [21m[0m] from nz = 7 and C6H5
[[32m[1m INFO  [21m[0m] -----------------------------------------------------------------
[[32m[1m INFO  [21m[0m] Elapsed time: 5.81e+04 || Step number: 21800/30000
[[32m[1m INFO  [21m[0m] longdy = 1.40e-02      || longdy/dt = 5.04e-04  || dt = 6.39e-06
[[32m[1m INFO  [21m[0m] from nz = 7 and C6H5
[[32m[1m INFO  [21m[0m] -----------------------------------------------------------------
[[32m[1m INFO  [21m[0m] Elapsed time: 5.82e+04 || Step number: 21900/30000
[[32m[1m INFO  [21m[0m] longdy = 2.60e-02      || longdy/dt = 5.00e-04  || dt = 2.90e-08
[[32m[1m INFO  [21m[0m] from nz = 7 and C6H5
[[32m[1m INFO  [21m[0m] -----------------------------------------------------------------
[[32m[1m INFO  [21m[0m] Elapsed time: 5.82e+04 || Step number: 22000/30000
[[32m[1m INFO  [21m[0m] longdy = 1.36e-02      || longdy/dt = 5.05e-04  || dt = 2.97e+00
[[32m[1m INFO  [21m[0m] from nz = 7 and C6H5
[[32m[1m INFO  [21m[0m] -----------------------------------------------------------------
[[32m[1m INFO  [21m[0m] Elapsed time: 5.82e+04 || Step number: 22100/30000
[[32m[1m INFO  [21m[0m] longdy = 1.92e-02      || longdy/dt = 5.01e-04  || dt = 1.84e+00
[[32m[1m INFO  [21m[0m] from nz = 7 and C6H5
[[32m[1m INFO  [21m[0m] -----------------------------------------------------------------
[[32m[1m INFO  [21m[0m] Elapsed time: 5.83e+04 || Step number: 22200/30000
[[32m[1m INFO  [21m[0m] longdy = 1.66e-02      || longdy/dt = 5.03e-04  || dt = 2.07e+00
[[32m[1m INFO  [21m[0m] from nz = 7 and C6H5
[[32m[1m INFO  [21m[0m] -----------------------------------------------------------------
[[32m[1m INFO  [21m[0m] Elapsed time: 5.83e+04 || Step number: 22300/30000
[[32m[1m INFO  [21m[0m] longdy = 3.16e-02      || longdy/dt = 4.98e-04  || dt = 5.69e-06
[[32m[1m INFO  [21m[0m] from nz = 7 and C6H5
[[32m[1m INFO  [21m[0m] -----------------------------------------------------------------
[[32m[1m INFO  [21m[0m] Elapsed time: 5.84e+04 || Step number: 22400/30000
[[32m[1m INFO  [21m[0m] longdy = 1.33e-02      || longdy/dt = 5.04e-04  || dt = 6.72e-06
[[32m[1m INFO  [21m[0m] from nz = 7 and C6H5
[[32m[1m INFO  [21m[0m] -----------------------------------------------------------------
[[32m[1m INFO  [21m[0m] Elapsed time: 5.84e+04 || Step number: 22500/30000
[[32m[1m INFO  [21m[0m] longdy = 2.45e-02      || longdy/dt = 4.99e-04  || dt = 1.70e+00
[[32m[1m INFO  [21m[0m] from nz = 7 and C6H5
[[32m[1m INFO  [21m[0m] -----------------------------------------------------------------
[[32m[1m INFO  [21m[0m] Elapsed time: 5.84e+04 || Step number: 22600/30000
[[32m[1m INFO  [21m[0m] longdy = 8.20e-03      || longdy/dt = 5.08e-04  || dt = 1.22e-02
[[32m[1m INFO  [21m[0m] from nz = 7 and C6H5
[[32m[1m INFO  [21m[0m] -----------------------------------------------------------------
[[32m[1m INFO  [21m[0m] Elapsed time: 5.85e+04 || Step number: 22700/30000
[[32m[1m INFO  [21m[0m] longdy = 1.37e-02      || longdy/dt = 5.03e-04  || dt = 5.66e-06
[[32m[1m INFO  [21m[0m] from nz = 7 and C6H5
[[32m[1m INFO  [21m[0m] -----------------------------------------------------------------
[[32m[1m INFO  [21m[0m] Elapsed time: 5.85e+04 || Step number: 22800/30000
[[32m[1m INFO  [21m[0m] longdy = 1.95e-02      || longdy/dt = 5.00e-04  || dt = 3.72e+00
[[32m[1m INFO  [21m[0m] from nz = 7 and C6H5
[[32m[1m INFO  [21m[0m] -----------------------------------------------------------------
[[32m[1m INFO  [21m[0m] Elapsed time: 5.86e+04 || Step number: 22900/30000
[[32m[1m INFO  [21m[0m] longdy = 2.14e-02      || longdy/dt = 5.01e-04  || dt = 2.54e+00
[[32m[1m INFO  [21m[0m] from nz = 7 and C6H5
[[32m[1m INFO  [21m[0m] -----------------------------------------------------------------
[[93m[1m WARNING [21m[0m] Keep producing negative values! Clipping negative solutions and moving on!
[[32m[1m INFO  [21m[0m] Elapsed time: 5.86e+04 || Step number: 23000/30000
[[32m[1m INFO  [21m[0m] longdy = 1.84e-02      || longdy/dt = 5.00e-04  || dt = 1.91e+00
[[32m[1m INFO  [21m[0m] from nz = 7 and C6H5
[[32m[1m INFO  [21m[0m] -----------------------------------------------------------------
[[32m[1m INFO  [21m[0m] Elapsed time: 5.86e+04 || Step number: 23100/30000
[[32m[1m INFO  [21m[0m] longdy = 1.95e-02      || longdy/dt = 5.02e-04  || dt = 1.07e-01
[[32m[1m INFO  [21m[0m] from nz = 7 and C6H5
[[32m[1m INFO  [21m[0m] -----------------------------------------------------------------
[[32m[1m INFO  [21m[0m] Elapsed time: 5.86e+04 || Step number: 23200/30000
[[32m[1m INFO  [21m[0m] longdy = 9.83e-03      || longdy/dt = 5.03e-04  || dt = 6.66e-04
[[32m[1m INFO  [21m[0m] from nz = 7 and C6H5
[[32m[1m INFO  [21m[0m] -----------------------------------------------------------------
[[93m[1m WARNING [21m[0m] Keep producing negative values! Clipping negative solutions and moving on!
[[32m[1m INFO  [21m[0m] Elapsed time: 5.87e+04 || Step number: 23300/30000
[[32m[1m INFO  [21m[0m] longdy = 2.49e-02      || longdy/dt = 4.99e-04  || dt = 8.07e-06
[[32m[1m INFO  [21m[0m] from nz = 7 and C6H5
[[32m[1m INFO  [21m[0m] -----------------------------------------------------------------
[[32m[1m INFO  [21m[0m] Elapsed time: 5.87e+04 || Step number: 23400/30000
[[32m[1m INFO  [21m[0m] longdy = 1.90e-02      || longdy/dt = 5.01e-04  || dt = 7.66e-08
[[32m[1m INFO  [21m[0m] from nz = 7 and C6H5
[[32m[1m INFO  [21m[0m] -----------------------------------------------------------------
[[32m[1m INFO  [21m[0m] Elapsed time: 5.88e+04 || Step number: 23500/30000
[[32m[1m INFO  [21m[0m] longdy = 9.26e-03      || longdy/dt = 5.04e-04  || dt = 2.08e-05
[[32m[1m INFO  [21m[0m] from nz = 7 and C6H5
[[32m[1m INFO  [21m[0m] -----------------------------------------------------------------
[[32m[1m INFO  [21m[0m] Elapsed time: 5.88e+04 || Step number: 23600/30000
[[32m[1m INFO  [21m[0m] longdy = 1.81e-02      || longdy/dt = 5.01e-04  || dt = 3.65e-05
[[32m[1m INFO  [21m[0m] from nz = 7 and C6H5
[[32m[1m INFO  [21m[0m] -----------------------------------------------------------------
[[32m[1m INFO  [21m[0m] Elapsed time: 5.88e+04 || Step number: 23700/30000
[[32m[1m INFO  [21m[0m] longdy = 2.24e-02      || longdy/dt = 4.99e-04  || dt = 3.31e-07
[[32m[1m INFO  [21m[0m] from nz = 7 and C6H5
[[32m[1m INFO  [21m[0m] -----------------------------------------------------------------
[[32m[1m INFO  [21m[0m] Elapsed time: 5.89e+04 || Step number: 23800/30000
[[32m[1m INFO  [21m[0m] longdy = 1.09e-02      || longdy/dt = 5.04e-04  || dt = 2.98e-03
[[32m[1m INFO  [21m[0m] from nz = 7 and C6H5
[[32m[1m INFO  [21m[0m] -----------------------------------------------------------------
[[32m[1m INFO  [21m[0m] Elapsed time: 5.89e+04 || Step number: 23900/30000
[[32m[1m INFO  [21m[0m] longdy = 2.88e-02      || longdy/dt = 4.97e-04  || dt = 8.58e-08
[[32m[1m INFO  [21m[0m] from nz = 7 and C6H5
[[32m[1m INFO  [21m[0m] -----------------------------------------------------------------
[[32m[1m INFO  [21m[0m] Elapsed time: 5.90e+04 || Step number: 24000/30000
[[32m[1m INFO  [21m[0m] longdy = 1.83e-02      || longdy/dt = 5.00e-04  || dt = 1.61e+00
[[32m[1m INFO  [21m[0m] from nz = 7 and C6H5
[[32m[1m INFO  [21m[0m] -----------------------------------------------------------------
[[32m[1m INFO  [21m[0m] Elapsed time: 5.90e+04 || Step number: 24100/30000
[[32m[1m INFO  [21m[0m] longdy = 1.63e-02      || longdy/dt = 5.01e-04  || dt = 2.61e-01
[[32m[1m INFO  [21m[0m] from nz = 7 and C6H5
[[32m[1m INFO  [21m[0m] -----------------------------------------------------------------
[[32m[1m INFO  [21m[0m] Elapsed time: 5.90e+04 || Step number: 24200/30000
[[32m[1m INFO  [21m[0m] longdy = 1.58e-02      || longdy/dt = 5.01e-04  || dt = 5.14e-01
[[32m[1m INFO  [21m[0m] from nz = 7 and C6H5
[[32m[1m INFO  [21m[0m] -----------------------------------------------------------------
[[32m[1m INFO  [21m[0m] Elapsed time: 5.91e+04 || Step number: 24300/30000
[[32m[1m INFO  [21m[0m] longdy = 1.89e-02      || longdy/dt = 5.00e-04  || dt = 6.59e-01
[[32m[1m INFO  [21m[0m] from nz = 7 and C6H5
[[32m[1m INFO  [21m[0m] -----------------------------------------------------------------
[[32m[1m INFO  [21m[0m] Elapsed time: 5.91e+04 || Step number: 24400/30000
[[32m[1m INFO  [21m[0m] longdy = 2.91e-02      || longdy/dt = 4.96e-04  || dt = 2.52e-06
[[32m[1m INFO  [21m[0m] from nz = 7 and C6H5
[[32m[1m INFO  [21m[0m] -----------------------------------------------------------------
[[32m[1m INFO  [21m[0m] Elapsed time: 5.91e+04 || Step number: 24500/30000
[[32m[1m INFO  [21m[0m] longdy = 1.35e-02      || longdy/dt = 5.02e-04  || dt = 2.39e-04
[[32m[1m INFO  [21m[0m] from nz = 7 and C6H5
[[32m[1m INFO  [21m[0m] -----------------------------------------------------------------
[[32m[1m INFO  [21m[0m] Elapsed time: 5.92e+04 || Step number: 24600/30000
[[32m[1m INFO  [21m[0m] longdy = 2.54e-02      || longdy/dt = 4.98e-04  || dt = 3.36e+00
[[32m[1m INFO  [21m[0m] from nz = 7 and C6H5
[[32m[1m INFO  [21m[0m] -----------------------------------------------------------------
[[32m[1m INFO  [21m[0m] Elapsed time: 5.92e+04 || Step number: 24700/30000
[[32m[1m INFO  [21m[0m] longdy = 1.32e-02      || longdy/dt = 5.02e-04  || dt = 1.13e-06
[[32m[1m INFO  [21m[0m] from nz = 7 and C6H5
[[32m[1m INFO  [21m[0m] -----------------------------------------------------------------
[[32m[1m INFO  [21m[0m] Elapsed time: 5.92e+04 || Step number: 24800/30000
[[32m[1m INFO  [21m[0m] longdy = 7.50e-03      || longdy/dt = 5.04e-04  || dt = 1.67e-02
[[32m[1m INFO  [21m[0m] from nz = 7 and C6H5
[[32m[1m INFO  [21m[0m] -----------------------------------------------------------------
[[32m[1m INFO  [21m[0m] Elapsed time: 5.93e+04 || Step number: 24900/30000
[[32m[1m INFO  [21m[0m] longdy = 1.91e-02      || longdy/dt = 4.99e-04  || dt = 3.34e-04
[[32m[1m INFO  [21m[0m] from nz = 7 and C6H5
[[32m[1m INFO  [21m[0m] -----------------------------------------------------------------
[[32m[1m INFO  [21m[0m] Elapsed time: 5.93e+04 || Step number: 25000/30000
[[32m[1m INFO  [21m[0m] longdy = 2.31e-02      || longdy/dt = 4.98e-04  || dt = 5.28e-01
[[32m[1m INFO  [21m[0m] from nz = 7 and C6H5
[[32m[1m INFO  [21m[0m] -----------------------------------------------------------------
[[32m[1m INFO  [21m[0m] Elapsed time: 5.94e+04 || Step number: 25100/30000
[[32m[1m INFO  [21m[0m] longdy = 1.67e-02      || longdy/dt = 5.01e-04  || dt = 6.47e-01
[[32m[1m INFO  [21m[0m] from nz = 7 and C6H5
[[32m[1m INFO  [21m[0m] -----------------------------------------------------------------
[[32m[1m INFO  [21m[0m] Elapsed time: 5.94e+04 || Step number: 25200/30000
[[32m[1m INFO  [21m[0m] longdy = 1.96e-02      || longdy/dt = 4.98e-04  || dt = 7.76e-01
[[32m[1m INFO  [21m[0m] from nz = 7 and C6H5
[[32m[1m INFO  [21m[0m] -----------------------------------------------------------------
[[32m[1m INFO  [21m[0m] Elapsed time: 5.94e+04 || Step number: 25300/30000
[[32m[1m INFO  [21m[0m] longdy = 1.85e-02      || longdy/dt = 5.00e-04  || dt = 1.79e-03
[[32m[1m INFO  [21m[0m] from nz = 7 and C6H5
[[32m[1m INFO  [21m[0m] -----------------------------------------------------------------
[[32m[1m INFO  [21m[0m] Elapsed time: 5.95e+04 || Step number: 25400/30000
[[32m[1m INFO  [21m[0m] longdy = 2.02e-02      || longdy/dt = 4.98e-04  || dt = 1.12e-05
[[32m[1m INFO  [21m[0m] from nz = 7 and C6H5
[[32m[1m INFO  [21m[0m] -----------------------------------------------------------------
[[32m[1m INFO  [21m[0m] Elapsed time: 5.95e+04 || Step number: 25500/30000
[[32m[1m INFO  [21m[0m] longdy = 1.35e-02      || longdy/dt = 5.01e-04  || dt = 2.01e-07
[[32m[1m INFO  [21m[0m] from nz = 7 and C6H5
[[32m[1m INFO  [21m[0m] -----------------------------------------------------------------
[[32m[1m INFO  [21m[0m] Elapsed time: 5.95e+04 || Step number: 25600/30000
[[32m[1m INFO  [21m[0m] longdy = 1.52e-02      || longdy/dt = 4.99e-04  || dt = 1.23e+00
[[32m[1m INFO  [21m[0m] from nz = 7 and C6H5
[[32m[1m INFO  [21m[0m] -----------------------------------------------------------------
[[32m[1m INFO  [21m[0m] Elapsed time: 5.96e+04 || Step number: 25700/30000
[[32m[1m INFO  [21m[0m] longdy = 1.74e-02      || longdy/dt = 5.00e-04  || dt = 2.66e-01
[[32m[1m INFO  [21m[0m] from nz = 7 and C6H5
[[32m[1m INFO  [21m[0m] -----------------------------------------------------------------
[[32m[1m INFO  [21m[0m] Elapsed time: 5.96e+04 || Step number: 25800/30000
[[32m[1m INFO  [21m[0m] longdy = 1.63e-02      || longdy/dt = 4.99e-04  || dt = 2.00e-08
[[32m[1m INFO  [21m[0m] from nz = 7 and C6H5
[[32m[1m INFO  [21m[0m] -----------------------------------------------------------------
[[32m[1m INFO  [21m[0m] Elapsed time: 5.96e+04 || Step number: 25900/30000
[[32m[1m INFO  [21m[0m] longdy = 1.29e-02      || longdy/dt = 5.00e-04  || dt = 1.53e-02
[[32m[1m INFO  [21m[0m] from nz = 7 and C6H5
[[32m[1m INFO  [21m[0m] -----------------------------------------------------------------
[[32m[1m INFO  [21m[0m] Elapsed time: 5.97e+04 || Step number: 26000/30000
[[32m[1m INFO  [21m[0m] longdy = 1.78e-02      || longdy/dt = 4.99e-04  || dt = 1.39e-04
[[32m[1m INFO  [21m[0m] from nz = 7 and C6H5
[[32m[1m INFO  [21m[0m] -----------------------------------------------------------------
[[32m[1m INFO  [21m[0m] Elapsed time: 5.97e+04 || Step number: 26100/30000
[[32m[1m INFO  [21m[0m] longdy = 1.91e-02      || longdy/dt = 4.98e-04  || dt = 8.76e-01
[[32m[1m INFO  [21m[0m] from nz = 7 and C6H5
[[32m[1m INFO  [21m[0m] -----------------------------------------------------------------
[[93m[1m WARNING [21m[0m] Keep producing negative values! Clipping negative solutions and moving on!
[[32m[1m INFO  [21m[0m] Elapsed time: 5.97e+04 || Step number: 26200/30000
[[32m[1m INFO  [21m[0m] longdy = 1.57e-02      || longdy/dt = 5.00e-04  || dt = 5.96e-03
[[32m[1m INFO  [21m[0m] from nz = 7 and C6H5
[[32m[1m INFO  [21m[0m] -----------------------------------------------------------------
[[32m[1m INFO  [21m[0m] Elapsed time: 5.98e+04 || Step number: 26300/30000
[[32m[1m INFO  [21m[0m] longdy = 1.21e-02      || longdy/dt = 5.00e-04  || dt = 2.02e-01
[[32m[1m INFO  [21m[0m] from nz = 7 and C6H5
[[32m[1m INFO  [21m[0m] -----------------------------------------------------------------
[[32m[1m INFO  [21m[0m] Elapsed time: 5.98e+04 || Step number: 26400/30000
[[32m[1m INFO  [21m[0m] longdy = 1.39e-02      || longdy/dt = 4.99e-04  || dt = 1.51e-08
[[32m[1m INFO  [21m[0m] from nz = 7 and C6H5
[[32m[1m INFO  [21m[0m] -----------------------------------------------------------------
[[32m[1m INFO  [21m[0m] Elapsed time: 5.98e+04 || Step number: 26500/30000
[[32m[1m INFO  [21m[0m] longdy = 1.10e-02      || longdy/dt = 5.00e-04  || dt = 1.42e+00
[[32m[1m INFO  [21m[0m] from nz = 7 and C6H5
[[32m[1m INFO  [21m[0m] -----------------------------------------------------------------
[[32m[1m INFO  [21m[0m] Elapsed time: 5.98e+04 || Step number: 26600/30000
[[32m[1m INFO  [21m[0m] longdy = 1.73e-02      || longdy/dt = 4.99e-04  || dt = 4.87e+00
[[32m[1m INFO  [21m[0m] from nz = 7 and C6H5
[[32m[1m INFO  [21m[0m] -----------------------------------------------------------------
[[93m[1m WARNING [21m[0m] Keep producing negative values! Clipping negative solutions and moving on!
[[32m[1m INFO  [21m[0m] Elapsed time: 5.99e+04 || Step number: 26700/30000
[[32m[1m INFO  [21m[0m] longdy = 1.75e-02      || longdy/dt = 4.98e-04  || dt = 2.38e+00
[[32m[1m INFO  [21m[0m] from nz = 7 and C6H5
[[32m[1m INFO  [21m[0m] -----------------------------------------------------------------
[[93m[1m WARNING [21m[0m] Keep producing negative values! Clipping negative solutions and moving on!
[[32m[1m INFO  [21m[0m] Elapsed time: 5.99e+04 || Step number: 26800/30000
[[32m[1m INFO  [21m[0m] longdy = 3.21e-02      || longdy/dt = 4.95e-04  || dt = 1.54e-05
[[32m[1m INFO  [21m[0m] from nz = 7 and C6H5
[[32m[1m INFO  [21m[0m] -----------------------------------------------------------------
[[93m[1m WARNING [21m[0m] Keep producing negative values! Clipping negative solutions and moving on!
[[32m[1m INFO  [21m[0m] Elapsed time: 6.00e+04 || Step number: 26900/30000
[[32m[1m INFO  [21m[0m] longdy = 1.16e-02      || longdy/dt = 5.01e-04  || dt = 4.67e-04
[[32m[1m INFO  [21m[0m] from nz = 7 and C6H5
[[32m[1m INFO  [21m[0m] -----------------------------------------------------------------
[[32m[1m INFO  [21m[0m] Elapsed time: 6.00e+04 || Step number: 27000/30000
[[32m[1m INFO  [21m[0m] longdy = 1.67e-02      || longdy/dt = 4.98e-04  || dt = 3.55e-06
[[32m[1m INFO  [21m[0m] from nz = 7 and C6H5
[[32m[1m INFO  [21m[0m] -----------------------------------------------------------------
[[32m[1m INFO  [21m[0m] Elapsed time: 6.00e+04 || Step number: 27100/30000
[[32m[1m INFO  [21m[0m] longdy = 1.40e-02      || longdy/dt = 4.99e-04  || dt = 6.45e-06
[[32m[1m INFO  [21m[0m] from nz = 7 and C6H5
[[32m[1m INFO  [21m[0m] -----------------------------------------------------------------
[[32m[1m INFO  [21m[0m] Elapsed time: 6.00e+04 || Step number: 27200/30000
[[32m[1m INFO  [21m[0m] longdy = 7.48e-03      || longdy/dt = 5.02e-04  || dt = 4.98e-01
[[32m[1m INFO  [21m[0m] from nz = 7 and C6H5
[[32m[1m INFO  [21m[0m] -----------------------------------------------------------------
[[32m[1m INFO  [21m[0m] Elapsed time: 6.01e+04 || Step number: 27300/30000
[[32m[1m INFO  [21m[0m] longdy = 1.33e-02      || longdy/dt = 4.99e-04  || dt = 7.50e-08
[[32m[1m INFO  [21m[0m] from nz = 7 and C6H5
[[32m[1m INFO  [21m[0m] -----------------------------------------------------------------
[[32m[1m INFO  [21m[0m] Elapsed time: 6.01e+04 || Step number: 27400/30000
[[32m[1m INFO  [21m[0m] longdy = 8.22e-03      || longdy/dt = 5.01e-04  || dt = 1.00e-03
[[32m[1m INFO  [21m[0m] from nz = 7 and C6H5
[[32m[1m INFO  [21m[0m] -----------------------------------------------------------------
[[32m[1m INFO  [21m[0m] Elapsed time: 6.01e+04 || Step number: 27500/30000
[[32m[1m INFO  [21m[0m] longdy = 2.23e-02      || longdy/dt = 4.96e-04  || dt = 2.49e-05
[[32m[1m INFO  [21m[0m] from nz = 7 and C6H5
[[32m[1m INFO  [21m[0m] -----------------------------------------------------------------
[[32m[1m INFO  [21m[0m] Elapsed time: 6.18e+04 || Step number: 27600/30000
[[32m[1m INFO  [21m[0m] longdy = 5.70e-01      || longdy/dt = 3.36e-04  || dt = 1.02e-02
[[32m[1m INFO  [21m[0m] from nz = 7 and C6H5
[[32m[1m INFO  [21m[0m] -----------------------------------------------------------------
[[32m[1m INFO  [21m[0m] Elapsed time: 6.20e+04 || Step number: 27700/30000
[[32m[1m INFO  [21m[0m] longdy = 6.16e-02      || longdy/dt = 4.91e-04  || dt = 4.12e+00
[[32m[1m INFO  [21m[0m] from nz = 9 and C6H5
[[32m[1m INFO  [21m[0m] -----------------------------------------------------------------
[[32m[1m INFO  [21m[0m] Elapsed time: 6.21e+04 || Step number: 27800/30000
[[32m[1m INFO  [21m[0m] longdy = 5.73e-02      || longdy/dt = 4.87e-04  || dt = 3.37e+00
[[32m[1m INFO  [21m[0m] from nz = 7 and C6H5
[[32m[1m INFO  [21m[0m] -----------------------------------------------------------------
[[32m[1m INFO  [21m[0m] Elapsed time: 6.22e+04 || Step number: 27900/30000
[[32m[1m INFO  [21m[0m] longdy = 5.21e-02      || longdy/dt = 4.88e-04  || dt = 1.01e-05
[[32m[1m INFO  [21m[0m] from nz = 7 and C6H5
[[32m[1m INFO  [21m[0m] -----------------------------------------------------------------
[[32m[1m INFO  [21m[0m] Elapsed time: 6.23e+04 || Step number: 28000/30000
[[32m[1m INFO  [21m[0m] longdy = 6.73e-02      || longdy/dt = 4.83e-04  || dt = 1.97e+00
[[32m[1m INFO  [21m[0m] from nz = 7 and C6H5
[[32m[1m INFO  [21m[0m] -----------------------------------------------------------------
[[32m[1m INFO  [21m[0m] Elapsed time: 6.24e+04 || Step number: 28100/30000
[[32m[1m INFO  [21m[0m] longdy = 3.94e-02      || longdy/dt = 4.92e-04  || dt = 2.04e+00
[[32m[1m INFO  [21m[0m] from nz = 7 and C6H5
[[32m[1m INFO  [21m[0m] -----------------------------------------------------------------
[[32m[1m INFO  [21m[0m] Elapsed time: 6.25e+04 || Step number: 28200/30000
[[32m[1m INFO  [21m[0m] longdy = 2.83e-02      || longdy/dt = 4.94e-04  || dt = 2.87e+00
[[32m[1m INFO  [21m[0m] from nz = 7 and C6H5
[[32m[1m INFO  [21m[0m] -----------------------------------------------------------------
[[32m[1m INFO  [21m[0m] Elapsed time: 6.25e+04 || Step number: 28300/30000
[[32m[1m INFO  [21m[0m] longdy = 2.43e-02      || longdy/dt = 4.95e-04  || dt = 3.98e+00
[[32m[1m INFO  [21m[0m] from nz = 7 and C6H5
[[32m[1m INFO  [21m[0m] -----------------------------------------------------------------
[[32m[1m INFO  [21m[0m] Elapsed time: 6.26e+04 || Step number: 28400/30000
[[32m[1m INFO  [21m[0m] longdy = 2.04e-02      || longdy/dt = 4.95e-04  || dt = 1.22e+00
[[32m[1m INFO  [21m[0m] from nz = 7 and C6H5
[[32m[1m INFO  [21m[0m] -----------------------------------------------------------------
[[32m[1m INFO  [21m[0m] Elapsed time: 6.27e+04 || Step number: 28500/30000
[[32m[1m INFO  [21m[0m] longdy = 5.79e-02      || longdy/dt = 4.86e-04  || dt = 6.78e-08
[[32m[1m INFO  [21m[0m] from nz = 7 and C6H5
[[32m[1m INFO  [21m[0m] -----------------------------------------------------------------
[[32m[1m INFO  [21m[0m] Elapsed time: 6.28e+04 || Step number: 28600/30000
[[32m[1m INFO  [21m[0m] longdy = 4.00e-02      || longdy/dt = 4.91e-04  || dt = 1.40e+00
[[32m[1m INFO  [21m[0m] from nz = 7 and C6H5
[[32m[1m INFO  [21m[0m] -----------------------------------------------------------------
[[32m[1m INFO  [21m[0m] Elapsed time: 6.29e+04 || Step number: 28700/30000
[[32m[1m INFO  [21m[0m] longdy = 5.68e-02      || longdy/dt = 4.86e-04  || dt = 1.00e+00
[[32m[1m INFO  [21m[0m] from nz = 7 and C6H5
[[32m[1m INFO  [21m[0m] -----------------------------------------------------------------
[[32m[1m INFO  [21m[0m] Elapsed time: 6.29e+04 || Step number: 28800/30000
[[32m[1m INFO  [21m[0m] longdy = 3.13e-02      || longdy/dt = 4.94e-04  || dt = 6.31e-03
[[32m[1m INFO  [21m[0m] from nz = 7 and C6H5
[[32m[1m INFO  [21m[0m] -----------------------------------------------------------------
[[32m[1m INFO  [21m[0m] Elapsed time: 6.30e+04 || Step number: 28900/30000
[[32m[1m INFO  [21m[0m] longdy = 3.92e-02      || longdy/dt = 4.90e-04  || dt = 3.28e-01
[[32m[1m INFO  [21m[0m] from nz = 7 and C6H5
[[32m[1m INFO  [21m[0m] -----------------------------------------------------------------
[[32m[1m INFO  [21m[0m] Elapsed time: 6.31e+04 || Step number: 29000/30000
[[32m[1m INFO  [21m[0m] longdy = 3.91e-02      || longdy/dt = 4.91e-04  || dt = 1.07e+00
[[32m[1m INFO  [21m[0m] from nz = 7 and C6H5
[[32m[1m INFO  [21m[0m] -----------------------------------------------------------------
[[32m[1m INFO  [21m[0m] Elapsed time: 6.32e+04 || Step number: 29100/30000
[[32m[1m INFO  [21m[0m] longdy = 5.42e-02      || longdy/dt = 4.87e-04  || dt = 2.14e+00
[[32m[1m INFO  [21m[0m] from nz = 7 and C6H5
[[32m[1m INFO  [21m[0m] -----------------------------------------------------------------
[[32m[1m INFO  [21m[0m] Elapsed time: 6.33e+04 || Step number: 29200/30000
[[32m[1m INFO  [21m[0m] longdy = 5.64e-02      || longdy/dt = 4.86e-04  || dt = 2.11e+00
[[32m[1m INFO  [21m[0m] from nz = 7 and C6H5
[[32m[1m INFO  [21m[0m] -----------------------------------------------------------------
[[93m[1m WARNING [21m[0m] Keep producing negative values! Clipping negative solutions and moving on!
[[32m[1m INFO  [21m[0m] Elapsed time: 6.34e+04 || Step number: 29300/30000
[[32m[1m INFO  [21m[0m] longdy = 2.24e-02      || longdy/dt = 4.95e-04  || dt = 1.62e+00
[[32m[1m INFO  [21m[0m] from nz = 7 and C6H5
[[32m[1m INFO  [21m[0m] -----------------------------------------------------------------
[[32m[1m INFO  [21m[0m] Elapsed time: 6.34e+04 || Step number: 29400/30000
[[32m[1m INFO  [21m[0m] longdy = 2.02e-02      || longdy/dt = 4.95e-04  || dt = 1.04e+00
[[32m[1m INFO  [21m[0m] from nz = 7 and C6H5
[[32m[1m INFO  [21m[0m] -----------------------------------------------------------------
[[32m[1m INFO  [21m[0m] Elapsed time: 6.35e+04 || Step number: 29500/30000
[[32m[1m INFO  [21m[0m] longdy = 5.00e-02      || longdy/dt = 4.87e-04  || dt = 2.01e+00
[[32m[1m INFO  [21m[0m] from nz = 7 and C6H5
[[32m[1m INFO  [21m[0m] -----------------------------------------------------------------
[[32m[1m INFO  [21m[0m] Elapsed time: 6.36e+04 || Step number: 29600/30000
[[32m[1m INFO  [21m[0m] longdy = 3.84e-02      || longdy/dt = 4.91e-04  || dt = 2.30e+00
[[32m[1m INFO  [21m[0m] from nz = 7 and C6H5
[[32m[1m INFO  [21m[0m] -----------------------------------------------------------------
[[32m[1m INFO  [21m[0m] Elapsed time: 6.37e+04 || Step number: 29700/30000
[[32m[1m INFO  [21m[0m] longdy = 2.78e-02      || longdy/dt = 4.93e-04  || dt = 2.97e-02
[[32m[1m INFO  [21m[0m] from nz = 7 and C6H5
[[32m[1m INFO  [21m[0m] -----------------------------------------------------------------
[[32m[1m INFO  [21m[0m] Elapsed time: 6.37e+04 || Step number: 29800/30000
[[32m[1m INFO  [21m[0m] longdy = 3.89e-02      || longdy/dt = 4.90e-04  || dt = 2.22e-07
[[32m[1m INFO  [21m[0m] from nz = 7 and C6H5
[[32m[1m INFO  [21m[0m] -----------------------------------------------------------------
[[32m[1m INFO  [21m[0m] Elapsed time: 6.38e+04 || Step number: 29900/30000
[[32m[1m INFO  [21m[0m] longdy = 2.70e-02      || longdy/dt = 4.93e-04  || dt = 1.80e-04
[[32m[1m INFO  [21m[0m] from nz = 7 and C6H5
[[32m[1m INFO  [21m[0m] -----------------------------------------------------------------
[[93m[1m WARNING [21m[0m] Keep producing negative values! Clipping negative solutions and moving on!
[[32m[1m INFO  [21m[0m] Elapsed time: 6.39e+04 || Step number: 30000/30000
[[32m[1m INFO  [21m[0m] longdy = 3.13e-02      || longdy/dt = 4.92e-04  || dt = 1.68e-08
[[32m[1m INFO  [21m[0m] from nz = 7 and C6H5
[[32m[1m INFO  [21m[0m] -----------------------------------------------------------------
[[93m[1m WARNING [21m[0m] After ------- 13017.217133045197 seconds ------- s CPU time
[[93m[1m WARNING [21m[0m] Integration not completed...
[[93m[1m WARNING [21m[0m] Maximal allowed steps exceeded (30000)!
[[32m[1m INFO  [21m[0m]     done
Atmodeller initialized with double precision (float64)
[[93m[1m WARNING [21m[0m] The archive tar file does not exist: /data/rdc49-2/K218b_project/simulation_data/grid_H0_C2_N3_S3_fO21__from_batch06_case_000015__7_crash_atmos_chem_step_vulcan_chem_funs_race_syntax_error/data/data.tar
[[32m[1m INFO  [21m[0m] Observing the planet...
Loading PHOENIX star table in file '/data/rdc49-2/FWL_DATA/prt/input_data/stellar_spectra/phoenix/phoenix.startable.petitRADTRANS.h5'... Done.
