Atmodeller initialized with double precision (float64)
[[93m[1m WARNING [21m[0m] The archive tar file does not exist: /data/rdc49-2/K218b_project/simulation_data/grid_H3_C2_N1_S3_fO20__from_batch04_case_000039__7_crash_atmos_chem_step_vulcan_chem_funs_race_syntax_error/data/data.tar
[[32m[1m INFO  [21m[0m] Running atmospheric chemistry...
[[32m[1m INFO  [21m[0m]     Using vulcan module, offline
[[32m[1m INFO  [21m[0m] Elements conserved in the network.
[[32m[1m INFO  [21m[0m] No duplicates in the network.
[[32m[1m INFO  [21m[0m] Elements conserved in the network.
[[32m[1m INFO  [21m[0m] No duplicates in the network.
[[32m[1m INFO  [21m[0m] Running VULCAN
[[93m[1m WARNING [21m[0m] P_b and P_t assgined in vulcan.cfg are out of range of the input. Constant extension is used.
[[32m[1m INFO  [21m[0m] Initializing with compositions from ASCII file /data/rdc49-2/K218b_project/simulation_data/grid_H3_C2_N1_S3_fO20__from_batch04_case_000039__7_crash_atmos_chem_step_vulcan_chem_funs_race_syntax_error/offchem/vmrs.dat
[[32m[1m INFO  [21m[0m] Input stellar spectrum from 2.0 to 700.0
[[32m[1m INFO  [21m[0m] Using wavelength bins from 2.0 to 655.5
[[32m[1m INFO  [21m[0m] Include molecular diffusion.
[[32m[1m INFO  [21m[0m] Starting VULCAN integration with 1 threads...
[[93m[1m WARNING [21m[0m] Keep producing negative values! Clipping negative solutions and moving on!
[[93m[1m WARNING [21m[0m] Keep producing negative values! Clipping negative solutions and moving on!
[[93m[1m WARNING [21m[0m] Keep producing negative values! Clipping negative solutions and moving on!
[[93m[1m WARNING [21m[0m] Keep producing negative values! Clipping negative solutions and moving on!
[[93m[1m WARNING [21m[0m] Keep producing negative values! Clipping negative solutions and moving on!
[[93m[1m WARNING [21m[0m] Keep producing negative values! Clipping negative solutions and moving on!
[[93m[1m WARNING [21m[0m] Keep producing negative values! Clipping negative solutions and moving on!
[[93m[1m WARNING [21m[0m] Keep producing negative values! Clipping negative solutions and moving on!
[[93m[1m WARNING [21m[0m] Keep producing negative values! Clipping negative solutions and moving on!
[[93m[1m WARNING [21m[0m] Keep producing negative values! Clipping negative solutions and moving on!
[[93m[1m WARNING [21m[0m] Keep producing negative values! Clipping negative solutions and moving on!
[[93m[1m WARNING [21m[0m] Keep producing negative values! Clipping negative solutions and moving on!
[[93m[1m WARNING [21m[0m] Keep producing negative values! Clipping negative solutions and moving on!
[[93m[1m WARNING [21m[0m] Keep producing negative values! Clipping negative solutions and moving on!
[[93m[1m WARNING [21m[0m] Element conservation is violated too large
[[93m[1m WARNING [21m[0m] at step: 14
[[93m[1m WARNING [21m[0m] -----------------------------------------------------------------
[[93m[1m WARNING [21m[0m] Keep producing negative values! Clipping negative solutions and moving on!
[[93m[1m WARNING [21m[0m] Element conservation is violated too large
[[93m[1m WARNING [21m[0m] at step: 15
[[93m[1m WARNING [21m[0m] -----------------------------------------------------------------
[[93m[1m WARNING [21m[0m] Keep producing negative values! Clipping negative solutions and moving on!
[[93m[1m WARNING [21m[0m] Keep producing negative values! Clipping negative solutions and moving on!
[[93m[1m WARNING [21m[0m] Keep producing negative values! Clipping negative solutions and moving on!
[[93m[1m WARNING [21m[0m] Keep producing negative values! Clipping negative solutions and moving on!
[[93m[1m WARNING [21m[0m] Element conservation is violated too large
[[93m[1m WARNING [21m[0m] at step: 19
[[93m[1m WARNING [21m[0m] -----------------------------------------------------------------
[[93m[1m WARNING [21m[0m] Keep producing negative values! Clipping negative solutions and moving on!
[[93m[1m WARNING [21m[0m] Keep producing negative values! Clipping negative solutions and moving on!
[[93m[1m WARNING [21m[0m] Keep producing negative values! Clipping negative solutions and moving on!
[[93m[1m WARNING [21m[0m] Keep producing negative values! Clipping negative solutions and moving on!
[[93m[1m WARNING [21m[0m] Element conservation is violated too large
[[93m[1m WARNING [21m[0m] at step: 23
[[93m[1m WARNING [21m[0m] -----------------------------------------------------------------
[[93m[1m WARNING [21m[0m] Keep producing negative values! Clipping negative solutions and moving on!
[[93m[1m WARNING [21m[0m] Element conservation is violated too large
[[93m[1m WARNING [21m[0m] at step: 24
[[93m[1m WARNING [21m[0m] -----------------------------------------------------------------
[[93m[1m WARNING [21m[0m] Keep producing negative values! Clipping negative solutions and moving on!
[[93m[1m WARNING [21m[0m] Element conservation is violated too large
[[93m[1m WARNING [21m[0m] at step: 25
[[93m[1m WARNING [21m[0m] -----------------------------------------------------------------
[[93m[1m WARNING [21m[0m] Keep producing negative values! Clipping negative solutions and moving on!
[[93m[1m WARNING [21m[0m] Keep producing negative values! Clipping negative solutions and moving on!
[[93m[1m WARNING [21m[0m] Keep producing negative values! Clipping negative solutions and moving on!
[[93m[1m WARNING [21m[0m] Element conservation is violated too large
[[93m[1m WARNING [21m[0m] at step: 28
[[93m[1m WARNING [21m[0m] -----------------------------------------------------------------
[[93m[1m WARNING [21m[0m] Keep producing negative values! Clipping negative solutions and moving on!
[[93m[1m WARNING [21m[0m] Element conservation is violated too large
[[93m[1m WARNING [21m[0m] at step: 29
[[93m[1m WARNING [21m[0m] -----------------------------------------------------------------
[[93m[1m WARNING [21m[0m] Element conservation is violated too large
[[93m[1m WARNING [21m[0m] at step: 29
[[93m[1m WARNING [21m[0m] -----------------------------------------------------------------
[[93m[1m WARNING [21m[0m] Keep producing negative values! Clipping negative solutions and moving on!
[[93m[1m WARNING [21m[0m] Element conservation is violated too large
[[93m[1m WARNING [21m[0m] at step: 30
[[93m[1m WARNING [21m[0m] -----------------------------------------------------------------
[[93m[1m WARNING [21m[0m] Keep producing negative values! Clipping negative solutions and moving on!
[[93m[1m WARNING [21m[0m] Element conservation is violated too large
[[93m[1m WARNING [21m[0m] at step: 31
[[93m[1m WARNING [21m[0m] -----------------------------------------------------------------
[[93m[1m WARNING [21m[0m] Element conservation is violated too large
[[93m[1m WARNING [21m[0m] at step: 31
[[93m[1m WARNING [21m[0m] -----------------------------------------------------------------
[[93m[1m WARNING [21m[0m] Keep producing negative values! Clipping negative solutions and moving on!
[[93m[1m WARNING [21m[0m] Element conservation is violated too large
[[93m[1m WARNING [21m[0m] at step: 32
[[93m[1m WARNING [21m[0m] -----------------------------------------------------------------
[[93m[1m WARNING [21m[0m] Element conservation is violated too large
[[93m[1m WARNING [21m[0m] at step: 32
[[93m[1m WARNING [21m[0m] -----------------------------------------------------------------
[[93m[1m WARNING [21m[0m] Keep producing negative values! Clipping negative solutions and moving on!
[[93m[1m WARNING [21m[0m] Keep producing negative values! Clipping negative solutions and moving on!
[[93m[1m WARNING [21m[0m] Keep producing negative values! Clipping negative solutions and moving on!
[[93m[1m WARNING [21m[0m] Element conservation is violated too large
[[93m[1m WARNING [21m[0m] at step: 35
[[93m[1m WARNING [21m[0m] -----------------------------------------------------------------
[[93m[1m WARNING [21m[0m] Keep producing negative values! Clipping negative solutions and moving on!
[[93m[1m WARNING [21m[0m] Element conservation is violated too large
[[93m[1m WARNING [21m[0m] at step: 36
[[93m[1m WARNING [21m[0m] -----------------------------------------------------------------
[[93m[1m WARNING [21m[0m] Element conservation is violated too large
[[93m[1m WARNING [21m[0m] at step: 36
[[93m[1m WARNING [21m[0m] -----------------------------------------------------------------
[[93m[1m WARNING [21m[0m] Keep producing negative values! Clipping negative solutions and moving on!
[[93m[1m WARNING [21m[0m] Element conservation is violated too large
[[93m[1m WARNING [21m[0m] at step: 37
[[93m[1m WARNING [21m[0m] -----------------------------------------------------------------
[[93m[1m WARNING [21m[0m] Element conservation is violated too large
[[93m[1m WARNING [21m[0m] at step: 37
[[93m[1m WARNING [21m[0m] -----------------------------------------------------------------
[[93m[1m WARNING [21m[0m] Keep producing negative values! Clipping negative solutions and moving on!
[[93m[1m WARNING [21m[0m] Element conservation is violated too large
[[93m[1m WARNING [21m[0m] at step: 38
[[93m[1m WARNING [21m[0m] -----------------------------------------------------------------
[[93m[1m WARNING [21m[0m] Element conservation is violated too large
[[93m[1m WARNING [21m[0m] at step: 38
[[93m[1m WARNING [21m[0m] -----------------------------------------------------------------
[[93m[1m WARNING [21m[0m] Keep producing negative values! Clipping negative solutions and moving on!
[[93m[1m WARNING [21m[0m] Element conservation is violated too large
[[93m[1m WARNING [21m[0m] at step: 39
[[93m[1m WARNING [21m[0m] -----------------------------------------------------------------
[[93m[1m WARNING [21m[0m] Element conservation is violated too large
[[93m[1m WARNING [21m[0m] at step: 39
[[93m[1m WARNING [21m[0m] -----------------------------------------------------------------
[[93m[1m WARNING [21m[0m] Keep producing negative values! Clipping negative solutions and moving on!
[[93m[1m WARNING [21m[0m] Element conservation is violated too large
[[93m[1m WARNING [21m[0m] at step: 40
[[93m[1m WARNING [21m[0m] -----------------------------------------------------------------
[[93m[1m WARNING [21m[0m] Element conservation is violated too large
[[93m[1m WARNING [21m[0m] at step: 40
[[93m[1m WARNING [21m[0m] -----------------------------------------------------------------
[[93m[1m WARNING [21m[0m] Keep producing negative values! Clipping negative solutions and moving on!
[[93m[1m WARNING [21m[0m] Element conservation is violated too large
[[93m[1m WARNING [21m[0m] at step: 41
[[93m[1m WARNING [21m[0m] -----------------------------------------------------------------
[[93m[1m WARNING [21m[0m] Element conservation is violated too large
[[93m[1m WARNING [21m[0m] at step: 41
[[93m[1m WARNING [21m[0m] -----------------------------------------------------------------
[[93m[1m WARNING [21m[0m] Keep producing negative values! Clipping negative solutions and moving on!
[[93m[1m WARNING [21m[0m] Element conservation is violated too large
[[93m[1m WARNING [21m[0m] at step: 42
[[93m[1m WARNING [21m[0m] -----------------------------------------------------------------
[[93m[1m WARNING [21m[0m] Element conservation is violated too large
[[93m[1m WARNING [21m[0m] at step: 42
[[93m[1m WARNING [21m[0m] -----------------------------------------------------------------
[[93m[1m WARNING [21m[0m] Keep producing negative values! Clipping negative solutions and moving on!
[[93m[1m WARNING [21m[0m] Element conservation is violated too large
[[93m[1m WARNING [21m[0m] at step: 43
[[93m[1m WARNING [21m[0m] -----------------------------------------------------------------
[[93m[1m WARNING [21m[0m] Element conservation is violated too large
[[93m[1m WARNING [21m[0m] at step: 43
[[93m[1m WARNING [21m[0m] -----------------------------------------------------------------
[[93m[1m WARNING [21m[0m] Keep producing negative values! Clipping negative solutions and moving on!
[[93m[1m WARNING [21m[0m] Element conservation is violated too large
[[93m[1m WARNING [21m[0m] at step: 44
[[93m[1m WARNING [21m[0m] -----------------------------------------------------------------
[[93m[1m WARNING [21m[0m] Element conservation is violated too large
[[93m[1m WARNING [21m[0m] at step: 44
[[93m[1m WARNING [21m[0m] -----------------------------------------------------------------
[[93m[1m WARNING [21m[0m] Keep producing negative values! Clipping negative solutions and moving on!
[[93m[1m WARNING [21m[0m] Element conservation is violated too large
[[93m[1m WARNING [21m[0m] at step: 45
[[93m[1m WARNING [21m[0m] -----------------------------------------------------------------
[[93m[1m WARNING [21m[0m] Element conservation is violated too large
[[93m[1m WARNING [21m[0m] at step: 45
[[93m[1m WARNING [21m[0m] -----------------------------------------------------------------
[[93m[1m WARNING [21m[0m] Keep producing negative values! Clipping negative solutions and moving on!
[[93m[1m WARNING [21m[0m] Element conservation is violated too large
[[93m[1m WARNING [21m[0m] at step: 46
[[93m[1m WARNING [21m[0m] -----------------------------------------------------------------
[[93m[1m WARNING [21m[0m] Element conservation is violated too large
[[93m[1m WARNING [21m[0m] at step: 46
[[93m[1m WARNING [21m[0m] -----------------------------------------------------------------
[[93m[1m WARNING [21m[0m] Keep producing negative values! Clipping negative solutions and moving on!
[[93m[1m WARNING [21m[0m] Element conservation is violated too large
[[93m[1m WARNING [21m[0m] at step: 47
[[93m[1m WARNING [21m[0m] -----------------------------------------------------------------
[[93m[1m WARNING [21m[0m] Keep producing negative values! Clipping negative solutions and moving on!
[[93m[1m WARNING [21m[0m] Element conservation is violated too large
[[93m[1m WARNING [21m[0m] at step: 48
[[93m[1m WARNING [21m[0m] -----------------------------------------------------------------
[[93m[1m WARNING [21m[0m] Keep producing negative values! Clipping negative solutions and moving on!
[[93m[1m WARNING [21m[0m] Element conservation is violated too large
[[93m[1m WARNING [21m[0m] at step: 49
[[93m[1m WARNING [21m[0m] -----------------------------------------------------------------
[[93m[1m WARNING [21m[0m] Element conservation is violated too large
[[93m[1m WARNING [21m[0m] at step: 49
[[93m[1m WARNING [21m[0m] -----------------------------------------------------------------
[[93m[1m WARNING [21m[0m] Keep producing negative values! Clipping negative solutions and moving on!
[[93m[1m WARNING [21m[0m] Element conservation is violated too large
[[93m[1m WARNING [21m[0m] at step: 50
[[93m[1m WARNING [21m[0m] -----------------------------------------------------------------
[[93m[1m WARNING [21m[0m] Element conservation is violated too large
[[93m[1m WARNING [21m[0m] at step: 50
[[93m[1m WARNING [21m[0m] -----------------------------------------------------------------
[[93m[1m WARNING [21m[0m] Keep producing negative values! Clipping negative solutions and moving on!
[[93m[1m WARNING [21m[0m] Element conservation is violated too large
[[93m[1m WARNING [21m[0m] at step: 51
[[93m[1m WARNING [21m[0m] -----------------------------------------------------------------
[[93m[1m WARNING [21m[0m] Element conservation is violated too large
[[93m[1m WARNING [21m[0m] at step: 51
[[93m[1m WARNING [21m[0m] -----------------------------------------------------------------
[[93m[1m WARNING [21m[0m] Keep producing negative values! Clipping negative solutions and moving on!
[[93m[1m WARNING [21m[0m] Element conservation is violated too large
[[93m[1m WARNING [21m[0m] at step: 52
[[93m[1m WARNING [21m[0m] -----------------------------------------------------------------
[[93m[1m WARNING [21m[0m] Element conservation is violated too large
[[93m[1m WARNING [21m[0m] at step: 52
[[93m[1m WARNING [21m[0m] -----------------------------------------------------------------
[[93m[1m WARNING [21m[0m] Keep producing negative values! Clipping negative solutions and moving on!
[[93m[1m WARNING [21m[0m] Element conservation is violated too large
[[93m[1m WARNING [21m[0m] at step: 53
[[93m[1m WARNING [21m[0m] -----------------------------------------------------------------
[[93m[1m WARNING [21m[0m] Element conservation is violated too large
[[93m[1m WARNING [21m[0m] at step: 53
[[93m[1m WARNING [21m[0m] -----------------------------------------------------------------
[[93m[1m WARNING [21m[0m] Keep producing negative values! Clipping negative solutions and moving on!
[[93m[1m WARNING [21m[0m] Element conservation is violated too large
[[93m[1m WARNING [21m[0m] at step: 54
[[93m[1m WARNING [21m[0m] -----------------------------------------------------------------
[[93m[1m WARNING [21m[0m] Element conservation is violated too large
[[93m[1m WARNING [21m[0m] at step: 54
[[93m[1m WARNING [21m[0m] -----------------------------------------------------------------
[[93m[1m WARNING [21m[0m] Keep producing negative values! Clipping negative solutions and moving on!
[[93m[1m WARNING [21m[0m] Element conservation is violated too large
[[93m[1m WARNING [21m[0m] at step: 55
[[93m[1m WARNING [21m[0m] -----------------------------------------------------------------
[[93m[1m WARNING [21m[0m] Element conservation is violated too large
[[93m[1m WARNING [21m[0m] at step: 55
[[93m[1m WARNING [21m[0m] -----------------------------------------------------------------
[[93m[1m WARNING [21m[0m] Keep producing negative values! Clipping negative solutions and moving on!
[[93m[1m WARNING [21m[0m] Element conservation is violated too large
[[93m[1m WARNING [21m[0m] at step: 56
[[93m[1m WARNING [21m[0m] -----------------------------------------------------------------
[[93m[1m WARNING [21m[0m] Element conservation is violated too large
[[93m[1m WARNING [21m[0m] at step: 56
[[93m[1m WARNING [21m[0m] -----------------------------------------------------------------
[[93m[1m WARNING [21m[0m] Keep producing negative values! Clipping negative solutions and moving on!
[[93m[1m WARNING [21m[0m] Element conservation is violated too large
[[93m[1m WARNING [21m[0m] at step: 57
[[93m[1m WARNING [21m[0m] -----------------------------------------------------------------
[[93m[1m WARNING [21m[0m] Keep producing negative values! Clipping negative solutions and moving on!
[[93m[1m WARNING [21m[0m] Element conservation is violated too large
[[93m[1m WARNING [21m[0m] at step: 58
[[93m[1m WARNING [21m[0m] -----------------------------------------------------------------
[[93m[1m WARNING [21m[0m] Element conservation is violated too large
[[93m[1m WARNING [21m[0m] at step: 58
[[93m[1m WARNING [21m[0m] -----------------------------------------------------------------
[[93m[1m WARNING [21m[0m] Keep producing negative values! Clipping negative solutions and moving on!
[[93m[1m WARNING [21m[0m] Element conservation is violated too large
[[93m[1m WARNING [21m[0m] at step: 59
[[93m[1m WARNING [21m[0m] -----------------------------------------------------------------
[[93m[1m WARNING [21m[0m] Keep producing negative values! Clipping negative solutions and moving on!
[[93m[1m WARNING [21m[0m] Element conservation is violated too large
[[93m[1m WARNING [21m[0m] at step: 60
[[93m[1m WARNING [21m[0m] -----------------------------------------------------------------
[[93m[1m WARNING [21m[0m] Keep producing negative values! Clipping negative solutions and moving on!
[[93m[1m WARNING [21m[0m] Element conservation is violated too large
[[93m[1m WARNING [21m[0m] at step: 61
[[93m[1m WARNING [21m[0m] -----------------------------------------------------------------
[[93m[1m WARNING [21m[0m] Element conservation is violated too large
[[93m[1m WARNING [21m[0m] at step: 61
[[93m[1m WARNING [21m[0m] -----------------------------------------------------------------
[[93m[1m WARNING [21m[0m] Keep producing negative values! Clipping negative solutions and moving on!
[[93m[1m WARNING [21m[0m] Element conservation is violated too large
[[93m[1m WARNING [21m[0m] at step: 62
[[93m[1m WARNING [21m[0m] -----------------------------------------------------------------
[[93m[1m WARNING [21m[0m] Keep producing negative values! Clipping negative solutions and moving on!
[[93m[1m WARNING [21m[0m] Element conservation is violated too large
[[93m[1m WARNING [21m[0m] at step: 63
[[93m[1m WARNING [21m[0m] -----------------------------------------------------------------
[[93m[1m WARNING [21m[0m] Keep producing negative values! Clipping negative solutions and moving on!
[[93m[1m WARNING [21m[0m] Element conservation is violated too large
[[93m[1m WARNING [21m[0m] at step: 64
[[93m[1m WARNING [21m[0m] -----------------------------------------------------------------
[[93m[1m WARNING [21m[0m] Keep producing negative values! Clipping negative solutions and moving on!
[[93m[1m WARNING [21m[0m] Element conservation is violated too large
[[93m[1m WARNING [21m[0m] at step: 65
[[93m[1m WARNING [21m[0m] -----------------------------------------------------------------
[[93m[1m WARNING [21m[0m] Element conservation is violated too large
[[93m[1m WARNING [21m[0m] at step: 65
[[93m[1m WARNING [21m[0m] -----------------------------------------------------------------
[[93m[1m WARNING [21m[0m] Keep producing negative values! Clipping negative solutions and moving on!
[[93m[1m WARNING [21m[0m] Element conservation is violated too large
[[93m[1m WARNING [21m[0m] at step: 66
[[93m[1m WARNING [21m[0m] -----------------------------------------------------------------
[[93m[1m WARNING [21m[0m] Element conservation is violated too large
[[93m[1m WARNING [21m[0m] at step: 66
[[93m[1m WARNING [21m[0m] -----------------------------------------------------------------
[[93m[1m WARNING [21m[0m] Keep producing negative values! Clipping negative solutions and moving on!
[[93m[1m WARNING [21m[0m] Element conservation is violated too large
[[93m[1m WARNING [21m[0m] at step: 67
[[93m[1m WARNING [21m[0m] -----------------------------------------------------------------
[[93m[1m WARNING [21m[0m] Element conservation is violated too large
[[93m[1m WARNING [21m[0m] at step: 67
[[93m[1m WARNING [21m[0m] -----------------------------------------------------------------
[[93m[1m WARNING [21m[0m] Keep producing negative values! Clipping negative solutions and moving on!
[[93m[1m WARNING [21m[0m] Element conservation is violated too large
[[93m[1m WARNING [21m[0m] at step: 68
[[93m[1m WARNING [21m[0m] -----------------------------------------------------------------
[[93m[1m WARNING [21m[0m] Element conservation is violated too large
[[93m[1m WARNING [21m[0m] at step: 68
[[93m[1m WARNING [21m[0m] -----------------------------------------------------------------
[[93m[1m WARNING [21m[0m] Keep producing negative values! Clipping negative solutions and moving on!
[[93m[1m WARNING [21m[0m] Element conservation is violated too large
[[93m[1m WARNING [21m[0m] at step: 69
[[93m[1m WARNING [21m[0m] -----------------------------------------------------------------
[[93m[1m WARNING [21m[0m] Keep producing negative values! Clipping negative solutions and moving on!
[[93m[1m WARNING [21m[0m] Keep producing negative values! Clipping negative solutions and moving on!
[[93m[1m WARNING [21m[0m] Element conservation is violated too large
[[93m[1m WARNING [21m[0m] at step: 71
[[93m[1m WARNING [21m[0m] -----------------------------------------------------------------
[[93m[1m WARNING [21m[0m] Keep producing negative values! Clipping negative solutions and moving on!
[[93m[1m WARNING [21m[0m] Element conservation is violated too large
[[93m[1m WARNING [21m[0m] at step: 72
[[93m[1m WARNING [21m[0m] -----------------------------------------------------------------
[[93m[1m WARNING [21m[0m] Element conservation is violated too large
[[93m[1m WARNING [21m[0m] at step: 72
[[93m[1m WARNING [21m[0m] -----------------------------------------------------------------
[[93m[1m WARNING [21m[0m] Keep producing negative values! Clipping negative solutions and moving on!
[[93m[1m WARNING [21m[0m] Element conservation is violated too large
[[93m[1m WARNING [21m[0m] at step: 73
[[93m[1m WARNING [21m[0m] -----------------------------------------------------------------
[[93m[1m WARNING [21m[0m] Element conservation is violated too large
[[93m[1m WARNING [21m[0m] at step: 73
[[93m[1m WARNING [21m[0m] -----------------------------------------------------------------
[[93m[1m WARNING [21m[0m] Keep producing negative values! Clipping negative solutions and moving on!
[[93m[1m WARNING [21m[0m] Element conservation is violated too large
[[93m[1m WARNING [21m[0m] at step: 74
[[93m[1m WARNING [21m[0m] -----------------------------------------------------------------
[[93m[1m WARNING [21m[0m] Element conservation is violated too large
[[93m[1m WARNING [21m[0m] at step: 74
[[93m[1m WARNING [21m[0m] -----------------------------------------------------------------
[[93m[1m WARNING [21m[0m] Keep producing negative values! Clipping negative solutions and moving on!
[[93m[1m WARNING [21m[0m] Element conservation is violated too large
[[93m[1m WARNING [21m[0m] at step: 75
[[93m[1m WARNING [21m[0m] -----------------------------------------------------------------
[[93m[1m WARNING [21m[0m] Keep producing negative values! Clipping negative solutions and moving on!
[[93m[1m WARNING [21m[0m] Element conservation is violated too large
[[93m[1m WARNING [21m[0m] at step: 76
[[93m[1m WARNING [21m[0m] -----------------------------------------------------------------
[[93m[1m WARNING [21m[0m] Element conservation is violated too large
[[93m[1m WARNING [21m[0m] at step: 76
[[93m[1m WARNING [21m[0m] -----------------------------------------------------------------
[[93m[1m WARNING [21m[0m] Keep producing negative values! Clipping negative solutions and moving on!
[[93m[1m WARNING [21m[0m] Element conservation is violated too large
[[93m[1m WARNING [21m[0m] at step: 77
[[93m[1m WARNING [21m[0m] -----------------------------------------------------------------
[[93m[1m WARNING [21m[0m] Element conservation is violated too large
[[93m[1m WARNING [21m[0m] at step: 77
[[93m[1m WARNING [21m[0m] -----------------------------------------------------------------
[[93m[1m WARNING [21m[0m] Keep producing negative values! Clipping negative solutions and moving on!
[[93m[1m WARNING [21m[0m] Element conservation is violated too large
[[93m[1m WARNING [21m[0m] at step: 78
[[93m[1m WARNING [21m[0m] -----------------------------------------------------------------
[[93m[1m WARNING [21m[0m] Element conservation is violated too large
[[93m[1m WARNING [21m[0m] at step: 78
[[93m[1m WARNING [21m[0m] -----------------------------------------------------------------
[[93m[1m WARNING [21m[0m] Keep producing negative values! Clipping negative solutions and moving on!
[[93m[1m WARNING [21m[0m] Element conservation is violated too large
[[93m[1m WARNING [21m[0m] at step: 79
[[93m[1m WARNING [21m[0m] -----------------------------------------------------------------
[[93m[1m WARNING [21m[0m] Element conservation is violated too large
[[93m[1m WARNING [21m[0m] at step: 79
[[93m[1m WARNING [21m[0m] -----------------------------------------------------------------
[[93m[1m WARNING [21m[0m] Keep producing negative values! Clipping negative solutions and moving on!
[[93m[1m WARNING [21m[0m] Element conservation is violated too large
[[93m[1m WARNING [21m[0m] at step: 80
[[93m[1m WARNING [21m[0m] -----------------------------------------------------------------
[[93m[1m WARNING [21m[0m] Keep producing negative values! Clipping negative solutions and moving on!
[[93m[1m WARNING [21m[0m] Keep producing negative values! Clipping negative solutions and moving on!
[[93m[1m WARNING [21m[0m] Keep producing negative values! Clipping negative solutions and moving on!
[[93m[1m WARNING [21m[0m] Keep producing negative values! Clipping negative solutions and moving on!
[[93m[1m WARNING [21m[0m] Element conservation is violated too large
[[93m[1m WARNING [21m[0m] at step: 84
[[93m[1m WARNING [21m[0m] -----------------------------------------------------------------
[[93m[1m WARNING [21m[0m] Keep producing negative values! Clipping negative solutions and moving on!
[[93m[1m WARNING [21m[0m] Element conservation is violated too large
[[93m[1m WARNING [21m[0m] at step: 85
[[93m[1m WARNING [21m[0m] -----------------------------------------------------------------
[[93m[1m WARNING [21m[0m] Element conservation is violated too large
[[93m[1m WARNING [21m[0m] at step: 85
[[93m[1m WARNING [21m[0m] -----------------------------------------------------------------
[[93m[1m WARNING [21m[0m] Keep producing negative values! Clipping negative solutions and moving on!
[[93m[1m WARNING [21m[0m] Element conservation is violated too large
[[93m[1m WARNING [21m[0m] at step: 86
[[93m[1m WARNING [21m[0m] -----------------------------------------------------------------
[[93m[1m WARNING [21m[0m] Element conservation is violated too large
[[93m[1m WARNING [21m[0m] at step: 86
[[93m[1m WARNING [21m[0m] -----------------------------------------------------------------
[[93m[1m WARNING [21m[0m] Keep producing negative values! Clipping negative solutions and moving on!
[[93m[1m WARNING [21m[0m] Element conservation is violated too large
[[93m[1m WARNING [21m[0m] at step: 87
[[93m[1m WARNING [21m[0m] -----------------------------------------------------------------
[[93m[1m WARNING [21m[0m] Element conservation is violated too large
[[93m[1m WARNING [21m[0m] at step: 87
[[93m[1m WARNING [21m[0m] -----------------------------------------------------------------
[[93m[1m WARNING [21m[0m] Keep producing negative values! Clipping negative solutions and moving on!
[[93m[1m WARNING [21m[0m] Element conservation is violated too large
[[93m[1m WARNING [21m[0m] at step: 88
[[93m[1m WARNING [21m[0m] -----------------------------------------------------------------
[[93m[1m WARNING [21m[0m] Keep producing negative values! Clipping negative solutions and moving on!
[[93m[1m WARNING [21m[0m] Element conservation is violated too large
[[93m[1m WARNING [21m[0m] at step: 89
[[93m[1m WARNING [21m[0m] -----------------------------------------------------------------
[[93m[1m WARNING [21m[0m] Element conservation is violated too large
[[93m[1m WARNING [21m[0m] at step: 89
[[93m[1m WARNING [21m[0m] -----------------------------------------------------------------
[[93m[1m WARNING [21m[0m] Keep producing negative values! Clipping negative solutions and moving on!
[[93m[1m WARNING [21m[0m] Element conservation is violated too large
[[93m[1m WARNING [21m[0m] at step: 91
[[93m[1m WARNING [21m[0m] -----------------------------------------------------------------
[[93m[1m WARNING [21m[0m] Element conservation is violated too large
[[93m[1m WARNING [21m[0m] at step: 91
[[93m[1m WARNING [21m[0m] -----------------------------------------------------------------
[[93m[1m WARNING [21m[0m] Keep producing negative values! Clipping negative solutions and moving on!
[[93m[1m WARNING [21m[0m] Element conservation is violated too large
[[93m[1m WARNING [21m[0m] at step: 92
[[93m[1m WARNING [21m[0m] -----------------------------------------------------------------
[[93m[1m WARNING [21m[0m] Element conservation is violated too large
[[93m[1m WARNING [21m[0m] at step: 92
[[93m[1m WARNING [21m[0m] -----------------------------------------------------------------
[[93m[1m WARNING [21m[0m] Keep producing negative values! Clipping negative solutions and moving on!
[[93m[1m WARNING [21m[0m] Element conservation is violated too large
[[93m[1m WARNING [21m[0m] at step: 93
[[93m[1m WARNING [21m[0m] -----------------------------------------------------------------
[[93m[1m WARNING [21m[0m] Element conservation is violated too large
[[93m[1m WARNING [21m[0m] at step: 93
[[93m[1m WARNING [21m[0m] -----------------------------------------------------------------
[[93m[1m WARNING [21m[0m] Keep producing negative values! Clipping negative solutions and moving on!
[[93m[1m WARNING [21m[0m] Element conservation is violated too large
[[93m[1m WARNING [21m[0m] at step: 94
[[93m[1m WARNING [21m[0m] -----------------------------------------------------------------
[[93m[1m WARNING [21m[0m] Element conservation is violated too large
[[93m[1m WARNING [21m[0m] at step: 94
[[93m[1m WARNING [21m[0m] -----------------------------------------------------------------
[[93m[1m WARNING [21m[0m] Keep producing negative values! Clipping negative solutions and moving on!
[[93m[1m WARNING [21m[0m] Keep producing negative values! Clipping negative solutions and moving on!
[[93m[1m WARNING [21m[0m] Keep producing negative values! Clipping negative solutions and moving on!
[[93m[1m WARNING [21m[0m] Element conservation is violated too large
[[93m[1m WARNING [21m[0m] at step: 97
[[93m[1m WARNING [21m[0m] -----------------------------------------------------------------
[[93m[1m WARNING [21m[0m] Keep producing negative values! Clipping negative solutions and moving on!
[[93m[1m WARNING [21m[0m] Element conservation is violated too large
[[93m[1m WARNING [21m[0m] at step: 98
[[93m[1m WARNING [21m[0m] -----------------------------------------------------------------
[[93m[1m WARNING [21m[0m] Keep producing negative values! Clipping negative solutions and moving on!
[[93m[1m WARNING [21m[0m] Element conservation is violated too large
[[93m[1m WARNING [21m[0m] at step: 99
[[93m[1m WARNING [21m[0m] -----------------------------------------------------------------
[[93m[1m WARNING [21m[0m] Element conservation is violated too large
[[93m[1m WARNING [21m[0m] at step: 99
[[93m[1m WARNING [21m[0m] -----------------------------------------------------------------
[[93m[1m WARNING [21m[0m] Keep producing negative values! Clipping negative solutions and moving on!
[[32m[1m INFO  [21m[0m] Elapsed time: 1.00e-06 || Step number: 100/30000
[[32m[1m INFO  [21m[0m] longdy = 1.00e+00      || longdy/dt = 1.00e+00  || dt = 2.00e-08
[[32m[1m INFO  [21m[0m] from nz = 0 and OH
[[32m[1m INFO  [21m[0m] -----------------------------------------------------------------
[[93m[1m WARNING [21m[0m] Element conservation is violated too large
[[93m[1m WARNING [21m[0m] at step: 100
[[93m[1m WARNING [21m[0m] -----------------------------------------------------------------
[[93m[1m WARNING [21m[0m] Element conservation is violated too large
[[93m[1m WARNING [21m[0m] at step: 100
[[93m[1m WARNING [21m[0m] -----------------------------------------------------------------
[[93m[1m WARNING [21m[0m] Keep producing negative values! Clipping negative solutions and moving on!
[[93m[1m WARNING [21m[0m] Element conservation is violated too large
[[93m[1m WARNING [21m[0m] at step: 101
[[93m[1m WARNING [21m[0m] -----------------------------------------------------------------
[[93m[1m WARNING [21m[0m] Keep producing negative values! Clipping negative solutions and moving on!
[[93m[1m WARNING [21m[0m] Element conservation is violated too large
[[93m[1m WARNING [21m[0m] at step: 102
[[93m[1m WARNING [21m[0m] -----------------------------------------------------------------
[[93m[1m WARNING [21m[0m] Keep producing negative values! Clipping negative solutions and moving on!
[[93m[1m WARNING [21m[0m] Element conservation is violated too large
[[93m[1m WARNING [21m[0m] at step: 103
[[93m[1m WARNING [21m[0m] -----------------------------------------------------------------
[[93m[1m WARNING [21m[0m] Element conservation is violated too large
[[93m[1m WARNING [21m[0m] at step: 103
[[93m[1m WARNING [21m[0m] -----------------------------------------------------------------
[[93m[1m WARNING [21m[0m] Keep producing negative values! Clipping negative solutions and moving on!
[[93m[1m WARNING [21m[0m] Element conservation is violated too large
[[93m[1m WARNING [21m[0m] at step: 104
[[93m[1m WARNING [21m[0m] -----------------------------------------------------------------
[[93m[1m WARNING [21m[0m] Element conservation is violated too large
[[93m[1m WARNING [21m[0m] at step: 104
[[93m[1m WARNING [21m[0m] -----------------------------------------------------------------
[[93m[1m WARNING [21m[0m] Keep producing negative values! Clipping negative solutions and moving on!
[[93m[1m WARNING [21m[0m] Element conservation is violated too large
[[93m[1m WARNING [21m[0m] at step: 105
[[93m[1m WARNING [21m[0m] -----------------------------------------------------------------
[[93m[1m WARNING [21m[0m] Element conservation is violated too large
[[93m[1m WARNING [21m[0m] at step: 105
[[93m[1m WARNING [21m[0m] -----------------------------------------------------------------
[[93m[1m WARNING [21m[0m] Keep producing negative values! Clipping negative solutions and moving on!
[[93m[1m WARNING [21m[0m] Element conservation is violated too large
[[93m[1m WARNING [21m[0m] at step: 106
[[93m[1m WARNING [21m[0m] -----------------------------------------------------------------
[[93m[1m WARNING [21m[0m] Element conservation is violated too large
[[93m[1m WARNING [21m[0m] at step: 106
[[93m[1m WARNING [21m[0m] -----------------------------------------------------------------
[[93m[1m WARNING [21m[0m] Keep producing negative values! Clipping negative solutions and moving on!
[[93m[1m WARNING [21m[0m] Element conservation is violated too large
[[93m[1m WARNING [21m[0m] at step: 108
[[93m[1m WARNING [21m[0m] -----------------------------------------------------------------
[[93m[1m WARNING [21m[0m] Keep producing negative values! Clipping negative solutions and moving on!
[[93m[1m WARNING [21m[0m] Element conservation is violated too large
[[93m[1m WARNING [21m[0m] at step: 109
[[93m[1m WARNING [21m[0m] -----------------------------------------------------------------
[[93m[1m WARNING [21m[0m] Keep producing negative values! Clipping negative solutions and moving on!
[[93m[1m WARNING [21m[0m] Element conservation is violated too large
[[93m[1m WARNING [21m[0m] at step: 110
[[93m[1m WARNING [21m[0m] -----------------------------------------------------------------
[[93m[1m WARNING [21m[0m] Element conservation is violated too large
[[93m[1m WARNING [21m[0m] at step: 110
[[93m[1m WARNING [21m[0m] -----------------------------------------------------------------
[[93m[1m WARNING [21m[0m] Keep producing negative values! Clipping negative solutions and moving on!
[[93m[1m WARNING [21m[0m] Element conservation is violated too large
[[93m[1m WARNING [21m[0m] at step: 111
[[93m[1m WARNING [21m[0m] -----------------------------------------------------------------
[[93m[1m WARNING [21m[0m] Element conservation is violated too large
[[93m[1m WARNING [21m[0m] at step: 111
[[93m[1m WARNING [21m[0m] -----------------------------------------------------------------
[[93m[1m WARNING [21m[0m] Keep producing negative values! Clipping negative solutions and moving on!
[[93m[1m WARNING [21m[0m] Element conservation is violated too large
[[93m[1m WARNING [21m[0m] at step: 112
[[93m[1m WARNING [21m[0m] -----------------------------------------------------------------
[[93m[1m WARNING [21m[0m] Element conservation is violated too large
[[93m[1m WARNING [21m[0m] at step: 112
[[93m[1m WARNING [21m[0m] -----------------------------------------------------------------
[[93m[1m WARNING [21m[0m] Keep producing negative values! Clipping negative solutions and moving on!
[[93m[1m WARNING [21m[0m] Element conservation is violated too large
[[93m[1m WARNING [21m[0m] at step: 113
[[93m[1m WARNING [21m[0m] -----------------------------------------------------------------
[[93m[1m WARNING [21m[0m] Element conservation is violated too large
[[93m[1m WARNING [21m[0m] at step: 113
[[93m[1m WARNING [21m[0m] -----------------------------------------------------------------
[[93m[1m WARNING [21m[0m] Keep producing negative values! Clipping negative solutions and moving on!
[[93m[1m WARNING [21m[0m] Element conservation is violated too large
[[93m[1m WARNING [21m[0m] at step: 114
[[93m[1m WARNING [21m[0m] -----------------------------------------------------------------
[[93m[1m WARNING [21m[0m] Element conservation is violated too large
[[93m[1m WARNING [21m[0m] at step: 114
[[93m[1m WARNING [21m[0m] -----------------------------------------------------------------
[[93m[1m WARNING [21m[0m] Keep producing negative values! Clipping negative solutions and moving on!
[[93m[1m WARNING [21m[0m] Element conservation is violated too large
[[93m[1m WARNING [21m[0m] at step: 115
[[93m[1m WARNING [21m[0m] -----------------------------------------------------------------
[[93m[1m WARNING [21m[0m] Element conservation is violated too large
[[93m[1m WARNING [21m[0m] at step: 115
[[93m[1m WARNING [21m[0m] -----------------------------------------------------------------
[[93m[1m WARNING [21m[0m] Keep producing negative values! Clipping negative solutions and moving on!
[[93m[1m WARNING [21m[0m] Element conservation is violated too large
[[93m[1m WARNING [21m[0m] at step: 116
[[93m[1m WARNING [21m[0m] -----------------------------------------------------------------
[[93m[1m WARNING [21m[0m] Element conservation is violated too large
[[93m[1m WARNING [21m[0m] at step: 116
[[93m[1m WARNING [21m[0m] -----------------------------------------------------------------
[[93m[1m WARNING [21m[0m] Keep producing negative values! Clipping negative solutions and moving on!
[[93m[1m WARNING [21m[0m] Element conservation is violated too large
[[93m[1m WARNING [21m[0m] at step: 117
[[93m[1m WARNING [21m[0m] -----------------------------------------------------------------
[[93m[1m WARNING [21m[0m] Element conservation is violated too large
[[93m[1m WARNING [21m[0m] at step: 117
[[93m[1m WARNING [21m[0m] -----------------------------------------------------------------
[[93m[1m WARNING [21m[0m] Keep producing negative values! Clipping negative solutions and moving on!
[[93m[1m WARNING [21m[0m] Element conservation is violated too large
[[93m[1m WARNING [21m[0m] at step: 118
[[93m[1m WARNING [21m[0m] -----------------------------------------------------------------
[[93m[1m WARNING [21m[0m] Element conservation is violated too large
[[93m[1m WARNING [21m[0m] at step: 118
[[93m[1m WARNING [21m[0m] -----------------------------------------------------------------
[[93m[1m WARNING [21m[0m] Keep producing negative values! Clipping negative solutions and moving on!
[[93m[1m WARNING [21m[0m] Element conservation is violated too large
[[93m[1m WARNING [21m[0m] at step: 120
[[93m[1m WARNING [21m[0m] -----------------------------------------------------------------
[[93m[1m WARNING [21m[0m] Keep producing negative values! Clipping negative solutions and moving on!
[[93m[1m WARNING [21m[0m] Element conservation is violated too large
[[93m[1m WARNING [21m[0m] at step: 121
[[93m[1m WARNING [21m[0m] -----------------------------------------------------------------
[[93m[1m WARNING [21m[0m] Keep producing negative values! Clipping negative solutions and moving on!
[[93m[1m WARNING [21m[0m] Element conservation is violated too large
[[93m[1m WARNING [21m[0m] at step: 122
[[93m[1m WARNING [21m[0m] -----------------------------------------------------------------
[[93m[1m WARNING [21m[0m] Keep producing negative values! Clipping negative solutions and moving on!
[[93m[1m WARNING [21m[0m] Element conservation is violated too large
[[93m[1m WARNING [21m[0m] at step: 124
[[93m[1m WARNING [21m[0m] -----------------------------------------------------------------
[[93m[1m WARNING [21m[0m] Element conservation is violated too large
[[93m[1m WARNING [21m[0m] at step: 124
[[93m[1m WARNING [21m[0m] -----------------------------------------------------------------
[[93m[1m WARNING [21m[0m] Keep producing negative values! Clipping negative solutions and moving on!
[[93m[1m WARNING [21m[0m] Element conservation is violated too large
[[93m[1m WARNING [21m[0m] at step: 125
[[93m[1m WARNING [21m[0m] -----------------------------------------------------------------
[[93m[1m WARNING [21m[0m] Keep producing negative values! Clipping negative solutions and moving on!
[[93m[1m WARNING [21m[0m] Element conservation is violated too large
[[93m[1m WARNING [21m[0m] at step: 126
[[93m[1m WARNING [21m[0m] -----------------------------------------------------------------
[[93m[1m WARNING [21m[0m] Keep producing negative values! Clipping negative solutions and moving on!
[[93m[1m WARNING [21m[0m] Element conservation is violated too large
[[93m[1m WARNING [21m[0m] at step: 127
[[93m[1m WARNING [21m[0m] -----------------------------------------------------------------
[[93m[1m WARNING [21m[0m] Keep producing negative values! Clipping negative solutions and moving on!
[[93m[1m WARNING [21m[0m] Element conservation is violated too large
[[93m[1m WARNING [21m[0m] at step: 129
[[93m[1m WARNING [21m[0m] -----------------------------------------------------------------
[[93m[1m WARNING [21m[0m] Element conservation is violated too large
[[93m[1m WARNING [21m[0m] at step: 129
[[93m[1m WARNING [21m[0m] -----------------------------------------------------------------
[[93m[1m WARNING [21m[0m] Keep producing negative values! Clipping negative solutions and moving on!
[[93m[1m WARNING [21m[0m] Element conservation is violated too large
[[93m[1m WARNING [21m[0m] at step: 130
[[93m[1m WARNING [21m[0m] -----------------------------------------------------------------
[[93m[1m WARNING [21m[0m] Keep producing negative values! Clipping negative solutions and moving on!
[[93m[1m WARNING [21m[0m] Element conservation is violated too large
[[93m[1m WARNING [21m[0m] at step: 131
[[93m[1m WARNING [21m[0m] -----------------------------------------------------------------
[[93m[1m WARNING [21m[0m] Keep producing negative values! Clipping negative solutions and moving on!
[[93m[1m WARNING [21m[0m] Element conservation is violated too large
[[93m[1m WARNING [21m[0m] at step: 132
[[93m[1m WARNING [21m[0m] -----------------------------------------------------------------
[[93m[1m WARNING [21m[0m] Keep producing negative values! Clipping negative solutions and moving on!
[[93m[1m WARNING [21m[0m] Element conservation is violated too large
[[93m[1m WARNING [21m[0m] at step: 133
[[93m[1m WARNING [21m[0m] -----------------------------------------------------------------
[[93m[1m WARNING [21m[0m] Keep producing negative values! Clipping negative solutions and moving on!
[[93m[1m WARNING [21m[0m] Element conservation is violated too large
[[93m[1m WARNING [21m[0m] at step: 134
[[93m[1m WARNING [21m[0m] -----------------------------------------------------------------
[[93m[1m WARNING [21m[0m] Keep producing negative values! Clipping negative solutions and moving on!
[[93m[1m WARNING [21m[0m] Element conservation is violated too large
[[93m[1m WARNING [21m[0m] at step: 135
[[93m[1m WARNING [21m[0m] -----------------------------------------------------------------
[[93m[1m WARNING [21m[0m] Keep producing negative values! Clipping negative solutions and moving on!
[[93m[1m WARNING [21m[0m] Element conservation is violated too large
[[93m[1m WARNING [21m[0m] at step: 136
[[93m[1m WARNING [21m[0m] -----------------------------------------------------------------
[[93m[1m WARNING [21m[0m] Keep producing negative values! Clipping negative solutions and moving on!
[[93m[1m WARNING [21m[0m] Element conservation is violated too large
[[93m[1m WARNING [21m[0m] at step: 138
[[93m[1m WARNING [21m[0m] -----------------------------------------------------------------
[[93m[1m WARNING [21m[0m] Element conservation is violated too large
[[93m[1m WARNING [21m[0m] at step: 138
[[93m[1m WARNING [21m[0m] -----------------------------------------------------------------
[[93m[1m WARNING [21m[0m] Keep producing negative values! Clipping negative solutions and moving on!
[[93m[1m WARNING [21m[0m] Element conservation is violated too large
[[93m[1m WARNING [21m[0m] at step: 140
[[93m[1m WARNING [21m[0m] -----------------------------------------------------------------
[[93m[1m WARNING [21m[0m] Element conservation is violated too large
[[93m[1m WARNING [21m[0m] at step: 140
[[93m[1m WARNING [21m[0m] -----------------------------------------------------------------
[[93m[1m WARNING [21m[0m] Keep producing negative values! Clipping negative solutions and moving on!
[[93m[1m WARNING [21m[0m] Element conservation is violated too large
[[93m[1m WARNING [21m[0m] at step: 141
[[93m[1m WARNING [21m[0m] -----------------------------------------------------------------
[[93m[1m WARNING [21m[0m] Keep producing negative values! Clipping negative solutions and moving on!
[[93m[1m WARNING [21m[0m] Element conservation is violated too large
[[93m[1m WARNING [21m[0m] at step: 142
[[93m[1m WARNING [21m[0m] -----------------------------------------------------------------
[[93m[1m WARNING [21m[0m] Keep producing negative values! Clipping negative solutions and moving on!
[[93m[1m WARNING [21m[0m] Element conservation is violated too large
[[93m[1m WARNING [21m[0m] at step: 143
[[93m[1m WARNING [21m[0m] -----------------------------------------------------------------
[[93m[1m WARNING [21m[0m] Keep producing negative values! Clipping negative solutions and moving on!
[[93m[1m WARNING [21m[0m] Element conservation is violated too large
[[93m[1m WARNING [21m[0m] at step: 144
[[93m[1m WARNING [21m[0m] -----------------------------------------------------------------
[[93m[1m WARNING [21m[0m] Keep producing negative values! Clipping negative solutions and moving on!
[[93m[1m WARNING [21m[0m] Element conservation is violated too large
[[93m[1m WARNING [21m[0m] at step: 145
[[93m[1m WARNING [21m[0m] -----------------------------------------------------------------
[[93m[1m WARNING [21m[0m] Keep producing negative values! Clipping negative solutions and moving on!
[[93m[1m WARNING [21m[0m] Element conservation is violated too large
[[93m[1m WARNING [21m[0m] at step: 146
[[93m[1m WARNING [21m[0m] -----------------------------------------------------------------
[[93m[1m WARNING [21m[0m] Keep producing negative values! Clipping negative solutions and moving on!
[[93m[1m WARNING [21m[0m] Element conservation is violated too large
[[93m[1m WARNING [21m[0m] at step: 147
[[93m[1m WARNING [21m[0m] -----------------------------------------------------------------
[[93m[1m WARNING [21m[0m] Keep producing negative values! Clipping negative solutions and moving on!
[[93m[1m WARNING [21m[0m] Element conservation is violated too large
[[93m[1m WARNING [21m[0m] at step: 148
[[93m[1m WARNING [21m[0m] -----------------------------------------------------------------
[[93m[1m WARNING [21m[0m] Keep producing negative values! Clipping negative solutions and moving on!
[[93m[1m WARNING [21m[0m] Element conservation is violated too large
[[93m[1m WARNING [21m[0m] at step: 149
[[93m[1m WARNING [21m[0m] -----------------------------------------------------------------
[[93m[1m WARNING [21m[0m] Keep producing negative values! Clipping negative solutions and moving on!
[[93m[1m WARNING [21m[0m] Element conservation is violated too large
[[93m[1m WARNING [21m[0m] at step: 153
[[93m[1m WARNING [21m[0m] -----------------------------------------------------------------
[[93m[1m WARNING [21m[0m] Element conservation is violated too large
[[93m[1m WARNING [21m[0m] at step: 153
[[93m[1m WARNING [21m[0m] -----------------------------------------------------------------
[[93m[1m WARNING [21m[0m] Keep producing negative values! Clipping negative solutions and moving on!
[[93m[1m WARNING [21m[0m] Element conservation is violated too large
[[93m[1m WARNING [21m[0m] at step: 154
[[93m[1m WARNING [21m[0m] -----------------------------------------------------------------
[[93m[1m WARNING [21m[0m] Keep producing negative values! Clipping negative solutions and moving on!
[[93m[1m WARNING [21m[0m] Element conservation is violated too large
[[93m[1m WARNING [21m[0m] at step: 156
[[93m[1m WARNING [21m[0m] -----------------------------------------------------------------
[[93m[1m WARNING [21m[0m] Element conservation is violated too large
[[93m[1m WARNING [21m[0m] at step: 156
[[93m[1m WARNING [21m[0m] -----------------------------------------------------------------
[[93m[1m WARNING [21m[0m] Keep producing negative values! Clipping negative solutions and moving on!
[[93m[1m WARNING [21m[0m] Element conservation is violated too large
[[93m[1m WARNING [21m[0m] at step: 157
[[93m[1m WARNING [21m[0m] -----------------------------------------------------------------
[[93m[1m WARNING [21m[0m] Keep producing negative values! Clipping negative solutions and moving on!
[[93m[1m WARNING [21m[0m] Element conservation is violated too large
[[93m[1m WARNING [21m[0m] at step: 158
[[93m[1m WARNING [21m[0m] -----------------------------------------------------------------
[[93m[1m WARNING [21m[0m] Keep producing negative values! Clipping negative solutions and moving on!
[[93m[1m WARNING [21m[0m] Element conservation is violated too large
[[93m[1m WARNING [21m[0m] at step: 159
[[93m[1m WARNING [21m[0m] -----------------------------------------------------------------
[[93m[1m WARNING [21m[0m] Keep producing negative values! Clipping negative solutions and moving on!
[[93m[1m WARNING [21m[0m] Element conservation is violated too large
[[93m[1m WARNING [21m[0m] at step: 160
[[93m[1m WARNING [21m[0m] -----------------------------------------------------------------
[[93m[1m WARNING [21m[0m] Keep producing negative values! Clipping negative solutions and moving on!
[[93m[1m WARNING [21m[0m] Element conservation is violated too large
[[93m[1m WARNING [21m[0m] at step: 161
[[93m[1m WARNING [21m[0m] -----------------------------------------------------------------
[[93m[1m WARNING [21m[0m] Keep producing negative values! Clipping negative solutions and moving on!
[[93m[1m WARNING [21m[0m] Element conservation is violated too large
[[93m[1m WARNING [21m[0m] at step: 163
[[93m[1m WARNING [21m[0m] -----------------------------------------------------------------
[[93m[1m WARNING [21m[0m] Element conservation is violated too large
[[93m[1m WARNING [21m[0m] at step: 163
[[93m[1m WARNING [21m[0m] -----------------------------------------------------------------
[[93m[1m WARNING [21m[0m] Keep producing negative values! Clipping negative solutions and moving on!
[[93m[1m WARNING [21m[0m] Element conservation is violated too large
[[93m[1m WARNING [21m[0m] at step: 164
[[93m[1m WARNING [21m[0m] -----------------------------------------------------------------
[[93m[1m WARNING [21m[0m] Keep producing negative values! Clipping negative solutions and moving on!
[[93m[1m WARNING [21m[0m] Element conservation is violated too large
[[93m[1m WARNING [21m[0m] at step: 166
[[93m[1m WARNING [21m[0m] -----------------------------------------------------------------
[[93m[1m WARNING [21m[0m] Element conservation is violated too large
[[93m[1m WARNING [21m[0m] at step: 167
[[93m[1m WARNING [21m[0m] -----------------------------------------------------------------
[[93m[1m WARNING [21m[0m] Element conservation is violated too large
[[93m[1m WARNING [21m[0m] at step: 168
[[93m[1m WARNING [21m[0m] -----------------------------------------------------------------
[[93m[1m WARNING [21m[0m] Element conservation is violated too large
[[93m[1m WARNING [21m[0m] at step: 169
[[93m[1m WARNING [21m[0m] -----------------------------------------------------------------
[[93m[1m WARNING [21m[0m] Element conservation is violated too large
[[93m[1m WARNING [21m[0m] at step: 171
[[93m[1m WARNING [21m[0m] -----------------------------------------------------------------
[[93m[1m WARNING [21m[0m] Element conservation is violated too large
[[93m[1m WARNING [21m[0m] at step: 172
[[93m[1m WARNING [21m[0m] -----------------------------------------------------------------
[[93m[1m WARNING [21m[0m] Element conservation is violated too large
[[93m[1m WARNING [21m[0m] at step: 173
[[93m[1m WARNING [21m[0m] -----------------------------------------------------------------
[[93m[1m WARNING [21m[0m] Element conservation is violated too large
[[93m[1m WARNING [21m[0m] at step: 179
[[93m[1m WARNING [21m[0m] -----------------------------------------------------------------
[[93m[1m WARNING [21m[0m] Element conservation is violated too large
[[93m[1m WARNING [21m[0m] at step: 187
[[93m[1m WARNING [21m[0m] -----------------------------------------------------------------
[[32m[1m INFO  [21m[0m] Elapsed time: 2.39e-06 || Step number: 200/30000
[[32m[1m INFO  [21m[0m] longdy = 1.00e+00      || longdy/dt = 1.00e+00  || dt = 3.98e-08
[[32m[1m INFO  [21m[0m] from nz = 0 and OH
[[32m[1m INFO  [21m[0m] -----------------------------------------------------------------
[[32m[1m INFO  [21m[0m] Elapsed time: 6.15e-06 || Step number: 300/30000
[[32m[1m INFO  [21m[0m] longdy = 1.00e+00      || longdy/dt = 1.00e+00  || dt = 8.12e-08
[[32m[1m INFO  [21m[0m] from nz = 0 and OH
[[32m[1m INFO  [21m[0m] -----------------------------------------------------------------
[[32m[1m INFO  [21m[0m] Elapsed time: 1.45e-05 || Step number: 400/30000
[[32m[1m INFO  [21m[0m] longdy = 1.00e+00      || longdy/dt = 1.00e+00  || dt = 1.99e-07
[[32m[1m INFO  [21m[0m] from nz = 0 and OH
[[32m[1m INFO  [21m[0m] -----------------------------------------------------------------
[[32m[1m INFO  [21m[0m] Elapsed time: 2.94e-05 || Step number: 500/30000
[[32m[1m INFO  [21m[0m] longdy = 1.00e+00      || longdy/dt = 1.00e+00  || dt = 2.08e-07
[[32m[1m INFO  [21m[0m] from nz = 0 and OH
[[32m[1m INFO  [21m[0m] -----------------------------------------------------------------
[[32m[1m INFO  [21m[0m] Elapsed time: 5.42e-05 || Step number: 600/30000
[[32m[1m INFO  [21m[0m] longdy = 1.00e+00      || longdy/dt = 1.00e+00  || dt = 4.61e-07
[[32m[1m INFO  [21m[0m] from nz = 0 and OH
[[32m[1m INFO  [21m[0m] -----------------------------------------------------------------
[[32m[1m INFO  [21m[0m] Elapsed time: 8.58e-05 || Step number: 700/30000
[[32m[1m INFO  [21m[0m] longdy = 1.00e+00      || longdy/dt = 1.00e+00  || dt = 6.74e-07
[[32m[1m INFO  [21m[0m] from nz = 0 and OH
[[32m[1m INFO  [21m[0m] -----------------------------------------------------------------
[[32m[1m INFO  [21m[0m] Elapsed time: 1.36e-04 || Step number: 800/30000
[[32m[1m INFO  [21m[0m] longdy = 1.00e+00      || longdy/dt = 1.00e+00  || dt = 9.78e-07
[[32m[1m INFO  [21m[0m] from nz = 0 and OH
[[32m[1m INFO  [21m[0m] -----------------------------------------------------------------
[[32m[1m INFO  [21m[0m] Elapsed time: 1.99e-04 || Step number: 900/30000
[[32m[1m INFO  [21m[0m] longdy = 1.00e+00      || longdy/dt = 1.00e+00  || dt = 7.52e-07
[[32m[1m INFO  [21m[0m] from nz = 0 and OH
[[32m[1m INFO  [21m[0m] -----------------------------------------------------------------
[[32m[1m INFO  [21m[0m] Elapsed time: 2.74e-04 || Step number: 1000/30000
[[32m[1m INFO  [21m[0m] longdy = 1.00e+00      || longdy/dt = 1.00e+00  || dt = 1.64e-06
[[32m[1m INFO  [21m[0m] from nz = 0 and OH
[[32m[1m INFO  [21m[0m] -----------------------------------------------------------------
[[32m[1m INFO  [21m[0m] Elapsed time: 3.77e-04 || Step number: 1100/30000
[[32m[1m INFO  [21m[0m] longdy = 1.00e+00      || longdy/dt = 1.00e+00  || dt = 1.04e-06
[[32m[1m INFO  [21m[0m] from nz = 0 and OH
[[32m[1m INFO  [21m[0m] -----------------------------------------------------------------
[[32m[1m INFO  [21m[0m] Elapsed time: 5.05e-04 || Step number: 1200/30000
[[32m[1m INFO  [21m[0m] longdy = 1.00e+00      || longdy/dt = 1.00e+00  || dt = 1.46e-06
[[32m[1m INFO  [21m[0m] from nz = 0 and OH
[[32m[1m INFO  [21m[0m] -----------------------------------------------------------------
[[32m[1m INFO  [21m[0m] Elapsed time: 6.66e-04 || Step number: 1300/30000
[[32m[1m INFO  [21m[0m] longdy = 1.00e+00      || longdy/dt = 1.00e+00  || dt = 2.61e-06
[[32m[1m INFO  [21m[0m] from nz = 0 and OH
[[32m[1m INFO  [21m[0m] -----------------------------------------------------------------
[[32m[1m INFO  [21m[0m] Elapsed time: 8.73e-04 || Step number: 1400/30000
[[32m[1m INFO  [21m[0m] longdy = 1.00e+00      || longdy/dt = 1.00e+00  || dt = 2.30e-06
[[32m[1m INFO  [21m[0m] from nz = 0 and OH
[[32m[1m INFO  [21m[0m] -----------------------------------------------------------------
[[32m[1m INFO  [21m[0m] Elapsed time: 1.13e-03 || Step number: 1500/30000
[[32m[1m INFO  [21m[0m] longdy = 1.00e+00      || longdy/dt = 1.00e+00  || dt = 4.82e-06
[[32m[1m INFO  [21m[0m] from nz = 0 and OH
[[32m[1m INFO  [21m[0m] -----------------------------------------------------------------
[[32m[1m INFO  [21m[0m] Elapsed time: 1.42e-03 || Step number: 1600/30000
[[32m[1m INFO  [21m[0m] longdy = 1.00e+00      || longdy/dt = 1.00e+00  || dt = 6.67e-06
[[32m[1m INFO  [21m[0m] from nz = 0 and OH
[[32m[1m INFO  [21m[0m] -----------------------------------------------------------------
[[32m[1m INFO  [21m[0m] Elapsed time: 1.72e-03 || Step number: 1700/30000
[[32m[1m INFO  [21m[0m] longdy = 1.00e+00      || longdy/dt = 1.00e+00  || dt = 5.91e-06
[[32m[1m INFO  [21m[0m] from nz = 0 and OH
[[32m[1m INFO  [21m[0m] -----------------------------------------------------------------
[[32m[1m INFO  [21m[0m] Elapsed time: 2.07e-03 || Step number: 1800/30000
[[32m[1m INFO  [21m[0m] longdy = 1.00e+00      || longdy/dt = 1.00e+00  || dt = 4.39e-06
[[32m[1m INFO  [21m[0m] from nz = 0 and OH
[[32m[1m INFO  [21m[0m] -----------------------------------------------------------------
[[32m[1m INFO  [21m[0m] Elapsed time: 2.48e-03 || Step number: 1900/30000
[[32m[1m INFO  [21m[0m] longdy = 1.00e+00      || longdy/dt = 1.00e+00  || dt = 5.01e-06
[[32m[1m INFO  [21m[0m] from nz = 0 and OH
[[32m[1m INFO  [21m[0m] -----------------------------------------------------------------
[[32m[1m INFO  [21m[0m] Elapsed time: 2.94e-03 || Step number: 2000/30000
[[32m[1m INFO  [21m[0m] longdy = 1.00e+00      || longdy/dt = 1.00e+00  || dt = 5.50e-06
[[32m[1m INFO  [21m[0m] from nz = 0 and OH
[[32m[1m INFO  [21m[0m] -----------------------------------------------------------------
[[32m[1m INFO  [21m[0m] Elapsed time: 3.40e-03 || Step number: 2100/30000
[[32m[1m INFO  [21m[0m] longdy = 1.00e+00      || longdy/dt = 1.00e+00  || dt = 5.02e-06
[[32m[1m INFO  [21m[0m] from nz = 0 and OH
[[32m[1m INFO  [21m[0m] -----------------------------------------------------------------
[[32m[1m INFO  [21m[0m] Elapsed time: 3.94e-03 || Step number: 2200/30000
[[32m[1m INFO  [21m[0m] longdy = 1.00e+00      || longdy/dt = 1.00e+00  || dt = 5.88e-06
[[32m[1m INFO  [21m[0m] from nz = 0 and OH
[[32m[1m INFO  [21m[0m] -----------------------------------------------------------------
[[32m[1m INFO  [21m[0m] Elapsed time: 4.51e-03 || Step number: 2300/30000
[[32m[1m INFO  [21m[0m] longdy = 1.00e+00      || longdy/dt = 1.00e+00  || dt = 7.75e-06
[[32m[1m INFO  [21m[0m] from nz = 0 and OH
[[32m[1m INFO  [21m[0m] -----------------------------------------------------------------
[[32m[1m INFO  [21m[0m] Elapsed time: 5.13e-03 || Step number: 2400/30000
[[32m[1m INFO  [21m[0m] longdy = 1.00e+00      || longdy/dt = 1.00e+00  || dt = 6.25e-06
[[32m[1m INFO  [21m[0m] from nz = 0 and OH
[[32m[1m INFO  [21m[0m] -----------------------------------------------------------------
[[32m[1m INFO  [21m[0m] Elapsed time: 5.75e-03 || Step number: 2500/30000
[[32m[1m INFO  [21m[0m] longdy = 1.00e+00      || longdy/dt = 1.00e+00  || dt = 8.54e-06
[[32m[1m INFO  [21m[0m] from nz = 0 and OH
[[32m[1m INFO  [21m[0m] -----------------------------------------------------------------
[[32m[1m INFO  [21m[0m] Elapsed time: 6.49e-03 || Step number: 2600/30000
[[32m[1m INFO  [21m[0m] longdy = 1.00e+00      || longdy/dt = 1.00e+00  || dt = 7.62e-06
[[32m[1m INFO  [21m[0m] from nz = 0 and OH
[[32m[1m INFO  [21m[0m] -----------------------------------------------------------------
[[32m[1m INFO  [21m[0m] Elapsed time: 7.24e-03 || Step number: 2700/30000
[[32m[1m INFO  [21m[0m] longdy = 1.00e+00      || longdy/dt = 1.00e+00  || dt = 1.41e-05
[[32m[1m INFO  [21m[0m] from nz = 0 and OH
[[32m[1m INFO  [21m[0m] -----------------------------------------------------------------
[[32m[1m INFO  [21m[0m] Elapsed time: 8.06e-03 || Step number: 2800/30000
[[32m[1m INFO  [21m[0m] longdy = 1.00e+00      || longdy/dt = 1.00e+00  || dt = 5.49e-06
[[32m[1m INFO  [21m[0m] from nz = 0 and OH
[[32m[1m INFO  [21m[0m] -----------------------------------------------------------------
[[32m[1m INFO  [21m[0m] Elapsed time: 8.93e-03 || Step number: 2900/30000
[[32m[1m INFO  [21m[0m] longdy = 1.00e+00      || longdy/dt = 1.00e+00  || dt = 1.06e-05
[[32m[1m INFO  [21m[0m] from nz = 0 and OH
[[32m[1m INFO  [21m[0m] -----------------------------------------------------------------
[[32m[1m INFO  [21m[0m] Elapsed time: 9.87e-03 || Step number: 3000/30000
[[32m[1m INFO  [21m[0m] longdy = 1.00e+00      || longdy/dt = 1.00e+00  || dt = 1.36e-05
[[32m[1m INFO  [21m[0m] from nz = 0 and OH
[[32m[1m INFO  [21m[0m] -----------------------------------------------------------------
[[32m[1m INFO  [21m[0m] Elapsed time: 1.09e-02 || Step number: 3100/30000
[[32m[1m INFO  [21m[0m] longdy = 1.00e+00      || longdy/dt = 1.00e+00  || dt = 9.16e-06
[[32m[1m INFO  [21m[0m] from nz = 0 and OH
[[32m[1m INFO  [21m[0m] -----------------------------------------------------------------
[[32m[1m INFO  [21m[0m] Elapsed time: 1.19e-02 || Step number: 3200/30000
[[32m[1m INFO  [21m[0m] longdy = 1.00e+00      || longdy/dt = 1.00e+00  || dt = 1.45e-05
[[32m[1m INFO  [21m[0m] from nz = 0 and OH
[[32m[1m INFO  [21m[0m] -----------------------------------------------------------------
[[32m[1m INFO  [21m[0m] Elapsed time: 1.30e-02 || Step number: 3300/30000
[[32m[1m INFO  [21m[0m] longdy = 1.00e+00      || longdy/dt = 1.00e+00  || dt = 2.19e-05
[[32m[1m INFO  [21m[0m] from nz = 0 and OH
[[32m[1m INFO  [21m[0m] -----------------------------------------------------------------
[[32m[1m INFO  [21m[0m] Elapsed time: 1.42e-02 || Step number: 3400/30000
[[32m[1m INFO  [21m[0m] longdy = 1.00e+00      || longdy/dt = 1.00e+00  || dt = 1.53e-05
[[32m[1m INFO  [21m[0m] from nz = 0 and OH
[[32m[1m INFO  [21m[0m] -----------------------------------------------------------------
[[32m[1m INFO  [21m[0m] Elapsed time: 1.54e-02 || Step number: 3500/30000
[[32m[1m INFO  [21m[0m] longdy = 1.00e+00      || longdy/dt = 1.00e+00  || dt = 2.01e-05
[[32m[1m INFO  [21m[0m] from nz = 0 and OH
[[32m[1m INFO  [21m[0m] -----------------------------------------------------------------
[[32m[1m INFO  [21m[0m] Elapsed time: 1.67e-02 || Step number: 3600/30000
[[32m[1m INFO  [21m[0m] longdy = 1.00e+00      || longdy/dt = 1.00e+00  || dt = 2.32e-05
[[32m[1m INFO  [21m[0m] from nz = 0 and OH
[[32m[1m INFO  [21m[0m] -----------------------------------------------------------------
[[32m[1m INFO  [21m[0m] Elapsed time: 1.81e-02 || Step number: 3700/30000
[[32m[1m INFO  [21m[0m] longdy = 1.00e+00      || longdy/dt = 1.00e+00  || dt = 4.40e-05
[[32m[1m INFO  [21m[0m] from nz = 0 and OH
[[32m[1m INFO  [21m[0m] -----------------------------------------------------------------
[[32m[1m INFO  [21m[0m] Elapsed time: 1.97e-02 || Step number: 3800/30000
[[32m[1m INFO  [21m[0m] longdy = 1.00e+00      || longdy/dt = 1.00e+00  || dt = 1.32e-05
[[32m[1m INFO  [21m[0m] from nz = 0 and OH
[[32m[1m INFO  [21m[0m] -----------------------------------------------------------------
[[32m[1m INFO  [21m[0m] Elapsed time: 2.11e-02 || Step number: 3900/30000
[[32m[1m INFO  [21m[0m] longdy = 1.00e+00      || longdy/dt = 1.00e+00  || dt = 1.25e-05
[[32m[1m INFO  [21m[0m] from nz = 0 and OH
[[32m[1m INFO  [21m[0m] -----------------------------------------------------------------
[[32m[1m INFO  [21m[0m] Elapsed time: 2.27e-02 || Step number: 4000/30000
[[32m[1m INFO  [21m[0m] longdy = 1.00e+00      || longdy/dt = 1.00e+00  || dt = 2.67e-05
[[32m[1m INFO  [21m[0m] from nz = 0 and OH
[[32m[1m INFO  [21m[0m] -----------------------------------------------------------------
[[32m[1m INFO  [21m[0m] Elapsed time: 2.44e-02 || Step number: 4100/30000
[[32m[1m INFO  [21m[0m] longdy = 1.00e+00      || longdy/dt = 1.00e+00  || dt = 2.40e-05
[[32m[1m INFO  [21m[0m] from nz = 0 and OH
[[32m[1m INFO  [21m[0m] -----------------------------------------------------------------
[[32m[1m INFO  [21m[0m] Elapsed time: 2.60e-02 || Step number: 4200/30000
[[32m[1m INFO  [21m[0m] longdy = 1.00e+00      || longdy/dt = 1.00e+00  || dt = 2.28e-05
[[32m[1m INFO  [21m[0m] from nz = 0 and OH
[[32m[1m INFO  [21m[0m] -----------------------------------------------------------------
[[32m[1m INFO  [21m[0m] Elapsed time: 2.80e-02 || Step number: 4300/30000
[[32m[1m INFO  [21m[0m] longdy = 1.00e+00      || longdy/dt = 1.00e+00  || dt = 3.07e-05
[[32m[1m INFO  [21m[0m] from nz = 0 and OH
[[32m[1m INFO  [21m[0m] -----------------------------------------------------------------
[[32m[1m INFO  [21m[0m] Elapsed time: 2.99e-02 || Step number: 4400/30000
[[32m[1m INFO  [21m[0m] longdy = 1.00e+00      || longdy/dt = 1.00e+00  || dt = 3.49e-05
[[32m[1m INFO  [21m[0m] from nz = 0 and OH
[[32m[1m INFO  [21m[0m] -----------------------------------------------------------------
[[32m[1m INFO  [21m[0m] Elapsed time: 3.18e-02 || Step number: 4500/30000
[[32m[1m INFO  [21m[0m] longdy = 1.00e+00      || longdy/dt = 1.00e+00  || dt = 2.92e-05
[[32m[1m INFO  [21m[0m] from nz = 0 and OH
[[32m[1m INFO  [21m[0m] -----------------------------------------------------------------
[[32m[1m INFO  [21m[0m] Elapsed time: 3.39e-02 || Step number: 4600/30000
[[32m[1m INFO  [21m[0m] longdy = 1.00e+00      || longdy/dt = 1.00e+00  || dt = 2.78e-05
[[32m[1m INFO  [21m[0m] from nz = 0 and OH
[[32m[1m INFO  [21m[0m] -----------------------------------------------------------------
[[32m[1m INFO  [21m[0m] Elapsed time: 3.62e-02 || Step number: 4700/30000
[[32m[1m INFO  [21m[0m] longdy = 1.00e+00      || longdy/dt = 1.00e+00  || dt = 2.22e-05
[[32m[1m INFO  [21m[0m] from nz = 0 and OH
[[32m[1m INFO  [21m[0m] -----------------------------------------------------------------
[[32m[1m INFO  [21m[0m] Elapsed time: 3.84e-02 || Step number: 4800/30000
[[32m[1m INFO  [21m[0m] longdy = 1.00e+00      || longdy/dt = 1.00e+00  || dt = 5.04e-05
[[32m[1m INFO  [21m[0m] from nz = 0 and OH
[[32m[1m INFO  [21m[0m] -----------------------------------------------------------------
[[32m[1m INFO  [21m[0m] Elapsed time: 4.08e-02 || Step number: 4900/30000
[[32m[1m INFO  [21m[0m] longdy = 1.00e+00      || longdy/dt = 1.00e+00  || dt = 2.79e-05
[[32m[1m INFO  [21m[0m] from nz = 0 and OH
[[32m[1m INFO  [21m[0m] -----------------------------------------------------------------
[[32m[1m INFO  [21m[0m] Elapsed time: 4.33e-02 || Step number: 5000/30000
[[32m[1m INFO  [21m[0m] longdy = 1.00e+00      || longdy/dt = 1.00e+00  || dt = 5.05e-05
[[32m[1m INFO  [21m[0m] from nz = 0 and OH
[[32m[1m INFO  [21m[0m] -----------------------------------------------------------------
[[32m[1m INFO  [21m[0m] Elapsed time: 4.57e-02 || Step number: 5100/30000
[[32m[1m INFO  [21m[0m] longdy = 1.00e+00      || longdy/dt = 1.00e+00  || dt = 6.51e-05
[[32m[1m INFO  [21m[0m] from nz = 0 and OH
[[32m[1m INFO  [21m[0m] -----------------------------------------------------------------
[[32m[1m INFO  [21m[0m] Elapsed time: 4.84e-02 || Step number: 5200/30000
[[32m[1m INFO  [21m[0m] longdy = 1.00e+00      || longdy/dt = 1.00e+00  || dt = 3.19e-05
[[32m[1m INFO  [21m[0m] from nz = 0 and OH
[[32m[1m INFO  [21m[0m] -----------------------------------------------------------------
[[32m[1m INFO  [21m[0m] Elapsed time: 5.09e-02 || Step number: 5300/30000
[[32m[1m INFO  [21m[0m] longdy = 1.00e+00      || longdy/dt = 1.00e+00  || dt = 2.25e-05
[[32m[1m INFO  [21m[0m] from nz = 0 and OH
[[32m[1m INFO  [21m[0m] -----------------------------------------------------------------
[[32m[1m INFO  [21m[0m] Elapsed time: 5.35e-02 || Step number: 5400/30000
[[32m[1m INFO  [21m[0m] longdy = 1.00e+00      || longdy/dt = 1.00e+00  || dt = 3.29e-05
[[32m[1m INFO  [21m[0m] from nz = 0 and OH
[[32m[1m INFO  [21m[0m] -----------------------------------------------------------------
[[32m[1m INFO  [21m[0m] Elapsed time: 5.62e-02 || Step number: 5500/30000
[[32m[1m INFO  [21m[0m] longdy = 1.00e+00      || longdy/dt = 1.00e+00  || dt = 5.33e-05
[[32m[1m INFO  [21m[0m] from nz = 0 and OH
[[32m[1m INFO  [21m[0m] -----------------------------------------------------------------
[[32m[1m INFO  [21m[0m] Elapsed time: 5.88e-02 || Step number: 5600/30000
[[32m[1m INFO  [21m[0m] longdy = 1.00e+00      || longdy/dt = 1.00e+00  || dt = 5.67e-05
[[32m[1m INFO  [21m[0m] from nz = 0 and OH
[[32m[1m INFO  [21m[0m] -----------------------------------------------------------------
[[32m[1m INFO  [21m[0m] Elapsed time: 6.17e-02 || Step number: 5700/30000
[[32m[1m INFO  [21m[0m] longdy = 1.00e+00      || longdy/dt = 1.00e+00  || dt = 5.13e-05
[[32m[1m INFO  [21m[0m] from nz = 0 and OH
[[32m[1m INFO  [21m[0m] -----------------------------------------------------------------
[[32m[1m INFO  [21m[0m] Elapsed time: 6.44e-02 || Step number: 5800/30000
[[32m[1m INFO  [21m[0m] longdy = 1.00e+00      || longdy/dt = 1.00e+00  || dt = 4.31e-05
[[32m[1m INFO  [21m[0m] from nz = 0 and OH
[[32m[1m INFO  [21m[0m] -----------------------------------------------------------------
[[32m[1m INFO  [21m[0m] Elapsed time: 6.73e-02 || Step number: 5900/30000
[[32m[1m INFO  [21m[0m] longdy = 1.00e+00      || longdy/dt = 1.00e+00  || dt = 3.06e-05
[[32m[1m INFO  [21m[0m] from nz = 0 and OH
[[32m[1m INFO  [21m[0m] -----------------------------------------------------------------
[[32m[1m INFO  [21m[0m] Elapsed time: 7.00e-02 || Step number: 6000/30000
[[32m[1m INFO  [21m[0m] longdy = 1.00e+00      || longdy/dt = 1.00e+00  || dt = 3.26e-05
[[32m[1m INFO  [21m[0m] from nz = 0 and OH
[[32m[1m INFO  [21m[0m] -----------------------------------------------------------------
[[32m[1m INFO  [21m[0m] Elapsed time: 7.29e-02 || Step number: 6100/30000
[[32m[1m INFO  [21m[0m] longdy = 1.00e+00      || longdy/dt = 1.00e+00  || dt = 2.67e-05
[[32m[1m INFO  [21m[0m] from nz = 0 and OH
[[32m[1m INFO  [21m[0m] -----------------------------------------------------------------
[[32m[1m INFO  [21m[0m] Elapsed time: 7.58e-02 || Step number: 6200/30000
[[32m[1m INFO  [21m[0m] longdy = 1.00e+00      || longdy/dt = 1.00e+00  || dt = 5.27e-05
[[32m[1m INFO  [21m[0m] from nz = 0 and OH
[[32m[1m INFO  [21m[0m] -----------------------------------------------------------------
[[32m[1m INFO  [21m[0m] Elapsed time: 7.88e-02 || Step number: 6300/30000
[[32m[1m INFO  [21m[0m] longdy = 1.00e+00      || longdy/dt = 1.00e+00  || dt = 3.47e-05
[[32m[1m INFO  [21m[0m] from nz = 0 and OH
[[32m[1m INFO  [21m[0m] -----------------------------------------------------------------
[[32m[1m INFO  [21m[0m] Elapsed time: 8.19e-02 || Step number: 6400/30000
[[32m[1m INFO  [21m[0m] longdy = 1.00e+00      || longdy/dt = 1.00e+00  || dt = 5.72e-05
[[32m[1m INFO  [21m[0m] from nz = 0 and OH
[[32m[1m INFO  [21m[0m] -----------------------------------------------------------------
[[32m[1m INFO  [21m[0m] Elapsed time: 8.50e-02 || Step number: 6500/30000
[[32m[1m INFO  [21m[0m] longdy = 1.00e+00      || longdy/dt = 1.00e+00  || dt = 3.11e-05
[[32m[1m INFO  [21m[0m] from nz = 0 and OH
[[32m[1m INFO  [21m[0m] -----------------------------------------------------------------
[[32m[1m INFO  [21m[0m] Elapsed time: 8.81e-02 || Step number: 6600/30000
[[32m[1m INFO  [21m[0m] longdy = 1.00e+00      || longdy/dt = 1.00e+00  || dt = 3.61e-05
[[32m[1m INFO  [21m[0m] from nz = 0 and OH
[[32m[1m INFO  [21m[0m] -----------------------------------------------------------------
[[32m[1m INFO  [21m[0m] Elapsed time: 9.13e-02 || Step number: 6700/30000
[[32m[1m INFO  [21m[0m] longdy = 1.00e+00      || longdy/dt = 1.00e+00  || dt = 3.66e-05
[[32m[1m INFO  [21m[0m] from nz = 0 and OH
[[32m[1m INFO  [21m[0m] -----------------------------------------------------------------
[[32m[1m INFO  [21m[0m] Elapsed time: 9.45e-02 || Step number: 6800/30000
[[32m[1m INFO  [21m[0m] longdy = 1.00e+00      || longdy/dt = 1.00e+00  || dt = 3.17e-05
[[32m[1m INFO  [21m[0m] from nz = 0 and OH
[[32m[1m INFO  [21m[0m] -----------------------------------------------------------------
[[32m[1m INFO  [21m[0m] Elapsed time: 9.78e-02 || Step number: 6900/30000
[[32m[1m INFO  [21m[0m] longdy = 1.00e+00      || longdy/dt = 1.00e+00  || dt = 4.74e-05
[[32m[1m INFO  [21m[0m] from nz = 0 and OH
[[32m[1m INFO  [21m[0m] -----------------------------------------------------------------
[[32m[1m INFO  [21m[0m] Elapsed time: 1.01e-01 || Step number: 7000/30000
[[32m[1m INFO  [21m[0m] longdy = 1.00e+00      || longdy/dt = 1.00e+00  || dt = 3.36e-05
[[32m[1m INFO  [21m[0m] from nz = 0 and OH
[[32m[1m INFO  [21m[0m] -----------------------------------------------------------------
[[32m[1m INFO  [21m[0m] Elapsed time: 1.04e-01 || Step number: 7100/30000
[[32m[1m INFO  [21m[0m] longdy = 1.00e+00      || longdy/dt = 1.00e+00  || dt = 4.93e-05
[[32m[1m INFO  [21m[0m] from nz = 0 and OH
[[32m[1m INFO  [21m[0m] -----------------------------------------------------------------
[[32m[1m INFO  [21m[0m] Elapsed time: 1.08e-01 || Step number: 7200/30000
[[32m[1m INFO  [21m[0m] longdy = 1.00e+00      || longdy/dt = 1.00e+00  || dt = 3.52e-05
[[32m[1m INFO  [21m[0m] from nz = 0 and OH
[[32m[1m INFO  [21m[0m] -----------------------------------------------------------------
[[32m[1m INFO  [21m[0m] Elapsed time: 1.11e-01 || Step number: 7300/30000
[[32m[1m INFO  [21m[0m] longdy = 1.00e+00      || longdy/dt = 1.00e+00  || dt = 5.54e-05
[[32m[1m INFO  [21m[0m] from nz = 0 and OH
[[32m[1m INFO  [21m[0m] -----------------------------------------------------------------
[[32m[1m INFO  [21m[0m] Elapsed time: 1.15e-01 || Step number: 7400/30000
[[32m[1m INFO  [21m[0m] longdy = 1.00e+00      || longdy/dt = 1.00e+00  || dt = 6.15e-05
[[32m[1m INFO  [21m[0m] from nz = 0 and OH
[[32m[1m INFO  [21m[0m] -----------------------------------------------------------------
[[32m[1m INFO  [21m[0m] Elapsed time: 1.19e-01 || Step number: 7500/30000
[[32m[1m INFO  [21m[0m] longdy = 1.00e+00      || longdy/dt = 1.00e+00  || dt = 8.43e-05
[[32m[1m INFO  [21m[0m] from nz = 0 and OH
[[32m[1m INFO  [21m[0m] -----------------------------------------------------------------
[[32m[1m INFO  [21m[0m] Elapsed time: 1.22e-01 || Step number: 7600/30000
[[32m[1m INFO  [21m[0m] longdy = 1.00e+00      || longdy/dt = 1.00e+00  || dt = 5.87e-05
[[32m[1m INFO  [21m[0m] from nz = 0 and OH
[[32m[1m INFO  [21m[0m] -----------------------------------------------------------------
[[32m[1m INFO  [21m[0m] Elapsed time: 1.26e-01 || Step number: 7700/30000
[[32m[1m INFO  [21m[0m] longdy = 1.00e+00      || longdy/dt = 1.00e+00  || dt = 5.10e-05
[[32m[1m INFO  [21m[0m] from nz = 0 and OH
[[32m[1m INFO  [21m[0m] -----------------------------------------------------------------
[[32m[1m INFO  [21m[0m] Elapsed time: 1.30e-01 || Step number: 7800/30000
[[32m[1m INFO  [21m[0m] longdy = 1.00e+00      || longdy/dt = 1.00e+00  || dt = 3.84e-05
[[32m[1m INFO  [21m[0m] from nz = 0 and OH
[[32m[1m INFO  [21m[0m] -----------------------------------------------------------------
[[32m[1m INFO  [21m[0m] Elapsed time: 1.33e-01 || Step number: 7900/30000
[[32m[1m INFO  [21m[0m] longdy = 1.00e+00      || longdy/dt = 1.00e+00  || dt = 1.07e-04
[[32m[1m INFO  [21m[0m] from nz = 0 and OH
[[32m[1m INFO  [21m[0m] -----------------------------------------------------------------
[[32m[1m INFO  [21m[0m] Elapsed time: 1.37e-01 || Step number: 8000/30000
[[32m[1m INFO  [21m[0m] longdy = 1.00e+00      || longdy/dt = 1.00e+00  || dt = 5.35e-05
[[32m[1m INFO  [21m[0m] from nz = 0 and OH
[[32m[1m INFO  [21m[0m] -----------------------------------------------------------------
[[32m[1m INFO  [21m[0m] Elapsed time: 1.41e-01 || Step number: 8100/30000
[[32m[1m INFO  [21m[0m] longdy = 1.00e+00      || longdy/dt = 1.00e+00  || dt = 5.95e-05
[[32m[1m INFO  [21m[0m] from nz = 0 and OH
[[32m[1m INFO  [21m[0m] -----------------------------------------------------------------
[[32m[1m INFO  [21m[0m] Elapsed time: 1.45e-01 || Step number: 8200/30000
[[32m[1m INFO  [21m[0m] longdy = 1.00e+00      || longdy/dt = 1.00e+00  || dt = 5.53e-05
[[32m[1m INFO  [21m[0m] from nz = 0 and OH
[[32m[1m INFO  [21m[0m] -----------------------------------------------------------------
[[32m[1m INFO  [21m[0m] Elapsed time: 1.49e-01 || Step number: 8300/30000
[[32m[1m INFO  [21m[0m] longdy = 1.00e+00      || longdy/dt = 1.00e+00  || dt = 4.59e-05
[[32m[1m INFO  [21m[0m] from nz = 0 and OH
[[32m[1m INFO  [21m[0m] -----------------------------------------------------------------
[[32m[1m INFO  [21m[0m] Elapsed time: 1.53e-01 || Step number: 8400/30000
[[32m[1m INFO  [21m[0m] longdy = 1.00e+00      || longdy/dt = 1.00e+00  || dt = 1.11e-04
[[32m[1m INFO  [21m[0m] from nz = 0 and OH
[[32m[1m INFO  [21m[0m] -----------------------------------------------------------------
[[32m[1m INFO  [21m[0m] Elapsed time: 1.57e-01 || Step number: 8500/30000
[[32m[1m INFO  [21m[0m] longdy = 1.00e+00      || longdy/dt = 1.00e+00  || dt = 4.35e-05
[[32m[1m INFO  [21m[0m] from nz = 0 and OH
[[32m[1m INFO  [21m[0m] -----------------------------------------------------------------
[[32m[1m INFO  [21m[0m] Elapsed time: 1.61e-01 || Step number: 8600/30000
[[32m[1m INFO  [21m[0m] longdy = 1.00e+00      || longdy/dt = 1.00e+00  || dt = 6.14e-05
[[32m[1m INFO  [21m[0m] from nz = 0 and OH
[[32m[1m INFO  [21m[0m] -----------------------------------------------------------------
[[32m[1m INFO  [21m[0m] Elapsed time: 1.65e-01 || Step number: 8700/30000
[[32m[1m INFO  [21m[0m] longdy = 1.00e+00      || longdy/dt = 1.00e+00  || dt = 5.12e-05
[[32m[1m INFO  [21m[0m] from nz = 0 and OH
[[32m[1m INFO  [21m[0m] -----------------------------------------------------------------
[[32m[1m INFO  [21m[0m] Elapsed time: 1.69e-01 || Step number: 8800/30000
[[32m[1m INFO  [21m[0m] longdy = 1.00e+00      || longdy/dt = 1.00e+00  || dt = 8.61e-05
[[32m[1m INFO  [21m[0m] from nz = 0 and OH
[[32m[1m INFO  [21m[0m] -----------------------------------------------------------------
[[93m[1m WARNING [21m[0m] Element conservation is violated too large
[[93m[1m WARNING [21m[0m] at step: 8868
[[93m[1m WARNING [21m[0m] -----------------------------------------------------------------
[[32m[1m INFO  [21m[0m] Elapsed time: 1.74e-01 || Step number: 8900/30000
[[32m[1m INFO  [21m[0m] longdy = 1.00e+00      || longdy/dt = 1.00e+00  || dt = 9.57e-05
[[32m[1m INFO  [21m[0m] from nz = 0 and OH
[[32m[1m INFO  [21m[0m] -----------------------------------------------------------------
[[32m[1m INFO  [21m[0m] Elapsed time: 1.78e-01 || Step number: 9000/30000
[[32m[1m INFO  [21m[0m] longdy = 1.00e+00      || longdy/dt = 1.00e+00  || dt = 7.16e-05
[[32m[1m INFO  [21m[0m] from nz = 0 and OH
[[32m[1m INFO  [21m[0m] -----------------------------------------------------------------
[[32m[1m INFO  [21m[0m] Elapsed time: 1.83e-01 || Step number: 9100/30000
[[32m[1m INFO  [21m[0m] longdy = 1.00e+00      || longdy/dt = 1.00e+00  || dt = 3.74e-05
[[32m[1m INFO  [21m[0m] from nz = 0 and OH
[[32m[1m INFO  [21m[0m] -----------------------------------------------------------------
[[93m[1m WARNING [21m[0m] Element conservation is violated too large
[[93m[1m WARNING [21m[0m] at step: 9175
[[93m[1m WARNING [21m[0m] -----------------------------------------------------------------
[[32m[1m INFO  [21m[0m] Elapsed time: 1.87e-01 || Step number: 9200/30000
[[32m[1m INFO  [21m[0m] longdy = 1.00e+00      || longdy/dt = 1.00e+00  || dt = 8.85e-05
[[32m[1m INFO  [21m[0m] from nz = 0 and OH
[[32m[1m INFO  [21m[0m] -----------------------------------------------------------------
[[93m[1m WARNING [21m[0m] Element conservation is violated too large
[[93m[1m WARNING [21m[0m] at step: 9245
[[93m[1m WARNING [21m[0m] -----------------------------------------------------------------
[[32m[1m INFO  [21m[0m] Elapsed time: 1.92e-01 || Step number: 9300/30000
[[32m[1m INFO  [21m[0m] longdy = 1.00e+00      || longdy/dt = 1.00e+00  || dt = 4.51e-05
[[32m[1m INFO  [21m[0m] from nz = 0 and OH
[[32m[1m INFO  [21m[0m] -----------------------------------------------------------------
[[32m[1m INFO  [21m[0m] Elapsed time: 1.97e-01 || Step number: 9400/30000
[[32m[1m INFO  [21m[0m] longdy = 1.00e+00      || longdy/dt = 1.00e+00  || dt = 5.88e-05
[[32m[1m INFO  [21m[0m] from nz = 0 and OH
[[32m[1m INFO  [21m[0m] -----------------------------------------------------------------
[[93m[1m WARNING [21m[0m] Element conservation is violated too large
[[93m[1m WARNING [21m[0m] at step: 9405
[[93m[1m WARNING [21m[0m] -----------------------------------------------------------------
[[93m[1m WARNING [21m[0m] Element conservation is violated too large
[[93m[1m WARNING [21m[0m] at step: 9428
[[93m[1m WARNING [21m[0m] -----------------------------------------------------------------
[[93m[1m WARNING [21m[0m] Element conservation is violated too large
[[93m[1m WARNING [21m[0m] at step: 9467
[[93m[1m WARNING [21m[0m] -----------------------------------------------------------------
[[32m[1m INFO  [21m[0m] Elapsed time: 2.02e-01 || Step number: 9500/30000
[[32m[1m INFO  [21m[0m] longdy = 1.00e+00      || longdy/dt = 1.00e+00  || dt = 5.33e-05
[[32m[1m INFO  [21m[0m] from nz = 0 and OH
[[32m[1m INFO  [21m[0m] -----------------------------------------------------------------
[[32m[1m INFO  [21m[0m] Elapsed time: 2.06e-01 || Step number: 9600/30000
[[32m[1m INFO  [21m[0m] longdy = 1.00e+00      || longdy/dt = 1.00e+00  || dt = 5.10e-05
[[32m[1m INFO  [21m[0m] from nz = 0 and OH
[[32m[1m INFO  [21m[0m] -----------------------------------------------------------------
[[93m[1m WARNING [21m[0m] Element conservation is violated too large
[[93m[1m WARNING [21m[0m] at step: 9687
[[93m[1m WARNING [21m[0m] -----------------------------------------------------------------
[[32m[1m INFO  [21m[0m] Elapsed time: 2.11e-01 || Step number: 9700/30000
[[32m[1m INFO  [21m[0m] longdy = 1.00e+00      || longdy/dt = 1.00e+00  || dt = 5.29e-05
[[32m[1m INFO  [21m[0m] from nz = 0 and OH
[[32m[1m INFO  [21m[0m] -----------------------------------------------------------------
[[93m[1m WARNING [21m[0m] Element conservation is violated too large
[[93m[1m WARNING [21m[0m] at step: 9760
[[93m[1m WARNING [21m[0m] -----------------------------------------------------------------
[[32m[1m INFO  [21m[0m] Elapsed time: 2.16e-01 || Step number: 9800/30000
[[32m[1m INFO  [21m[0m] longdy = 1.00e+00      || longdy/dt = 1.00e+00  || dt = 6.40e-05
[[32m[1m INFO  [21m[0m] from nz = 0 and OH
[[32m[1m INFO  [21m[0m] -----------------------------------------------------------------
[[93m[1m WARNING [21m[0m] Element conservation is violated too large
[[93m[1m WARNING [21m[0m] at step: 9862
[[93m[1m WARNING [21m[0m] -----------------------------------------------------------------
[[32m[1m INFO  [21m[0m] Elapsed time: 2.20e-01 || Step number: 9900/30000
[[32m[1m INFO  [21m[0m] longdy = 1.00e+00      || longdy/dt = 1.00e+00  || dt = 7.20e-05
[[32m[1m INFO  [21m[0m] from nz = 0 and OH
[[32m[1m INFO  [21m[0m] -----------------------------------------------------------------
[[32m[1m INFO  [21m[0m] Elapsed time: 2.25e-01 || Step number: 10000/30000
[[32m[1m INFO  [21m[0m] longdy = 1.00e+00      || longdy/dt = 1.00e+00  || dt = 5.94e-05
[[32m[1m INFO  [21m[0m] from nz = 0 and OH
[[32m[1m INFO  [21m[0m] -----------------------------------------------------------------
[[32m[1m INFO  [21m[0m] Elapsed time: 2.30e-01 || Step number: 10100/30000
[[32m[1m INFO  [21m[0m] longdy = 1.00e+00      || longdy/dt = 1.00e+00  || dt = 6.80e-05
[[32m[1m INFO  [21m[0m] from nz = 0 and OH
[[32m[1m INFO  [21m[0m] -----------------------------------------------------------------
[[32m[1m INFO  [21m[0m] Elapsed time: 2.36e-01 || Step number: 10200/30000
[[32m[1m INFO  [21m[0m] longdy = 1.00e+00      || longdy/dt = 1.00e+00  || dt = 9.08e-05
[[32m[1m INFO  [21m[0m] from nz = 0 and OH
[[32m[1m INFO  [21m[0m] -----------------------------------------------------------------
[[93m[1m WARNING [21m[0m] Element conservation is violated too large
[[93m[1m WARNING [21m[0m] at step: 10299
[[93m[1m WARNING [21m[0m] -----------------------------------------------------------------
[[32m[1m INFO  [21m[0m] Elapsed time: 2.40e-01 || Step number: 10300/30000
[[32m[1m INFO  [21m[0m] longdy = 1.00e+00      || longdy/dt = 1.00e+00  || dt = 4.69e-05
[[32m[1m INFO  [21m[0m] from nz = 0 and OH
[[32m[1m INFO  [21m[0m] -----------------------------------------------------------------
[[32m[1m INFO  [21m[0m] Elapsed time: 2.45e-01 || Step number: 10400/30000
[[32m[1m INFO  [21m[0m] longdy = 1.00e+00      || longdy/dt = 1.00e+00  || dt = 4.67e-05
[[32m[1m INFO  [21m[0m] from nz = 0 and OH
[[32m[1m INFO  [21m[0m] -----------------------------------------------------------------
[[93m[1m WARNING [21m[0m] Element conservation is violated too large
[[93m[1m WARNING [21m[0m] at step: 10473
[[93m[1m WARNING [21m[0m] -----------------------------------------------------------------
[[32m[1m INFO  [21m[0m] Elapsed time: 2.50e-01 || Step number: 10500/30000
[[32m[1m INFO  [21m[0m] longdy = 1.00e+00      || longdy/dt = 1.00e+00  || dt = 7.86e-05
[[32m[1m INFO  [21m[0m] from nz = 0 and OH
[[32m[1m INFO  [21m[0m] -----------------------------------------------------------------
[[93m[1m WARNING [21m[0m] Element conservation is violated too large
[[93m[1m WARNING [21m[0m] at step: 10558
[[93m[1m WARNING [21m[0m] -----------------------------------------------------------------
[[32m[1m INFO  [21m[0m] Elapsed time: 2.55e-01 || Step number: 10600/30000
[[32m[1m INFO  [21m[0m] longdy = 1.00e+00      || longdy/dt = 1.00e+00  || dt = 5.27e-05
[[32m[1m INFO  [21m[0m] from nz = 0 and OH
[[32m[1m INFO  [21m[0m] -----------------------------------------------------------------
[[93m[1m WARNING [21m[0m] Element conservation is violated too large
[[93m[1m WARNING [21m[0m] at step: 10629
[[93m[1m WARNING [21m[0m] -----------------------------------------------------------------
[[93m[1m WARNING [21m[0m] Element conservation is violated too large
[[93m[1m WARNING [21m[0m] at step: 10667
[[93m[1m WARNING [21m[0m] -----------------------------------------------------------------
[[32m[1m INFO  [21m[0m] Elapsed time: 2.60e-01 || Step number: 10700/30000
[[32m[1m INFO  [21m[0m] longdy = 1.00e+00      || longdy/dt = 1.00e+00  || dt = 9.30e-05
[[32m[1m INFO  [21m[0m] from nz = 0 and OH
[[32m[1m INFO  [21m[0m] -----------------------------------------------------------------
[[93m[1m WARNING [21m[0m] Element conservation is violated too large
[[93m[1m WARNING [21m[0m] at step: 10753
[[93m[1m WARNING [21m[0m] -----------------------------------------------------------------
[[32m[1m INFO  [21m[0m] Elapsed time: 2.66e-01 || Step number: 10800/30000
[[32m[1m INFO  [21m[0m] longdy = 1.00e+00      || longdy/dt = 1.00e+00  || dt = 7.29e-05
[[32m[1m INFO  [21m[0m] from nz = 0 and OH
[[32m[1m INFO  [21m[0m] -----------------------------------------------------------------
[[93m[1m WARNING [21m[0m] Element conservation is violated too large
[[93m[1m WARNING [21m[0m] at step: 10871
[[93m[1m WARNING [21m[0m] -----------------------------------------------------------------
[[93m[1m WARNING [21m[0m] Element conservation is violated too large
[[93m[1m WARNING [21m[0m] at step: 10892
[[93m[1m WARNING [21m[0m] -----------------------------------------------------------------
[[32m[1m INFO  [21m[0m] Elapsed time: 2.71e-01 || Step number: 10900/30000
[[32m[1m INFO  [21m[0m] longdy = 1.00e+00      || longdy/dt = 1.00e+00  || dt = 6.30e-05
[[32m[1m INFO  [21m[0m] from nz = 0 and OH
[[32m[1m INFO  [21m[0m] -----------------------------------------------------------------
[[93m[1m WARNING [21m[0m] Element conservation is violated too large
[[93m[1m WARNING [21m[0m] at step: 10918
[[93m[1m WARNING [21m[0m] -----------------------------------------------------------------
[[93m[1m WARNING [21m[0m] Element conservation is violated too large
[[93m[1m WARNING [21m[0m] at step: 10946
[[93m[1m WARNING [21m[0m] -----------------------------------------------------------------
[[93m[1m WARNING [21m[0m] Element conservation is violated too large
[[93m[1m WARNING [21m[0m] at step: 10972
[[93m[1m WARNING [21m[0m] -----------------------------------------------------------------
[[93m[1m WARNING [21m[0m] Element conservation is violated too large
[[93m[1m WARNING [21m[0m] at step: 10977
[[93m[1m WARNING [21m[0m] -----------------------------------------------------------------
[[93m[1m WARNING [21m[0m] Element conservation is violated too large
[[93m[1m WARNING [21m[0m] at step: 10981
[[93m[1m WARNING [21m[0m] -----------------------------------------------------------------
[[32m[1m INFO  [21m[0m] Elapsed time: 2.76e-01 || Step number: 11000/30000
[[32m[1m INFO  [21m[0m] longdy = 1.00e+00      || longdy/dt = 1.00e+00  || dt = 8.24e-05
[[32m[1m INFO  [21m[0m] from nz = 0 and OH
[[32m[1m INFO  [21m[0m] -----------------------------------------------------------------
[[93m[1m WARNING [21m[0m] Element conservation is violated too large
[[93m[1m WARNING [21m[0m] at step: 11062
[[93m[1m WARNING [21m[0m] -----------------------------------------------------------------
[[93m[1m WARNING [21m[0m] Element conservation is violated too large
[[93m[1m WARNING [21m[0m] at step: 11078
[[93m[1m WARNING [21m[0m] -----------------------------------------------------------------
[[93m[1m WARNING [21m[0m] Element conservation is violated too large
[[93m[1m WARNING [21m[0m] at step: 11087
[[93m[1m WARNING [21m[0m] -----------------------------------------------------------------
[[32m[1m INFO  [21m[0m] Elapsed time: 2.81e-01 || Step number: 11100/30000
[[32m[1m INFO  [21m[0m] longdy = 1.00e+00      || longdy/dt = 1.00e+00  || dt = 7.43e-05
[[32m[1m INFO  [21m[0m] from nz = 0 and OH
[[32m[1m INFO  [21m[0m] -----------------------------------------------------------------
[[93m[1m WARNING [21m[0m] Element conservation is violated too large
[[93m[1m WARNING [21m[0m] at step: 11160
[[93m[1m WARNING [21m[0m] -----------------------------------------------------------------
[[93m[1m WARNING [21m[0m] Element conservation is violated too large
[[93m[1m WARNING [21m[0m] at step: 11183
[[93m[1m WARNING [21m[0m] -----------------------------------------------------------------
[[93m[1m WARNING [21m[0m] Element conservation is violated too large
[[93m[1m WARNING [21m[0m] at step: 11188
[[93m[1m WARNING [21m[0m] -----------------------------------------------------------------
[[32m[1m INFO  [21m[0m] Elapsed time: 2.86e-01 || Step number: 11200/30000
[[32m[1m INFO  [21m[0m] longdy = 1.00e+00      || longdy/dt = 1.00e+00  || dt = 6.76e-05
[[32m[1m INFO  [21m[0m] from nz = 0 and OH
[[32m[1m INFO  [21m[0m] -----------------------------------------------------------------
[[93m[1m WARNING [21m[0m] Element conservation is violated too large
[[93m[1m WARNING [21m[0m] at step: 11213
[[93m[1m WARNING [21m[0m] -----------------------------------------------------------------
[[93m[1m WARNING [21m[0m] Element conservation is violated too large
[[93m[1m WARNING [21m[0m] at step: 11267
[[93m[1m WARNING [21m[0m] -----------------------------------------------------------------
[[32m[1m INFO  [21m[0m] Elapsed time: 2.92e-01 || Step number: 11300/30000
[[32m[1m INFO  [21m[0m] longdy = 1.00e+00      || longdy/dt = 1.00e+00  || dt = 1.10e-04
[[32m[1m INFO  [21m[0m] from nz = 0 and OH
[[32m[1m INFO  [21m[0m] -----------------------------------------------------------------
[[93m[1m WARNING [21m[0m] Element conservation is violated too large
[[93m[1m WARNING [21m[0m] at step: 11327
[[93m[1m WARNING [21m[0m] -----------------------------------------------------------------
[[93m[1m WARNING [21m[0m] Element conservation is violated too large
[[93m[1m WARNING [21m[0m] at step: 11398
[[93m[1m WARNING [21m[0m] -----------------------------------------------------------------
[[32m[1m INFO  [21m[0m] Elapsed time: 2.97e-01 || Step number: 11400/30000
[[32m[1m INFO  [21m[0m] longdy = 1.00e+00      || longdy/dt = 1.00e+00  || dt = 5.85e-05
[[32m[1m INFO  [21m[0m] from nz = 0 and OH
[[32m[1m INFO  [21m[0m] -----------------------------------------------------------------
[[93m[1m WARNING [21m[0m] Element conservation is violated too large
[[93m[1m WARNING [21m[0m] at step: 11410
[[93m[1m WARNING [21m[0m] -----------------------------------------------------------------
[[93m[1m WARNING [21m[0m] Element conservation is violated too large
[[93m[1m WARNING [21m[0m] at step: 11447
[[93m[1m WARNING [21m[0m] -----------------------------------------------------------------
[[93m[1m WARNING [21m[0m] Element conservation is violated too large
[[93m[1m WARNING [21m[0m] at step: 11449
[[93m[1m WARNING [21m[0m] -----------------------------------------------------------------
[[32m[1m INFO  [21m[0m] Elapsed time: 3.02e-01 || Step number: 11500/30000
[[32m[1m INFO  [21m[0m] longdy = 1.00e+00      || longdy/dt = 1.00e+00  || dt = 5.21e-05
[[32m[1m INFO  [21m[0m] from nz = 0 and OH
[[32m[1m INFO  [21m[0m] -----------------------------------------------------------------
[[93m[1m WARNING [21m[0m] Element conservation is violated too large
[[93m[1m WARNING [21m[0m] at step: 11516
[[93m[1m WARNING [21m[0m] -----------------------------------------------------------------
[[93m[1m WARNING [21m[0m] Element conservation is violated too large
[[93m[1m WARNING [21m[0m] at step: 11519
[[93m[1m WARNING [21m[0m] -----------------------------------------------------------------
[[93m[1m WARNING [21m[0m] Element conservation is violated too large
[[93m[1m WARNING [21m[0m] at step: 11551
[[93m[1m WARNING [21m[0m] -----------------------------------------------------------------
[[93m[1m WARNING [21m[0m] Element conservation is violated too large
[[93m[1m WARNING [21m[0m] at step: 11559
[[93m[1m WARNING [21m[0m] -----------------------------------------------------------------
[[93m[1m WARNING [21m[0m] Element conservation is violated too large
[[93m[1m WARNING [21m[0m] at step: 11563
[[93m[1m WARNING [21m[0m] -----------------------------------------------------------------
[[32m[1m INFO  [21m[0m] Elapsed time: 3.07e-01 || Step number: 11600/30000
[[32m[1m INFO  [21m[0m] longdy = 1.00e+00      || longdy/dt = 1.00e+00  || dt = 7.87e-05
[[32m[1m INFO  [21m[0m] from nz = 0 and OH
[[32m[1m INFO  [21m[0m] -----------------------------------------------------------------
[[93m[1m WARNING [21m[0m] Element conservation is violated too large
[[93m[1m WARNING [21m[0m] at step: 11622
[[93m[1m WARNING [21m[0m] -----------------------------------------------------------------
[[93m[1m WARNING [21m[0m] Element conservation is violated too large
[[93m[1m WARNING [21m[0m] at step: 11623
[[93m[1m WARNING [21m[0m] -----------------------------------------------------------------
[[32m[1m INFO  [21m[0m] Elapsed time: 3.13e-01 || Step number: 11700/30000
[[32m[1m INFO  [21m[0m] longdy = 1.00e+00      || longdy/dt = 1.00e+00  || dt = 5.20e-05
[[32m[1m INFO  [21m[0m] from nz = 0 and OH
[[32m[1m INFO  [21m[0m] -----------------------------------------------------------------
[[32m[1m INFO  [21m[0m] Elapsed time: 3.18e-01 || Step number: 11800/30000
[[32m[1m INFO  [21m[0m] longdy = 1.00e+00      || longdy/dt = 1.00e+00  || dt = 7.02e-05
[[32m[1m INFO  [21m[0m] from nz = 0 and OH
[[32m[1m INFO  [21m[0m] -----------------------------------------------------------------
[[93m[1m WARNING [21m[0m] Element conservation is violated too large
[[93m[1m WARNING [21m[0m] at step: 11824
[[93m[1m WARNING [21m[0m] -----------------------------------------------------------------
[[32m[1m INFO  [21m[0m] Elapsed time: 3.24e-01 || Step number: 11900/30000
[[32m[1m INFO  [21m[0m] longdy = 1.00e+00      || longdy/dt = 1.00e+00  || dt = 1.08e-04
[[32m[1m INFO  [21m[0m] from nz = 0 and OH
[[32m[1m INFO  [21m[0m] -----------------------------------------------------------------
[[93m[1m WARNING [21m[0m] Element conservation is violated too large
[[93m[1m WARNING [21m[0m] at step: 11989
[[93m[1m WARNING [21m[0m] -----------------------------------------------------------------
[[32m[1m INFO  [21m[0m] Elapsed time: 3.30e-01 || Step number: 12000/30000
[[32m[1m INFO  [21m[0m] longdy = 1.00e+00      || longdy/dt = 1.00e+00  || dt = 5.12e-05
[[32m[1m INFO  [21m[0m] from nz = 0 and OH
[[32m[1m INFO  [21m[0m] -----------------------------------------------------------------
[[93m[1m WARNING [21m[0m] Element conservation is violated too large
[[93m[1m WARNING [21m[0m] at step: 12005
[[93m[1m WARNING [21m[0m] -----------------------------------------------------------------
[[93m[1m WARNING [21m[0m] Element conservation is violated too large
[[93m[1m WARNING [21m[0m] at step: 12017
[[93m[1m WARNING [21m[0m] -----------------------------------------------------------------
[[93m[1m WARNING [21m[0m] Element conservation is violated too large
[[93m[1m WARNING [21m[0m] at step: 12039
[[93m[1m WARNING [21m[0m] -----------------------------------------------------------------
[[93m[1m WARNING [21m[0m] Element conservation is violated too large
[[93m[1m WARNING [21m[0m] at step: 12089
[[93m[1m WARNING [21m[0m] -----------------------------------------------------------------
[[32m[1m INFO  [21m[0m] Elapsed time: 3.35e-01 || Step number: 12100/30000
[[32m[1m INFO  [21m[0m] longdy = 1.00e+00      || longdy/dt = 1.00e+00  || dt = 9.38e-05
[[32m[1m INFO  [21m[0m] from nz = 0 and OH
[[32m[1m INFO  [21m[0m] -----------------------------------------------------------------
[[93m[1m WARNING [21m[0m] Element conservation is violated too large
[[93m[1m WARNING [21m[0m] at step: 12112
[[93m[1m WARNING [21m[0m] -----------------------------------------------------------------
[[93m[1m WARNING [21m[0m] Element conservation is violated too large
[[93m[1m WARNING [21m[0m] at step: 12149
[[93m[1m WARNING [21m[0m] -----------------------------------------------------------------
[[93m[1m WARNING [21m[0m] Element conservation is violated too large
[[93m[1m WARNING [21m[0m] at step: 12159
[[93m[1m WARNING [21m[0m] -----------------------------------------------------------------
[[32m[1m INFO  [21m[0m] Elapsed time: 3.41e-01 || Step number: 12200/30000
[[32m[1m INFO  [21m[0m] longdy = 1.00e+00      || longdy/dt = 1.00e+00  || dt = 1.13e-04
[[32m[1m INFO  [21m[0m] from nz = 0 and OH
[[32m[1m INFO  [21m[0m] -----------------------------------------------------------------
[[93m[1m WARNING [21m[0m] Element conservation is violated too large
[[93m[1m WARNING [21m[0m] at step: 12213
[[93m[1m WARNING [21m[0m] -----------------------------------------------------------------
[[93m[1m WARNING [21m[0m] Element conservation is violated too large
[[93m[1m WARNING [21m[0m] at step: 12266
[[93m[1m WARNING [21m[0m] -----------------------------------------------------------------
[[93m[1m WARNING [21m[0m] Element conservation is violated too large
[[93m[1m WARNING [21m[0m] at step: 12285
[[93m[1m WARNING [21m[0m] -----------------------------------------------------------------
[[93m[1m WARNING [21m[0m] Element conservation is violated too large
[[93m[1m WARNING [21m[0m] at step: 12296
[[93m[1m WARNING [21m[0m] -----------------------------------------------------------------
[[32m[1m INFO  [21m[0m] Elapsed time: 3.47e-01 || Step number: 12300/30000
[[32m[1m INFO  [21m[0m] longdy = 1.00e+00      || longdy/dt = 1.00e+00  || dt = 5.83e-05
[[32m[1m INFO  [21m[0m] from nz = 0 and OH
[[32m[1m INFO  [21m[0m] -----------------------------------------------------------------
[[93m[1m WARNING [21m[0m] Element conservation is violated too large
[[93m[1m WARNING [21m[0m] at step: 12307
[[93m[1m WARNING [21m[0m] -----------------------------------------------------------------
[[93m[1m WARNING [21m[0m] Element conservation is violated too large
[[93m[1m WARNING [21m[0m] at step: 12343
[[93m[1m WARNING [21m[0m] -----------------------------------------------------------------
[[32m[1m INFO  [21m[0m] Elapsed time: 3.52e-01 || Step number: 12400/30000
[[32m[1m INFO  [21m[0m] longdy = 1.00e+00      || longdy/dt = 1.00e+00  || dt = 8.12e-05
[[32m[1m INFO  [21m[0m] from nz = 0 and OH
[[32m[1m INFO  [21m[0m] -----------------------------------------------------------------
[[93m[1m WARNING [21m[0m] Element conservation is violated too large
[[93m[1m WARNING [21m[0m] at step: 12422
[[93m[1m WARNING [21m[0m] -----------------------------------------------------------------
[[93m[1m WARNING [21m[0m] Element conservation is violated too large
[[93m[1m WARNING [21m[0m] at step: 12464
[[93m[1m WARNING [21m[0m] -----------------------------------------------------------------
[[32m[1m INFO  [21m[0m] Elapsed time: 3.58e-01 || Step number: 12500/30000
[[32m[1m INFO  [21m[0m] longdy = 1.00e+00      || longdy/dt = 1.00e+00  || dt = 5.10e-05
[[32m[1m INFO  [21m[0m] from nz = 0 and OH
[[32m[1m INFO  [21m[0m] -----------------------------------------------------------------
[[93m[1m WARNING [21m[0m] Element conservation is violated too large
[[93m[1m WARNING [21m[0m] at step: 12506
[[93m[1m WARNING [21m[0m] -----------------------------------------------------------------
[[93m[1m WARNING [21m[0m] Element conservation is violated too large
[[93m[1m WARNING [21m[0m] at step: 12577
[[93m[1m WARNING [21m[0m] -----------------------------------------------------------------
[[32m[1m INFO  [21m[0m] Elapsed time: 3.63e-01 || Step number: 12600/30000
[[32m[1m INFO  [21m[0m] longdy = 1.00e+00      || longdy/dt = 1.00e+00  || dt = 1.08e-04
[[32m[1m INFO  [21m[0m] from nz = 0 and OH
[[32m[1m INFO  [21m[0m] -----------------------------------------------------------------
[[93m[1m WARNING [21m[0m] Element conservation is violated too large
[[93m[1m WARNING [21m[0m] at step: 12661
[[93m[1m WARNING [21m[0m] -----------------------------------------------------------------
[[93m[1m WARNING [21m[0m] Element conservation is violated too large
[[93m[1m WARNING [21m[0m] at step: 12689
[[93m[1m WARNING [21m[0m] -----------------------------------------------------------------
[[32m[1m INFO  [21m[0m] Elapsed time: 3.69e-01 || Step number: 12700/30000
[[32m[1m INFO  [21m[0m] longdy = 1.00e+00      || longdy/dt = 1.00e+00  || dt = 1.18e-04
[[32m[1m INFO  [21m[0m] from nz = 0 and OH
[[32m[1m INFO  [21m[0m] -----------------------------------------------------------------
[[93m[1m WARNING [21m[0m] Element conservation is violated too large
[[93m[1m WARNING [21m[0m] at step: 12700
[[93m[1m WARNING [21m[0m] -----------------------------------------------------------------
[[93m[1m WARNING [21m[0m] Element conservation is violated too large
[[93m[1m WARNING [21m[0m] at step: 12757
[[93m[1m WARNING [21m[0m] -----------------------------------------------------------------
[[93m[1m WARNING [21m[0m] Element conservation is violated too large
[[93m[1m WARNING [21m[0m] at step: 12760
[[93m[1m WARNING [21m[0m] -----------------------------------------------------------------
[[93m[1m WARNING [21m[0m] Element conservation is violated too large
[[93m[1m WARNING [21m[0m] at step: 12793
[[93m[1m WARNING [21m[0m] -----------------------------------------------------------------
[[32m[1m INFO  [21m[0m] Elapsed time: 3.75e-01 || Step number: 12800/30000
[[32m[1m INFO  [21m[0m] longdy = 1.00e+00      || longdy/dt = 1.00e+00  || dt = 8.02e-05
[[32m[1m INFO  [21m[0m] from nz = 0 and OH
[[32m[1m INFO  [21m[0m] -----------------------------------------------------------------
[[93m[1m WARNING [21m[0m] Element conservation is violated too large
[[93m[1m WARNING [21m[0m] at step: 12806
[[93m[1m WARNING [21m[0m] -----------------------------------------------------------------
[[93m[1m WARNING [21m[0m] Element conservation is violated too large
[[93m[1m WARNING [21m[0m] at step: 12827
[[93m[1m WARNING [21m[0m] -----------------------------------------------------------------
[[93m[1m WARNING [21m[0m] Element conservation is violated too large
[[93m[1m WARNING [21m[0m] at step: 12853
[[93m[1m WARNING [21m[0m] -----------------------------------------------------------------
[[93m[1m WARNING [21m[0m] Element conservation is violated too large
[[93m[1m WARNING [21m[0m] at step: 12879
[[93m[1m WARNING [21m[0m] -----------------------------------------------------------------
[[32m[1m INFO  [21m[0m] Elapsed time: 3.81e-01 || Step number: 12900/30000
[[32m[1m INFO  [21m[0m] longdy = 1.00e+00      || longdy/dt = 1.00e+00  || dt = 6.72e-05
[[32m[1m INFO  [21m[0m] from nz = 0 and OH
[[32m[1m INFO  [21m[0m] -----------------------------------------------------------------
[[93m[1m WARNING [21m[0m] Element conservation is violated too large
[[93m[1m WARNING [21m[0m] at step: 12907
[[93m[1m WARNING [21m[0m] -----------------------------------------------------------------
[[93m[1m WARNING [21m[0m] Element conservation is violated too large
[[93m[1m WARNING [21m[0m] at step: 12926
[[93m[1m WARNING [21m[0m] -----------------------------------------------------------------
[[93m[1m WARNING [21m[0m] Element conservation is violated too large
[[93m[1m WARNING [21m[0m] at step: 12966
[[93m[1m WARNING [21m[0m] -----------------------------------------------------------------
[[93m[1m WARNING [21m[0m] Element conservation is violated too large
[[93m[1m WARNING [21m[0m] at step: 12982
[[93m[1m WARNING [21m[0m] -----------------------------------------------------------------
[[32m[1m INFO  [21m[0m] Elapsed time: 3.86e-01 || Step number: 13000/30000
[[32m[1m INFO  [21m[0m] longdy = 1.00e+00      || longdy/dt = 1.00e+00  || dt = 5.19e-05
[[32m[1m INFO  [21m[0m] from nz = 0 and OH
[[32m[1m INFO  [21m[0m] -----------------------------------------------------------------
[[32m[1m INFO  [21m[0m] Elapsed time: 3.91e-01 || Step number: 13100/30000
[[32m[1m INFO  [21m[0m] longdy = 1.00e+00      || longdy/dt = 1.00e+00  || dt = 4.75e-05
[[32m[1m INFO  [21m[0m] from nz = 0 and OH
[[32m[1m INFO  [21m[0m] -----------------------------------------------------------------
[[93m[1m WARNING [21m[0m] Element conservation is violated too large
[[93m[1m WARNING [21m[0m] at step: 13104
[[93m[1m WARNING [21m[0m] -----------------------------------------------------------------
[[93m[1m WARNING [21m[0m] Element conservation is violated too large
[[93m[1m WARNING [21m[0m] at step: 13135
[[93m[1m WARNING [21m[0m] -----------------------------------------------------------------
[[93m[1m WARNING [21m[0m] Element conservation is violated too large
[[93m[1m WARNING [21m[0m] at step: 13176
[[93m[1m WARNING [21m[0m] -----------------------------------------------------------------
[[93m[1m WARNING [21m[0m] Element conservation is violated too large
[[93m[1m WARNING [21m[0m] at step: 13181
[[93m[1m WARNING [21m[0m] -----------------------------------------------------------------
[[93m[1m WARNING [21m[0m] Element conservation is violated too large
[[93m[1m WARNING [21m[0m] at step: 13185
[[93m[1m WARNING [21m[0m] -----------------------------------------------------------------
[[32m[1m INFO  [21m[0m] Elapsed time: 3.97e-01 || Step number: 13200/30000
[[32m[1m INFO  [21m[0m] longdy = 1.00e+00      || longdy/dt = 1.00e+00  || dt = 8.48e-05
[[32m[1m INFO  [21m[0m] from nz = 0 and OH
[[32m[1m INFO  [21m[0m] -----------------------------------------------------------------
[[93m[1m WARNING [21m[0m] Element conservation is violated too large
[[93m[1m WARNING [21m[0m] at step: 13268
[[93m[1m WARNING [21m[0m] -----------------------------------------------------------------
[[93m[1m WARNING [21m[0m] Element conservation is violated too large
[[93m[1m WARNING [21m[0m] at step: 13278
[[93m[1m WARNING [21m[0m] -----------------------------------------------------------------
[[32m[1m INFO  [21m[0m] Elapsed time: 4.02e-01 || Step number: 13300/30000
[[32m[1m INFO  [21m[0m] longdy = 1.00e+00      || longdy/dt = 1.00e+00  || dt = 8.26e-05
[[32m[1m INFO  [21m[0m] from nz = 0 and OH
[[32m[1m INFO  [21m[0m] -----------------------------------------------------------------
[[93m[1m WARNING [21m[0m] Element conservation is violated too large
[[93m[1m WARNING [21m[0m] at step: 13322
[[93m[1m WARNING [21m[0m] -----------------------------------------------------------------
[[93m[1m WARNING [21m[0m] Element conservation is violated too large
[[93m[1m WARNING [21m[0m] at step: 13325
[[93m[1m WARNING [21m[0m] -----------------------------------------------------------------
[[93m[1m WARNING [21m[0m] Element conservation is violated too large
[[93m[1m WARNING [21m[0m] at step: 13331
[[93m[1m WARNING [21m[0m] -----------------------------------------------------------------
[[93m[1m WARNING [21m[0m] Element conservation is violated too large
[[93m[1m WARNING [21m[0m] at step: 13391
[[93m[1m WARNING [21m[0m] -----------------------------------------------------------------
[[32m[1m INFO  [21m[0m] Elapsed time: 4.08e-01 || Step number: 13400/30000
[[32m[1m INFO  [21m[0m] longdy = 1.00e+00      || longdy/dt = 1.00e+00  || dt = 5.51e-05
[[32m[1m INFO  [21m[0m] from nz = 0 and OH
[[32m[1m INFO  [21m[0m] -----------------------------------------------------------------
[[93m[1m WARNING [21m[0m] Element conservation is violated too large
[[93m[1m WARNING [21m[0m] at step: 13425
[[93m[1m WARNING [21m[0m] -----------------------------------------------------------------
[[93m[1m WARNING [21m[0m] Element conservation is violated too large
[[93m[1m WARNING [21m[0m] at step: 13431
[[93m[1m WARNING [21m[0m] -----------------------------------------------------------------
[[93m[1m WARNING [21m[0m] Element conservation is violated too large
[[93m[1m WARNING [21m[0m] at step: 13438
[[93m[1m WARNING [21m[0m] -----------------------------------------------------------------
[[93m[1m WARNING [21m[0m] Element conservation is violated too large
[[93m[1m WARNING [21m[0m] at step: 13445
[[93m[1m WARNING [21m[0m] -----------------------------------------------------------------
[[93m[1m WARNING [21m[0m] Element conservation is violated too large
[[93m[1m WARNING [21m[0m] at step: 13460
[[93m[1m WARNING [21m[0m] -----------------------------------------------------------------
[[32m[1m INFO  [21m[0m] Elapsed time: 4.14e-01 || Step number: 13500/30000
[[32m[1m INFO  [21m[0m] longdy = 1.00e+00      || longdy/dt = 1.00e+00  || dt = 4.80e-05
[[32m[1m INFO  [21m[0m] from nz = 0 and OH
[[32m[1m INFO  [21m[0m] -----------------------------------------------------------------
[[93m[1m WARNING [21m[0m] Element conservation is violated too large
[[93m[1m WARNING [21m[0m] at step: 13520
[[93m[1m WARNING [21m[0m] -----------------------------------------------------------------
[[32m[1m INFO  [21m[0m] Elapsed time: 4.19e-01 || Step number: 13600/30000
[[32m[1m INFO  [21m[0m] longdy = 1.00e+00      || longdy/dt = 1.00e+00  || dt = 6.18e-05
[[32m[1m INFO  [21m[0m] from nz = 0 and OH
[[32m[1m INFO  [21m[0m] -----------------------------------------------------------------
[[93m[1m WARNING [21m[0m] Element conservation is violated too large
[[93m[1m WARNING [21m[0m] at step: 13602
[[93m[1m WARNING [21m[0m] -----------------------------------------------------------------
[[93m[1m WARNING [21m[0m] Element conservation is violated too large
[[93m[1m WARNING [21m[0m] at step: 13631
[[93m[1m WARNING [21m[0m] -----------------------------------------------------------------
[[93m[1m WARNING [21m[0m] Element conservation is violated too large
[[93m[1m WARNING [21m[0m] at step: 13688
[[93m[1m WARNING [21m[0m] -----------------------------------------------------------------
[[32m[1m INFO  [21m[0m] Elapsed time: 4.25e-01 || Step number: 13700/30000
[[32m[1m INFO  [21m[0m] longdy = 1.00e+00      || longdy/dt = 1.00e+00  || dt = 9.21e-05
[[32m[1m INFO  [21m[0m] from nz = 0 and OH
[[32m[1m INFO  [21m[0m] -----------------------------------------------------------------
[[93m[1m WARNING [21m[0m] Element conservation is violated too large
[[93m[1m WARNING [21m[0m] at step: 13703
[[93m[1m WARNING [21m[0m] -----------------------------------------------------------------
[[93m[1m WARNING [21m[0m] Element conservation is violated too large
[[93m[1m WARNING [21m[0m] at step: 13734
[[93m[1m WARNING [21m[0m] -----------------------------------------------------------------
[[93m[1m WARNING [21m[0m] Element conservation is violated too large
[[93m[1m WARNING [21m[0m] at step: 13748
[[93m[1m WARNING [21m[0m] -----------------------------------------------------------------
[[93m[1m WARNING [21m[0m] Element conservation is violated too large
[[93m[1m WARNING [21m[0m] at step: 13755
[[93m[1m WARNING [21m[0m] -----------------------------------------------------------------
[[93m[1m WARNING [21m[0m] Element conservation is violated too large
[[93m[1m WARNING [21m[0m] at step: 13758
[[93m[1m WARNING [21m[0m] -----------------------------------------------------------------
[[93m[1m WARNING [21m[0m] Element conservation is violated too large
[[93m[1m WARNING [21m[0m] at step: 13782
[[93m[1m WARNING [21m[0m] -----------------------------------------------------------------
[[32m[1m INFO  [21m[0m] Elapsed time: 4.31e-01 || Step number: 13800/30000
[[32m[1m INFO  [21m[0m] longdy = 1.00e+00      || longdy/dt = 1.00e+00  || dt = 8.13e-05
[[32m[1m INFO  [21m[0m] from nz = 0 and OH
[[32m[1m INFO  [21m[0m] -----------------------------------------------------------------
[[93m[1m WARNING [21m[0m] Element conservation is violated too large
[[93m[1m WARNING [21m[0m] at step: 13800
[[93m[1m WARNING [21m[0m] -----------------------------------------------------------------
[[93m[1m WARNING [21m[0m] Element conservation is violated too large
[[93m[1m WARNING [21m[0m] at step: 13813
[[93m[1m WARNING [21m[0m] -----------------------------------------------------------------
[[93m[1m WARNING [21m[0m] Element conservation is violated too large
[[93m[1m WARNING [21m[0m] at step: 13868
[[93m[1m WARNING [21m[0m] -----------------------------------------------------------------
[[93m[1m WARNING [21m[0m] Element conservation is violated too large
[[93m[1m WARNING [21m[0m] at step: 13888
[[93m[1m WARNING [21m[0m] -----------------------------------------------------------------
[[32m[1m INFO  [21m[0m] Elapsed time: 4.37e-01 || Step number: 13900/30000
[[32m[1m INFO  [21m[0m] longdy = 1.00e+00      || longdy/dt = 1.00e+00  || dt = 5.50e-05
[[32m[1m INFO  [21m[0m] from nz = 0 and OH
[[32m[1m INFO  [21m[0m] -----------------------------------------------------------------
[[93m[1m WARNING [21m[0m] Element conservation is violated too large
[[93m[1m WARNING [21m[0m] at step: 13901
[[93m[1m WARNING [21m[0m] -----------------------------------------------------------------
[[93m[1m WARNING [21m[0m] Element conservation is violated too large
[[93m[1m WARNING [21m[0m] at step: 13928
[[93m[1m WARNING [21m[0m] -----------------------------------------------------------------
[[93m[1m WARNING [21m[0m] Element conservation is violated too large
[[93m[1m WARNING [21m[0m] at step: 13931
[[93m[1m WARNING [21m[0m] -----------------------------------------------------------------
[[93m[1m WARNING [21m[0m] Element conservation is violated too large
[[93m[1m WARNING [21m[0m] at step: 13941
[[93m[1m WARNING [21m[0m] -----------------------------------------------------------------
[[93m[1m WARNING [21m[0m] Element conservation is violated too large
[[93m[1m WARNING [21m[0m] at step: 13949
[[93m[1m WARNING [21m[0m] -----------------------------------------------------------------
[[93m[1m WARNING [21m[0m] Element conservation is violated too large
[[93m[1m WARNING [21m[0m] at step: 13992
[[93m[1m WARNING [21m[0m] -----------------------------------------------------------------
[[32m[1m INFO  [21m[0m] Elapsed time: 4.43e-01 || Step number: 14000/30000
[[32m[1m INFO  [21m[0m] longdy = 1.00e+00      || longdy/dt = 1.00e+00  || dt = 5.28e-05
[[32m[1m INFO  [21m[0m] from nz = 0 and OH
[[32m[1m INFO  [21m[0m] -----------------------------------------------------------------
[[93m[1m WARNING [21m[0m] Element conservation is violated too large
[[93m[1m WARNING [21m[0m] at step: 14005
[[93m[1m WARNING [21m[0m] -----------------------------------------------------------------
[[93m[1m WARNING [21m[0m] Element conservation is violated too large
[[93m[1m WARNING [21m[0m] at step: 14015
[[93m[1m WARNING [21m[0m] -----------------------------------------------------------------
[[93m[1m WARNING [21m[0m] Element conservation is violated too large
[[93m[1m WARNING [21m[0m] at step: 14026
[[93m[1m WARNING [21m[0m] -----------------------------------------------------------------
[[93m[1m WARNING [21m[0m] Element conservation is violated too large
[[93m[1m WARNING [21m[0m] at step: 14039
[[93m[1m WARNING [21m[0m] -----------------------------------------------------------------
[[32m[1m INFO  [21m[0m] Elapsed time: 4.49e-01 || Step number: 14100/30000
[[32m[1m INFO  [21m[0m] longdy = 1.00e+00      || longdy/dt = 1.00e+00  || dt = 8.78e-05
[[32m[1m INFO  [21m[0m] from nz = 0 and OH
[[32m[1m INFO  [21m[0m] -----------------------------------------------------------------
[[93m[1m WARNING [21m[0m] Element conservation is violated too large
[[93m[1m WARNING [21m[0m] at step: 14100
[[93m[1m WARNING [21m[0m] -----------------------------------------------------------------
[[93m[1m WARNING [21m[0m] Element conservation is violated too large
[[93m[1m WARNING [21m[0m] at step: 14144
[[93m[1m WARNING [21m[0m] -----------------------------------------------------------------
[[93m[1m WARNING [21m[0m] Element conservation is violated too large
[[93m[1m WARNING [21m[0m] at step: 14166
[[93m[1m WARNING [21m[0m] -----------------------------------------------------------------
[[93m[1m WARNING [21m[0m] Element conservation is violated too large
[[93m[1m WARNING [21m[0m] at step: 14190
[[93m[1m WARNING [21m[0m] -----------------------------------------------------------------
[[32m[1m INFO  [21m[0m] Elapsed time: 4.55e-01 || Step number: 14200/30000
[[32m[1m INFO  [21m[0m] longdy = 1.00e+00      || longdy/dt = 1.00e+00  || dt = 9.84e-05
[[32m[1m INFO  [21m[0m] from nz = 0 and OH
[[32m[1m INFO  [21m[0m] -----------------------------------------------------------------
[[93m[1m WARNING [21m[0m] Element conservation is violated too large
[[93m[1m WARNING [21m[0m] at step: 14211
[[93m[1m WARNING [21m[0m] -----------------------------------------------------------------
[[93m[1m WARNING [21m[0m] Element conservation is violated too large
[[93m[1m WARNING [21m[0m] at step: 14250
[[93m[1m WARNING [21m[0m] -----------------------------------------------------------------
[[93m[1m WARNING [21m[0m] Element conservation is violated too large
[[93m[1m WARNING [21m[0m] at step: 14267
[[93m[1m WARNING [21m[0m] -----------------------------------------------------------------
[[32m[1m INFO  [21m[0m] Elapsed time: 4.61e-01 || Step number: 14300/30000
[[32m[1m INFO  [21m[0m] longdy = 1.00e+00      || longdy/dt = 1.00e+00  || dt = 8.29e-05
[[32m[1m INFO  [21m[0m] from nz = 0 and OH
[[32m[1m INFO  [21m[0m] -----------------------------------------------------------------
[[93m[1m WARNING [21m[0m] Element conservation is violated too large
[[93m[1m WARNING [21m[0m] at step: 14309
[[93m[1m WARNING [21m[0m] -----------------------------------------------------------------
[[93m[1m WARNING [21m[0m] Element conservation is violated too large
[[93m[1m WARNING [21m[0m] at step: 14350
[[93m[1m WARNING [21m[0m] -----------------------------------------------------------------
[[93m[1m WARNING [21m[0m] Element conservation is violated too large
[[93m[1m WARNING [21m[0m] at step: 14380
[[93m[1m WARNING [21m[0m] -----------------------------------------------------------------
[[93m[1m WARNING [21m[0m] Element conservation is violated too large
[[93m[1m WARNING [21m[0m] at step: 14386
[[93m[1m WARNING [21m[0m] -----------------------------------------------------------------
[[93m[1m WARNING [21m[0m] Element conservation is violated too large
[[93m[1m WARNING [21m[0m] at step: 14393
[[93m[1m WARNING [21m[0m] -----------------------------------------------------------------
[[32m[1m INFO  [21m[0m] Elapsed time: 4.67e-01 || Step number: 14400/30000
[[32m[1m INFO  [21m[0m] longdy = 1.00e+00      || longdy/dt = 1.00e+00  || dt = 1.15e-04
[[32m[1m INFO  [21m[0m] from nz = 0 and OH
[[32m[1m INFO  [21m[0m] -----------------------------------------------------------------
[[93m[1m WARNING [21m[0m] Element conservation is violated too large
[[93m[1m WARNING [21m[0m] at step: 14400
[[93m[1m WARNING [21m[0m] -----------------------------------------------------------------
[[93m[1m WARNING [21m[0m] Element conservation is violated too large
[[93m[1m WARNING [21m[0m] at step: 14418
[[93m[1m WARNING [21m[0m] -----------------------------------------------------------------
[[93m[1m WARNING [21m[0m] Element conservation is violated too large
[[93m[1m WARNING [21m[0m] at step: 14450
[[93m[1m WARNING [21m[0m] -----------------------------------------------------------------
[[32m[1m INFO  [21m[0m] Elapsed time: 4.73e-01 || Step number: 14500/30000
[[32m[1m INFO  [21m[0m] longdy = 1.00e+00      || longdy/dt = 1.00e+00  || dt = 5.57e-05
[[32m[1m INFO  [21m[0m] from nz = 0 and OH
[[32m[1m INFO  [21m[0m] -----------------------------------------------------------------
[[93m[1m WARNING [21m[0m] Element conservation is violated too large
[[93m[1m WARNING [21m[0m] at step: 14527
[[93m[1m WARNING [21m[0m] -----------------------------------------------------------------
[[93m[1m WARNING [21m[0m] Element conservation is violated too large
[[93m[1m WARNING [21m[0m] at step: 14566
[[93m[1m WARNING [21m[0m] -----------------------------------------------------------------
[[93m[1m WARNING [21m[0m] Element conservation is violated too large
[[93m[1m WARNING [21m[0m] at step: 14592
[[93m[1m WARNING [21m[0m] -----------------------------------------------------------------
[[32m[1m INFO  [21m[0m] Elapsed time: 4.78e-01 || Step number: 14600/30000
[[32m[1m INFO  [21m[0m] longdy = 1.00e+00      || longdy/dt = 1.00e+00  || dt = 7.14e-05
[[32m[1m INFO  [21m[0m] from nz = 0 and OH
[[32m[1m INFO  [21m[0m] -----------------------------------------------------------------
[[93m[1m WARNING [21m[0m] Element conservation is violated too large
[[93m[1m WARNING [21m[0m] at step: 14603
[[93m[1m WARNING [21m[0m] -----------------------------------------------------------------
[[93m[1m WARNING [21m[0m] Element conservation is violated too large
[[93m[1m WARNING [21m[0m] at step: 14632
[[93m[1m WARNING [21m[0m] -----------------------------------------------------------------
[[93m[1m WARNING [21m[0m] Element conservation is violated too large
[[93m[1m WARNING [21m[0m] at step: 14649
[[93m[1m WARNING [21m[0m] -----------------------------------------------------------------
[[93m[1m WARNING [21m[0m] Element conservation is violated too large
[[93m[1m WARNING [21m[0m] at step: 14680
[[93m[1m WARNING [21m[0m] -----------------------------------------------------------------
[[93m[1m WARNING [21m[0m] Element conservation is violated too large
[[93m[1m WARNING [21m[0m] at step: 14692
[[93m[1m WARNING [21m[0m] -----------------------------------------------------------------
[[32m[1m INFO  [21m[0m] Elapsed time: 4.85e-01 || Step number: 14700/30000
[[32m[1m INFO  [21m[0m] longdy = 1.00e+00      || longdy/dt = 1.00e+00  || dt = 1.50e-04
[[32m[1m INFO  [21m[0m] from nz = 0 and OH
[[32m[1m INFO  [21m[0m] -----------------------------------------------------------------
[[93m[1m WARNING [21m[0m] Element conservation is violated too large
[[93m[1m WARNING [21m[0m] at step: 14735
[[93m[1m WARNING [21m[0m] -----------------------------------------------------------------
[[93m[1m WARNING [21m[0m] Element conservation is violated too large
[[93m[1m WARNING [21m[0m] at step: 14757
[[93m[1m WARNING [21m[0m] -----------------------------------------------------------------
[[93m[1m WARNING [21m[0m] Element conservation is violated too large
[[93m[1m WARNING [21m[0m] at step: 14771
[[93m[1m WARNING [21m[0m] -----------------------------------------------------------------
[[93m[1m WARNING [21m[0m] Element conservation is violated too large
[[93m[1m WARNING [21m[0m] at step: 14788
[[93m[1m WARNING [21m[0m] -----------------------------------------------------------------
[[32m[1m INFO  [21m[0m] Elapsed time: 4.90e-01 || Step number: 14800/30000
[[32m[1m INFO  [21m[0m] longdy = 1.00e+00      || longdy/dt = 1.00e+00  || dt = 7.83e-05
[[32m[1m INFO  [21m[0m] from nz = 0 and OH
[[32m[1m INFO  [21m[0m] -----------------------------------------------------------------
[[93m[1m WARNING [21m[0m] Element conservation is violated too large
[[93m[1m WARNING [21m[0m] at step: 14809
[[93m[1m WARNING [21m[0m] -----------------------------------------------------------------
[[93m[1m WARNING [21m[0m] Element conservation is violated too large
[[93m[1m WARNING [21m[0m] at step: 14827
[[93m[1m WARNING [21m[0m] -----------------------------------------------------------------
[[93m[1m WARNING [21m[0m] Element conservation is violated too large
[[93m[1m WARNING [21m[0m] at step: 14830
[[93m[1m WARNING [21m[0m] -----------------------------------------------------------------
[[93m[1m WARNING [21m[0m] Element conservation is violated too large
[[93m[1m WARNING [21m[0m] at step: 14892
[[93m[1m WARNING [21m[0m] -----------------------------------------------------------------
[[32m[1m INFO  [21m[0m] Elapsed time: 4.97e-01 || Step number: 14900/30000
[[32m[1m INFO  [21m[0m] longdy = 1.00e+00      || longdy/dt = 1.00e+00  || dt = 1.10e-04
[[32m[1m INFO  [21m[0m] from nz = 0 and OH
[[32m[1m INFO  [21m[0m] -----------------------------------------------------------------
[[93m[1m WARNING [21m[0m] Element conservation is violated too large
[[93m[1m WARNING [21m[0m] at step: 14909
[[93m[1m WARNING [21m[0m] -----------------------------------------------------------------
[[93m[1m WARNING [21m[0m] Element conservation is violated too large
[[93m[1m WARNING [21m[0m] at step: 14910
[[93m[1m WARNING [21m[0m] -----------------------------------------------------------------
[[93m[1m WARNING [21m[0m] Element conservation is violated too large
[[93m[1m WARNING [21m[0m] at step: 14964
[[93m[1m WARNING [21m[0m] -----------------------------------------------------------------
[[93m[1m WARNING [21m[0m] Element conservation is violated too large
[[93m[1m WARNING [21m[0m] at step: 14968
[[93m[1m WARNING [21m[0m] -----------------------------------------------------------------
[[93m[1m WARNING [21m[0m] Element conservation is violated too large
[[93m[1m WARNING [21m[0m] at step: 14968
[[93m[1m WARNING [21m[0m] -----------------------------------------------------------------
[[93m[1m WARNING [21m[0m] Element conservation is violated too large
[[93m[1m WARNING [21m[0m] at step: 14973
[[93m[1m WARNING [21m[0m] -----------------------------------------------------------------
[[32m[1m INFO  [21m[0m] Elapsed time: 5.03e-01 || Step number: 15000/30000
[[32m[1m INFO  [21m[0m] longdy = 1.00e+00      || longdy/dt = 1.00e+00  || dt = 9.15e-05
[[32m[1m INFO  [21m[0m] from nz = 0 and OH
[[32m[1m INFO  [21m[0m] -----------------------------------------------------------------
[[93m[1m WARNING [21m[0m] Element conservation is violated too large
[[93m[1m WARNING [21m[0m] at step: 15038
[[93m[1m WARNING [21m[0m] -----------------------------------------------------------------
[[93m[1m WARNING [21m[0m] Element conservation is violated too large
[[93m[1m WARNING [21m[0m] at step: 15080
[[93m[1m WARNING [21m[0m] -----------------------------------------------------------------
[[32m[1m INFO  [21m[0m] Elapsed time: 5.09e-01 || Step number: 15100/30000
[[32m[1m INFO  [21m[0m] longdy = 1.00e+00      || longdy/dt = 1.00e+00  || dt = 9.44e-05
[[32m[1m INFO  [21m[0m] from nz = 0 and OH
[[32m[1m INFO  [21m[0m] -----------------------------------------------------------------
[[93m[1m WARNING [21m[0m] Element conservation is violated too large
[[93m[1m WARNING [21m[0m] at step: 15147
[[93m[1m WARNING [21m[0m] -----------------------------------------------------------------
[[93m[1m WARNING [21m[0m] Element conservation is violated too large
[[93m[1m WARNING [21m[0m] at step: 15148
[[93m[1m WARNING [21m[0m] -----------------------------------------------------------------
[[93m[1m WARNING [21m[0m] Element conservation is violated too large
[[93m[1m WARNING [21m[0m] at step: 15158
[[93m[1m WARNING [21m[0m] -----------------------------------------------------------------
[[93m[1m WARNING [21m[0m] Element conservation is violated too large
[[93m[1m WARNING [21m[0m] at step: 15162
[[93m[1m WARNING [21m[0m] -----------------------------------------------------------------
[[32m[1m INFO  [21m[0m] Elapsed time: 5.16e-01 || Step number: 15200/30000
[[32m[1m INFO  [21m[0m] longdy = 1.00e+00      || longdy/dt = 1.00e+00  || dt = 1.78e-04
[[32m[1m INFO  [21m[0m] from nz = 0 and OH
[[32m[1m INFO  [21m[0m] -----------------------------------------------------------------
[[93m[1m WARNING [21m[0m] Element conservation is violated too large
[[93m[1m WARNING [21m[0m] at step: 15229
[[93m[1m WARNING [21m[0m] -----------------------------------------------------------------
[[93m[1m WARNING [21m[0m] Element conservation is violated too large
[[93m[1m WARNING [21m[0m] at step: 15252
[[93m[1m WARNING [21m[0m] -----------------------------------------------------------------
[[93m[1m WARNING [21m[0m] Element conservation is violated too large
[[93m[1m WARNING [21m[0m] at step: 15254
[[93m[1m WARNING [21m[0m] -----------------------------------------------------------------
[[93m[1m WARNING [21m[0m] Element conservation is violated too large
[[93m[1m WARNING [21m[0m] at step: 15272
[[93m[1m WARNING [21m[0m] -----------------------------------------------------------------
[[93m[1m WARNING [21m[0m] Element conservation is violated too large
[[93m[1m WARNING [21m[0m] at step: 15282
[[93m[1m WARNING [21m[0m] -----------------------------------------------------------------
[[93m[1m WARNING [21m[0m] Element conservation is violated too large
[[93m[1m WARNING [21m[0m] at step: 15294
[[93m[1m WARNING [21m[0m] -----------------------------------------------------------------
[[32m[1m INFO  [21m[0m] Elapsed time: 5.22e-01 || Step number: 15300/30000
[[32m[1m INFO  [21m[0m] longdy = 1.00e+00      || longdy/dt = 1.00e+00  || dt = 9.54e-05
[[32m[1m INFO  [21m[0m] from nz = 0 and OH
[[32m[1m INFO  [21m[0m] -----------------------------------------------------------------
[[93m[1m WARNING [21m[0m] Element conservation is violated too large
[[93m[1m WARNING [21m[0m] at step: 15314
[[93m[1m WARNING [21m[0m] -----------------------------------------------------------------
[[93m[1m WARNING [21m[0m] Element conservation is violated too large
[[93m[1m WARNING [21m[0m] at step: 15361
[[93m[1m WARNING [21m[0m] -----------------------------------------------------------------
[[93m[1m WARNING [21m[0m] Element conservation is violated too large
[[93m[1m WARNING [21m[0m] at step: 15364
[[93m[1m WARNING [21m[0m] -----------------------------------------------------------------
[[93m[1m WARNING [21m[0m] Element conservation is violated too large
[[93m[1m WARNING [21m[0m] at step: 15370
[[93m[1m WARNING [21m[0m] -----------------------------------------------------------------
[[93m[1m WARNING [21m[0m] Element conservation is violated too large
[[93m[1m WARNING [21m[0m] at step: 15376
[[93m[1m WARNING [21m[0m] -----------------------------------------------------------------
[[93m[1m WARNING [21m[0m] Element conservation is violated too large
[[93m[1m WARNING [21m[0m] at step: 15379
[[93m[1m WARNING [21m[0m] -----------------------------------------------------------------
[[93m[1m WARNING [21m[0m] Element conservation is violated too large
[[93m[1m WARNING [21m[0m] at step: 15386
[[93m[1m WARNING [21m[0m] -----------------------------------------------------------------
[[93m[1m WARNING [21m[0m] Element conservation is violated too large
[[93m[1m WARNING [21m[0m] at step: 15390
[[93m[1m WARNING [21m[0m] -----------------------------------------------------------------
[[93m[1m WARNING [21m[0m] Element conservation is violated too large
[[93m[1m WARNING [21m[0m] at step: 15399
[[93m[1m WARNING [21m[0m] -----------------------------------------------------------------
[[32m[1m INFO  [21m[0m] Elapsed time: 5.29e-01 || Step number: 15400/30000
[[32m[1m INFO  [21m[0m] longdy = 1.00e+00      || longdy/dt = 1.00e+00  || dt = 6.62e-05
[[32m[1m INFO  [21m[0m] from nz = 0 and OH
[[32m[1m INFO  [21m[0m] -----------------------------------------------------------------
[[93m[1m WARNING [21m[0m] Element conservation is violated too large
[[93m[1m WARNING [21m[0m] at step: 15405
[[93m[1m WARNING [21m[0m] -----------------------------------------------------------------
[[93m[1m WARNING [21m[0m] Element conservation is violated too large
[[93m[1m WARNING [21m[0m] at step: 15416
[[93m[1m WARNING [21m[0m] -----------------------------------------------------------------
[[93m[1m WARNING [21m[0m] Element conservation is violated too large
[[93m[1m WARNING [21m[0m] at step: 15425
[[93m[1m WARNING [21m[0m] -----------------------------------------------------------------
[[93m[1m WARNING [21m[0m] Element conservation is violated too large
[[93m[1m WARNING [21m[0m] at step: 15427
[[93m[1m WARNING [21m[0m] -----------------------------------------------------------------
[[93m[1m WARNING [21m[0m] Element conservation is violated too large
[[93m[1m WARNING [21m[0m] at step: 15443
[[93m[1m WARNING [21m[0m] -----------------------------------------------------------------
[[93m[1m WARNING [21m[0m] Element conservation is violated too large
[[93m[1m WARNING [21m[0m] at step: 15446
[[93m[1m WARNING [21m[0m] -----------------------------------------------------------------
[[93m[1m WARNING [21m[0m] Element conservation is violated too large
[[93m[1m WARNING [21m[0m] at step: 15454
[[93m[1m WARNING [21m[0m] -----------------------------------------------------------------
[[93m[1m WARNING [21m[0m] Element conservation is violated too large
[[93m[1m WARNING [21m[0m] at step: 15455
[[93m[1m WARNING [21m[0m] -----------------------------------------------------------------
[[93m[1m WARNING [21m[0m] Element conservation is violated too large
[[93m[1m WARNING [21m[0m] at step: 15458
[[93m[1m WARNING [21m[0m] -----------------------------------------------------------------
[[93m[1m WARNING [21m[0m] Element conservation is violated too large
[[93m[1m WARNING [21m[0m] at step: 15468
[[93m[1m WARNING [21m[0m] -----------------------------------------------------------------
[[93m[1m WARNING [21m[0m] Element conservation is violated too large
[[93m[1m WARNING [21m[0m] at step: 15487
[[93m[1m WARNING [21m[0m] -----------------------------------------------------------------
[[32m[1m INFO  [21m[0m] Elapsed time: 5.35e-01 || Step number: 15500/30000
[[32m[1m INFO  [21m[0m] longdy = 1.00e+00      || longdy/dt = 1.00e+00  || dt = 7.11e-05
[[32m[1m INFO  [21m[0m] from nz = 0 and OH
[[32m[1m INFO  [21m[0m] -----------------------------------------------------------------
[[93m[1m WARNING [21m[0m] Element conservation is violated too large
[[93m[1m WARNING [21m[0m] at step: 15502
[[93m[1m WARNING [21m[0m] -----------------------------------------------------------------
[[93m[1m WARNING [21m[0m] Element conservation is violated too large
[[93m[1m WARNING [21m[0m] at step: 15504
[[93m[1m WARNING [21m[0m] -----------------------------------------------------------------
[[93m[1m WARNING [21m[0m] Element conservation is violated too large
[[93m[1m WARNING [21m[0m] at step: 15521
[[93m[1m WARNING [21m[0m] -----------------------------------------------------------------
[[93m[1m WARNING [21m[0m] Element conservation is violated too large
[[93m[1m WARNING [21m[0m] at step: 15522
[[93m[1m WARNING [21m[0m] -----------------------------------------------------------------
[[93m[1m WARNING [21m[0m] Element conservation is violated too large
[[93m[1m WARNING [21m[0m] at step: 15559
[[93m[1m WARNING [21m[0m] -----------------------------------------------------------------
[[93m[1m WARNING [21m[0m] Element conservation is violated too large
[[93m[1m WARNING [21m[0m] at step: 15568
[[93m[1m WARNING [21m[0m] -----------------------------------------------------------------
[[93m[1m WARNING [21m[0m] Element conservation is violated too large
[[93m[1m WARNING [21m[0m] at step: 15581
[[93m[1m WARNING [21m[0m] -----------------------------------------------------------------
[[93m[1m WARNING [21m[0m] Element conservation is violated too large
[[93m[1m WARNING [21m[0m] at step: 15585
[[93m[1m WARNING [21m[0m] -----------------------------------------------------------------
[[93m[1m WARNING [21m[0m] Element conservation is violated too large
[[93m[1m WARNING [21m[0m] at step: 15599
[[93m[1m WARNING [21m[0m] -----------------------------------------------------------------
[[32m[1m INFO  [21m[0m] Elapsed time: 5.42e-01 || Step number: 15600/30000
[[32m[1m INFO  [21m[0m] longdy = 1.00e+00      || longdy/dt = 1.00e+00  || dt = 1.10e-04
[[32m[1m INFO  [21m[0m] from nz = 0 and OH
[[32m[1m INFO  [21m[0m] -----------------------------------------------------------------
[[93m[1m WARNING [21m[0m] Element conservation is violated too large
[[93m[1m WARNING [21m[0m] at step: 15601
[[93m[1m WARNING [21m[0m] -----------------------------------------------------------------
[[93m[1m WARNING [21m[0m] Element conservation is violated too large
[[93m[1m WARNING [21m[0m] at step: 15604
[[93m[1m WARNING [21m[0m] -----------------------------------------------------------------
[[93m[1m WARNING [21m[0m] Element conservation is violated too large
[[93m[1m WARNING [21m[0m] at step: 15612
[[93m[1m WARNING [21m[0m] -----------------------------------------------------------------
[[93m[1m WARNING [21m[0m] Element conservation is violated too large
[[93m[1m WARNING [21m[0m] at step: 15615
[[93m[1m WARNING [21m[0m] -----------------------------------------------------------------
[[93m[1m WARNING [21m[0m] Element conservation is violated too large
[[93m[1m WARNING [21m[0m] at step: 15648
[[93m[1m WARNING [21m[0m] -----------------------------------------------------------------
[[93m[1m WARNING [21m[0m] Element conservation is violated too large
[[93m[1m WARNING [21m[0m] at step: 15664
[[93m[1m WARNING [21m[0m] -----------------------------------------------------------------
[[93m[1m WARNING [21m[0m] Element conservation is violated too large
[[93m[1m WARNING [21m[0m] at step: 15672
[[93m[1m WARNING [21m[0m] -----------------------------------------------------------------
[[93m[1m WARNING [21m[0m] Element conservation is violated too large
[[93m[1m WARNING [21m[0m] at step: 15684
[[93m[1m WARNING [21m[0m] -----------------------------------------------------------------
[[32m[1m INFO  [21m[0m] Elapsed time: 5.49e-01 || Step number: 15700/30000
[[32m[1m INFO  [21m[0m] longdy = 1.00e+00      || longdy/dt = 1.00e+00  || dt = 5.98e-05
[[32m[1m INFO  [21m[0m] from nz = 0 and OH
[[32m[1m INFO  [21m[0m] -----------------------------------------------------------------
[[93m[1m WARNING [21m[0m] Element conservation is violated too large
[[93m[1m WARNING [21m[0m] at step: 15717
[[93m[1m WARNING [21m[0m] -----------------------------------------------------------------
[[93m[1m WARNING [21m[0m] Element conservation is violated too large
[[93m[1m WARNING [21m[0m] at step: 15725
[[93m[1m WARNING [21m[0m] -----------------------------------------------------------------
[[93m[1m WARNING [21m[0m] Element conservation is violated too large
[[93m[1m WARNING [21m[0m] at step: 15735
[[93m[1m WARNING [21m[0m] -----------------------------------------------------------------
[[93m[1m WARNING [21m[0m] Element conservation is violated too large
[[93m[1m WARNING [21m[0m] at step: 15739
[[93m[1m WARNING [21m[0m] -----------------------------------------------------------------
[[93m[1m WARNING [21m[0m] Element conservation is violated too large
[[93m[1m WARNING [21m[0m] at step: 15778
[[93m[1m WARNING [21m[0m] -----------------------------------------------------------------
[[93m[1m WARNING [21m[0m] Element conservation is violated too large
[[93m[1m WARNING [21m[0m] at step: 15787
[[93m[1m WARNING [21m[0m] -----------------------------------------------------------------
[[93m[1m WARNING [21m[0m] Element conservation is violated too large
[[93m[1m WARNING [21m[0m] at step: 15794
[[93m[1m WARNING [21m[0m] -----------------------------------------------------------------
[[93m[1m WARNING [21m[0m] Element conservation is violated too large
[[93m[1m WARNING [21m[0m] at step: 15799
[[93m[1m WARNING [21m[0m] -----------------------------------------------------------------
[[32m[1m INFO  [21m[0m] Elapsed time: 5.55e-01 || Step number: 15800/30000
[[32m[1m INFO  [21m[0m] longdy = 1.00e+00      || longdy/dt = 1.00e+00  || dt = 1.09e-04
[[32m[1m INFO  [21m[0m] from nz = 0 and OH
[[32m[1m INFO  [21m[0m] -----------------------------------------------------------------
[[93m[1m WARNING [21m[0m] Element conservation is violated too large
[[93m[1m WARNING [21m[0m] at step: 15808
[[93m[1m WARNING [21m[0m] -----------------------------------------------------------------
[[93m[1m WARNING [21m[0m] Element conservation is violated too large
[[93m[1m WARNING [21m[0m] at step: 15840
[[93m[1m WARNING [21m[0m] -----------------------------------------------------------------
[[93m[1m WARNING [21m[0m] Element conservation is violated too large
[[93m[1m WARNING [21m[0m] at step: 15842
[[93m[1m WARNING [21m[0m] -----------------------------------------------------------------
[[93m[1m WARNING [21m[0m] Element conservation is violated too large
[[93m[1m WARNING [21m[0m] at step: 15849
[[93m[1m WARNING [21m[0m] -----------------------------------------------------------------
[[93m[1m WARNING [21m[0m] Element conservation is violated too large
[[93m[1m WARNING [21m[0m] at step: 15889
[[93m[1m WARNING [21m[0m] -----------------------------------------------------------------
[[93m[1m WARNING [21m[0m] Element conservation is violated too large
[[93m[1m WARNING [21m[0m] at step: 15890
[[93m[1m WARNING [21m[0m] -----------------------------------------------------------------
[[93m[1m WARNING [21m[0m] Element conservation is violated too large
[[93m[1m WARNING [21m[0m] at step: 15898
[[93m[1m WARNING [21m[0m] -----------------------------------------------------------------
[[32m[1m INFO  [21m[0m] Elapsed time: 5.62e-01 || Step number: 15900/30000
[[32m[1m INFO  [21m[0m] longdy = 1.00e+00      || longdy/dt = 1.00e+00  || dt = 6.85e-05
[[32m[1m INFO  [21m[0m] from nz = 0 and OH
[[32m[1m INFO  [21m[0m] -----------------------------------------------------------------
[[93m[1m WARNING [21m[0m] Element conservation is violated too large
[[93m[1m WARNING [21m[0m] at step: 15902
[[93m[1m WARNING [21m[0m] -----------------------------------------------------------------
[[93m[1m WARNING [21m[0m] Element conservation is violated too large
[[93m[1m WARNING [21m[0m] at step: 15922
[[93m[1m WARNING [21m[0m] -----------------------------------------------------------------
[[93m[1m WARNING [21m[0m] Element conservation is violated too large
[[93m[1m WARNING [21m[0m] at step: 15924
[[93m[1m WARNING [21m[0m] -----------------------------------------------------------------
[[93m[1m WARNING [21m[0m] Element conservation is violated too large
[[93m[1m WARNING [21m[0m] at step: 15934
[[93m[1m WARNING [21m[0m] -----------------------------------------------------------------
[[93m[1m WARNING [21m[0m] Element conservation is violated too large
[[93m[1m WARNING [21m[0m] at step: 15939
[[93m[1m WARNING [21m[0m] -----------------------------------------------------------------
[[93m[1m WARNING [21m[0m] Element conservation is violated too large
[[93m[1m WARNING [21m[0m] at step: 15943
[[93m[1m WARNING [21m[0m] -----------------------------------------------------------------
[[93m[1m WARNING [21m[0m] Element conservation is violated too large
[[93m[1m WARNING [21m[0m] at step: 15949
[[93m[1m WARNING [21m[0m] -----------------------------------------------------------------
[[93m[1m WARNING [21m[0m] Element conservation is violated too large
[[93m[1m WARNING [21m[0m] at step: 15960
[[93m[1m WARNING [21m[0m] -----------------------------------------------------------------
[[93m[1m WARNING [21m[0m] Element conservation is violated too large
[[93m[1m WARNING [21m[0m] at step: 15963
[[93m[1m WARNING [21m[0m] -----------------------------------------------------------------
[[93m[1m WARNING [21m[0m] Element conservation is violated too large
[[93m[1m WARNING [21m[0m] at step: 15966
[[93m[1m WARNING [21m[0m] -----------------------------------------------------------------
[[93m[1m WARNING [21m[0m] Element conservation is violated too large
[[93m[1m WARNING [21m[0m] at step: 15969
[[93m[1m WARNING [21m[0m] -----------------------------------------------------------------
[[93m[1m WARNING [21m[0m] Element conservation is violated too large
[[93m[1m WARNING [21m[0m] at step: 15975
[[93m[1m WARNING [21m[0m] -----------------------------------------------------------------
[[93m[1m WARNING [21m[0m] Element conservation is violated too large
[[93m[1m WARNING [21m[0m] at step: 15985
[[93m[1m WARNING [21m[0m] -----------------------------------------------------------------
[[93m[1m WARNING [21m[0m] Element conservation is violated too large
[[93m[1m WARNING [21m[0m] at step: 15993
[[93m[1m WARNING [21m[0m] -----------------------------------------------------------------
[[93m[1m WARNING [21m[0m] Element conservation is violated too large
[[93m[1m WARNING [21m[0m] at step: 15998
[[93m[1m WARNING [21m[0m] -----------------------------------------------------------------
[[93m[1m WARNING [21m[0m] Element conservation is violated too large
[[93m[1m WARNING [21m[0m] at step: 15999
[[93m[1m WARNING [21m[0m] -----------------------------------------------------------------
[[32m[1m INFO  [21m[0m] Elapsed time: 5.69e-01 || Step number: 16000/30000
[[32m[1m INFO  [21m[0m] longdy = 1.00e+00      || longdy/dt = 1.00e+00  || dt = 9.01e-05
[[32m[1m INFO  [21m[0m] from nz = 0 and OH
[[32m[1m INFO  [21m[0m] -----------------------------------------------------------------
[[93m[1m WARNING [21m[0m] Element conservation is violated too large
[[93m[1m WARNING [21m[0m] at step: 16013
[[93m[1m WARNING [21m[0m] -----------------------------------------------------------------
[[93m[1m WARNING [21m[0m] Element conservation is violated too large
[[93m[1m WARNING [21m[0m] at step: 16014
[[93m[1m WARNING [21m[0m] -----------------------------------------------------------------
[[93m[1m WARNING [21m[0m] Element conservation is violated too large
[[93m[1m WARNING [21m[0m] at step: 16046
[[93m[1m WARNING [21m[0m] -----------------------------------------------------------------
[[93m[1m WARNING [21m[0m] Element conservation is violated too large
[[93m[1m WARNING [21m[0m] at step: 16049
[[93m[1m WARNING [21m[0m] -----------------------------------------------------------------
[[93m[1m WARNING [21m[0m] Element conservation is violated too large
[[93m[1m WARNING [21m[0m] at step: 16053
[[93m[1m WARNING [21m[0m] -----------------------------------------------------------------
[[93m[1m WARNING [21m[0m] Element conservation is violated too large
[[93m[1m WARNING [21m[0m] at step: 16055
[[93m[1m WARNING [21m[0m] -----------------------------------------------------------------
[[93m[1m WARNING [21m[0m] Element conservation is violated too large
[[93m[1m WARNING [21m[0m] at step: 16060
[[93m[1m WARNING [21m[0m] -----------------------------------------------------------------
[[93m[1m WARNING [21m[0m] Element conservation is violated too large
[[93m[1m WARNING [21m[0m] at step: 16075
[[93m[1m WARNING [21m[0m] -----------------------------------------------------------------
[[93m[1m WARNING [21m[0m] Element conservation is violated too large
[[93m[1m WARNING [21m[0m] at step: 16078
[[93m[1m WARNING [21m[0m] -----------------------------------------------------------------
[[93m[1m WARNING [21m[0m] Element conservation is violated too large
[[93m[1m WARNING [21m[0m] at step: 16094
[[93m[1m WARNING [21m[0m] -----------------------------------------------------------------
[[32m[1m INFO  [21m[0m] Elapsed time: 5.75e-01 || Step number: 16100/30000
[[32m[1m INFO  [21m[0m] longdy = 1.00e+00      || longdy/dt = 1.00e+00  || dt = 9.24e-05
[[32m[1m INFO  [21m[0m] from nz = 0 and OH
[[32m[1m INFO  [21m[0m] -----------------------------------------------------------------
[[93m[1m WARNING [21m[0m] Element conservation is violated too large
[[93m[1m WARNING [21m[0m] at step: 16144
[[93m[1m WARNING [21m[0m] -----------------------------------------------------------------
[[93m[1m WARNING [21m[0m] Element conservation is violated too large
[[93m[1m WARNING [21m[0m] at step: 16187
[[93m[1m WARNING [21m[0m] -----------------------------------------------------------------
[[32m[1m INFO  [21m[0m] Elapsed time: 5.82e-01 || Step number: 16200/30000
[[32m[1m INFO  [21m[0m] longdy = 1.00e+00      || longdy/dt = 1.00e+00  || dt = 7.84e-05
[[32m[1m INFO  [21m[0m] from nz = 0 and OH
[[32m[1m INFO  [21m[0m] -----------------------------------------------------------------
[[93m[1m WARNING [21m[0m] Element conservation is violated too large
[[93m[1m WARNING [21m[0m] at step: 16212
[[93m[1m WARNING [21m[0m] -----------------------------------------------------------------
[[93m[1m WARNING [21m[0m] Element conservation is violated too large
[[93m[1m WARNING [21m[0m] at step: 16217
[[93m[1m WARNING [21m[0m] -----------------------------------------------------------------
[[93m[1m WARNING [21m[0m] Element conservation is violated too large
[[93m[1m WARNING [21m[0m] at step: 16245
[[93m[1m WARNING [21m[0m] -----------------------------------------------------------------
[[93m[1m WARNING [21m[0m] Element conservation is violated too large
[[93m[1m WARNING [21m[0m] at step: 16262
[[93m[1m WARNING [21m[0m] -----------------------------------------------------------------
[[93m[1m WARNING [21m[0m] Element conservation is violated too large
[[93m[1m WARNING [21m[0m] at step: 16268
[[93m[1m WARNING [21m[0m] -----------------------------------------------------------------
[[93m[1m WARNING [21m[0m] Element conservation is violated too large
[[93m[1m WARNING [21m[0m] at step: 16273
[[93m[1m WARNING [21m[0m] -----------------------------------------------------------------
[[93m[1m WARNING [21m[0m] Element conservation is violated too large
[[93m[1m WARNING [21m[0m] at step: 16274
[[93m[1m WARNING [21m[0m] -----------------------------------------------------------------
[[93m[1m WARNING [21m[0m] Element conservation is violated too large
[[93m[1m WARNING [21m[0m] at step: 16276
[[93m[1m WARNING [21m[0m] -----------------------------------------------------------------
[[93m[1m WARNING [21m[0m] Element conservation is violated too large
[[93m[1m WARNING [21m[0m] at step: 16283
[[93m[1m WARNING [21m[0m] -----------------------------------------------------------------
[[93m[1m WARNING [21m[0m] Element conservation is violated too large
[[93m[1m WARNING [21m[0m] at step: 16287
[[93m[1m WARNING [21m[0m] -----------------------------------------------------------------
[[93m[1m WARNING [21m[0m] Element conservation is violated too large
[[93m[1m WARNING [21m[0m] at step: 16288
[[93m[1m WARNING [21m[0m] -----------------------------------------------------------------
[[32m[1m INFO  [21m[0m] Elapsed time: 5.89e-01 || Step number: 16300/30000
[[32m[1m INFO  [21m[0m] longdy = 1.00e+00      || longdy/dt = 1.00e+00  || dt = 1.12e-04
[[32m[1m INFO  [21m[0m] from nz = 0 and OH
[[32m[1m INFO  [21m[0m] -----------------------------------------------------------------
[[93m[1m WARNING [21m[0m] Element conservation is violated too large
[[93m[1m WARNING [21m[0m] at step: 16303
[[93m[1m WARNING [21m[0m] -----------------------------------------------------------------
[[93m[1m WARNING [21m[0m] Element conservation is violated too large
[[93m[1m WARNING [21m[0m] at step: 16305
[[93m[1m WARNING [21m[0m] -----------------------------------------------------------------
[[93m[1m WARNING [21m[0m] Element conservation is violated too large
[[93m[1m WARNING [21m[0m] at step: 16313
[[93m[1m WARNING [21m[0m] -----------------------------------------------------------------
[[93m[1m WARNING [21m[0m] Element conservation is violated too large
[[93m[1m WARNING [21m[0m] at step: 16338
[[93m[1m WARNING [21m[0m] -----------------------------------------------------------------
[[93m[1m WARNING [21m[0m] Element conservation is violated too large
[[93m[1m WARNING [21m[0m] at step: 16341
[[93m[1m WARNING [21m[0m] -----------------------------------------------------------------
[[93m[1m WARNING [21m[0m] Element conservation is violated too large
[[93m[1m WARNING [21m[0m] at step: 16354
[[93m[1m WARNING [21m[0m] -----------------------------------------------------------------
[[93m[1m WARNING [21m[0m] Element conservation is violated too large
[[93m[1m WARNING [21m[0m] at step: 16369
[[93m[1m WARNING [21m[0m] -----------------------------------------------------------------
[[93m[1m WARNING [21m[0m] Element conservation is violated too large
[[93m[1m WARNING [21m[0m] at step: 16386
[[93m[1m WARNING [21m[0m] -----------------------------------------------------------------
[[93m[1m WARNING [21m[0m] Element conservation is violated too large
[[93m[1m WARNING [21m[0m] at step: 16392
[[93m[1m WARNING [21m[0m] -----------------------------------------------------------------
[[32m[1m INFO  [21m[0m] Elapsed time: 5.95e-01 || Step number: 16400/30000
[[32m[1m INFO  [21m[0m] longdy = 1.00e+00      || longdy/dt = 1.00e+00  || dt = 1.81e-04
[[32m[1m INFO  [21m[0m] from nz = 0 and OH
[[32m[1m INFO  [21m[0m] -----------------------------------------------------------------
[[93m[1m WARNING [21m[0m] Element conservation is violated too large
[[93m[1m WARNING [21m[0m] at step: 16403
[[93m[1m WARNING [21m[0m] -----------------------------------------------------------------
[[93m[1m WARNING [21m[0m] Element conservation is violated too large
[[93m[1m WARNING [21m[0m] at step: 16425
[[93m[1m WARNING [21m[0m] -----------------------------------------------------------------
[[93m[1m WARNING [21m[0m] Element conservation is violated too large
[[93m[1m WARNING [21m[0m] at step: 16455
[[93m[1m WARNING [21m[0m] -----------------------------------------------------------------
[[93m[1m WARNING [21m[0m] Element conservation is violated too large
[[93m[1m WARNING [21m[0m] at step: 16481
[[93m[1m WARNING [21m[0m] -----------------------------------------------------------------
[[93m[1m WARNING [21m[0m] Element conservation is violated too large
[[93m[1m WARNING [21m[0m] at step: 16482
[[93m[1m WARNING [21m[0m] -----------------------------------------------------------------
[[93m[1m WARNING [21m[0m] Element conservation is violated too large
[[93m[1m WARNING [21m[0m] at step: 16492
[[93m[1m WARNING [21m[0m] -----------------------------------------------------------------
[[93m[1m WARNING [21m[0m] Element conservation is violated too large
[[93m[1m WARNING [21m[0m] at step: 16496
[[93m[1m WARNING [21m[0m] -----------------------------------------------------------------
[[32m[1m INFO  [21m[0m] Elapsed time: 6.02e-01 || Step number: 16500/30000
[[32m[1m INFO  [21m[0m] longdy = 1.00e+00      || longdy/dt = 1.00e+00  || dt = 1.76e-04
[[32m[1m INFO  [21m[0m] from nz = 0 and OH
[[32m[1m INFO  [21m[0m] -----------------------------------------------------------------
[[93m[1m WARNING [21m[0m] Element conservation is violated too large
[[93m[1m WARNING [21m[0m] at step: 16513
[[93m[1m WARNING [21m[0m] -----------------------------------------------------------------
[[93m[1m WARNING [21m[0m] Element conservation is violated too large
[[93m[1m WARNING [21m[0m] at step: 16530
[[93m[1m WARNING [21m[0m] -----------------------------------------------------------------
[[93m[1m WARNING [21m[0m] Element conservation is violated too large
[[93m[1m WARNING [21m[0m] at step: 16531
[[93m[1m WARNING [21m[0m] -----------------------------------------------------------------
[[93m[1m WARNING [21m[0m] Element conservation is violated too large
[[93m[1m WARNING [21m[0m] at step: 16584
[[93m[1m WARNING [21m[0m] -----------------------------------------------------------------
[[93m[1m WARNING [21m[0m] Element conservation is violated too large
[[93m[1m WARNING [21m[0m] at step: 16592
[[93m[1m WARNING [21m[0m] -----------------------------------------------------------------
[[32m[1m INFO  [21m[0m] Elapsed time: 6.08e-01 || Step number: 16600/30000
[[32m[1m INFO  [21m[0m] longdy = 1.00e+00      || longdy/dt = 1.00e+00  || dt = 1.44e-04
[[32m[1m INFO  [21m[0m] from nz = 0 and OH
[[32m[1m INFO  [21m[0m] -----------------------------------------------------------------
[[93m[1m WARNING [21m[0m] Element conservation is violated too large
[[93m[1m WARNING [21m[0m] at step: 16608
[[93m[1m WARNING [21m[0m] -----------------------------------------------------------------
[[93m[1m WARNING [21m[0m] Element conservation is violated too large
[[93m[1m WARNING [21m[0m] at step: 16613
[[93m[1m WARNING [21m[0m] -----------------------------------------------------------------
[[93m[1m WARNING [21m[0m] Element conservation is violated too large
[[93m[1m WARNING [21m[0m] at step: 16627
[[93m[1m WARNING [21m[0m] -----------------------------------------------------------------
[[93m[1m WARNING [21m[0m] Element conservation is violated too large
[[93m[1m WARNING [21m[0m] at step: 16629
[[93m[1m WARNING [21m[0m] -----------------------------------------------------------------
[[93m[1m WARNING [21m[0m] Element conservation is violated too large
[[93m[1m WARNING [21m[0m] at step: 16639
[[93m[1m WARNING [21m[0m] -----------------------------------------------------------------
[[93m[1m WARNING [21m[0m] Element conservation is violated too large
[[93m[1m WARNING [21m[0m] at step: 16663
[[93m[1m WARNING [21m[0m] -----------------------------------------------------------------
[[93m[1m WARNING [21m[0m] Element conservation is violated too large
[[93m[1m WARNING [21m[0m] at step: 16667
[[93m[1m WARNING [21m[0m] -----------------------------------------------------------------
[[93m[1m WARNING [21m[0m] Element conservation is violated too large
[[93m[1m WARNING [21m[0m] at step: 16679
[[93m[1m WARNING [21m[0m] -----------------------------------------------------------------
[[93m[1m WARNING [21m[0m] Element conservation is violated too large
[[93m[1m WARNING [21m[0m] at step: 16688
[[93m[1m WARNING [21m[0m] -----------------------------------------------------------------
[[32m[1m INFO  [21m[0m] Elapsed time: 6.15e-01 || Step number: 16700/30000
[[32m[1m INFO  [21m[0m] longdy = 1.00e+00      || longdy/dt = 1.00e+00  || dt = 5.29e-05
[[32m[1m INFO  [21m[0m] from nz = 0 and OH
[[32m[1m INFO  [21m[0m] -----------------------------------------------------------------
[[93m[1m WARNING [21m[0m] Element conservation is violated too large
[[93m[1m WARNING [21m[0m] at step: 16710
[[93m[1m WARNING [21m[0m] -----------------------------------------------------------------
[[93m[1m WARNING [21m[0m] Element conservation is violated too large
[[93m[1m WARNING [21m[0m] at step: 16711
[[93m[1m WARNING [21m[0m] -----------------------------------------------------------------
[[93m[1m WARNING [21m[0m] Element conservation is violated too large
[[93m[1m WARNING [21m[0m] at step: 16733
[[93m[1m WARNING [21m[0m] -----------------------------------------------------------------
[[93m[1m WARNING [21m[0m] Element conservation is violated too large
[[93m[1m WARNING [21m[0m] at step: 16742
[[93m[1m WARNING [21m[0m] -----------------------------------------------------------------
[[93m[1m WARNING [21m[0m] Element conservation is violated too large
[[93m[1m WARNING [21m[0m] at step: 16750
[[93m[1m WARNING [21m[0m] -----------------------------------------------------------------
[[93m[1m WARNING [21m[0m] Element conservation is violated too large
[[93m[1m WARNING [21m[0m] at step: 16780
[[93m[1m WARNING [21m[0m] -----------------------------------------------------------------
[[93m[1m WARNING [21m[0m] Element conservation is violated too large
[[93m[1m WARNING [21m[0m] at step: 16792
[[93m[1m WARNING [21m[0m] -----------------------------------------------------------------
[[93m[1m WARNING [21m[0m] Element conservation is violated too large
[[93m[1m WARNING [21m[0m] at step: 16795
[[93m[1m WARNING [21m[0m] -----------------------------------------------------------------
[[32m[1m INFO  [21m[0m] Elapsed time: 6.22e-01 || Step number: 16800/30000
[[32m[1m INFO  [21m[0m] longdy = 1.00e+00      || longdy/dt = 1.00e+00  || dt = 5.71e-05
[[32m[1m INFO  [21m[0m] from nz = 0 and OH
[[32m[1m INFO  [21m[0m] -----------------------------------------------------------------
[[93m[1m WARNING [21m[0m] Element conservation is violated too large
[[93m[1m WARNING [21m[0m] at step: 16842
[[93m[1m WARNING [21m[0m] -----------------------------------------------------------------
[[93m[1m WARNING [21m[0m] Element conservation is violated too large
[[93m[1m WARNING [21m[0m] at step: 16875
[[93m[1m WARNING [21m[0m] -----------------------------------------------------------------
[[93m[1m WARNING [21m[0m] Element conservation is violated too large
[[93m[1m WARNING [21m[0m] at step: 16882
[[93m[1m WARNING [21m[0m] -----------------------------------------------------------------
[[32m[1m INFO  [21m[0m] Elapsed time: 6.29e-01 || Step number: 16900/30000
[[32m[1m INFO  [21m[0m] longdy = 1.00e+00      || longdy/dt = 1.00e+00  || dt = 8.78e-05
[[32m[1m INFO  [21m[0m] from nz = 0 and OH
[[32m[1m INFO  [21m[0m] -----------------------------------------------------------------
[[93m[1m WARNING [21m[0m] Element conservation is violated too large
[[93m[1m WARNING [21m[0m] at step: 16908
[[93m[1m WARNING [21m[0m] -----------------------------------------------------------------
[[93m[1m WARNING [21m[0m] Element conservation is violated too large
[[93m[1m WARNING [21m[0m] at step: 16930
[[93m[1m WARNING [21m[0m] -----------------------------------------------------------------
[[93m[1m WARNING [21m[0m] Element conservation is violated too large
[[93m[1m WARNING [21m[0m] at step: 16937
[[93m[1m WARNING [21m[0m] -----------------------------------------------------------------
[[93m[1m WARNING [21m[0m] Element conservation is violated too large
[[93m[1m WARNING [21m[0m] at step: 16947
[[93m[1m WARNING [21m[0m] -----------------------------------------------------------------
[[93m[1m WARNING [21m[0m] Element conservation is violated too large
[[93m[1m WARNING [21m[0m] at step: 16954
[[93m[1m WARNING [21m[0m] -----------------------------------------------------------------
[[93m[1m WARNING [21m[0m] Element conservation is violated too large
[[93m[1m WARNING [21m[0m] at step: 16975
[[93m[1m WARNING [21m[0m] -----------------------------------------------------------------
[[93m[1m WARNING [21m[0m] Element conservation is violated too large
[[93m[1m WARNING [21m[0m] at step: 16979
[[93m[1m WARNING [21m[0m] -----------------------------------------------------------------
[[93m[1m WARNING [21m[0m] Element conservation is violated too large
[[93m[1m WARNING [21m[0m] at step: 16983
[[93m[1m WARNING [21m[0m] -----------------------------------------------------------------
[[32m[1m INFO  [21m[0m] Elapsed time: 6.35e-01 || Step number: 17000/30000
[[32m[1m INFO  [21m[0m] longdy = 1.00e+00      || longdy/dt = 1.00e+00  || dt = 7.06e-05
[[32m[1m INFO  [21m[0m] from nz = 0 and OH
[[32m[1m INFO  [21m[0m] -----------------------------------------------------------------
[[93m[1m WARNING [21m[0m] Element conservation is violated too large
[[93m[1m WARNING [21m[0m] at step: 17013
[[93m[1m WARNING [21m[0m] -----------------------------------------------------------------
[[93m[1m WARNING [21m[0m] Element conservation is violated too large
[[93m[1m WARNING [21m[0m] at step: 17021
[[93m[1m WARNING [21m[0m] -----------------------------------------------------------------
[[93m[1m WARNING [21m[0m] Element conservation is violated too large
[[93m[1m WARNING [21m[0m] at step: 17053
[[93m[1m WARNING [21m[0m] -----------------------------------------------------------------
[[32m[1m INFO  [21m[0m] Elapsed time: 6.41e-01 || Step number: 17100/30000
[[32m[1m INFO  [21m[0m] longdy = 1.00e+00      || longdy/dt = 1.00e+00  || dt = 1.16e-04
[[32m[1m INFO  [21m[0m] from nz = 0 and OH
[[32m[1m INFO  [21m[0m] -----------------------------------------------------------------
[[93m[1m WARNING [21m[0m] Element conservation is violated too large
[[93m[1m WARNING [21m[0m] at step: 17100
[[93m[1m WARNING [21m[0m] -----------------------------------------------------------------
[[93m[1m WARNING [21m[0m] Element conservation is violated too large
[[93m[1m WARNING [21m[0m] at step: 17117
[[93m[1m WARNING [21m[0m] -----------------------------------------------------------------
[[93m[1m WARNING [21m[0m] Element conservation is violated too large
[[93m[1m WARNING [21m[0m] at step: 17121
[[93m[1m WARNING [21m[0m] -----------------------------------------------------------------
[[93m[1m WARNING [21m[0m] Element conservation is violated too large
[[93m[1m WARNING [21m[0m] at step: 17124
[[93m[1m WARNING [21m[0m] -----------------------------------------------------------------
[[93m[1m WARNING [21m[0m] Element conservation is violated too large
[[93m[1m WARNING [21m[0m] at step: 17127
[[93m[1m WARNING [21m[0m] -----------------------------------------------------------------
[[93m[1m WARNING [21m[0m] Element conservation is violated too large
[[93m[1m WARNING [21m[0m] at step: 17132
[[93m[1m WARNING [21m[0m] -----------------------------------------------------------------
[[93m[1m WARNING [21m[0m] Element conservation is violated too large
[[93m[1m WARNING [21m[0m] at step: 17134
[[93m[1m WARNING [21m[0m] -----------------------------------------------------------------
[[93m[1m WARNING [21m[0m] Element conservation is violated too large
[[93m[1m WARNING [21m[0m] at step: 17143
[[93m[1m WARNING [21m[0m] -----------------------------------------------------------------
[[93m[1m WARNING [21m[0m] Element conservation is violated too large
[[93m[1m WARNING [21m[0m] at step: 17149
[[93m[1m WARNING [21m[0m] -----------------------------------------------------------------
[[93m[1m WARNING [21m[0m] Element conservation is violated too large
[[93m[1m WARNING [21m[0m] at step: 17172
[[93m[1m WARNING [21m[0m] -----------------------------------------------------------------
[[93m[1m WARNING [21m[0m] Element conservation is violated too large
[[93m[1m WARNING [21m[0m] at step: 17178
[[93m[1m WARNING [21m[0m] -----------------------------------------------------------------
[[32m[1m INFO  [21m[0m] Elapsed time: 6.48e-01 || Step number: 17200/30000
[[32m[1m INFO  [21m[0m] longdy = 1.00e+00      || longdy/dt = 1.00e+00  || dt = 8.91e-05
[[32m[1m INFO  [21m[0m] from nz = 0 and OH
[[32m[1m INFO  [21m[0m] -----------------------------------------------------------------
[[93m[1m WARNING [21m[0m] Element conservation is violated too large
[[93m[1m WARNING [21m[0m] at step: 17203
[[93m[1m WARNING [21m[0m] -----------------------------------------------------------------
[[93m[1m WARNING [21m[0m] Element conservation is violated too large
[[93m[1m WARNING [21m[0m] at step: 17204
[[93m[1m WARNING [21m[0m] -----------------------------------------------------------------
[[93m[1m WARNING [21m[0m] Element conservation is violated too large
[[93m[1m WARNING [21m[0m] at step: 17238
[[93m[1m WARNING [21m[0m] -----------------------------------------------------------------
[[93m[1m WARNING [21m[0m] Element conservation is violated too large
[[93m[1m WARNING [21m[0m] at step: 17245
[[93m[1m WARNING [21m[0m] -----------------------------------------------------------------
[[93m[1m WARNING [21m[0m] Element conservation is violated too large
[[93m[1m WARNING [21m[0m] at step: 17248
[[93m[1m WARNING [21m[0m] -----------------------------------------------------------------
[[93m[1m WARNING [21m[0m] Element conservation is violated too large
[[93m[1m WARNING [21m[0m] at step: 17263
[[93m[1m WARNING [21m[0m] -----------------------------------------------------------------
[[93m[1m WARNING [21m[0m] Element conservation is violated too large
[[93m[1m WARNING [21m[0m] at step: 17273
[[93m[1m WARNING [21m[0m] -----------------------------------------------------------------
[[93m[1m WARNING [21m[0m] Element conservation is violated too large
[[93m[1m WARNING [21m[0m] at step: 17277
[[93m[1m WARNING [21m[0m] -----------------------------------------------------------------
[[93m[1m WARNING [21m[0m] Element conservation is violated too large
[[93m[1m WARNING [21m[0m] at step: 17297
[[93m[1m WARNING [21m[0m] -----------------------------------------------------------------
[[32m[1m INFO  [21m[0m] Elapsed time: 6.55e-01 || Step number: 17300/30000
[[32m[1m INFO  [21m[0m] longdy = 1.00e+00      || longdy/dt = 1.00e+00  || dt = 6.63e-05
[[32m[1m INFO  [21m[0m] from nz = 0 and OH
[[32m[1m INFO  [21m[0m] -----------------------------------------------------------------
[[93m[1m WARNING [21m[0m] Element conservation is violated too large
[[93m[1m WARNING [21m[0m] at step: 17304
[[93m[1m WARNING [21m[0m] -----------------------------------------------------------------
[[93m[1m WARNING [21m[0m] Element conservation is violated too large
[[93m[1m WARNING [21m[0m] at step: 17310
[[93m[1m WARNING [21m[0m] -----------------------------------------------------------------
[[93m[1m WARNING [21m[0m] Element conservation is violated too large
[[93m[1m WARNING [21m[0m] at step: 17310
[[93m[1m WARNING [21m[0m] -----------------------------------------------------------------
[[93m[1m WARNING [21m[0m] Element conservation is violated too large
[[93m[1m WARNING [21m[0m] at step: 17312
[[93m[1m WARNING [21m[0m] -----------------------------------------------------------------
[[93m[1m WARNING [21m[0m] Element conservation is violated too large
[[93m[1m WARNING [21m[0m] at step: 17313
[[93m[1m WARNING [21m[0m] -----------------------------------------------------------------
[[93m[1m WARNING [21m[0m] Element conservation is violated too large
[[93m[1m WARNING [21m[0m] at step: 17329
[[93m[1m WARNING [21m[0m] -----------------------------------------------------------------
[[93m[1m WARNING [21m[0m] Element conservation is violated too large
[[93m[1m WARNING [21m[0m] at step: 17339
[[93m[1m WARNING [21m[0m] -----------------------------------------------------------------
[[93m[1m WARNING [21m[0m] Element conservation is violated too large
[[93m[1m WARNING [21m[0m] at step: 17353
[[93m[1m WARNING [21m[0m] -----------------------------------------------------------------
[[93m[1m WARNING [21m[0m] Element conservation is violated too large
[[93m[1m WARNING [21m[0m] at step: 17378
[[93m[1m WARNING [21m[0m] -----------------------------------------------------------------
[[93m[1m WARNING [21m[0m] Element conservation is violated too large
[[93m[1m WARNING [21m[0m] at step: 17380
[[93m[1m WARNING [21m[0m] -----------------------------------------------------------------
[[93m[1m WARNING [21m[0m] Element conservation is violated too large
[[93m[1m WARNING [21m[0m] at step: 17389
[[93m[1m WARNING [21m[0m] -----------------------------------------------------------------
[[32m[1m INFO  [21m[0m] Elapsed time: 6.61e-01 || Step number: 17400/30000
[[32m[1m INFO  [21m[0m] longdy = 1.00e+00      || longdy/dt = 1.00e+00  || dt = 9.08e-05
[[32m[1m INFO  [21m[0m] from nz = 0 and OH
[[32m[1m INFO  [21m[0m] -----------------------------------------------------------------
[[93m[1m WARNING [21m[0m] Element conservation is violated too large
[[93m[1m WARNING [21m[0m] at step: 17418
[[93m[1m WARNING [21m[0m] -----------------------------------------------------------------
[[93m[1m WARNING [21m[0m] Element conservation is violated too large
[[93m[1m WARNING [21m[0m] at step: 17441
[[93m[1m WARNING [21m[0m] -----------------------------------------------------------------
[[93m[1m WARNING [21m[0m] Element conservation is violated too large
[[93m[1m WARNING [21m[0m] at step: 17455
[[93m[1m WARNING [21m[0m] -----------------------------------------------------------------
[[93m[1m WARNING [21m[0m] Element conservation is violated too large
[[93m[1m WARNING [21m[0m] at step: 17476
[[93m[1m WARNING [21m[0m] -----------------------------------------------------------------
[[93m[1m WARNING [21m[0m] Element conservation is violated too large
[[93m[1m WARNING [21m[0m] at step: 17481
[[93m[1m WARNING [21m[0m] -----------------------------------------------------------------
[[93m[1m WARNING [21m[0m] Element conservation is violated too large
[[93m[1m WARNING [21m[0m] at step: 17486
[[93m[1m WARNING [21m[0m] -----------------------------------------------------------------
[[93m[1m WARNING [21m[0m] Element conservation is violated too large
[[93m[1m WARNING [21m[0m] at step: 17494
[[93m[1m WARNING [21m[0m] -----------------------------------------------------------------
[[32m[1m INFO  [21m[0m] Elapsed time: 6.68e-01 || Step number: 17500/30000
[[32m[1m INFO  [21m[0m] longdy = 1.00e+00      || longdy/dt = 1.00e+00  || dt = 1.17e-04
[[32m[1m INFO  [21m[0m] from nz = 0 and OH
[[32m[1m INFO  [21m[0m] -----------------------------------------------------------------
[[93m[1m WARNING [21m[0m] Element conservation is violated too large
[[93m[1m WARNING [21m[0m] at step: 17502
[[93m[1m WARNING [21m[0m] -----------------------------------------------------------------
[[93m[1m WARNING [21m[0m] Element conservation is violated too large
[[93m[1m WARNING [21m[0m] at step: 17534
[[93m[1m WARNING [21m[0m] -----------------------------------------------------------------
[[93m[1m WARNING [21m[0m] Element conservation is violated too large
[[93m[1m WARNING [21m[0m] at step: 17541
[[93m[1m WARNING [21m[0m] -----------------------------------------------------------------
[[93m[1m WARNING [21m[0m] Element conservation is violated too large
[[93m[1m WARNING [21m[0m] at step: 17555
[[93m[1m WARNING [21m[0m] -----------------------------------------------------------------
[[93m[1m WARNING [21m[0m] Element conservation is violated too large
[[93m[1m WARNING [21m[0m] at step: 17564
[[93m[1m WARNING [21m[0m] -----------------------------------------------------------------
[[93m[1m WARNING [21m[0m] Element conservation is violated too large
[[93m[1m WARNING [21m[0m] at step: 17576
[[93m[1m WARNING [21m[0m] -----------------------------------------------------------------
[[93m[1m WARNING [21m[0m] Element conservation is violated too large
[[93m[1m WARNING [21m[0m] at step: 17579
[[93m[1m WARNING [21m[0m] -----------------------------------------------------------------
[[93m[1m WARNING [21m[0m] Element conservation is violated too large
[[93m[1m WARNING [21m[0m] at step: 17588
[[93m[1m WARNING [21m[0m] -----------------------------------------------------------------
[[93m[1m WARNING [21m[0m] Element conservation is violated too large
[[93m[1m WARNING [21m[0m] at step: 17593
[[93m[1m WARNING [21m[0m] -----------------------------------------------------------------
[[93m[1m WARNING [21m[0m] Element conservation is violated too large
[[93m[1m WARNING [21m[0m] at step: 17596
[[93m[1m WARNING [21m[0m] -----------------------------------------------------------------
[[32m[1m INFO  [21m[0m] Elapsed time: 6.75e-01 || Step number: 17600/30000
[[32m[1m INFO  [21m[0m] longdy = 1.00e+00      || longdy/dt = 1.00e+00  || dt = 1.72e-04
[[32m[1m INFO  [21m[0m] from nz = 0 and OH
[[32m[1m INFO  [21m[0m] -----------------------------------------------------------------
[[93m[1m WARNING [21m[0m] Element conservation is violated too large
[[93m[1m WARNING [21m[0m] at step: 17604
[[93m[1m WARNING [21m[0m] -----------------------------------------------------------------
[[93m[1m WARNING [21m[0m] Element conservation is violated too large
[[93m[1m WARNING [21m[0m] at step: 17608
[[93m[1m WARNING [21m[0m] -----------------------------------------------------------------
[[93m[1m WARNING [21m[0m] Element conservation is violated too large
[[93m[1m WARNING [21m[0m] at step: 17611
[[93m[1m WARNING [21m[0m] -----------------------------------------------------------------
[[93m[1m WARNING [21m[0m] Element conservation is violated too large
[[93m[1m WARNING [21m[0m] at step: 17617
[[93m[1m WARNING [21m[0m] -----------------------------------------------------------------
[[93m[1m WARNING [21m[0m] Element conservation is violated too large
[[93m[1m WARNING [21m[0m] at step: 17620
[[93m[1m WARNING [21m[0m] -----------------------------------------------------------------
[[93m[1m WARNING [21m[0m] Element conservation is violated too large
[[93m[1m WARNING [21m[0m] at step: 17639
[[93m[1m WARNING [21m[0m] -----------------------------------------------------------------
[[93m[1m WARNING [21m[0m] Element conservation is violated too large
[[93m[1m WARNING [21m[0m] at step: 17642
[[93m[1m WARNING [21m[0m] -----------------------------------------------------------------
[[93m[1m WARNING [21m[0m] Element conservation is violated too large
[[93m[1m WARNING [21m[0m] at step: 17649
[[93m[1m WARNING [21m[0m] -----------------------------------------------------------------
[[93m[1m WARNING [21m[0m] Element conservation is violated too large
[[93m[1m WARNING [21m[0m] at step: 17652
[[93m[1m WARNING [21m[0m] -----------------------------------------------------------------
[[93m[1m WARNING [21m[0m] Element conservation is violated too large
[[93m[1m WARNING [21m[0m] at step: 17652
[[93m[1m WARNING [21m[0m] -----------------------------------------------------------------
[[93m[1m WARNING [21m[0m] Element conservation is violated too large
[[93m[1m WARNING [21m[0m] at step: 17678
[[93m[1m WARNING [21m[0m] -----------------------------------------------------------------
[[93m[1m WARNING [21m[0m] Element conservation is violated too large
[[93m[1m WARNING [21m[0m] at step: 17693
[[93m[1m WARNING [21m[0m] -----------------------------------------------------------------
[[32m[1m INFO  [21m[0m] Elapsed time: 6.82e-01 || Step number: 17700/30000
[[32m[1m INFO  [21m[0m] longdy = 1.00e+00      || longdy/dt = 1.00e+00  || dt = 1.06e-04
[[32m[1m INFO  [21m[0m] from nz = 0 and OH
[[32m[1m INFO  [21m[0m] -----------------------------------------------------------------
[[93m[1m WARNING [21m[0m] Element conservation is violated too large
[[93m[1m WARNING [21m[0m] at step: 17724
[[93m[1m WARNING [21m[0m] -----------------------------------------------------------------
[[93m[1m WARNING [21m[0m] Element conservation is violated too large
[[93m[1m WARNING [21m[0m] at step: 17740
[[93m[1m WARNING [21m[0m] -----------------------------------------------------------------
[[93m[1m WARNING [21m[0m] Element conservation is violated too large
[[93m[1m WARNING [21m[0m] at step: 17758
[[93m[1m WARNING [21m[0m] -----------------------------------------------------------------
[[93m[1m WARNING [21m[0m] Element conservation is violated too large
[[93m[1m WARNING [21m[0m] at step: 17762
[[93m[1m WARNING [21m[0m] -----------------------------------------------------------------
[[93m[1m WARNING [21m[0m] Element conservation is violated too large
[[93m[1m WARNING [21m[0m] at step: 17769
[[93m[1m WARNING [21m[0m] -----------------------------------------------------------------
[[93m[1m WARNING [21m[0m] Element conservation is violated too large
[[93m[1m WARNING [21m[0m] at step: 17780
[[93m[1m WARNING [21m[0m] -----------------------------------------------------------------
[[93m[1m WARNING [21m[0m] Element conservation is violated too large
[[93m[1m WARNING [21m[0m] at step: 17796
[[93m[1m WARNING [21m[0m] -----------------------------------------------------------------
[[32m[1m INFO  [21m[0m] Elapsed time: 6.89e-01 || Step number: 17800/30000
[[32m[1m INFO  [21m[0m] longdy = 1.00e+00      || longdy/dt = 1.00e+00  || dt = 1.38e-04
[[32m[1m INFO  [21m[0m] from nz = 0 and OH
[[32m[1m INFO  [21m[0m] -----------------------------------------------------------------
[[93m[1m WARNING [21m[0m] Element conservation is violated too large
[[93m[1m WARNING [21m[0m] at step: 17806
[[93m[1m WARNING [21m[0m] -----------------------------------------------------------------
[[93m[1m WARNING [21m[0m] Element conservation is violated too large
[[93m[1m WARNING [21m[0m] at step: 17809
[[93m[1m WARNING [21m[0m] -----------------------------------------------------------------
[[93m[1m WARNING [21m[0m] Element conservation is violated too large
[[93m[1m WARNING [21m[0m] at step: 17811
[[93m[1m WARNING [21m[0m] -----------------------------------------------------------------
[[93m[1m WARNING [21m[0m] Element conservation is violated too large
[[93m[1m WARNING [21m[0m] at step: 17839
[[93m[1m WARNING [21m[0m] -----------------------------------------------------------------
[[93m[1m WARNING [21m[0m] Element conservation is violated too large
[[93m[1m WARNING [21m[0m] at step: 17845
[[93m[1m WARNING [21m[0m] -----------------------------------------------------------------
[[93m[1m WARNING [21m[0m] Element conservation is violated too large
[[93m[1m WARNING [21m[0m] at step: 17860
[[93m[1m WARNING [21m[0m] -----------------------------------------------------------------
[[93m[1m WARNING [21m[0m] Element conservation is violated too large
[[93m[1m WARNING [21m[0m] at step: 17867
[[93m[1m WARNING [21m[0m] -----------------------------------------------------------------
[[93m[1m WARNING [21m[0m] Element conservation is violated too large
[[93m[1m WARNING [21m[0m] at step: 17871
[[93m[1m WARNING [21m[0m] -----------------------------------------------------------------
[[93m[1m WARNING [21m[0m] Element conservation is violated too large
[[93m[1m WARNING [21m[0m] at step: 17879
[[93m[1m WARNING [21m[0m] -----------------------------------------------------------------
[[93m[1m WARNING [21m[0m] Element conservation is violated too large
[[93m[1m WARNING [21m[0m] at step: 17881
[[93m[1m WARNING [21m[0m] -----------------------------------------------------------------
[[93m[1m WARNING [21m[0m] Element conservation is violated too large
[[93m[1m WARNING [21m[0m] at step: 17894
[[93m[1m WARNING [21m[0m] -----------------------------------------------------------------
[[32m[1m INFO  [21m[0m] Elapsed time: 6.96e-01 || Step number: 17900/30000
[[32m[1m INFO  [21m[0m] longdy = 1.00e+00      || longdy/dt = 1.00e+00  || dt = 6.13e-05
[[32m[1m INFO  [21m[0m] from nz = 0 and OH
[[32m[1m INFO  [21m[0m] -----------------------------------------------------------------
[[93m[1m WARNING [21m[0m] Element conservation is violated too large
[[93m[1m WARNING [21m[0m] at step: 17929
[[93m[1m WARNING [21m[0m] -----------------------------------------------------------------
[[93m[1m WARNING [21m[0m] Element conservation is violated too large
[[93m[1m WARNING [21m[0m] at step: 17940
[[93m[1m WARNING [21m[0m] -----------------------------------------------------------------
[[93m[1m WARNING [21m[0m] Element conservation is violated too large
[[93m[1m WARNING [21m[0m] at step: 17945
[[93m[1m WARNING [21m[0m] -----------------------------------------------------------------
[[93m[1m WARNING [21m[0m] Element conservation is violated too large
[[93m[1m WARNING [21m[0m] at step: 17946
[[93m[1m WARNING [21m[0m] -----------------------------------------------------------------
[[93m[1m WARNING [21m[0m] Element conservation is violated too large
[[93m[1m WARNING [21m[0m] at step: 17951
[[93m[1m WARNING [21m[0m] -----------------------------------------------------------------
[[93m[1m WARNING [21m[0m] Element conservation is violated too large
[[93m[1m WARNING [21m[0m] at step: 17976
[[93m[1m WARNING [21m[0m] -----------------------------------------------------------------
[[93m[1m WARNING [21m[0m] Element conservation is violated too large
[[93m[1m WARNING [21m[0m] at step: 17978
[[93m[1m WARNING [21m[0m] -----------------------------------------------------------------
[[93m[1m WARNING [21m[0m] Element conservation is violated too large
[[93m[1m WARNING [21m[0m] at step: 17983
[[93m[1m WARNING [21m[0m] -----------------------------------------------------------------
[[93m[1m WARNING [21m[0m] Element conservation is violated too large
[[93m[1m WARNING [21m[0m] at step: 17987
[[93m[1m WARNING [21m[0m] -----------------------------------------------------------------
[[93m[1m WARNING [21m[0m] Element conservation is violated too large
[[93m[1m WARNING [21m[0m] at step: 17991
[[93m[1m WARNING [21m[0m] -----------------------------------------------------------------
[[93m[1m WARNING [21m[0m] Element conservation is violated too large
[[93m[1m WARNING [21m[0m] at step: 17993
[[93m[1m WARNING [21m[0m] -----------------------------------------------------------------
[[32m[1m INFO  [21m[0m] Elapsed time: 7.02e-01 || Step number: 18000/30000
[[32m[1m INFO  [21m[0m] longdy = 1.00e+00      || longdy/dt = 1.00e+00  || dt = 6.04e-05
[[32m[1m INFO  [21m[0m] from nz = 0 and OH
[[32m[1m INFO  [21m[0m] -----------------------------------------------------------------
[[93m[1m WARNING [21m[0m] Element conservation is violated too large
[[93m[1m WARNING [21m[0m] at step: 18004
[[93m[1m WARNING [21m[0m] -----------------------------------------------------------------
[[93m[1m WARNING [21m[0m] Element conservation is violated too large
[[93m[1m WARNING [21m[0m] at step: 18014
[[93m[1m WARNING [21m[0m] -----------------------------------------------------------------
[[93m[1m WARNING [21m[0m] Element conservation is violated too large
[[93m[1m WARNING [21m[0m] at step: 18015
[[93m[1m WARNING [21m[0m] -----------------------------------------------------------------
[[93m[1m WARNING [21m[0m] Element conservation is violated too large
[[93m[1m WARNING [21m[0m] at step: 18032
[[93m[1m WARNING [21m[0m] -----------------------------------------------------------------
[[93m[1m WARNING [21m[0m] Element conservation is violated too large
[[93m[1m WARNING [21m[0m] at step: 18038
[[93m[1m WARNING [21m[0m] -----------------------------------------------------------------
[[93m[1m WARNING [21m[0m] Element conservation is violated too large
[[93m[1m WARNING [21m[0m] at step: 18042
[[93m[1m WARNING [21m[0m] -----------------------------------------------------------------
[[93m[1m WARNING [21m[0m] Element conservation is violated too large
[[93m[1m WARNING [21m[0m] at step: 18058
[[93m[1m WARNING [21m[0m] -----------------------------------------------------------------
[[93m[1m WARNING [21m[0m] Element conservation is violated too large
[[93m[1m WARNING [21m[0m] at step: 18070
[[93m[1m WARNING [21m[0m] -----------------------------------------------------------------
[[93m[1m WARNING [21m[0m] Element conservation is violated too large
[[93m[1m WARNING [21m[0m] at step: 18078
[[93m[1m WARNING [21m[0m] -----------------------------------------------------------------
[[93m[1m WARNING [21m[0m] Element conservation is violated too large
[[93m[1m WARNING [21m[0m] at step: 18083
[[93m[1m WARNING [21m[0m] -----------------------------------------------------------------
[[93m[1m WARNING [21m[0m] Element conservation is violated too large
[[93m[1m WARNING [21m[0m] at step: 18086
[[93m[1m WARNING [21m[0m] -----------------------------------------------------------------
[[93m[1m WARNING [21m[0m] Element conservation is violated too large
[[93m[1m WARNING [21m[0m] at step: 18099
[[93m[1m WARNING [21m[0m] -----------------------------------------------------------------
[[32m[1m INFO  [21m[0m] Elapsed time: 7.09e-01 || Step number: 18100/30000
[[32m[1m INFO  [21m[0m] longdy = 1.00e+00      || longdy/dt = 1.00e+00  || dt = 1.24e-04
[[32m[1m INFO  [21m[0m] from nz = 0 and OH
[[32m[1m INFO  [21m[0m] -----------------------------------------------------------------
[[93m[1m WARNING [21m[0m] Element conservation is violated too large
[[93m[1m WARNING [21m[0m] at step: 18108
[[93m[1m WARNING [21m[0m] -----------------------------------------------------------------
[[93m[1m WARNING [21m[0m] Element conservation is violated too large
[[93m[1m WARNING [21m[0m] at step: 18116
[[93m[1m WARNING [21m[0m] -----------------------------------------------------------------
[[93m[1m WARNING [21m[0m] Element conservation is violated too large
[[93m[1m WARNING [21m[0m] at step: 18129
[[93m[1m WARNING [21m[0m] -----------------------------------------------------------------
[[93m[1m WARNING [21m[0m] Element conservation is violated too large
[[93m[1m WARNING [21m[0m] at step: 18131
[[93m[1m WARNING [21m[0m] -----------------------------------------------------------------
[[93m[1m WARNING [21m[0m] Element conservation is violated too large
[[93m[1m WARNING [21m[0m] at step: 18153
[[93m[1m WARNING [21m[0m] -----------------------------------------------------------------
[[93m[1m WARNING [21m[0m] Element conservation is violated too large
[[93m[1m WARNING [21m[0m] at step: 18156
[[93m[1m WARNING [21m[0m] -----------------------------------------------------------------
[[93m[1m WARNING [21m[0m] Element conservation is violated too large
[[93m[1m WARNING [21m[0m] at step: 18164
[[93m[1m WARNING [21m[0m] -----------------------------------------------------------------
[[32m[1m INFO  [21m[0m] Elapsed time: 7.17e-01 || Step number: 18200/30000
[[32m[1m INFO  [21m[0m] longdy = 1.00e+00      || longdy/dt = 1.00e+00  || dt = 8.57e-05
[[32m[1m INFO  [21m[0m] from nz = 0 and OH
[[32m[1m INFO  [21m[0m] -----------------------------------------------------------------
[[93m[1m WARNING [21m[0m] Element conservation is violated too large
[[93m[1m WARNING [21m[0m] at step: 18202
[[93m[1m WARNING [21m[0m] -----------------------------------------------------------------
[[93m[1m WARNING [21m[0m] Element conservation is violated too large
[[93m[1m WARNING [21m[0m] at step: 18205
[[93m[1m WARNING [21m[0m] -----------------------------------------------------------------
[[93m[1m WARNING [21m[0m] Element conservation is violated too large
[[93m[1m WARNING [21m[0m] at step: 18207
[[93m[1m WARNING [21m[0m] -----------------------------------------------------------------
[[93m[1m WARNING [21m[0m] Element conservation is violated too large
[[93m[1m WARNING [21m[0m] at step: 18212
[[93m[1m WARNING [21m[0m] -----------------------------------------------------------------
[[93m[1m WARNING [21m[0m] Element conservation is violated too large
[[93m[1m WARNING [21m[0m] at step: 18217
[[93m[1m WARNING [21m[0m] -----------------------------------------------------------------
[[93m[1m WARNING [21m[0m] Element conservation is violated too large
[[93m[1m WARNING [21m[0m] at step: 18223
[[93m[1m WARNING [21m[0m] -----------------------------------------------------------------
[[93m[1m WARNING [21m[0m] Element conservation is violated too large
[[93m[1m WARNING [21m[0m] at step: 18224
[[93m[1m WARNING [21m[0m] -----------------------------------------------------------------
[[93m[1m WARNING [21m[0m] Element conservation is violated too large
[[93m[1m WARNING [21m[0m] at step: 18229
[[93m[1m WARNING [21m[0m] -----------------------------------------------------------------
[[93m[1m WARNING [21m[0m] Element conservation is violated too large
[[93m[1m WARNING [21m[0m] at step: 18240
[[93m[1m WARNING [21m[0m] -----------------------------------------------------------------
[[93m[1m WARNING [21m[0m] Element conservation is violated too large
[[93m[1m WARNING [21m[0m] at step: 18243
[[93m[1m WARNING [21m[0m] -----------------------------------------------------------------
[[93m[1m WARNING [21m[0m] Element conservation is violated too large
[[93m[1m WARNING [21m[0m] at step: 18262
[[93m[1m WARNING [21m[0m] -----------------------------------------------------------------
[[93m[1m WARNING [21m[0m] Element conservation is violated too large
[[93m[1m WARNING [21m[0m] at step: 18278
[[93m[1m WARNING [21m[0m] -----------------------------------------------------------------
[[93m[1m WARNING [21m[0m] Element conservation is violated too large
[[93m[1m WARNING [21m[0m] at step: 18279
[[93m[1m WARNING [21m[0m] -----------------------------------------------------------------
[[93m[1m WARNING [21m[0m] Element conservation is violated too large
[[93m[1m WARNING [21m[0m] at step: 18282
[[93m[1m WARNING [21m[0m] -----------------------------------------------------------------
[[93m[1m WARNING [21m[0m] Element conservation is violated too large
[[93m[1m WARNING [21m[0m] at step: 18284
[[93m[1m WARNING [21m[0m] -----------------------------------------------------------------
[[32m[1m INFO  [21m[0m] Elapsed time: 7.24e-01 || Step number: 18300/30000
[[32m[1m INFO  [21m[0m] longdy = 1.00e+00      || longdy/dt = 1.00e+00  || dt = 8.99e-05
[[32m[1m INFO  [21m[0m] from nz = 0 and OH
[[32m[1m INFO  [21m[0m] -----------------------------------------------------------------
[[93m[1m WARNING [21m[0m] Element conservation is violated too large
[[93m[1m WARNING [21m[0m] at step: 18303
[[93m[1m WARNING [21m[0m] -----------------------------------------------------------------
[[93m[1m WARNING [21m[0m] Element conservation is violated too large
[[93m[1m WARNING [21m[0m] at step: 18315
[[93m[1m WARNING [21m[0m] -----------------------------------------------------------------
[[93m[1m WARNING [21m[0m] Element conservation is violated too large
[[93m[1m WARNING [21m[0m] at step: 18319
[[93m[1m WARNING [21m[0m] -----------------------------------------------------------------
[[93m[1m WARNING [21m[0m] Element conservation is violated too large
[[93m[1m WARNING [21m[0m] at step: 18320
[[93m[1m WARNING [21m[0m] -----------------------------------------------------------------
[[93m[1m WARNING [21m[0m] Element conservation is violated too large
[[93m[1m WARNING [21m[0m] at step: 18325
[[93m[1m WARNING [21m[0m] -----------------------------------------------------------------
[[93m[1m WARNING [21m[0m] Element conservation is violated too large
[[93m[1m WARNING [21m[0m] at step: 18326
[[93m[1m WARNING [21m[0m] -----------------------------------------------------------------
[[93m[1m WARNING [21m[0m] Element conservation is violated too large
[[93m[1m WARNING [21m[0m] at step: 18350
[[93m[1m WARNING [21m[0m] -----------------------------------------------------------------
[[93m[1m WARNING [21m[0m] Element conservation is violated too large
[[93m[1m WARNING [21m[0m] at step: 18353
[[93m[1m WARNING [21m[0m] -----------------------------------------------------------------
[[93m[1m WARNING [21m[0m] Element conservation is violated too large
[[93m[1m WARNING [21m[0m] at step: 18355
[[93m[1m WARNING [21m[0m] -----------------------------------------------------------------
[[93m[1m WARNING [21m[0m] Element conservation is violated too large
[[93m[1m WARNING [21m[0m] at step: 18360
[[93m[1m WARNING [21m[0m] -----------------------------------------------------------------
[[93m[1m WARNING [21m[0m] Element conservation is violated too large
[[93m[1m WARNING [21m[0m] at step: 18361
[[93m[1m WARNING [21m[0m] -----------------------------------------------------------------
[[93m[1m WARNING [21m[0m] Element conservation is violated too large
[[93m[1m WARNING [21m[0m] at step: 18376
[[93m[1m WARNING [21m[0m] -----------------------------------------------------------------
[[93m[1m WARNING [21m[0m] Element conservation is violated too large
[[93m[1m WARNING [21m[0m] at step: 18380
[[93m[1m WARNING [21m[0m] -----------------------------------------------------------------
[[93m[1m WARNING [21m[0m] Element conservation is violated too large
[[93m[1m WARNING [21m[0m] at step: 18387
[[93m[1m WARNING [21m[0m] -----------------------------------------------------------------
[[93m[1m WARNING [21m[0m] Element conservation is violated too large
[[93m[1m WARNING [21m[0m] at step: 18389
[[93m[1m WARNING [21m[0m] -----------------------------------------------------------------
[[93m[1m WARNING [21m[0m] Element conservation is violated too large
[[93m[1m WARNING [21m[0m] at step: 18398
[[93m[1m WARNING [21m[0m] -----------------------------------------------------------------
[[93m[1m WARNING [21m[0m] Element conservation is violated too large
[[93m[1m WARNING [21m[0m] at step: 18399
[[93m[1m WARNING [21m[0m] -----------------------------------------------------------------
[[32m[1m INFO  [21m[0m] Elapsed time: 7.31e-01 || Step number: 18400/30000
[[32m[1m INFO  [21m[0m] longdy = 1.00e+00      || longdy/dt = 1.00e+00  || dt = 6.27e-05
[[32m[1m INFO  [21m[0m] from nz = 0 and OH
[[32m[1m INFO  [21m[0m] -----------------------------------------------------------------
[[93m[1m WARNING [21m[0m] Element conservation is violated too large
[[93m[1m WARNING [21m[0m] at step: 18404
[[93m[1m WARNING [21m[0m] -----------------------------------------------------------------
[[93m[1m WARNING [21m[0m] Element conservation is violated too large
[[93m[1m WARNING [21m[0m] at step: 18420
[[93m[1m WARNING [21m[0m] -----------------------------------------------------------------
[[93m[1m WARNING [21m[0m] Element conservation is violated too large
[[93m[1m WARNING [21m[0m] at step: 18432
[[93m[1m WARNING [21m[0m] -----------------------------------------------------------------
[[93m[1m WARNING [21m[0m] Element conservation is violated too large
[[93m[1m WARNING [21m[0m] at step: 18441
[[93m[1m WARNING [21m[0m] -----------------------------------------------------------------
[[93m[1m WARNING [21m[0m] Element conservation is violated too large
[[93m[1m WARNING [21m[0m] at step: 18471
[[93m[1m WARNING [21m[0m] -----------------------------------------------------------------
[[93m[1m WARNING [21m[0m] Element conservation is violated too large
[[93m[1m WARNING [21m[0m] at step: 18479
[[93m[1m WARNING [21m[0m] -----------------------------------------------------------------
[[93m[1m WARNING [21m[0m] Element conservation is violated too large
[[93m[1m WARNING [21m[0m] at step: 18486
[[93m[1m WARNING [21m[0m] -----------------------------------------------------------------
[[93m[1m WARNING [21m[0m] Element conservation is violated too large
[[93m[1m WARNING [21m[0m] at step: 18491
[[93m[1m WARNING [21m[0m] -----------------------------------------------------------------
[[32m[1m INFO  [21m[0m] Elapsed time: 7.38e-01 || Step number: 18500/30000
[[32m[1m INFO  [21m[0m] longdy = 1.00e+00      || longdy/dt = 1.00e+00  || dt = 1.11e-04
[[32m[1m INFO  [21m[0m] from nz = 0 and OH
[[32m[1m INFO  [21m[0m] -----------------------------------------------------------------
[[93m[1m WARNING [21m[0m] Element conservation is violated too large
[[93m[1m WARNING [21m[0m] at step: 18500
[[93m[1m WARNING [21m[0m] -----------------------------------------------------------------
[[93m[1m WARNING [21m[0m] Element conservation is violated too large
[[93m[1m WARNING [21m[0m] at step: 18503
[[93m[1m WARNING [21m[0m] -----------------------------------------------------------------
[[93m[1m WARNING [21m[0m] Element conservation is violated too large
[[93m[1m WARNING [21m[0m] at step: 18505
[[93m[1m WARNING [21m[0m] -----------------------------------------------------------------
[[93m[1m WARNING [21m[0m] Element conservation is violated too large
[[93m[1m WARNING [21m[0m] at step: 18508
[[93m[1m WARNING [21m[0m] -----------------------------------------------------------------
[[93m[1m WARNING [21m[0m] Element conservation is violated too large
[[93m[1m WARNING [21m[0m] at step: 18527
[[93m[1m WARNING [21m[0m] -----------------------------------------------------------------
[[93m[1m WARNING [21m[0m] Element conservation is violated too large
[[93m[1m WARNING [21m[0m] at step: 18529
[[93m[1m WARNING [21m[0m] -----------------------------------------------------------------
[[93m[1m WARNING [21m[0m] Element conservation is violated too large
[[93m[1m WARNING [21m[0m] at step: 18531
[[93m[1m WARNING [21m[0m] -----------------------------------------------------------------
[[93m[1m WARNING [21m[0m] Element conservation is violated too large
[[93m[1m WARNING [21m[0m] at step: 18537
[[93m[1m WARNING [21m[0m] -----------------------------------------------------------------
[[93m[1m WARNING [21m[0m] Element conservation is violated too large
[[93m[1m WARNING [21m[0m] at step: 18539
[[93m[1m WARNING [21m[0m] -----------------------------------------------------------------
[[93m[1m WARNING [21m[0m] Element conservation is violated too large
[[93m[1m WARNING [21m[0m] at step: 18561
[[93m[1m WARNING [21m[0m] -----------------------------------------------------------------
[[93m[1m WARNING [21m[0m] Element conservation is violated too large
[[93m[1m WARNING [21m[0m] at step: 18581
[[93m[1m WARNING [21m[0m] -----------------------------------------------------------------
[[93m[1m WARNING [21m[0m] Element conservation is violated too large
[[93m[1m WARNING [21m[0m] at step: 18584
[[93m[1m WARNING [21m[0m] -----------------------------------------------------------------
[[93m[1m WARNING [21m[0m] Element conservation is violated too large
[[93m[1m WARNING [21m[0m] at step: 18589
[[93m[1m WARNING [21m[0m] -----------------------------------------------------------------
[[93m[1m WARNING [21m[0m] Element conservation is violated too large
[[93m[1m WARNING [21m[0m] at step: 18594
[[93m[1m WARNING [21m[0m] -----------------------------------------------------------------
[[32m[1m INFO  [21m[0m] Elapsed time: 7.46e-01 || Step number: 18600/30000
[[32m[1m INFO  [21m[0m] longdy = 1.00e+00      || longdy/dt = 1.00e+00  || dt = 6.27e-05
[[32m[1m INFO  [21m[0m] from nz = 0 and OH
[[32m[1m INFO  [21m[0m] -----------------------------------------------------------------
[[93m[1m WARNING [21m[0m] Element conservation is violated too large
[[93m[1m WARNING [21m[0m] at step: 18606
[[93m[1m WARNING [21m[0m] -----------------------------------------------------------------
[[93m[1m WARNING [21m[0m] Element conservation is violated too large
[[93m[1m WARNING [21m[0m] at step: 18631
[[93m[1m WARNING [21m[0m] -----------------------------------------------------------------
[[93m[1m WARNING [21m[0m] Element conservation is violated too large
[[93m[1m WARNING [21m[0m] at step: 18644
[[93m[1m WARNING [21m[0m] -----------------------------------------------------------------
[[93m[1m WARNING [21m[0m] Element conservation is violated too large
[[93m[1m WARNING [21m[0m] at step: 18645
[[93m[1m WARNING [21m[0m] -----------------------------------------------------------------
[[93m[1m WARNING [21m[0m] Element conservation is violated too large
[[93m[1m WARNING [21m[0m] at step: 18652
[[93m[1m WARNING [21m[0m] -----------------------------------------------------------------
[[93m[1m WARNING [21m[0m] Element conservation is violated too large
[[93m[1m WARNING [21m[0m] at step: 18673
[[93m[1m WARNING [21m[0m] -----------------------------------------------------------------
[[93m[1m WARNING [21m[0m] Element conservation is violated too large
[[93m[1m WARNING [21m[0m] at step: 18677
[[93m[1m WARNING [21m[0m] -----------------------------------------------------------------
[[93m[1m WARNING [21m[0m] Element conservation is violated too large
[[93m[1m WARNING [21m[0m] at step: 18678
[[93m[1m WARNING [21m[0m] -----------------------------------------------------------------
[[93m[1m WARNING [21m[0m] Element conservation is violated too large
[[93m[1m WARNING [21m[0m] at step: 18696
[[93m[1m WARNING [21m[0m] -----------------------------------------------------------------
[[32m[1m INFO  [21m[0m] Elapsed time: 7.53e-01 || Step number: 18700/30000
[[32m[1m INFO  [21m[0m] longdy = 1.00e+00      || longdy/dt = 1.00e+00  || dt = 1.72e-04
[[32m[1m INFO  [21m[0m] from nz = 0 and OH
[[32m[1m INFO  [21m[0m] -----------------------------------------------------------------
[[93m[1m WARNING [21m[0m] Element conservation is violated too large
[[93m[1m WARNING [21m[0m] at step: 18742
[[93m[1m WARNING [21m[0m] -----------------------------------------------------------------
[[93m[1m WARNING [21m[0m] Element conservation is violated too large
[[93m[1m WARNING [21m[0m] at step: 18748
[[93m[1m WARNING [21m[0m] -----------------------------------------------------------------
[[93m[1m WARNING [21m[0m] Element conservation is violated too large
[[93m[1m WARNING [21m[0m] at step: 18749
[[93m[1m WARNING [21m[0m] -----------------------------------------------------------------
[[93m[1m WARNING [21m[0m] Element conservation is violated too large
[[93m[1m WARNING [21m[0m] at step: 18750
[[93m[1m WARNING [21m[0m] -----------------------------------------------------------------
[[93m[1m WARNING [21m[0m] Element conservation is violated too large
[[93m[1m WARNING [21m[0m] at step: 18758
[[93m[1m WARNING [21m[0m] -----------------------------------------------------------------
[[93m[1m WARNING [21m[0m] Element conservation is violated too large
[[93m[1m WARNING [21m[0m] at step: 18767
[[93m[1m WARNING [21m[0m] -----------------------------------------------------------------
[[93m[1m WARNING [21m[0m] Element conservation is violated too large
[[93m[1m WARNING [21m[0m] at step: 18789
[[93m[1m WARNING [21m[0m] -----------------------------------------------------------------
[[93m[1m WARNING [21m[0m] Element conservation is violated too large
[[93m[1m WARNING [21m[0m] at step: 18791
[[93m[1m WARNING [21m[0m] -----------------------------------------------------------------
[[32m[1m INFO  [21m[0m] Elapsed time: 7.60e-01 || Step number: 18800/30000
[[32m[1m INFO  [21m[0m] longdy = 1.00e+00      || longdy/dt = 1.00e+00  || dt = 1.47e-04
[[32m[1m INFO  [21m[0m] from nz = 0 and OH
[[32m[1m INFO  [21m[0m] -----------------------------------------------------------------
[[93m[1m WARNING [21m[0m] Element conservation is violated too large
[[93m[1m WARNING [21m[0m] at step: 18801
[[93m[1m WARNING [21m[0m] -----------------------------------------------------------------
[[93m[1m WARNING [21m[0m] Element conservation is violated too large
[[93m[1m WARNING [21m[0m] at step: 18806
[[93m[1m WARNING [21m[0m] -----------------------------------------------------------------
[[93m[1m WARNING [21m[0m] Element conservation is violated too large
[[93m[1m WARNING [21m[0m] at step: 18808
[[93m[1m WARNING [21m[0m] -----------------------------------------------------------------
[[93m[1m WARNING [21m[0m] Element conservation is violated too large
[[93m[1m WARNING [21m[0m] at step: 18812
[[93m[1m WARNING [21m[0m] -----------------------------------------------------------------
[[93m[1m WARNING [21m[0m] Element conservation is violated too large
[[93m[1m WARNING [21m[0m] at step: 18818
[[93m[1m WARNING [21m[0m] -----------------------------------------------------------------
[[93m[1m WARNING [21m[0m] Element conservation is violated too large
[[93m[1m WARNING [21m[0m] at step: 18829
[[93m[1m WARNING [21m[0m] -----------------------------------------------------------------
[[93m[1m WARNING [21m[0m] Element conservation is violated too large
[[93m[1m WARNING [21m[0m] at step: 18832
[[93m[1m WARNING [21m[0m] -----------------------------------------------------------------
[[93m[1m WARNING [21m[0m] Element conservation is violated too large
[[93m[1m WARNING [21m[0m] at step: 18848
[[93m[1m WARNING [21m[0m] -----------------------------------------------------------------
[[93m[1m WARNING [21m[0m] Element conservation is violated too large
[[93m[1m WARNING [21m[0m] at step: 18870
[[93m[1m WARNING [21m[0m] -----------------------------------------------------------------
[[93m[1m WARNING [21m[0m] Element conservation is violated too large
[[93m[1m WARNING [21m[0m] at step: 18879
[[93m[1m WARNING [21m[0m] -----------------------------------------------------------------
[[93m[1m WARNING [21m[0m] Element conservation is violated too large
[[93m[1m WARNING [21m[0m] at step: 18884
[[93m[1m WARNING [21m[0m] -----------------------------------------------------------------
[[93m[1m WARNING [21m[0m] Element conservation is violated too large
[[93m[1m WARNING [21m[0m] at step: 18887
[[93m[1m WARNING [21m[0m] -----------------------------------------------------------------
[[93m[1m WARNING [21m[0m] Element conservation is violated too large
[[93m[1m WARNING [21m[0m] at step: 18893
[[93m[1m WARNING [21m[0m] -----------------------------------------------------------------
[[93m[1m WARNING [21m[0m] Element conservation is violated too large
[[93m[1m WARNING [21m[0m] at step: 18895
[[93m[1m WARNING [21m[0m] -----------------------------------------------------------------
[[32m[1m INFO  [21m[0m] Elapsed time: 7.67e-01 || Step number: 18900/30000
[[32m[1m INFO  [21m[0m] longdy = 1.00e+00      || longdy/dt = 1.00e+00  || dt = 1.32e-04
[[32m[1m INFO  [21m[0m] from nz = 0 and OH
[[32m[1m INFO  [21m[0m] -----------------------------------------------------------------
[[93m[1m WARNING [21m[0m] Element conservation is violated too large
[[93m[1m WARNING [21m[0m] at step: 18907
[[93m[1m WARNING [21m[0m] -----------------------------------------------------------------
[[93m[1m WARNING [21m[0m] Element conservation is violated too large
[[93m[1m WARNING [21m[0m] at step: 18916
[[93m[1m WARNING [21m[0m] -----------------------------------------------------------------
[[93m[1m WARNING [21m[0m] Element conservation is violated too large
[[93m[1m WARNING [21m[0m] at step: 18918
[[93m[1m WARNING [21m[0m] -----------------------------------------------------------------
[[93m[1m WARNING [21m[0m] Element conservation is violated too large
[[93m[1m WARNING [21m[0m] at step: 18931
[[93m[1m WARNING [21m[0m] -----------------------------------------------------------------
[[93m[1m WARNING [21m[0m] Element conservation is violated too large
[[93m[1m WARNING [21m[0m] at step: 18933
[[93m[1m WARNING [21m[0m] -----------------------------------------------------------------
[[93m[1m WARNING [21m[0m] Element conservation is violated too large
[[93m[1m WARNING [21m[0m] at step: 18934
[[93m[1m WARNING [21m[0m] -----------------------------------------------------------------
[[93m[1m WARNING [21m[0m] Element conservation is violated too large
[[93m[1m WARNING [21m[0m] at step: 18942
[[93m[1m WARNING [21m[0m] -----------------------------------------------------------------
[[93m[1m WARNING [21m[0m] Element conservation is violated too large
[[93m[1m WARNING [21m[0m] at step: 18945
[[93m[1m WARNING [21m[0m] -----------------------------------------------------------------
[[93m[1m WARNING [21m[0m] Element conservation is violated too large
[[93m[1m WARNING [21m[0m] at step: 18958
[[93m[1m WARNING [21m[0m] -----------------------------------------------------------------
[[93m[1m WARNING [21m[0m] Element conservation is violated too large
[[93m[1m WARNING [21m[0m] at step: 18960
[[93m[1m WARNING [21m[0m] -----------------------------------------------------------------
[[93m[1m WARNING [21m[0m] Element conservation is violated too large
[[93m[1m WARNING [21m[0m] at step: 18962
[[93m[1m WARNING [21m[0m] -----------------------------------------------------------------
[[93m[1m WARNING [21m[0m] Element conservation is violated too large
[[93m[1m WARNING [21m[0m] at step: 18963
[[93m[1m WARNING [21m[0m] -----------------------------------------------------------------
[[93m[1m WARNING [21m[0m] Element conservation is violated too large
[[93m[1m WARNING [21m[0m] at step: 18974
[[93m[1m WARNING [21m[0m] -----------------------------------------------------------------
[[93m[1m WARNING [21m[0m] Element conservation is violated too large
[[93m[1m WARNING [21m[0m] at step: 18975
[[93m[1m WARNING [21m[0m] -----------------------------------------------------------------
[[93m[1m WARNING [21m[0m] Element conservation is violated too large
[[93m[1m WARNING [21m[0m] at step: 18999
[[93m[1m WARNING [21m[0m] -----------------------------------------------------------------
[[32m[1m INFO  [21m[0m] Elapsed time: 7.74e-01 || Step number: 19000/30000
[[32m[1m INFO  [21m[0m] longdy = 1.00e+00      || longdy/dt = 1.00e+00  || dt = 9.98e-05
[[32m[1m INFO  [21m[0m] from nz = 0 and OH
[[32m[1m INFO  [21m[0m] -----------------------------------------------------------------
[[93m[1m WARNING [21m[0m] Element conservation is violated too large
[[93m[1m WARNING [21m[0m] at step: 19016
[[93m[1m WARNING [21m[0m] -----------------------------------------------------------------
[[93m[1m WARNING [21m[0m] Element conservation is violated too large
[[93m[1m WARNING [21m[0m] at step: 19024
[[93m[1m WARNING [21m[0m] -----------------------------------------------------------------
[[93m[1m WARNING [21m[0m] Element conservation is violated too large
[[93m[1m WARNING [21m[0m] at step: 19026
[[93m[1m WARNING [21m[0m] -----------------------------------------------------------------
[[93m[1m WARNING [21m[0m] Element conservation is violated too large
[[93m[1m WARNING [21m[0m] at step: 19030
[[93m[1m WARNING [21m[0m] -----------------------------------------------------------------
[[93m[1m WARNING [21m[0m] Element conservation is violated too large
[[93m[1m WARNING [21m[0m] at step: 19034
[[93m[1m WARNING [21m[0m] -----------------------------------------------------------------
[[93m[1m WARNING [21m[0m] Element conservation is violated too large
[[93m[1m WARNING [21m[0m] at step: 19062
[[93m[1m WARNING [21m[0m] -----------------------------------------------------------------
[[93m[1m WARNING [21m[0m] Element conservation is violated too large
[[93m[1m WARNING [21m[0m] at step: 19079
[[93m[1m WARNING [21m[0m] -----------------------------------------------------------------
[[93m[1m WARNING [21m[0m] Element conservation is violated too large
[[93m[1m WARNING [21m[0m] at step: 19086
[[93m[1m WARNING [21m[0m] -----------------------------------------------------------------
[[93m[1m WARNING [21m[0m] Element conservation is violated too large
[[93m[1m WARNING [21m[0m] at step: 19093
[[93m[1m WARNING [21m[0m] -----------------------------------------------------------------
[[32m[1m INFO  [21m[0m] Elapsed time: 7.81e-01 || Step number: 19100/30000
[[32m[1m INFO  [21m[0m] longdy = 1.00e+00      || longdy/dt = 1.00e+00  || dt = 1.17e-04
[[32m[1m INFO  [21m[0m] from nz = 0 and OH
[[32m[1m INFO  [21m[0m] -----------------------------------------------------------------
[[93m[1m WARNING [21m[0m] Element conservation is violated too large
[[93m[1m WARNING [21m[0m] at step: 19106
[[93m[1m WARNING [21m[0m] -----------------------------------------------------------------
[[93m[1m WARNING [21m[0m] Element conservation is violated too large
[[93m[1m WARNING [21m[0m] at step: 19107
[[93m[1m WARNING [21m[0m] -----------------------------------------------------------------
[[93m[1m WARNING [21m[0m] Element conservation is violated too large
[[93m[1m WARNING [21m[0m] at step: 19113
[[93m[1m WARNING [21m[0m] -----------------------------------------------------------------
[[93m[1m WARNING [21m[0m] Element conservation is violated too large
[[93m[1m WARNING [21m[0m] at step: 19119
[[93m[1m WARNING [21m[0m] -----------------------------------------------------------------
[[93m[1m WARNING [21m[0m] Element conservation is violated too large
[[93m[1m WARNING [21m[0m] at step: 19128
[[93m[1m WARNING [21m[0m] -----------------------------------------------------------------
[[93m[1m WARNING [21m[0m] Element conservation is violated too large
[[93m[1m WARNING [21m[0m] at step: 19132
[[93m[1m WARNING [21m[0m] -----------------------------------------------------------------
[[93m[1m WARNING [21m[0m] Element conservation is violated too large
[[93m[1m WARNING [21m[0m] at step: 19161
[[93m[1m WARNING [21m[0m] -----------------------------------------------------------------
[[93m[1m WARNING [21m[0m] Element conservation is violated too large
[[93m[1m WARNING [21m[0m] at step: 19169
[[93m[1m WARNING [21m[0m] -----------------------------------------------------------------
[[32m[1m INFO  [21m[0m] Elapsed time: 7.88e-01 || Step number: 19200/30000
[[32m[1m INFO  [21m[0m] longdy = 1.00e+00      || longdy/dt = 1.00e+00  || dt = 1.11e-04
[[32m[1m INFO  [21m[0m] from nz = 0 and OH
[[32m[1m INFO  [21m[0m] -----------------------------------------------------------------
[[93m[1m WARNING [21m[0m] Element conservation is violated too large
[[93m[1m WARNING [21m[0m] at step: 19202
[[93m[1m WARNING [21m[0m] -----------------------------------------------------------------
[[93m[1m WARNING [21m[0m] Element conservation is violated too large
[[93m[1m WARNING [21m[0m] at step: 19214
[[93m[1m WARNING [21m[0m] -----------------------------------------------------------------
[[93m[1m WARNING [21m[0m] Element conservation is violated too large
[[93m[1m WARNING [21m[0m] at step: 19221
[[93m[1m WARNING [21m[0m] -----------------------------------------------------------------
[[93m[1m WARNING [21m[0m] Element conservation is violated too large
[[93m[1m WARNING [21m[0m] at step: 19233
[[93m[1m WARNING [21m[0m] -----------------------------------------------------------------
[[93m[1m WARNING [21m[0m] Element conservation is violated too large
[[93m[1m WARNING [21m[0m] at step: 19281
[[93m[1m WARNING [21m[0m] -----------------------------------------------------------------
[[93m[1m WARNING [21m[0m] Element conservation is violated too large
[[93m[1m WARNING [21m[0m] at step: 19287
[[93m[1m WARNING [21m[0m] -----------------------------------------------------------------
[[93m[1m WARNING [21m[0m] Element conservation is violated too large
[[93m[1m WARNING [21m[0m] at step: 19290
[[93m[1m WARNING [21m[0m] -----------------------------------------------------------------
[[93m[1m WARNING [21m[0m] Element conservation is violated too large
[[93m[1m WARNING [21m[0m] at step: 19296
[[93m[1m WARNING [21m[0m] -----------------------------------------------------------------
[[93m[1m WARNING [21m[0m] Element conservation is violated too large
[[93m[1m WARNING [21m[0m] at step: 19299
[[93m[1m WARNING [21m[0m] -----------------------------------------------------------------
[[32m[1m INFO  [21m[0m] Elapsed time: 7.96e-01 || Step number: 19300/30000
[[32m[1m INFO  [21m[0m] longdy = 1.00e+00      || longdy/dt = 1.00e+00  || dt = 7.16e-05
[[32m[1m INFO  [21m[0m] from nz = 0 and OH
[[32m[1m INFO  [21m[0m] -----------------------------------------------------------------
[[93m[1m WARNING [21m[0m] Element conservation is violated too large
[[93m[1m WARNING [21m[0m] at step: 19303
[[93m[1m WARNING [21m[0m] -----------------------------------------------------------------
[[93m[1m WARNING [21m[0m] Element conservation is violated too large
[[93m[1m WARNING [21m[0m] at step: 19309
[[93m[1m WARNING [21m[0m] -----------------------------------------------------------------
[[93m[1m WARNING [21m[0m] Element conservation is violated too large
[[93m[1m WARNING [21m[0m] at step: 19334
[[93m[1m WARNING [21m[0m] -----------------------------------------------------------------
[[93m[1m WARNING [21m[0m] Element conservation is violated too large
[[93m[1m WARNING [21m[0m] at step: 19338
[[93m[1m WARNING [21m[0m] -----------------------------------------------------------------
[[93m[1m WARNING [21m[0m] Element conservation is violated too large
[[93m[1m WARNING [21m[0m] at step: 19353
[[93m[1m WARNING [21m[0m] -----------------------------------------------------------------
[[93m[1m WARNING [21m[0m] Element conservation is violated too large
[[93m[1m WARNING [21m[0m] at step: 19377
[[93m[1m WARNING [21m[0m] -----------------------------------------------------------------
[[32m[1m INFO  [21m[0m] Elapsed time: 8.04e-01 || Step number: 19400/30000
[[32m[1m INFO  [21m[0m] longdy = 1.00e+00      || longdy/dt = 1.00e+00  || dt = 8.20e-05
[[32m[1m INFO  [21m[0m] from nz = 0 and OH
[[32m[1m INFO  [21m[0m] -----------------------------------------------------------------
[[93m[1m WARNING [21m[0m] Element conservation is violated too large
[[93m[1m WARNING [21m[0m] at step: 19401
[[93m[1m WARNING [21m[0m] -----------------------------------------------------------------
[[93m[1m WARNING [21m[0m] Element conservation is violated too large
[[93m[1m WARNING [21m[0m] at step: 19406
[[93m[1m WARNING [21m[0m] -----------------------------------------------------------------
[[93m[1m WARNING [21m[0m] Element conservation is violated too large
[[93m[1m WARNING [21m[0m] at step: 19419
[[93m[1m WARNING [21m[0m] -----------------------------------------------------------------
[[93m[1m WARNING [21m[0m] Element conservation is violated too large
[[93m[1m WARNING [21m[0m] at step: 19424
[[93m[1m WARNING [21m[0m] -----------------------------------------------------------------
[[93m[1m WARNING [21m[0m] Element conservation is violated too large
[[93m[1m WARNING [21m[0m] at step: 19427
[[93m[1m WARNING [21m[0m] -----------------------------------------------------------------
[[93m[1m WARNING [21m[0m] Element conservation is violated too large
[[93m[1m WARNING [21m[0m] at step: 19441
[[93m[1m WARNING [21m[0m] -----------------------------------------------------------------
[[93m[1m WARNING [21m[0m] Element conservation is violated too large
[[93m[1m WARNING [21m[0m] at step: 19445
[[93m[1m WARNING [21m[0m] -----------------------------------------------------------------
[[93m[1m WARNING [21m[0m] Element conservation is violated too large
[[93m[1m WARNING [21m[0m] at step: 19458
[[93m[1m WARNING [21m[0m] -----------------------------------------------------------------
[[93m[1m WARNING [21m[0m] Element conservation is violated too large
[[93m[1m WARNING [21m[0m] at step: 19460
[[93m[1m WARNING [21m[0m] -----------------------------------------------------------------
[[93m[1m WARNING [21m[0m] Element conservation is violated too large
[[93m[1m WARNING [21m[0m] at step: 19462
[[93m[1m WARNING [21m[0m] -----------------------------------------------------------------
[[93m[1m WARNING [21m[0m] Element conservation is violated too large
[[93m[1m WARNING [21m[0m] at step: 19480
[[93m[1m WARNING [21m[0m] -----------------------------------------------------------------
[[93m[1m WARNING [21m[0m] Element conservation is violated too large
[[93m[1m WARNING [21m[0m] at step: 19490
[[93m[1m WARNING [21m[0m] -----------------------------------------------------------------
[[32m[1m INFO  [21m[0m] Elapsed time: 8.11e-01 || Step number: 19500/30000
[[32m[1m INFO  [21m[0m] longdy = 1.00e+00      || longdy/dt = 1.00e+00  || dt = 2.02e-04
[[32m[1m INFO  [21m[0m] from nz = 0 and OH
[[32m[1m INFO  [21m[0m] -----------------------------------------------------------------
[[93m[1m WARNING [21m[0m] Element conservation is violated too large
[[93m[1m WARNING [21m[0m] at step: 19507
[[93m[1m WARNING [21m[0m] -----------------------------------------------------------------
[[93m[1m WARNING [21m[0m] Element conservation is violated too large
[[93m[1m WARNING [21m[0m] at step: 19512
[[93m[1m WARNING [21m[0m] -----------------------------------------------------------------
[[93m[1m WARNING [21m[0m] Element conservation is violated too large
[[93m[1m WARNING [21m[0m] at step: 19529
[[93m[1m WARNING [21m[0m] -----------------------------------------------------------------
[[93m[1m WARNING [21m[0m] Element conservation is violated too large
[[93m[1m WARNING [21m[0m] at step: 19582
[[93m[1m WARNING [21m[0m] -----------------------------------------------------------------
[[93m[1m WARNING [21m[0m] Element conservation is violated too large
[[93m[1m WARNING [21m[0m] at step: 19585
[[93m[1m WARNING [21m[0m] -----------------------------------------------------------------
[[93m[1m WARNING [21m[0m] Element conservation is violated too large
[[93m[1m WARNING [21m[0m] at step: 19591
[[93m[1m WARNING [21m[0m] -----------------------------------------------------------------
[[32m[1m INFO  [21m[0m] Elapsed time: 8.18e-01 || Step number: 19600/30000
[[32m[1m INFO  [21m[0m] longdy = 1.00e+00      || longdy/dt = 1.00e+00  || dt = 6.96e-05
[[32m[1m INFO  [21m[0m] from nz = 0 and OH
[[32m[1m INFO  [21m[0m] -----------------------------------------------------------------
[[93m[1m WARNING [21m[0m] Element conservation is violated too large
[[93m[1m WARNING [21m[0m] at step: 19610
[[93m[1m WARNING [21m[0m] -----------------------------------------------------------------
[[93m[1m WARNING [21m[0m] Element conservation is violated too large
[[93m[1m WARNING [21m[0m] at step: 19613
[[93m[1m WARNING [21m[0m] -----------------------------------------------------------------
[[93m[1m WARNING [21m[0m] Element conservation is violated too large
[[93m[1m WARNING [21m[0m] at step: 19616
[[93m[1m WARNING [21m[0m] -----------------------------------------------------------------
[[93m[1m WARNING [21m[0m] Element conservation is violated too large
[[93m[1m WARNING [21m[0m] at step: 19622
[[93m[1m WARNING [21m[0m] -----------------------------------------------------------------
[[93m[1m WARNING [21m[0m] Element conservation is violated too large
[[93m[1m WARNING [21m[0m] at step: 19627
[[93m[1m WARNING [21m[0m] -----------------------------------------------------------------
[[93m[1m WARNING [21m[0m] Element conservation is violated too large
[[93m[1m WARNING [21m[0m] at step: 19635
[[93m[1m WARNING [21m[0m] -----------------------------------------------------------------
[[93m[1m WARNING [21m[0m] Element conservation is violated too large
[[93m[1m WARNING [21m[0m] at step: 19636
[[93m[1m WARNING [21m[0m] -----------------------------------------------------------------
[[93m[1m WARNING [21m[0m] Element conservation is violated too large
[[93m[1m WARNING [21m[0m] at step: 19641
[[93m[1m WARNING [21m[0m] -----------------------------------------------------------------
[[93m[1m WARNING [21m[0m] Element conservation is violated too large
[[93m[1m WARNING [21m[0m] at step: 19645
[[93m[1m WARNING [21m[0m] -----------------------------------------------------------------
[[93m[1m WARNING [21m[0m] Element conservation is violated too large
[[93m[1m WARNING [21m[0m] at step: 19665
[[93m[1m WARNING [21m[0m] -----------------------------------------------------------------
[[93m[1m WARNING [21m[0m] Element conservation is violated too large
[[93m[1m WARNING [21m[0m] at step: 19677
[[93m[1m WARNING [21m[0m] -----------------------------------------------------------------
[[93m[1m WARNING [21m[0m] Element conservation is violated too large
[[93m[1m WARNING [21m[0m] at step: 19690
[[93m[1m WARNING [21m[0m] -----------------------------------------------------------------
[[93m[1m WARNING [21m[0m] Element conservation is violated too large
[[93m[1m WARNING [21m[0m] at step: 19699
[[93m[1m WARNING [21m[0m] -----------------------------------------------------------------
[[32m[1m INFO  [21m[0m] Elapsed time: 8.26e-01 || Step number: 19700/30000
[[32m[1m INFO  [21m[0m] longdy = 1.00e+00      || longdy/dt = 1.00e+00  || dt = 9.71e-05
[[32m[1m INFO  [21m[0m] from nz = 0 and OH
[[32m[1m INFO  [21m[0m] -----------------------------------------------------------------
[[93m[1m WARNING [21m[0m] Element conservation is violated too large
[[93m[1m WARNING [21m[0m] at step: 19703
[[93m[1m WARNING [21m[0m] -----------------------------------------------------------------
[[93m[1m WARNING [21m[0m] Element conservation is violated too large
[[93m[1m WARNING [21m[0m] at step: 19706
[[93m[1m WARNING [21m[0m] -----------------------------------------------------------------
[[93m[1m WARNING [21m[0m] Element conservation is violated too large
[[93m[1m WARNING [21m[0m] at step: 19719
[[93m[1m WARNING [21m[0m] -----------------------------------------------------------------
[[93m[1m WARNING [21m[0m] Element conservation is violated too large
[[93m[1m WARNING [21m[0m] at step: 19727
[[93m[1m WARNING [21m[0m] -----------------------------------------------------------------
[[93m[1m WARNING [21m[0m] Element conservation is violated too large
[[93m[1m WARNING [21m[0m] at step: 19745
[[93m[1m WARNING [21m[0m] -----------------------------------------------------------------
[[93m[1m WARNING [21m[0m] Element conservation is violated too large
[[93m[1m WARNING [21m[0m] at step: 19763
[[93m[1m WARNING [21m[0m] -----------------------------------------------------------------
[[93m[1m WARNING [21m[0m] Element conservation is violated too large
[[93m[1m WARNING [21m[0m] at step: 19769
[[93m[1m WARNING [21m[0m] -----------------------------------------------------------------
[[93m[1m WARNING [21m[0m] Element conservation is violated too large
[[93m[1m WARNING [21m[0m] at step: 19784
[[93m[1m WARNING [21m[0m] -----------------------------------------------------------------
[[32m[1m INFO  [21m[0m] Elapsed time: 8.33e-01 || Step number: 19800/30000
[[32m[1m INFO  [21m[0m] longdy = 1.00e+00      || longdy/dt = 1.00e+00  || dt = 6.12e-05
[[32m[1m INFO  [21m[0m] from nz = 0 and OH
[[32m[1m INFO  [21m[0m] -----------------------------------------------------------------
[[93m[1m WARNING [21m[0m] Element conservation is violated too large
[[93m[1m WARNING [21m[0m] at step: 19822
[[93m[1m WARNING [21m[0m] -----------------------------------------------------------------
[[93m[1m WARNING [21m[0m] Element conservation is violated too large
[[93m[1m WARNING [21m[0m] at step: 19829
[[93m[1m WARNING [21m[0m] -----------------------------------------------------------------
[[93m[1m WARNING [21m[0m] Element conservation is violated too large
[[93m[1m WARNING [21m[0m] at step: 19831
[[93m[1m WARNING [21m[0m] -----------------------------------------------------------------
[[93m[1m WARNING [21m[0m] Element conservation is violated too large
[[93m[1m WARNING [21m[0m] at step: 19842
[[93m[1m WARNING [21m[0m] -----------------------------------------------------------------
[[93m[1m WARNING [21m[0m] Element conservation is violated too large
[[93m[1m WARNING [21m[0m] at step: 19845
[[93m[1m WARNING [21m[0m] -----------------------------------------------------------------
[[93m[1m WARNING [21m[0m] Element conservation is violated too large
[[93m[1m WARNING [21m[0m] at step: 19847
[[93m[1m WARNING [21m[0m] -----------------------------------------------------------------
[[93m[1m WARNING [21m[0m] Element conservation is violated too large
[[93m[1m WARNING [21m[0m] at step: 19848
[[93m[1m WARNING [21m[0m] -----------------------------------------------------------------
[[93m[1m WARNING [21m[0m] Element conservation is violated too large
[[93m[1m WARNING [21m[0m] at step: 19857
[[93m[1m WARNING [21m[0m] -----------------------------------------------------------------
[[93m[1m WARNING [21m[0m] Element conservation is violated too large
[[93m[1m WARNING [21m[0m] at step: 19866
[[93m[1m WARNING [21m[0m] -----------------------------------------------------------------
[[93m[1m WARNING [21m[0m] Element conservation is violated too large
[[93m[1m WARNING [21m[0m] at step: 19875
[[93m[1m WARNING [21m[0m] -----------------------------------------------------------------
[[93m[1m WARNING [21m[0m] Element conservation is violated too large
[[93m[1m WARNING [21m[0m] at step: 19878
[[93m[1m WARNING [21m[0m] -----------------------------------------------------------------
[[32m[1m INFO  [21m[0m] Elapsed time: 8.40e-01 || Step number: 19900/30000
[[32m[1m INFO  [21m[0m] longdy = 1.00e+00      || longdy/dt = 1.00e+00  || dt = 1.78e-04
[[32m[1m INFO  [21m[0m] from nz = 0 and OH
[[32m[1m INFO  [21m[0m] -----------------------------------------------------------------
[[93m[1m WARNING [21m[0m] Element conservation is violated too large
[[93m[1m WARNING [21m[0m] at step: 19906
[[93m[1m WARNING [21m[0m] -----------------------------------------------------------------
[[93m[1m WARNING [21m[0m] Element conservation is violated too large
[[93m[1m WARNING [21m[0m] at step: 19914
[[93m[1m WARNING [21m[0m] -----------------------------------------------------------------
[[93m[1m WARNING [21m[0m] Element conservation is violated too large
[[93m[1m WARNING [21m[0m] at step: 19916
[[93m[1m WARNING [21m[0m] -----------------------------------------------------------------
[[93m[1m WARNING [21m[0m] Element conservation is violated too large
[[93m[1m WARNING [21m[0m] at step: 19922
[[93m[1m WARNING [21m[0m] -----------------------------------------------------------------
[[93m[1m WARNING [21m[0m] Element conservation is violated too large
[[93m[1m WARNING [21m[0m] at step: 19930
[[93m[1m WARNING [21m[0m] -----------------------------------------------------------------
[[93m[1m WARNING [21m[0m] Element conservation is violated too large
[[93m[1m WARNING [21m[0m] at step: 19957
[[93m[1m WARNING [21m[0m] -----------------------------------------------------------------
[[93m[1m WARNING [21m[0m] Element conservation is violated too large
[[93m[1m WARNING [21m[0m] at step: 19975
[[93m[1m WARNING [21m[0m] -----------------------------------------------------------------
[[93m[1m WARNING [21m[0m] Element conservation is violated too large
[[93m[1m WARNING [21m[0m] at step: 19977
[[93m[1m WARNING [21m[0m] -----------------------------------------------------------------
[[93m[1m WARNING [21m[0m] Element conservation is violated too large
[[93m[1m WARNING [21m[0m] at step: 19985
[[93m[1m WARNING [21m[0m] -----------------------------------------------------------------
[[93m[1m WARNING [21m[0m] Element conservation is violated too large
[[93m[1m WARNING [21m[0m] at step: 19986
[[93m[1m WARNING [21m[0m] -----------------------------------------------------------------
[[93m[1m WARNING [21m[0m] Element conservation is violated too large
[[93m[1m WARNING [21m[0m] at step: 19988
[[93m[1m WARNING [21m[0m] -----------------------------------------------------------------
[[32m[1m INFO  [21m[0m] Elapsed time: 8.47e-01 || Step number: 20000/30000
[[32m[1m INFO  [21m[0m] longdy = 1.00e+00      || longdy/dt = 1.00e+00  || dt = 2.17e-04
[[32m[1m INFO  [21m[0m] from nz = 0 and OH
[[32m[1m INFO  [21m[0m] -----------------------------------------------------------------
[[93m[1m WARNING [21m[0m] Element conservation is violated too large
[[93m[1m WARNING [21m[0m] at step: 20005
[[93m[1m WARNING [21m[0m] -----------------------------------------------------------------
[[93m[1m WARNING [21m[0m] Element conservation is violated too large
[[93m[1m WARNING [21m[0m] at step: 20008
[[93m[1m WARNING [21m[0m] -----------------------------------------------------------------
[[93m[1m WARNING [21m[0m] Element conservation is violated too large
[[93m[1m WARNING [21m[0m] at step: 20020
[[93m[1m WARNING [21m[0m] -----------------------------------------------------------------
[[93m[1m WARNING [21m[0m] Element conservation is violated too large
[[93m[1m WARNING [21m[0m] at step: 20021
[[93m[1m WARNING [21m[0m] -----------------------------------------------------------------
[[93m[1m WARNING [21m[0m] Element conservation is violated too large
[[93m[1m WARNING [21m[0m] at step: 20023
[[93m[1m WARNING [21m[0m] -----------------------------------------------------------------
[[93m[1m WARNING [21m[0m] Element conservation is violated too large
[[93m[1m WARNING [21m[0m] at step: 20029
[[93m[1m WARNING [21m[0m] -----------------------------------------------------------------
[[93m[1m WARNING [21m[0m] Element conservation is violated too large
[[93m[1m WARNING [21m[0m] at step: 20032
[[93m[1m WARNING [21m[0m] -----------------------------------------------------------------
[[93m[1m WARNING [21m[0m] Element conservation is violated too large
[[93m[1m WARNING [21m[0m] at step: 20035
[[93m[1m WARNING [21m[0m] -----------------------------------------------------------------
[[93m[1m WARNING [21m[0m] Element conservation is violated too large
[[93m[1m WARNING [21m[0m] at step: 20038
[[93m[1m WARNING [21m[0m] -----------------------------------------------------------------
[[93m[1m WARNING [21m[0m] Element conservation is violated too large
[[93m[1m WARNING [21m[0m] at step: 20049
[[93m[1m WARNING [21m[0m] -----------------------------------------------------------------
[[93m[1m WARNING [21m[0m] Element conservation is violated too large
[[93m[1m WARNING [21m[0m] at step: 20053
[[93m[1m WARNING [21m[0m] -----------------------------------------------------------------
[[93m[1m WARNING [21m[0m] Element conservation is violated too large
[[93m[1m WARNING [21m[0m] at step: 20056
[[93m[1m WARNING [21m[0m] -----------------------------------------------------------------
[[93m[1m WARNING [21m[0m] Element conservation is violated too large
[[93m[1m WARNING [21m[0m] at step: 20057
[[93m[1m WARNING [21m[0m] -----------------------------------------------------------------
[[93m[1m WARNING [21m[0m] Element conservation is violated too large
[[93m[1m WARNING [21m[0m] at step: 20068
[[93m[1m WARNING [21m[0m] -----------------------------------------------------------------
[[93m[1m WARNING [21m[0m] Element conservation is violated too large
[[93m[1m WARNING [21m[0m] at step: 20077
[[93m[1m WARNING [21m[0m] -----------------------------------------------------------------
[[93m[1m WARNING [21m[0m] Element conservation is violated too large
[[93m[1m WARNING [21m[0m] at step: 20080
[[93m[1m WARNING [21m[0m] -----------------------------------------------------------------
[[93m[1m WARNING [21m[0m] Element conservation is violated too large
[[93m[1m WARNING [21m[0m] at step: 20091
[[93m[1m WARNING [21m[0m] -----------------------------------------------------------------
[[32m[1m INFO  [21m[0m] Elapsed time: 8.55e-01 || Step number: 20100/30000
[[32m[1m INFO  [21m[0m] longdy = 1.00e+00      || longdy/dt = 1.00e+00  || dt = 1.35e-04
[[32m[1m INFO  [21m[0m] from nz = 0 and OH
[[32m[1m INFO  [21m[0m] -----------------------------------------------------------------
[[93m[1m WARNING [21m[0m] Element conservation is violated too large
[[93m[1m WARNING [21m[0m] at step: 20108
[[93m[1m WARNING [21m[0m] -----------------------------------------------------------------
[[93m[1m WARNING [21m[0m] Element conservation is violated too large
[[93m[1m WARNING [21m[0m] at step: 20141
[[93m[1m WARNING [21m[0m] -----------------------------------------------------------------
[[93m[1m WARNING [21m[0m] Element conservation is violated too large
[[93m[1m WARNING [21m[0m] at step: 20157
[[93m[1m WARNING [21m[0m] -----------------------------------------------------------------
[[93m[1m WARNING [21m[0m] Element conservation is violated too large
[[93m[1m WARNING [21m[0m] at step: 20158
[[93m[1m WARNING [21m[0m] -----------------------------------------------------------------
[[93m[1m WARNING [21m[0m] Element conservation is violated too large
[[93m[1m WARNING [21m[0m] at step: 20170
[[93m[1m WARNING [21m[0m] -----------------------------------------------------------------
[[93m[1m WARNING [21m[0m] Element conservation is violated too large
[[93m[1m WARNING [21m[0m] at step: 20176
[[93m[1m WARNING [21m[0m] -----------------------------------------------------------------
[[93m[1m WARNING [21m[0m] Element conservation is violated too large
[[93m[1m WARNING [21m[0m] at step: 20183
[[93m[1m WARNING [21m[0m] -----------------------------------------------------------------
[[93m[1m WARNING [21m[0m] Element conservation is violated too large
[[93m[1m WARNING [21m[0m] at step: 20192
[[93m[1m WARNING [21m[0m] -----------------------------------------------------------------
[[93m[1m WARNING [21m[0m] Element conservation is violated too large
[[93m[1m WARNING [21m[0m] at step: 20197
[[93m[1m WARNING [21m[0m] -----------------------------------------------------------------
[[93m[1m WARNING [21m[0m] Element conservation is violated too large
[[93m[1m WARNING [21m[0m] at step: 20198
[[93m[1m WARNING [21m[0m] -----------------------------------------------------------------
[[32m[1m INFO  [21m[0m] Elapsed time: 8.62e-01 || Step number: 20200/30000
[[32m[1m INFO  [21m[0m] longdy = 1.00e+00      || longdy/dt = 1.00e+00  || dt = 6.90e-05
[[32m[1m INFO  [21m[0m] from nz = 0 and OH
[[32m[1m INFO  [21m[0m] -----------------------------------------------------------------
[[93m[1m WARNING [21m[0m] Element conservation is violated too large
[[93m[1m WARNING [21m[0m] at step: 20201
[[93m[1m WARNING [21m[0m] -----------------------------------------------------------------
[[93m[1m WARNING [21m[0m] Element conservation is violated too large
[[93m[1m WARNING [21m[0m] at step: 20204
[[93m[1m WARNING [21m[0m] -----------------------------------------------------------------
[[93m[1m WARNING [21m[0m] Element conservation is violated too large
[[93m[1m WARNING [21m[0m] at step: 20205
[[93m[1m WARNING [21m[0m] -----------------------------------------------------------------
[[93m[1m WARNING [21m[0m] Element conservation is violated too large
[[93m[1m WARNING [21m[0m] at step: 20211
[[93m[1m WARNING [21m[0m] -----------------------------------------------------------------
[[93m[1m WARNING [21m[0m] Element conservation is violated too large
[[93m[1m WARNING [21m[0m] at step: 20221
[[93m[1m WARNING [21m[0m] -----------------------------------------------------------------
[[93m[1m WARNING [21m[0m] Element conservation is violated too large
[[93m[1m WARNING [21m[0m] at step: 20225
[[93m[1m WARNING [21m[0m] -----------------------------------------------------------------
[[93m[1m WARNING [21m[0m] Element conservation is violated too large
[[93m[1m WARNING [21m[0m] at step: 20227
[[93m[1m WARNING [21m[0m] -----------------------------------------------------------------
[[93m[1m WARNING [21m[0m] Element conservation is violated too large
[[93m[1m WARNING [21m[0m] at step: 20229
[[93m[1m WARNING [21m[0m] -----------------------------------------------------------------
[[93m[1m WARNING [21m[0m] Element conservation is violated too large
[[93m[1m WARNING [21m[0m] at step: 20239
[[93m[1m WARNING [21m[0m] -----------------------------------------------------------------
[[93m[1m WARNING [21m[0m] Element conservation is violated too large
[[93m[1m WARNING [21m[0m] at step: 20243
[[93m[1m WARNING [21m[0m] -----------------------------------------------------------------
[[93m[1m WARNING [21m[0m] Element conservation is violated too large
[[93m[1m WARNING [21m[0m] at step: 20248
[[93m[1m WARNING [21m[0m] -----------------------------------------------------------------
[[93m[1m WARNING [21m[0m] Element conservation is violated too large
[[93m[1m WARNING [21m[0m] at step: 20251
[[93m[1m WARNING [21m[0m] -----------------------------------------------------------------
[[93m[1m WARNING [21m[0m] Element conservation is violated too large
[[93m[1m WARNING [21m[0m] at step: 20257
[[93m[1m WARNING [21m[0m] -----------------------------------------------------------------
[[93m[1m WARNING [21m[0m] Element conservation is violated too large
[[93m[1m WARNING [21m[0m] at step: 20267
[[93m[1m WARNING [21m[0m] -----------------------------------------------------------------
[[93m[1m WARNING [21m[0m] Element conservation is violated too large
[[93m[1m WARNING [21m[0m] at step: 20272
[[93m[1m WARNING [21m[0m] -----------------------------------------------------------------
[[93m[1m WARNING [21m[0m] Element conservation is violated too large
[[93m[1m WARNING [21m[0m] at step: 20278
[[93m[1m WARNING [21m[0m] -----------------------------------------------------------------
[[93m[1m WARNING [21m[0m] Element conservation is violated too large
[[93m[1m WARNING [21m[0m] at step: 20288
[[93m[1m WARNING [21m[0m] -----------------------------------------------------------------
[[93m[1m WARNING [21m[0m] Element conservation is violated too large
[[93m[1m WARNING [21m[0m] at step: 20292
[[93m[1m WARNING [21m[0m] -----------------------------------------------------------------
[[93m[1m WARNING [21m[0m] Element conservation is violated too large
[[93m[1m WARNING [21m[0m] at step: 20293
[[93m[1m WARNING [21m[0m] -----------------------------------------------------------------
[[93m[1m WARNING [21m[0m] Element conservation is violated too large
[[93m[1m WARNING [21m[0m] at step: 20294
[[93m[1m WARNING [21m[0m] -----------------------------------------------------------------
[[32m[1m INFO  [21m[0m] Elapsed time: 8.70e-01 || Step number: 20300/30000
[[32m[1m INFO  [21m[0m] longdy = 1.00e+00      || longdy/dt = 1.00e+00  || dt = 1.04e-04
[[32m[1m INFO  [21m[0m] from nz = 0 and OH
[[32m[1m INFO  [21m[0m] -----------------------------------------------------------------
[[93m[1m WARNING [21m[0m] Element conservation is violated too large
[[93m[1m WARNING [21m[0m] at step: 20300
[[93m[1m WARNING [21m[0m] -----------------------------------------------------------------
[[93m[1m WARNING [21m[0m] Element conservation is violated too large
[[93m[1m WARNING [21m[0m] at step: 20312
[[93m[1m WARNING [21m[0m] -----------------------------------------------------------------
[[93m[1m WARNING [21m[0m] Element conservation is violated too large
[[93m[1m WARNING [21m[0m] at step: 20326
[[93m[1m WARNING [21m[0m] -----------------------------------------------------------------
[[93m[1m WARNING [21m[0m] Element conservation is violated too large
[[93m[1m WARNING [21m[0m] at step: 20334
[[93m[1m WARNING [21m[0m] -----------------------------------------------------------------
[[93m[1m WARNING [21m[0m] Element conservation is violated too large
[[93m[1m WARNING [21m[0m] at step: 20338
[[93m[1m WARNING [21m[0m] -----------------------------------------------------------------
[[93m[1m WARNING [21m[0m] Element conservation is violated too large
[[93m[1m WARNING [21m[0m] at step: 20353
[[93m[1m WARNING [21m[0m] -----------------------------------------------------------------
[[93m[1m WARNING [21m[0m] Element conservation is violated too large
[[93m[1m WARNING [21m[0m] at step: 20354
[[93m[1m WARNING [21m[0m] -----------------------------------------------------------------
[[93m[1m WARNING [21m[0m] Element conservation is violated too large
[[93m[1m WARNING [21m[0m] at step: 20357
[[93m[1m WARNING [21m[0m] -----------------------------------------------------------------
[[93m[1m WARNING [21m[0m] Element conservation is violated too large
[[93m[1m WARNING [21m[0m] at step: 20376
[[93m[1m WARNING [21m[0m] -----------------------------------------------------------------
[[93m[1m WARNING [21m[0m] Element conservation is violated too large
[[93m[1m WARNING [21m[0m] at step: 20387
[[93m[1m WARNING [21m[0m] -----------------------------------------------------------------
[[93m[1m WARNING [21m[0m] Element conservation is violated too large
[[93m[1m WARNING [21m[0m] at step: 20389
[[93m[1m WARNING [21m[0m] -----------------------------------------------------------------
[[93m[1m WARNING [21m[0m] Element conservation is violated too large
[[93m[1m WARNING [21m[0m] at step: 20391
[[93m[1m WARNING [21m[0m] -----------------------------------------------------------------
[[93m[1m WARNING [21m[0m] Element conservation is violated too large
[[93m[1m WARNING [21m[0m] at step: 20397
[[93m[1m WARNING [21m[0m] -----------------------------------------------------------------
[[32m[1m INFO  [21m[0m] Elapsed time: 8.77e-01 || Step number: 20400/30000
[[32m[1m INFO  [21m[0m] longdy = 1.00e+00      || longdy/dt = 1.00e+00  || dt = 2.19e-04
[[32m[1m INFO  [21m[0m] from nz = 0 and OH
[[32m[1m INFO  [21m[0m] -----------------------------------------------------------------
[[93m[1m WARNING [21m[0m] Element conservation is violated too large
[[93m[1m WARNING [21m[0m] at step: 20407
[[93m[1m WARNING [21m[0m] -----------------------------------------------------------------
[[93m[1m WARNING [21m[0m] Element conservation is violated too large
[[93m[1m WARNING [21m[0m] at step: 20420
[[93m[1m WARNING [21m[0m] -----------------------------------------------------------------
[[93m[1m WARNING [21m[0m] Element conservation is violated too large
[[93m[1m WARNING [21m[0m] at step: 20424
[[93m[1m WARNING [21m[0m] -----------------------------------------------------------------
[[93m[1m WARNING [21m[0m] Element conservation is violated too large
[[93m[1m WARNING [21m[0m] at step: 20429
[[93m[1m WARNING [21m[0m] -----------------------------------------------------------------
[[93m[1m WARNING [21m[0m] Element conservation is violated too large
[[93m[1m WARNING [21m[0m] at step: 20433
[[93m[1m WARNING [21m[0m] -----------------------------------------------------------------
[[93m[1m WARNING [21m[0m] Element conservation is violated too large
[[93m[1m WARNING [21m[0m] at step: 20435
[[93m[1m WARNING [21m[0m] -----------------------------------------------------------------
[[93m[1m WARNING [21m[0m] Element conservation is violated too large
[[93m[1m WARNING [21m[0m] at step: 20437
[[93m[1m WARNING [21m[0m] -----------------------------------------------------------------
[[93m[1m WARNING [21m[0m] Element conservation is violated too large
[[93m[1m WARNING [21m[0m] at step: 20444
[[93m[1m WARNING [21m[0m] -----------------------------------------------------------------
[[93m[1m WARNING [21m[0m] Element conservation is violated too large
[[93m[1m WARNING [21m[0m] at step: 20452
[[93m[1m WARNING [21m[0m] -----------------------------------------------------------------
[[93m[1m WARNING [21m[0m] Element conservation is violated too large
[[93m[1m WARNING [21m[0m] at step: 20457
[[93m[1m WARNING [21m[0m] -----------------------------------------------------------------
[[93m[1m WARNING [21m[0m] Element conservation is violated too large
[[93m[1m WARNING [21m[0m] at step: 20458
[[93m[1m WARNING [21m[0m] -----------------------------------------------------------------
[[93m[1m WARNING [21m[0m] Element conservation is violated too large
[[93m[1m WARNING [21m[0m] at step: 20464
[[93m[1m WARNING [21m[0m] -----------------------------------------------------------------
[[93m[1m WARNING [21m[0m] Element conservation is violated too large
[[93m[1m WARNING [21m[0m] at step: 20470
[[93m[1m WARNING [21m[0m] -----------------------------------------------------------------
[[93m[1m WARNING [21m[0m] Element conservation is violated too large
[[93m[1m WARNING [21m[0m] at step: 20473
[[93m[1m WARNING [21m[0m] -----------------------------------------------------------------
[[93m[1m WARNING [21m[0m] Element conservation is violated too large
[[93m[1m WARNING [21m[0m] at step: 20475
[[93m[1m WARNING [21m[0m] -----------------------------------------------------------------
[[93m[1m WARNING [21m[0m] Element conservation is violated too large
[[93m[1m WARNING [21m[0m] at step: 20493
[[93m[1m WARNING [21m[0m] -----------------------------------------------------------------
[[32m[1m INFO  [21m[0m] Elapsed time: 8.84e-01 || Step number: 20500/30000
[[32m[1m INFO  [21m[0m] longdy = 1.00e+00      || longdy/dt = 1.00e+00  || dt = 9.95e-05
[[32m[1m INFO  [21m[0m] from nz = 0 and OH
[[32m[1m INFO  [21m[0m] -----------------------------------------------------------------
[[93m[1m WARNING [21m[0m] Element conservation is violated too large
[[93m[1m WARNING [21m[0m] at step: 20500
[[93m[1m WARNING [21m[0m] -----------------------------------------------------------------
[[93m[1m WARNING [21m[0m] Element conservation is violated too large
[[93m[1m WARNING [21m[0m] at step: 20507
[[93m[1m WARNING [21m[0m] -----------------------------------------------------------------
[[93m[1m WARNING [21m[0m] Element conservation is violated too large
[[93m[1m WARNING [21m[0m] at step: 20509
[[93m[1m WARNING [21m[0m] -----------------------------------------------------------------
[[93m[1m WARNING [21m[0m] Element conservation is violated too large
[[93m[1m WARNING [21m[0m] at step: 20518
[[93m[1m WARNING [21m[0m] -----------------------------------------------------------------
[[93m[1m WARNING [21m[0m] Element conservation is violated too large
[[93m[1m WARNING [21m[0m] at step: 20532
[[93m[1m WARNING [21m[0m] -----------------------------------------------------------------
[[93m[1m WARNING [21m[0m] Element conservation is violated too large
[[93m[1m WARNING [21m[0m] at step: 20536
[[93m[1m WARNING [21m[0m] -----------------------------------------------------------------
[[93m[1m WARNING [21m[0m] Element conservation is violated too large
[[93m[1m WARNING [21m[0m] at step: 20537
[[93m[1m WARNING [21m[0m] -----------------------------------------------------------------
[[93m[1m WARNING [21m[0m] Element conservation is violated too large
[[93m[1m WARNING [21m[0m] at step: 20541
[[93m[1m WARNING [21m[0m] -----------------------------------------------------------------
[[93m[1m WARNING [21m[0m] Element conservation is violated too large
[[93m[1m WARNING [21m[0m] at step: 20548
[[93m[1m WARNING [21m[0m] -----------------------------------------------------------------
[[93m[1m WARNING [21m[0m] Element conservation is violated too large
[[93m[1m WARNING [21m[0m] at step: 20566
[[93m[1m WARNING [21m[0m] -----------------------------------------------------------------
[[93m[1m WARNING [21m[0m] Element conservation is violated too large
[[93m[1m WARNING [21m[0m] at step: 20578
[[93m[1m WARNING [21m[0m] -----------------------------------------------------------------
[[93m[1m WARNING [21m[0m] Element conservation is violated too large
[[93m[1m WARNING [21m[0m] at step: 20591
[[93m[1m WARNING [21m[0m] -----------------------------------------------------------------
[[32m[1m INFO  [21m[0m] Elapsed time: 8.92e-01 || Step number: 20600/30000
[[32m[1m INFO  [21m[0m] longdy = 1.00e+00      || longdy/dt = 1.00e+00  || dt = 1.29e-04
[[32m[1m INFO  [21m[0m] from nz = 0 and OH
[[32m[1m INFO  [21m[0m] -----------------------------------------------------------------
[[93m[1m WARNING [21m[0m] Element conservation is violated too large
[[93m[1m WARNING [21m[0m] at step: 20614
[[93m[1m WARNING [21m[0m] -----------------------------------------------------------------
[[93m[1m WARNING [21m[0m] Element conservation is violated too large
[[93m[1m WARNING [21m[0m] at step: 20618
[[93m[1m WARNING [21m[0m] -----------------------------------------------------------------
[[93m[1m WARNING [21m[0m] Element conservation is violated too large
[[93m[1m WARNING [21m[0m] at step: 20624
[[93m[1m WARNING [21m[0m] -----------------------------------------------------------------
[[93m[1m WARNING [21m[0m] Element conservation is violated too large
[[93m[1m WARNING [21m[0m] at step: 20633
[[93m[1m WARNING [21m[0m] -----------------------------------------------------------------
[[93m[1m WARNING [21m[0m] Element conservation is violated too large
[[93m[1m WARNING [21m[0m] at step: 20642
[[93m[1m WARNING [21m[0m] -----------------------------------------------------------------
[[93m[1m WARNING [21m[0m] Element conservation is violated too large
[[93m[1m WARNING [21m[0m] at step: 20661
[[93m[1m WARNING [21m[0m] -----------------------------------------------------------------
[[93m[1m WARNING [21m[0m] Element conservation is violated too large
[[93m[1m WARNING [21m[0m] at step: 20667
[[93m[1m WARNING [21m[0m] -----------------------------------------------------------------
[[93m[1m WARNING [21m[0m] Element conservation is violated too large
[[93m[1m WARNING [21m[0m] at step: 20670
[[93m[1m WARNING [21m[0m] -----------------------------------------------------------------
[[93m[1m WARNING [21m[0m] Element conservation is violated too large
[[93m[1m WARNING [21m[0m] at step: 20673
[[93m[1m WARNING [21m[0m] -----------------------------------------------------------------
[[93m[1m WARNING [21m[0m] Element conservation is violated too large
[[93m[1m WARNING [21m[0m] at step: 20673
[[93m[1m WARNING [21m[0m] -----------------------------------------------------------------
[[93m[1m WARNING [21m[0m] Element conservation is violated too large
[[93m[1m WARNING [21m[0m] at step: 20678
[[93m[1m WARNING [21m[0m] -----------------------------------------------------------------
[[93m[1m WARNING [21m[0m] Element conservation is violated too large
[[93m[1m WARNING [21m[0m] at step: 20680
[[93m[1m WARNING [21m[0m] -----------------------------------------------------------------
[[93m[1m WARNING [21m[0m] Element conservation is violated too large
[[93m[1m WARNING [21m[0m] at step: 20682
[[93m[1m WARNING [21m[0m] -----------------------------------------------------------------
[[93m[1m WARNING [21m[0m] Element conservation is violated too large
[[93m[1m WARNING [21m[0m] at step: 20685
[[93m[1m WARNING [21m[0m] -----------------------------------------------------------------
[[93m[1m WARNING [21m[0m] Element conservation is violated too large
[[93m[1m WARNING [21m[0m] at step: 20688
[[93m[1m WARNING [21m[0m] -----------------------------------------------------------------
[[93m[1m WARNING [21m[0m] Element conservation is violated too large
[[93m[1m WARNING [21m[0m] at step: 20691
[[93m[1m WARNING [21m[0m] -----------------------------------------------------------------
[[93m[1m WARNING [21m[0m] Element conservation is violated too large
[[93m[1m WARNING [21m[0m] at step: 20694
[[93m[1m WARNING [21m[0m] -----------------------------------------------------------------
[[93m[1m WARNING [21m[0m] Element conservation is violated too large
[[93m[1m WARNING [21m[0m] at step: 20695
[[93m[1m WARNING [21m[0m] -----------------------------------------------------------------
[[93m[1m WARNING [21m[0m] Element conservation is violated too large
[[93m[1m WARNING [21m[0m] at step: 20696
[[93m[1m WARNING [21m[0m] -----------------------------------------------------------------
[[32m[1m INFO  [21m[0m] Elapsed time: 8.99e-01 || Step number: 20700/30000
[[32m[1m INFO  [21m[0m] longdy = 1.00e+00      || longdy/dt = 1.00e+00  || dt = 1.33e-04
[[32m[1m INFO  [21m[0m] from nz = 0 and OH
[[32m[1m INFO  [21m[0m] -----------------------------------------------------------------
[[93m[1m WARNING [21m[0m] Element conservation is violated too large
[[93m[1m WARNING [21m[0m] at step: 20701
[[93m[1m WARNING [21m[0m] -----------------------------------------------------------------
[[93m[1m WARNING [21m[0m] Element conservation is violated too large
[[93m[1m WARNING [21m[0m] at step: 20734
[[93m[1m WARNING [21m[0m] -----------------------------------------------------------------
[[93m[1m WARNING [21m[0m] Element conservation is violated too large
[[93m[1m WARNING [21m[0m] at step: 20735
[[93m[1m WARNING [21m[0m] -----------------------------------------------------------------
[[93m[1m WARNING [21m[0m] Element conservation is violated too large
[[93m[1m WARNING [21m[0m] at step: 20746
[[93m[1m WARNING [21m[0m] -----------------------------------------------------------------
[[93m[1m WARNING [21m[0m] Element conservation is violated too large
[[93m[1m WARNING [21m[0m] at step: 20749
[[93m[1m WARNING [21m[0m] -----------------------------------------------------------------
[[93m[1m WARNING [21m[0m] Element conservation is violated too large
[[93m[1m WARNING [21m[0m] at step: 20759
[[93m[1m WARNING [21m[0m] -----------------------------------------------------------------
[[93m[1m WARNING [21m[0m] Element conservation is violated too large
[[93m[1m WARNING [21m[0m] at step: 20765
[[93m[1m WARNING [21m[0m] -----------------------------------------------------------------
[[93m[1m WARNING [21m[0m] Element conservation is violated too large
[[93m[1m WARNING [21m[0m] at step: 20786
[[93m[1m WARNING [21m[0m] -----------------------------------------------------------------
[[93m[1m WARNING [21m[0m] Element conservation is violated too large
[[93m[1m WARNING [21m[0m] at step: 20796
[[93m[1m WARNING [21m[0m] -----------------------------------------------------------------
[[32m[1m INFO  [21m[0m] Elapsed time: 9.07e-01 || Step number: 20800/30000
[[32m[1m INFO  [21m[0m] longdy = 1.00e+00      || longdy/dt = 1.00e+00  || dt = 8.61e-05
[[32m[1m INFO  [21m[0m] from nz = 0 and OH
[[32m[1m INFO  [21m[0m] -----------------------------------------------------------------
[[93m[1m WARNING [21m[0m] Element conservation is violated too large
[[93m[1m WARNING [21m[0m] at step: 20807
[[93m[1m WARNING [21m[0m] -----------------------------------------------------------------
[[93m[1m WARNING [21m[0m] Element conservation is violated too large
[[93m[1m WARNING [21m[0m] at step: 20810
[[93m[1m WARNING [21m[0m] -----------------------------------------------------------------
[[93m[1m WARNING [21m[0m] Element conservation is violated too large
[[93m[1m WARNING [21m[0m] at step: 20820
[[93m[1m WARNING [21m[0m] -----------------------------------------------------------------
[[93m[1m WARNING [21m[0m] Element conservation is violated too large
[[93m[1m WARNING [21m[0m] at step: 20827
[[93m[1m WARNING [21m[0m] -----------------------------------------------------------------
[[93m[1m WARNING [21m[0m] Element conservation is violated too large
[[93m[1m WARNING [21m[0m] at step: 20848
[[93m[1m WARNING [21m[0m] -----------------------------------------------------------------
[[93m[1m WARNING [21m[0m] Element conservation is violated too large
[[93m[1m WARNING [21m[0m] at step: 20853
[[93m[1m WARNING [21m[0m] -----------------------------------------------------------------
[[93m[1m WARNING [21m[0m] Element conservation is violated too large
[[93m[1m WARNING [21m[0m] at step: 20872
[[93m[1m WARNING [21m[0m] -----------------------------------------------------------------
[[93m[1m WARNING [21m[0m] Element conservation is violated too large
[[93m[1m WARNING [21m[0m] at step: 20889
[[93m[1m WARNING [21m[0m] -----------------------------------------------------------------
[[93m[1m WARNING [21m[0m] Element conservation is violated too large
[[93m[1m WARNING [21m[0m] at step: 20898
[[93m[1m WARNING [21m[0m] -----------------------------------------------------------------
[[32m[1m INFO  [21m[0m] Elapsed time: 9.14e-01 || Step number: 20900/30000
[[32m[1m INFO  [21m[0m] longdy = 1.00e+00      || longdy/dt = 1.00e+00  || dt = 1.38e-04
[[32m[1m INFO  [21m[0m] from nz = 0 and OH
[[32m[1m INFO  [21m[0m] -----------------------------------------------------------------
[[93m[1m WARNING [21m[0m] Element conservation is violated too large
[[93m[1m WARNING [21m[0m] at step: 20902
[[93m[1m WARNING [21m[0m] -----------------------------------------------------------------
[[93m[1m WARNING [21m[0m] Element conservation is violated too large
[[93m[1m WARNING [21m[0m] at step: 20916
[[93m[1m WARNING [21m[0m] -----------------------------------------------------------------
[[93m[1m WARNING [21m[0m] Element conservation is violated too large
[[93m[1m WARNING [21m[0m] at step: 20923
[[93m[1m WARNING [21m[0m] -----------------------------------------------------------------
[[93m[1m WARNING [21m[0m] Element conservation is violated too large
[[93m[1m WARNING [21m[0m] at step: 20925
[[93m[1m WARNING [21m[0m] -----------------------------------------------------------------
[[93m[1m WARNING [21m[0m] Element conservation is violated too large
[[93m[1m WARNING [21m[0m] at step: 20928
[[93m[1m WARNING [21m[0m] -----------------------------------------------------------------
[[93m[1m WARNING [21m[0m] Element conservation is violated too large
[[93m[1m WARNING [21m[0m] at step: 20937
[[93m[1m WARNING [21m[0m] -----------------------------------------------------------------
[[93m[1m WARNING [21m[0m] Element conservation is violated too large
[[93m[1m WARNING [21m[0m] at step: 20964
[[93m[1m WARNING [21m[0m] -----------------------------------------------------------------
[[93m[1m WARNING [21m[0m] Element conservation is violated too large
[[93m[1m WARNING [21m[0m] at step: 20969
[[93m[1m WARNING [21m[0m] -----------------------------------------------------------------
[[93m[1m WARNING [21m[0m] Element conservation is violated too large
[[93m[1m WARNING [21m[0m] at step: 20972
[[93m[1m WARNING [21m[0m] -----------------------------------------------------------------
[[93m[1m WARNING [21m[0m] Element conservation is violated too large
[[93m[1m WARNING [21m[0m] at step: 20975
[[93m[1m WARNING [21m[0m] -----------------------------------------------------------------
[[93m[1m WARNING [21m[0m] Element conservation is violated too large
[[93m[1m WARNING [21m[0m] at step: 20979
[[93m[1m WARNING [21m[0m] -----------------------------------------------------------------
[[93m[1m WARNING [21m[0m] Element conservation is violated too large
[[93m[1m WARNING [21m[0m] at step: 20988
[[93m[1m WARNING [21m[0m] -----------------------------------------------------------------
[[93m[1m WARNING [21m[0m] Element conservation is violated too large
[[93m[1m WARNING [21m[0m] at step: 20994
[[93m[1m WARNING [21m[0m] -----------------------------------------------------------------
[[93m[1m WARNING [21m[0m] Element conservation is violated too large
[[93m[1m WARNING [21m[0m] at step: 20998
[[93m[1m WARNING [21m[0m] -----------------------------------------------------------------
[[32m[1m INFO  [21m[0m] Elapsed time: 9.22e-01 || Step number: 21000/30000
[[32m[1m INFO  [21m[0m] longdy = 1.00e+00      || longdy/dt = 1.00e+00  || dt = 1.01e-04
[[32m[1m INFO  [21m[0m] from nz = 0 and OH
[[32m[1m INFO  [21m[0m] -----------------------------------------------------------------
[[93m[1m WARNING [21m[0m] Element conservation is violated too large
[[93m[1m WARNING [21m[0m] at step: 21002
[[93m[1m WARNING [21m[0m] -----------------------------------------------------------------
[[93m[1m WARNING [21m[0m] Element conservation is violated too large
[[93m[1m WARNING [21m[0m] at step: 21007
[[93m[1m WARNING [21m[0m] -----------------------------------------------------------------
[[93m[1m WARNING [21m[0m] Element conservation is violated too large
[[93m[1m WARNING [21m[0m] at step: 21009
[[93m[1m WARNING [21m[0m] -----------------------------------------------------------------
[[93m[1m WARNING [21m[0m] Element conservation is violated too large
[[93m[1m WARNING [21m[0m] at step: 21017
[[93m[1m WARNING [21m[0m] -----------------------------------------------------------------
[[93m[1m WARNING [21m[0m] Element conservation is violated too large
[[93m[1m WARNING [21m[0m] at step: 21018
[[93m[1m WARNING [21m[0m] -----------------------------------------------------------------
[[93m[1m WARNING [21m[0m] Element conservation is violated too large
[[93m[1m WARNING [21m[0m] at step: 21035
[[93m[1m WARNING [21m[0m] -----------------------------------------------------------------
[[93m[1m WARNING [21m[0m] Element conservation is violated too large
[[93m[1m WARNING [21m[0m] at step: 21052
[[93m[1m WARNING [21m[0m] -----------------------------------------------------------------
[[93m[1m WARNING [21m[0m] Element conservation is violated too large
[[93m[1m WARNING [21m[0m] at step: 21056
[[93m[1m WARNING [21m[0m] -----------------------------------------------------------------
[[93m[1m WARNING [21m[0m] Element conservation is violated too large
[[93m[1m WARNING [21m[0m] at step: 21066
[[93m[1m WARNING [21m[0m] -----------------------------------------------------------------
[[93m[1m WARNING [21m[0m] Element conservation is violated too large
[[93m[1m WARNING [21m[0m] at step: 21077
[[93m[1m WARNING [21m[0m] -----------------------------------------------------------------
[[93m[1m WARNING [21m[0m] Element conservation is violated too large
[[93m[1m WARNING [21m[0m] at step: 21096
[[93m[1m WARNING [21m[0m] -----------------------------------------------------------------
[[32m[1m INFO  [21m[0m] Elapsed time: 9.29e-01 || Step number: 21100/30000
[[32m[1m INFO  [21m[0m] longdy = 1.00e+00      || longdy/dt = 1.00e+00  || dt = 1.65e-04
[[32m[1m INFO  [21m[0m] from nz = 0 and OH
[[32m[1m INFO  [21m[0m] -----------------------------------------------------------------
[[93m[1m WARNING [21m[0m] Element conservation is violated too large
[[93m[1m WARNING [21m[0m] at step: 21102
[[93m[1m WARNING [21m[0m] -----------------------------------------------------------------
[[93m[1m WARNING [21m[0m] Element conservation is violated too large
[[93m[1m WARNING [21m[0m] at step: 21111
[[93m[1m WARNING [21m[0m] -----------------------------------------------------------------
[[93m[1m WARNING [21m[0m] Element conservation is violated too large
[[93m[1m WARNING [21m[0m] at step: 21114
[[93m[1m WARNING [21m[0m] -----------------------------------------------------------------
[[93m[1m WARNING [21m[0m] Element conservation is violated too large
[[93m[1m WARNING [21m[0m] at step: 21132
[[93m[1m WARNING [21m[0m] -----------------------------------------------------------------
[[93m[1m WARNING [21m[0m] Element conservation is violated too large
[[93m[1m WARNING [21m[0m] at step: 21153
[[93m[1m WARNING [21m[0m] -----------------------------------------------------------------
[[93m[1m WARNING [21m[0m] Element conservation is violated too large
[[93m[1m WARNING [21m[0m] at step: 21155
[[93m[1m WARNING [21m[0m] -----------------------------------------------------------------
[[93m[1m WARNING [21m[0m] Element conservation is violated too large
[[93m[1m WARNING [21m[0m] at step: 21163
[[93m[1m WARNING [21m[0m] -----------------------------------------------------------------
[[93m[1m WARNING [21m[0m] Element conservation is violated too large
[[93m[1m WARNING [21m[0m] at step: 21169
[[93m[1m WARNING [21m[0m] -----------------------------------------------------------------
[[93m[1m WARNING [21m[0m] Element conservation is violated too large
[[93m[1m WARNING [21m[0m] at step: 21172
[[93m[1m WARNING [21m[0m] -----------------------------------------------------------------
[[93m[1m WARNING [21m[0m] Element conservation is violated too large
[[93m[1m WARNING [21m[0m] at step: 21173
[[93m[1m WARNING [21m[0m] -----------------------------------------------------------------
[[93m[1m WARNING [21m[0m] Element conservation is violated too large
[[93m[1m WARNING [21m[0m] at step: 21184
[[93m[1m WARNING [21m[0m] -----------------------------------------------------------------
[[93m[1m WARNING [21m[0m] Element conservation is violated too large
[[93m[1m WARNING [21m[0m] at step: 21192
[[93m[1m WARNING [21m[0m] -----------------------------------------------------------------
[[93m[1m WARNING [21m[0m] Element conservation is violated too large
[[93m[1m WARNING [21m[0m] at step: 21193
[[93m[1m WARNING [21m[0m] -----------------------------------------------------------------
[[32m[1m INFO  [21m[0m] Elapsed time: 9.36e-01 || Step number: 21200/30000
[[32m[1m INFO  [21m[0m] longdy = 1.00e+00      || longdy/dt = 1.00e+00  || dt = 1.08e-04
[[32m[1m INFO  [21m[0m] from nz = 0 and OH
[[32m[1m INFO  [21m[0m] -----------------------------------------------------------------
[[93m[1m WARNING [21m[0m] Element conservation is violated too large
[[93m[1m WARNING [21m[0m] at step: 21200
[[93m[1m WARNING [21m[0m] -----------------------------------------------------------------
[[93m[1m WARNING [21m[0m] Element conservation is violated too large
[[93m[1m WARNING [21m[0m] at step: 21203
[[93m[1m WARNING [21m[0m] -----------------------------------------------------------------
[[93m[1m WARNING [21m[0m] Element conservation is violated too large
[[93m[1m WARNING [21m[0m] at step: 21208
[[93m[1m WARNING [21m[0m] -----------------------------------------------------------------
[[93m[1m WARNING [21m[0m] Element conservation is violated too large
[[93m[1m WARNING [21m[0m] at step: 21210
[[93m[1m WARNING [21m[0m] -----------------------------------------------------------------
[[93m[1m WARNING [21m[0m] Element conservation is violated too large
[[93m[1m WARNING [21m[0m] at step: 21221
[[93m[1m WARNING [21m[0m] -----------------------------------------------------------------
[[93m[1m WARNING [21m[0m] Element conservation is violated too large
[[93m[1m WARNING [21m[0m] at step: 21224
[[93m[1m WARNING [21m[0m] -----------------------------------------------------------------
[[93m[1m WARNING [21m[0m] Element conservation is violated too large
[[93m[1m WARNING [21m[0m] at step: 21226
[[93m[1m WARNING [21m[0m] -----------------------------------------------------------------
[[93m[1m WARNING [21m[0m] Element conservation is violated too large
[[93m[1m WARNING [21m[0m] at step: 21235
[[93m[1m WARNING [21m[0m] -----------------------------------------------------------------
[[93m[1m WARNING [21m[0m] Element conservation is violated too large
[[93m[1m WARNING [21m[0m] at step: 21244
[[93m[1m WARNING [21m[0m] -----------------------------------------------------------------
[[93m[1m WARNING [21m[0m] Element conservation is violated too large
[[93m[1m WARNING [21m[0m] at step: 21246
[[93m[1m WARNING [21m[0m] -----------------------------------------------------------------
[[93m[1m WARNING [21m[0m] Element conservation is violated too large
[[93m[1m WARNING [21m[0m] at step: 21248
[[93m[1m WARNING [21m[0m] -----------------------------------------------------------------
[[93m[1m WARNING [21m[0m] Element conservation is violated too large
[[93m[1m WARNING [21m[0m] at step: 21250
[[93m[1m WARNING [21m[0m] -----------------------------------------------------------------
[[93m[1m WARNING [21m[0m] Element conservation is violated too large
[[93m[1m WARNING [21m[0m] at step: 21255
[[93m[1m WARNING [21m[0m] -----------------------------------------------------------------
[[93m[1m WARNING [21m[0m] Element conservation is violated too large
[[93m[1m WARNING [21m[0m] at step: 21262
[[93m[1m WARNING [21m[0m] -----------------------------------------------------------------
[[93m[1m WARNING [21m[0m] Element conservation is violated too large
[[93m[1m WARNING [21m[0m] at step: 21264
[[93m[1m WARNING [21m[0m] -----------------------------------------------------------------
[[32m[1m INFO  [21m[0m] Elapsed time: 9.44e-01 || Step number: 21300/30000
[[32m[1m INFO  [21m[0m] longdy = 1.00e+00      || longdy/dt = 1.00e+00  || dt = 1.73e-04
[[32m[1m INFO  [21m[0m] from nz = 0 and OH
[[32m[1m INFO  [21m[0m] -----------------------------------------------------------------
[[93m[1m WARNING [21m[0m] Element conservation is violated too large
[[93m[1m WARNING [21m[0m] at step: 21300
[[93m[1m WARNING [21m[0m] -----------------------------------------------------------------
[[93m[1m WARNING [21m[0m] Element conservation is violated too large
[[93m[1m WARNING [21m[0m] at step: 21309
[[93m[1m WARNING [21m[0m] -----------------------------------------------------------------
[[93m[1m WARNING [21m[0m] Element conservation is violated too large
[[93m[1m WARNING [21m[0m] at step: 21319
[[93m[1m WARNING [21m[0m] -----------------------------------------------------------------
[[93m[1m WARNING [21m[0m] Element conservation is violated too large
[[93m[1m WARNING [21m[0m] at step: 21336
[[93m[1m WARNING [21m[0m] -----------------------------------------------------------------
[[93m[1m WARNING [21m[0m] Element conservation is violated too large
[[93m[1m WARNING [21m[0m] at step: 21342
[[93m[1m WARNING [21m[0m] -----------------------------------------------------------------
[[93m[1m WARNING [21m[0m] Element conservation is violated too large
[[93m[1m WARNING [21m[0m] at step: 21351
[[93m[1m WARNING [21m[0m] -----------------------------------------------------------------
[[93m[1m WARNING [21m[0m] Element conservation is violated too large
[[93m[1m WARNING [21m[0m] at step: 21352
[[93m[1m WARNING [21m[0m] -----------------------------------------------------------------
[[93m[1m WARNING [21m[0m] Element conservation is violated too large
[[93m[1m WARNING [21m[0m] at step: 21357
[[93m[1m WARNING [21m[0m] -----------------------------------------------------------------
[[93m[1m WARNING [21m[0m] Element conservation is violated too large
[[93m[1m WARNING [21m[0m] at step: 21357
[[93m[1m WARNING [21m[0m] -----------------------------------------------------------------
[[93m[1m WARNING [21m[0m] Element conservation is violated too large
[[93m[1m WARNING [21m[0m] at step: 21359
[[93m[1m WARNING [21m[0m] -----------------------------------------------------------------
[[93m[1m WARNING [21m[0m] Element conservation is violated too large
[[93m[1m WARNING [21m[0m] at step: 21362
[[93m[1m WARNING [21m[0m] -----------------------------------------------------------------
[[93m[1m WARNING [21m[0m] Element conservation is violated too large
[[93m[1m WARNING [21m[0m] at step: 21364
[[93m[1m WARNING [21m[0m] -----------------------------------------------------------------
[[93m[1m WARNING [21m[0m] Element conservation is violated too large
[[93m[1m WARNING [21m[0m] at step: 21365
[[93m[1m WARNING [21m[0m] -----------------------------------------------------------------
[[93m[1m WARNING [21m[0m] Element conservation is violated too large
[[93m[1m WARNING [21m[0m] at step: 21365
[[93m[1m WARNING [21m[0m] -----------------------------------------------------------------
[[93m[1m WARNING [21m[0m] Element conservation is violated too large
[[93m[1m WARNING [21m[0m] at step: 21381
[[93m[1m WARNING [21m[0m] -----------------------------------------------------------------
[[93m[1m WARNING [21m[0m] Element conservation is violated too large
[[93m[1m WARNING [21m[0m] at step: 21397
[[93m[1m WARNING [21m[0m] -----------------------------------------------------------------
[[32m[1m INFO  [21m[0m] Elapsed time: 9.51e-01 || Step number: 21400/30000
[[32m[1m INFO  [21m[0m] longdy = 1.00e+00      || longdy/dt = 1.00e+00  || dt = 1.44e-04
[[32m[1m INFO  [21m[0m] from nz = 0 and OH
[[32m[1m INFO  [21m[0m] -----------------------------------------------------------------
[[93m[1m WARNING [21m[0m] Element conservation is violated too large
[[93m[1m WARNING [21m[0m] at step: 21403
[[93m[1m WARNING [21m[0m] -----------------------------------------------------------------
[[93m[1m WARNING [21m[0m] Element conservation is violated too large
[[93m[1m WARNING [21m[0m] at step: 21416
[[93m[1m WARNING [21m[0m] -----------------------------------------------------------------
[[93m[1m WARNING [21m[0m] Element conservation is violated too large
[[93m[1m WARNING [21m[0m] at step: 21421
[[93m[1m WARNING [21m[0m] -----------------------------------------------------------------
[[93m[1m WARNING [21m[0m] Element conservation is violated too large
[[93m[1m WARNING [21m[0m] at step: 21424
[[93m[1m WARNING [21m[0m] -----------------------------------------------------------------
[[93m[1m WARNING [21m[0m] Element conservation is violated too large
[[93m[1m WARNING [21m[0m] at step: 21429
[[93m[1m WARNING [21m[0m] -----------------------------------------------------------------
[[93m[1m WARNING [21m[0m] Element conservation is violated too large
[[93m[1m WARNING [21m[0m] at step: 21430
[[93m[1m WARNING [21m[0m] -----------------------------------------------------------------
[[93m[1m WARNING [21m[0m] Element conservation is violated too large
[[93m[1m WARNING [21m[0m] at step: 21432
[[93m[1m WARNING [21m[0m] -----------------------------------------------------------------
[[93m[1m WARNING [21m[0m] Element conservation is violated too large
[[93m[1m WARNING [21m[0m] at step: 21443
[[93m[1m WARNING [21m[0m] -----------------------------------------------------------------
[[93m[1m WARNING [21m[0m] Element conservation is violated too large
[[93m[1m WARNING [21m[0m] at step: 21444
[[93m[1m WARNING [21m[0m] -----------------------------------------------------------------
[[93m[1m WARNING [21m[0m] Element conservation is violated too large
[[93m[1m WARNING [21m[0m] at step: 21448
[[93m[1m WARNING [21m[0m] -----------------------------------------------------------------
[[93m[1m WARNING [21m[0m] Element conservation is violated too large
[[93m[1m WARNING [21m[0m] at step: 21461
[[93m[1m WARNING [21m[0m] -----------------------------------------------------------------
[[93m[1m WARNING [21m[0m] Element conservation is violated too large
[[93m[1m WARNING [21m[0m] at step: 21475
[[93m[1m WARNING [21m[0m] -----------------------------------------------------------------
[[93m[1m WARNING [21m[0m] Element conservation is violated too large
[[93m[1m WARNING [21m[0m] at step: 21483
[[93m[1m WARNING [21m[0m] -----------------------------------------------------------------
[[93m[1m WARNING [21m[0m] Element conservation is violated too large
[[93m[1m WARNING [21m[0m] at step: 21490
[[93m[1m WARNING [21m[0m] -----------------------------------------------------------------
[[32m[1m INFO  [21m[0m] Elapsed time: 9.59e-01 || Step number: 21500/30000
[[32m[1m INFO  [21m[0m] longdy = 1.00e+00      || longdy/dt = 1.00e+00  || dt = 9.81e-05
[[32m[1m INFO  [21m[0m] from nz = 0 and OH
[[32m[1m INFO  [21m[0m] -----------------------------------------------------------------
[[93m[1m WARNING [21m[0m] Element conservation is violated too large
[[93m[1m WARNING [21m[0m] at step: 21507
[[93m[1m WARNING [21m[0m] -----------------------------------------------------------------
[[93m[1m WARNING [21m[0m] Element conservation is violated too large
[[93m[1m WARNING [21m[0m] at step: 21516
[[93m[1m WARNING [21m[0m] -----------------------------------------------------------------
[[93m[1m WARNING [21m[0m] Element conservation is violated too large
[[93m[1m WARNING [21m[0m] at step: 21517
[[93m[1m WARNING [21m[0m] -----------------------------------------------------------------
[[93m[1m WARNING [21m[0m] Element conservation is violated too large
[[93m[1m WARNING [21m[0m] at step: 21534
[[93m[1m WARNING [21m[0m] -----------------------------------------------------------------
[[93m[1m WARNING [21m[0m] Element conservation is violated too large
[[93m[1m WARNING [21m[0m] at step: 21548
[[93m[1m WARNING [21m[0m] -----------------------------------------------------------------
[[93m[1m WARNING [21m[0m] Element conservation is violated too large
[[93m[1m WARNING [21m[0m] at step: 21554
[[93m[1m WARNING [21m[0m] -----------------------------------------------------------------
[[93m[1m WARNING [21m[0m] Element conservation is violated too large
[[93m[1m WARNING [21m[0m] at step: 21570
[[93m[1m WARNING [21m[0m] -----------------------------------------------------------------
[[93m[1m WARNING [21m[0m] Element conservation is violated too large
[[93m[1m WARNING [21m[0m] at step: 21577
[[93m[1m WARNING [21m[0m] -----------------------------------------------------------------
[[93m[1m WARNING [21m[0m] Element conservation is violated too large
[[93m[1m WARNING [21m[0m] at step: 21580
[[93m[1m WARNING [21m[0m] -----------------------------------------------------------------
[[93m[1m WARNING [21m[0m] Element conservation is violated too large
[[93m[1m WARNING [21m[0m] at step: 21589
[[93m[1m WARNING [21m[0m] -----------------------------------------------------------------
[[93m[1m WARNING [21m[0m] Element conservation is violated too large
[[93m[1m WARNING [21m[0m] at step: 21591
[[93m[1m WARNING [21m[0m] -----------------------------------------------------------------
[[32m[1m INFO  [21m[0m] Elapsed time: 9.67e-01 || Step number: 21600/30000
[[32m[1m INFO  [21m[0m] longdy = 1.00e+00      || longdy/dt = 1.00e+00  || dt = 1.04e-04
[[32m[1m INFO  [21m[0m] from nz = 0 and OH
[[32m[1m INFO  [21m[0m] -----------------------------------------------------------------
[[93m[1m WARNING [21m[0m] Element conservation is violated too large
[[93m[1m WARNING [21m[0m] at step: 21600
[[93m[1m WARNING [21m[0m] -----------------------------------------------------------------
[[93m[1m WARNING [21m[0m] Element conservation is violated too large
[[93m[1m WARNING [21m[0m] at step: 21610
[[93m[1m WARNING [21m[0m] -----------------------------------------------------------------
[[93m[1m WARNING [21m[0m] Element conservation is violated too large
[[93m[1m WARNING [21m[0m] at step: 21612
[[93m[1m WARNING [21m[0m] -----------------------------------------------------------------
[[93m[1m WARNING [21m[0m] Element conservation is violated too large
[[93m[1m WARNING [21m[0m] at step: 21617
[[93m[1m WARNING [21m[0m] -----------------------------------------------------------------
[[93m[1m WARNING [21m[0m] Element conservation is violated too large
[[93m[1m WARNING [21m[0m] at step: 21619
[[93m[1m WARNING [21m[0m] -----------------------------------------------------------------
[[93m[1m WARNING [21m[0m] Element conservation is violated too large
[[93m[1m WARNING [21m[0m] at step: 21637
[[93m[1m WARNING [21m[0m] -----------------------------------------------------------------
[[93m[1m WARNING [21m[0m] Element conservation is violated too large
[[93m[1m WARNING [21m[0m] at step: 21638
[[93m[1m WARNING [21m[0m] -----------------------------------------------------------------
[[93m[1m WARNING [21m[0m] Element conservation is violated too large
[[93m[1m WARNING [21m[0m] at step: 21645
[[93m[1m WARNING [21m[0m] -----------------------------------------------------------------
[[93m[1m WARNING [21m[0m] Element conservation is violated too large
[[93m[1m WARNING [21m[0m] at step: 21653
[[93m[1m WARNING [21m[0m] -----------------------------------------------------------------
[[93m[1m WARNING [21m[0m] Element conservation is violated too large
[[93m[1m WARNING [21m[0m] at step: 21655
[[93m[1m WARNING [21m[0m] -----------------------------------------------------------------
[[93m[1m WARNING [21m[0m] Element conservation is violated too large
[[93m[1m WARNING [21m[0m] at step: 21657
[[93m[1m WARNING [21m[0m] -----------------------------------------------------------------
[[93m[1m WARNING [21m[0m] Element conservation is violated too large
[[93m[1m WARNING [21m[0m] at step: 21658
[[93m[1m WARNING [21m[0m] -----------------------------------------------------------------
[[93m[1m WARNING [21m[0m] Element conservation is violated too large
[[93m[1m WARNING [21m[0m] at step: 21667
[[93m[1m WARNING [21m[0m] -----------------------------------------------------------------
[[93m[1m WARNING [21m[0m] Element conservation is violated too large
[[93m[1m WARNING [21m[0m] at step: 21670
[[93m[1m WARNING [21m[0m] -----------------------------------------------------------------
[[93m[1m WARNING [21m[0m] Element conservation is violated too large
[[93m[1m WARNING [21m[0m] at step: 21680
[[93m[1m WARNING [21m[0m] -----------------------------------------------------------------
[[93m[1m WARNING [21m[0m] Element conservation is violated too large
[[93m[1m WARNING [21m[0m] at step: 21684
[[93m[1m WARNING [21m[0m] -----------------------------------------------------------------
[[93m[1m WARNING [21m[0m] Element conservation is violated too large
[[93m[1m WARNING [21m[0m] at step: 21687
[[93m[1m WARNING [21m[0m] -----------------------------------------------------------------
[[93m[1m WARNING [21m[0m] Element conservation is violated too large
[[93m[1m WARNING [21m[0m] at step: 21698
[[93m[1m WARNING [21m[0m] -----------------------------------------------------------------
[[32m[1m INFO  [21m[0m] Elapsed time: 9.74e-01 || Step number: 21700/30000
[[32m[1m INFO  [21m[0m] longdy = 1.00e+00      || longdy/dt = 1.00e+00  || dt = 1.21e-04
[[32m[1m INFO  [21m[0m] from nz = 0 and OH
[[32m[1m INFO  [21m[0m] -----------------------------------------------------------------
[[93m[1m WARNING [21m[0m] Element conservation is violated too large
[[93m[1m WARNING [21m[0m] at step: 21715
[[93m[1m WARNING [21m[0m] -----------------------------------------------------------------
[[93m[1m WARNING [21m[0m] Element conservation is violated too large
[[93m[1m WARNING [21m[0m] at step: 21719
[[93m[1m WARNING [21m[0m] -----------------------------------------------------------------
[[93m[1m WARNING [21m[0m] Element conservation is violated too large
[[93m[1m WARNING [21m[0m] at step: 21733
[[93m[1m WARNING [21m[0m] -----------------------------------------------------------------
[[93m[1m WARNING [21m[0m] Element conservation is violated too large
[[93m[1m WARNING [21m[0m] at step: 21753
[[93m[1m WARNING [21m[0m] -----------------------------------------------------------------
[[93m[1m WARNING [21m[0m] Element conservation is violated too large
[[93m[1m WARNING [21m[0m] at step: 21767
[[93m[1m WARNING [21m[0m] -----------------------------------------------------------------
[[93m[1m WARNING [21m[0m] Element conservation is violated too large
[[93m[1m WARNING [21m[0m] at step: 21777
[[93m[1m WARNING [21m[0m] -----------------------------------------------------------------
[[93m[1m WARNING [21m[0m] Element conservation is violated too large
[[93m[1m WARNING [21m[0m] at step: 21791
[[93m[1m WARNING [21m[0m] -----------------------------------------------------------------
[[93m[1m WARNING [21m[0m] Element conservation is violated too large
[[93m[1m WARNING [21m[0m] at step: 21791
[[93m[1m WARNING [21m[0m] -----------------------------------------------------------------
[[93m[1m WARNING [21m[0m] Element conservation is violated too large
[[93m[1m WARNING [21m[0m] at step: 21794
[[93m[1m WARNING [21m[0m] -----------------------------------------------------------------
[[32m[1m INFO  [21m[0m] Elapsed time: 9.82e-01 || Step number: 21800/30000
[[32m[1m INFO  [21m[0m] longdy = 1.00e+00      || longdy/dt = 1.00e+00  || dt = 8.65e-05
[[32m[1m INFO  [21m[0m] from nz = 0 and OH
[[32m[1m INFO  [21m[0m] -----------------------------------------------------------------
[[93m[1m WARNING [21m[0m] Element conservation is violated too large
[[93m[1m WARNING [21m[0m] at step: 21802
[[93m[1m WARNING [21m[0m] -----------------------------------------------------------------
[[93m[1m WARNING [21m[0m] Element conservation is violated too large
[[93m[1m WARNING [21m[0m] at step: 21810
[[93m[1m WARNING [21m[0m] -----------------------------------------------------------------
[[93m[1m WARNING [21m[0m] Element conservation is violated too large
[[93m[1m WARNING [21m[0m] at step: 21819
[[93m[1m WARNING [21m[0m] -----------------------------------------------------------------
[[93m[1m WARNING [21m[0m] Element conservation is violated too large
[[93m[1m WARNING [21m[0m] at step: 21823
[[93m[1m WARNING [21m[0m] -----------------------------------------------------------------
[[93m[1m WARNING [21m[0m] Element conservation is violated too large
[[93m[1m WARNING [21m[0m] at step: 21839
[[93m[1m WARNING [21m[0m] -----------------------------------------------------------------
[[93m[1m WARNING [21m[0m] Element conservation is violated too large
[[93m[1m WARNING [21m[0m] at step: 21845
[[93m[1m WARNING [21m[0m] -----------------------------------------------------------------
[[93m[1m WARNING [21m[0m] Element conservation is violated too large
[[93m[1m WARNING [21m[0m] at step: 21853
[[93m[1m WARNING [21m[0m] -----------------------------------------------------------------
[[93m[1m WARNING [21m[0m] Element conservation is violated too large
[[93m[1m WARNING [21m[0m] at step: 21857
[[93m[1m WARNING [21m[0m] -----------------------------------------------------------------
[[93m[1m WARNING [21m[0m] Element conservation is violated too large
[[93m[1m WARNING [21m[0m] at step: 21862
[[93m[1m WARNING [21m[0m] -----------------------------------------------------------------
[[93m[1m WARNING [21m[0m] Element conservation is violated too large
[[93m[1m WARNING [21m[0m] at step: 21872
[[93m[1m WARNING [21m[0m] -----------------------------------------------------------------
[[93m[1m WARNING [21m[0m] Element conservation is violated too large
[[93m[1m WARNING [21m[0m] at step: 21877
[[93m[1m WARNING [21m[0m] -----------------------------------------------------------------
[[93m[1m WARNING [21m[0m] Element conservation is violated too large
[[93m[1m WARNING [21m[0m] at step: 21879
[[93m[1m WARNING [21m[0m] -----------------------------------------------------------------
[[93m[1m WARNING [21m[0m] Element conservation is violated too large
[[93m[1m WARNING [21m[0m] at step: 21880
[[93m[1m WARNING [21m[0m] -----------------------------------------------------------------
[[93m[1m WARNING [21m[0m] Element conservation is violated too large
[[93m[1m WARNING [21m[0m] at step: 21882
[[93m[1m WARNING [21m[0m] -----------------------------------------------------------------
[[32m[1m INFO  [21m[0m] Elapsed time: 9.89e-01 || Step number: 21900/30000
[[32m[1m INFO  [21m[0m] longdy = 1.00e+00      || longdy/dt = 1.00e+00  || dt = 9.81e-05
[[32m[1m INFO  [21m[0m] from nz = 0 and OH
[[32m[1m INFO  [21m[0m] -----------------------------------------------------------------
[[93m[1m WARNING [21m[0m] Element conservation is violated too large
[[93m[1m WARNING [21m[0m] at step: 21904
[[93m[1m WARNING [21m[0m] -----------------------------------------------------------------
[[93m[1m WARNING [21m[0m] Element conservation is violated too large
[[93m[1m WARNING [21m[0m] at step: 21906
[[93m[1m WARNING [21m[0m] -----------------------------------------------------------------
[[93m[1m WARNING [21m[0m] Element conservation is violated too large
[[93m[1m WARNING [21m[0m] at step: 21916
[[93m[1m WARNING [21m[0m] -----------------------------------------------------------------
[[93m[1m WARNING [21m[0m] Element conservation is violated too large
[[93m[1m WARNING [21m[0m] at step: 21918
[[93m[1m WARNING [21m[0m] -----------------------------------------------------------------
[[93m[1m WARNING [21m[0m] Element conservation is violated too large
[[93m[1m WARNING [21m[0m] at step: 21923
[[93m[1m WARNING [21m[0m] -----------------------------------------------------------------
[[93m[1m WARNING [21m[0m] Element conservation is violated too large
[[93m[1m WARNING [21m[0m] at step: 21926
[[93m[1m WARNING [21m[0m] -----------------------------------------------------------------
[[93m[1m WARNING [21m[0m] Element conservation is violated too large
[[93m[1m WARNING [21m[0m] at step: 21931
[[93m[1m WARNING [21m[0m] -----------------------------------------------------------------
[[93m[1m WARNING [21m[0m] Element conservation is violated too large
[[93m[1m WARNING [21m[0m] at step: 21939
[[93m[1m WARNING [21m[0m] -----------------------------------------------------------------
[[93m[1m WARNING [21m[0m] Element conservation is violated too large
[[93m[1m WARNING [21m[0m] at step: 21947
[[93m[1m WARNING [21m[0m] -----------------------------------------------------------------
[[93m[1m WARNING [21m[0m] Element conservation is violated too large
[[93m[1m WARNING [21m[0m] at step: 21969
[[93m[1m WARNING [21m[0m] -----------------------------------------------------------------
[[93m[1m WARNING [21m[0m] Element conservation is violated too large
[[93m[1m WARNING [21m[0m] at step: 21970
[[93m[1m WARNING [21m[0m] -----------------------------------------------------------------
[[93m[1m WARNING [21m[0m] Element conservation is violated too large
[[93m[1m WARNING [21m[0m] at step: 21983
[[93m[1m WARNING [21m[0m] -----------------------------------------------------------------
[[93m[1m WARNING [21m[0m] Element conservation is violated too large
[[93m[1m WARNING [21m[0m] at step: 21996
[[93m[1m WARNING [21m[0m] -----------------------------------------------------------------
[[93m[1m WARNING [21m[0m] Element conservation is violated too large
[[93m[1m WARNING [21m[0m] at step: 21999
[[93m[1m WARNING [21m[0m] -----------------------------------------------------------------
[[32m[1m INFO  [21m[0m] Elapsed time: 9.97e-01 || Step number: 22000/30000
[[32m[1m INFO  [21m[0m] longdy = 1.00e+00      || longdy/dt = 1.00e+00  || dt = 1.10e-04
[[32m[1m INFO  [21m[0m] from nz = 0 and OH
[[32m[1m INFO  [21m[0m] -----------------------------------------------------------------
[[93m[1m WARNING [21m[0m] Element conservation is violated too large
[[93m[1m WARNING [21m[0m] at step: 22004
[[93m[1m WARNING [21m[0m] -----------------------------------------------------------------
[[93m[1m WARNING [21m[0m] Element conservation is violated too large
[[93m[1m WARNING [21m[0m] at step: 22015
[[93m[1m WARNING [21m[0m] -----------------------------------------------------------------
[[93m[1m WARNING [21m[0m] Element conservation is violated too large
[[93m[1m WARNING [21m[0m] at step: 22020
[[93m[1m WARNING [21m[0m] -----------------------------------------------------------------
[[93m[1m WARNING [21m[0m] Element conservation is violated too large
[[93m[1m WARNING [21m[0m] at step: 22026
[[93m[1m WARNING [21m[0m] -----------------------------------------------------------------
[[93m[1m WARNING [21m[0m] Element conservation is violated too large
[[93m[1m WARNING [21m[0m] at step: 22030
[[93m[1m WARNING [21m[0m] -----------------------------------------------------------------
[[93m[1m WARNING [21m[0m] Element conservation is violated too large
[[93m[1m WARNING [21m[0m] at step: 22039
[[93m[1m WARNING [21m[0m] -----------------------------------------------------------------
[[93m[1m WARNING [21m[0m] Element conservation is violated too large
[[93m[1m WARNING [21m[0m] at step: 22043
[[93m[1m WARNING [21m[0m] -----------------------------------------------------------------
[[93m[1m WARNING [21m[0m] Element conservation is violated too large
[[93m[1m WARNING [21m[0m] at step: 22045
[[93m[1m WARNING [21m[0m] -----------------------------------------------------------------
[[93m[1m WARNING [21m[0m] Element conservation is violated too large
[[93m[1m WARNING [21m[0m] at step: 22049
[[93m[1m WARNING [21m[0m] -----------------------------------------------------------------
[[93m[1m WARNING [21m[0m] Element conservation is violated too large
[[93m[1m WARNING [21m[0m] at step: 22060
[[93m[1m WARNING [21m[0m] -----------------------------------------------------------------
[[93m[1m WARNING [21m[0m] Element conservation is violated too large
[[93m[1m WARNING [21m[0m] at step: 22061
[[93m[1m WARNING [21m[0m] -----------------------------------------------------------------
[[93m[1m WARNING [21m[0m] Element conservation is violated too large
[[93m[1m WARNING [21m[0m] at step: 22067
[[93m[1m WARNING [21m[0m] -----------------------------------------------------------------
[[93m[1m WARNING [21m[0m] Element conservation is violated too large
[[93m[1m WARNING [21m[0m] at step: 22069
[[93m[1m WARNING [21m[0m] -----------------------------------------------------------------
[[93m[1m WARNING [21m[0m] Element conservation is violated too large
[[93m[1m WARNING [21m[0m] at step: 22072
[[93m[1m WARNING [21m[0m] -----------------------------------------------------------------
[[93m[1m WARNING [21m[0m] Element conservation is violated too large
[[93m[1m WARNING [21m[0m] at step: 22075
[[93m[1m WARNING [21m[0m] -----------------------------------------------------------------
[[93m[1m WARNING [21m[0m] Element conservation is violated too large
[[93m[1m WARNING [21m[0m] at step: 22076
[[93m[1m WARNING [21m[0m] -----------------------------------------------------------------
[[93m[1m WARNING [21m[0m] Element conservation is violated too large
[[93m[1m WARNING [21m[0m] at step: 22083
[[93m[1m WARNING [21m[0m] -----------------------------------------------------------------
[[93m[1m WARNING [21m[0m] Element conservation is violated too large
[[93m[1m WARNING [21m[0m] at step: 22086
[[93m[1m WARNING [21m[0m] -----------------------------------------------------------------
[[93m[1m WARNING [21m[0m] Element conservation is violated too large
[[93m[1m WARNING [21m[0m] at step: 22088
[[93m[1m WARNING [21m[0m] -----------------------------------------------------------------
[[93m[1m WARNING [21m[0m] Element conservation is violated too large
[[93m[1m WARNING [21m[0m] at step: 22090
[[93m[1m WARNING [21m[0m] -----------------------------------------------------------------
[[93m[1m WARNING [21m[0m] Element conservation is violated too large
[[93m[1m WARNING [21m[0m] at step: 22092
[[93m[1m WARNING [21m[0m] -----------------------------------------------------------------
[[93m[1m WARNING [21m[0m] Element conservation is violated too large
[[93m[1m WARNING [21m[0m] at step: 22097
[[93m[1m WARNING [21m[0m] -----------------------------------------------------------------
[[32m[1m INFO  [21m[0m] Elapsed time: 1.00e+00 || Step number: 22100/30000
[[32m[1m INFO  [21m[0m] longdy = 1.00e+00      || longdy/dt = 1.00e+00  || dt = 1.46e-04
[[32m[1m INFO  [21m[0m] from nz = 0 and OH
[[32m[1m INFO  [21m[0m] -----------------------------------------------------------------
[[93m[1m WARNING [21m[0m] Element conservation is violated too large
[[93m[1m WARNING [21m[0m] at step: 22106
[[93m[1m WARNING [21m[0m] -----------------------------------------------------------------
[[93m[1m WARNING [21m[0m] Element conservation is violated too large
[[93m[1m WARNING [21m[0m] at step: 22111
[[93m[1m WARNING [21m[0m] -----------------------------------------------------------------
[[93m[1m WARNING [21m[0m] Element conservation is violated too large
[[93m[1m WARNING [21m[0m] at step: 22116
[[93m[1m WARNING [21m[0m] -----------------------------------------------------------------
[[93m[1m WARNING [21m[0m] Element conservation is violated too large
[[93m[1m WARNING [21m[0m] at step: 22130
[[93m[1m WARNING [21m[0m] -----------------------------------------------------------------
[[93m[1m WARNING [21m[0m] Element conservation is violated too large
[[93m[1m WARNING [21m[0m] at step: 22143
[[93m[1m WARNING [21m[0m] -----------------------------------------------------------------
[[93m[1m WARNING [21m[0m] Element conservation is violated too large
[[93m[1m WARNING [21m[0m] at step: 22149
[[93m[1m WARNING [21m[0m] -----------------------------------------------------------------
[[93m[1m WARNING [21m[0m] Element conservation is violated too large
[[93m[1m WARNING [21m[0m] at step: 22156
[[93m[1m WARNING [21m[0m] -----------------------------------------------------------------
[[93m[1m WARNING [21m[0m] Element conservation is violated too large
[[93m[1m WARNING [21m[0m] at step: 22181
[[93m[1m WARNING [21m[0m] -----------------------------------------------------------------
[[93m[1m WARNING [21m[0m] Element conservation is violated too large
[[93m[1m WARNING [21m[0m] at step: 22190
[[93m[1m WARNING [21m[0m] -----------------------------------------------------------------
[[93m[1m WARNING [21m[0m] Element conservation is violated too large
[[93m[1m WARNING [21m[0m] at step: 22192
[[93m[1m WARNING [21m[0m] -----------------------------------------------------------------
[[93m[1m WARNING [21m[0m] Element conservation is violated too large
[[93m[1m WARNING [21m[0m] at step: 22198
[[93m[1m WARNING [21m[0m] -----------------------------------------------------------------
[[32m[1m INFO  [21m[0m] Elapsed time: 1.01e+00 || Step number: 22200/30000
[[32m[1m INFO  [21m[0m] longdy = 1.00e+00      || longdy/dt = 1.00e+00  || dt = 1.47e-04
[[32m[1m INFO  [21m[0m] from nz = 0 and OH
[[32m[1m INFO  [21m[0m] -----------------------------------------------------------------
[[93m[1m WARNING [21m[0m] Element conservation is violated too large
[[93m[1m WARNING [21m[0m] at step: 22208
[[93m[1m WARNING [21m[0m] -----------------------------------------------------------------
[[93m[1m WARNING [21m[0m] Element conservation is violated too large
[[93m[1m WARNING [21m[0m] at step: 22210
[[93m[1m WARNING [21m[0m] -----------------------------------------------------------------
[[93m[1m WARNING [21m[0m] Element conservation is violated too large
[[93m[1m WARNING [21m[0m] at step: 22227
[[93m[1m WARNING [21m[0m] -----------------------------------------------------------------
[[93m[1m WARNING [21m[0m] Element conservation is violated too large
[[93m[1m WARNING [21m[0m] at step: 22230
[[93m[1m WARNING [21m[0m] -----------------------------------------------------------------
[[93m[1m WARNING [21m[0m] Element conservation is violated too large
[[93m[1m WARNING [21m[0m] at step: 22233
[[93m[1m WARNING [21m[0m] -----------------------------------------------------------------
[[93m[1m WARNING [21m[0m] Element conservation is violated too large
[[93m[1m WARNING [21m[0m] at step: 22238
[[93m[1m WARNING [21m[0m] -----------------------------------------------------------------
[[93m[1m WARNING [21m[0m] Element conservation is violated too large
[[93m[1m WARNING [21m[0m] at step: 22239
[[93m[1m WARNING [21m[0m] -----------------------------------------------------------------
[[93m[1m WARNING [21m[0m] Element conservation is violated too large
[[93m[1m WARNING [21m[0m] at step: 22242
[[93m[1m WARNING [21m[0m] -----------------------------------------------------------------
[[93m[1m WARNING [21m[0m] Element conservation is violated too large
[[93m[1m WARNING [21m[0m] at step: 22248
[[93m[1m WARNING [21m[0m] -----------------------------------------------------------------
[[93m[1m WARNING [21m[0m] Element conservation is violated too large
[[93m[1m WARNING [21m[0m] at step: 22253
[[93m[1m WARNING [21m[0m] -----------------------------------------------------------------
[[93m[1m WARNING [21m[0m] Element conservation is violated too large
[[93m[1m WARNING [21m[0m] at step: 22268
[[93m[1m WARNING [21m[0m] -----------------------------------------------------------------
[[93m[1m WARNING [21m[0m] Element conservation is violated too large
[[93m[1m WARNING [21m[0m] at step: 22272
[[93m[1m WARNING [21m[0m] -----------------------------------------------------------------
[[93m[1m WARNING [21m[0m] Element conservation is violated too large
[[93m[1m WARNING [21m[0m] at step: 22280
[[93m[1m WARNING [21m[0m] -----------------------------------------------------------------
[[32m[1m INFO  [21m[0m] Elapsed time: 1.02e+00 || Step number: 22300/30000
[[32m[1m INFO  [21m[0m] longdy = 1.00e+00      || longdy/dt = 1.00e+00  || dt = 1.31e-04
[[32m[1m INFO  [21m[0m] from nz = 0 and OH
[[32m[1m INFO  [21m[0m] -----------------------------------------------------------------
[[93m[1m WARNING [21m[0m] Element conservation is violated too large
[[93m[1m WARNING [21m[0m] at step: 22300
[[93m[1m WARNING [21m[0m] -----------------------------------------------------------------
[[93m[1m WARNING [21m[0m] Element conservation is violated too large
[[93m[1m WARNING [21m[0m] at step: 22307
[[93m[1m WARNING [21m[0m] -----------------------------------------------------------------
[[93m[1m WARNING [21m[0m] Element conservation is violated too large
[[93m[1m WARNING [21m[0m] at step: 22312
[[93m[1m WARNING [21m[0m] -----------------------------------------------------------------
[[93m[1m WARNING [21m[0m] Element conservation is violated too large
[[93m[1m WARNING [21m[0m] at step: 22318
[[93m[1m WARNING [21m[0m] -----------------------------------------------------------------
[[93m[1m WARNING [21m[0m] Element conservation is violated too large
[[93m[1m WARNING [21m[0m] at step: 22323
[[93m[1m WARNING [21m[0m] -----------------------------------------------------------------
[[93m[1m WARNING [21m[0m] Element conservation is violated too large
[[93m[1m WARNING [21m[0m] at step: 22354
[[93m[1m WARNING [21m[0m] -----------------------------------------------------------------
[[93m[1m WARNING [21m[0m] Element conservation is violated too large
[[93m[1m WARNING [21m[0m] at step: 22357
[[93m[1m WARNING [21m[0m] -----------------------------------------------------------------
[[93m[1m WARNING [21m[0m] Element conservation is violated too large
[[93m[1m WARNING [21m[0m] at step: 22359
[[93m[1m WARNING [21m[0m] -----------------------------------------------------------------
[[93m[1m WARNING [21m[0m] Element conservation is violated too large
[[93m[1m WARNING [21m[0m] at step: 22360
[[93m[1m WARNING [21m[0m] -----------------------------------------------------------------
[[93m[1m WARNING [21m[0m] Element conservation is violated too large
[[93m[1m WARNING [21m[0m] at step: 22362
[[93m[1m WARNING [21m[0m] -----------------------------------------------------------------
[[93m[1m WARNING [21m[0m] Element conservation is violated too large
[[93m[1m WARNING [21m[0m] at step: 22367
[[93m[1m WARNING [21m[0m] -----------------------------------------------------------------
[[93m[1m WARNING [21m[0m] Element conservation is violated too large
[[93m[1m WARNING [21m[0m] at step: 22369
[[93m[1m WARNING [21m[0m] -----------------------------------------------------------------
[[32m[1m INFO  [21m[0m] Elapsed time: 1.03e+00 || Step number: 22400/30000
[[32m[1m INFO  [21m[0m] longdy = 1.00e+00      || longdy/dt = 1.00e+00  || dt = 1.50e-04
[[32m[1m INFO  [21m[0m] from nz = 0 and OH
[[32m[1m INFO  [21m[0m] -----------------------------------------------------------------
[[93m[1m WARNING [21m[0m] Element conservation is violated too large
[[93m[1m WARNING [21m[0m] at step: 22405
[[93m[1m WARNING [21m[0m] -----------------------------------------------------------------
[[93m[1m WARNING [21m[0m] Element conservation is violated too large
[[93m[1m WARNING [21m[0m] at step: 22414
[[93m[1m WARNING [21m[0m] -----------------------------------------------------------------
[[93m[1m WARNING [21m[0m] Element conservation is violated too large
[[93m[1m WARNING [21m[0m] at step: 22419
[[93m[1m WARNING [21m[0m] -----------------------------------------------------------------
[[93m[1m WARNING [21m[0m] Element conservation is violated too large
[[93m[1m WARNING [21m[0m] at step: 22420
[[93m[1m WARNING [21m[0m] -----------------------------------------------------------------
[[93m[1m WARNING [21m[0m] Element conservation is violated too large
[[93m[1m WARNING [21m[0m] at step: 22422
[[93m[1m WARNING [21m[0m] -----------------------------------------------------------------
[[93m[1m WARNING [21m[0m] Element conservation is violated too large
[[93m[1m WARNING [21m[0m] at step: 22428
[[93m[1m WARNING [21m[0m] -----------------------------------------------------------------
[[93m[1m WARNING [21m[0m] Element conservation is violated too large
[[93m[1m WARNING [21m[0m] at step: 22434
[[93m[1m WARNING [21m[0m] -----------------------------------------------------------------
[[93m[1m WARNING [21m[0m] Element conservation is violated too large
[[93m[1m WARNING [21m[0m] at step: 22444
[[93m[1m WARNING [21m[0m] -----------------------------------------------------------------
[[93m[1m WARNING [21m[0m] Element conservation is violated too large
[[93m[1m WARNING [21m[0m] at step: 22462
[[93m[1m WARNING [21m[0m] -----------------------------------------------------------------
[[93m[1m WARNING [21m[0m] Element conservation is violated too large
[[93m[1m WARNING [21m[0m] at step: 22465
[[93m[1m WARNING [21m[0m] -----------------------------------------------------------------
[[93m[1m WARNING [21m[0m] Element conservation is violated too large
[[93m[1m WARNING [21m[0m] at step: 22473
[[93m[1m WARNING [21m[0m] -----------------------------------------------------------------
[[93m[1m WARNING [21m[0m] Element conservation is violated too large
[[93m[1m WARNING [21m[0m] at step: 22475
[[93m[1m WARNING [21m[0m] -----------------------------------------------------------------
[[93m[1m WARNING [21m[0m] Element conservation is violated too large
[[93m[1m WARNING [21m[0m] at step: 22476
[[93m[1m WARNING [21m[0m] -----------------------------------------------------------------
[[93m[1m WARNING [21m[0m] Element conservation is violated too large
[[93m[1m WARNING [21m[0m] at step: 22479
[[93m[1m WARNING [21m[0m] -----------------------------------------------------------------
[[93m[1m WARNING [21m[0m] Element conservation is violated too large
[[93m[1m WARNING [21m[0m] at step: 22483
[[93m[1m WARNING [21m[0m] -----------------------------------------------------------------
[[32m[1m INFO  [21m[0m] Elapsed time: 1.03e+00 || Step number: 22500/30000
[[32m[1m INFO  [21m[0m] longdy = 1.00e+00      || longdy/dt = 1.00e+00  || dt = 1.75e-04
[[32m[1m INFO  [21m[0m] from nz = 0 and OH
[[32m[1m INFO  [21m[0m] -----------------------------------------------------------------
[[93m[1m WARNING [21m[0m] Element conservation is violated too large
[[93m[1m WARNING [21m[0m] at step: 22508
[[93m[1m WARNING [21m[0m] -----------------------------------------------------------------
[[93m[1m WARNING [21m[0m] Element conservation is violated too large
[[93m[1m WARNING [21m[0m] at step: 22530
[[93m[1m WARNING [21m[0m] -----------------------------------------------------------------
[[93m[1m WARNING [21m[0m] Element conservation is violated too large
[[93m[1m WARNING [21m[0m] at step: 22540
[[93m[1m WARNING [21m[0m] -----------------------------------------------------------------
[[93m[1m WARNING [21m[0m] Element conservation is violated too large
[[93m[1m WARNING [21m[0m] at step: 22549
[[93m[1m WARNING [21m[0m] -----------------------------------------------------------------
[[93m[1m WARNING [21m[0m] Element conservation is violated too large
[[93m[1m WARNING [21m[0m] at step: 22554
[[93m[1m WARNING [21m[0m] -----------------------------------------------------------------
[[93m[1m WARNING [21m[0m] Element conservation is violated too large
[[93m[1m WARNING [21m[0m] at step: 22563
[[93m[1m WARNING [21m[0m] -----------------------------------------------------------------
[[93m[1m WARNING [21m[0m] Element conservation is violated too large
[[93m[1m WARNING [21m[0m] at step: 22568
[[93m[1m WARNING [21m[0m] -----------------------------------------------------------------
[[93m[1m WARNING [21m[0m] Element conservation is violated too large
[[93m[1m WARNING [21m[0m] at step: 22572
[[93m[1m WARNING [21m[0m] -----------------------------------------------------------------
[[93m[1m WARNING [21m[0m] Element conservation is violated too large
[[93m[1m WARNING [21m[0m] at step: 22588
[[93m[1m WARNING [21m[0m] -----------------------------------------------------------------
[[93m[1m WARNING [21m[0m] Element conservation is violated too large
[[93m[1m WARNING [21m[0m] at step: 22593
[[93m[1m WARNING [21m[0m] -----------------------------------------------------------------
[[32m[1m INFO  [21m[0m] Elapsed time: 1.04e+00 || Step number: 22600/30000
[[32m[1m INFO  [21m[0m] longdy = 1.00e+00      || longdy/dt = 1.00e+00  || dt = 1.34e-04
[[32m[1m INFO  [21m[0m] from nz = 0 and OH
[[32m[1m INFO  [21m[0m] -----------------------------------------------------------------
[[93m[1m WARNING [21m[0m] Element conservation is violated too large
[[93m[1m WARNING [21m[0m] at step: 22625
[[93m[1m WARNING [21m[0m] -----------------------------------------------------------------
[[93m[1m WARNING [21m[0m] Element conservation is violated too large
[[93m[1m WARNING [21m[0m] at step: 22629
[[93m[1m WARNING [21m[0m] -----------------------------------------------------------------
[[93m[1m WARNING [21m[0m] Element conservation is violated too large
[[93m[1m WARNING [21m[0m] at step: 22633
[[93m[1m WARNING [21m[0m] -----------------------------------------------------------------
[[93m[1m WARNING [21m[0m] Element conservation is violated too large
[[93m[1m WARNING [21m[0m] at step: 22638
[[93m[1m WARNING [21m[0m] -----------------------------------------------------------------
[[93m[1m WARNING [21m[0m] Element conservation is violated too large
[[93m[1m WARNING [21m[0m] at step: 22651
[[93m[1m WARNING [21m[0m] -----------------------------------------------------------------
[[93m[1m WARNING [21m[0m] Element conservation is violated too large
[[93m[1m WARNING [21m[0m] at step: 22653
[[93m[1m WARNING [21m[0m] -----------------------------------------------------------------
[[93m[1m WARNING [21m[0m] Element conservation is violated too large
[[93m[1m WARNING [21m[0m] at step: 22657
[[93m[1m WARNING [21m[0m] -----------------------------------------------------------------
[[93m[1m WARNING [21m[0m] Element conservation is violated too large
[[93m[1m WARNING [21m[0m] at step: 22670
[[93m[1m WARNING [21m[0m] -----------------------------------------------------------------
[[93m[1m WARNING [21m[0m] Element conservation is violated too large
[[93m[1m WARNING [21m[0m] at step: 22670
[[93m[1m WARNING [21m[0m] -----------------------------------------------------------------
[[93m[1m WARNING [21m[0m] Element conservation is violated too large
[[93m[1m WARNING [21m[0m] at step: 22675
[[93m[1m WARNING [21m[0m] -----------------------------------------------------------------
[[93m[1m WARNING [21m[0m] Element conservation is violated too large
[[93m[1m WARNING [21m[0m] at step: 22676
[[93m[1m WARNING [21m[0m] -----------------------------------------------------------------
[[93m[1m WARNING [21m[0m] Element conservation is violated too large
[[93m[1m WARNING [21m[0m] at step: 22682
[[93m[1m WARNING [21m[0m] -----------------------------------------------------------------
[[93m[1m WARNING [21m[0m] Element conservation is violated too large
[[93m[1m WARNING [21m[0m] at step: 22686
[[93m[1m WARNING [21m[0m] -----------------------------------------------------------------
[[93m[1m WARNING [21m[0m] Element conservation is violated too large
[[93m[1m WARNING [21m[0m] at step: 22694
[[93m[1m WARNING [21m[0m] -----------------------------------------------------------------
[[32m[1m INFO  [21m[0m] Elapsed time: 1.05e+00 || Step number: 22700/30000
[[32m[1m INFO  [21m[0m] longdy = 1.00e+00      || longdy/dt = 1.00e+00  || dt = 9.00e-05
[[32m[1m INFO  [21m[0m] from nz = 0 and OH
[[32m[1m INFO  [21m[0m] -----------------------------------------------------------------
[[93m[1m WARNING [21m[0m] Element conservation is violated too large
[[93m[1m WARNING [21m[0m] at step: 22701
[[93m[1m WARNING [21m[0m] -----------------------------------------------------------------
[[93m[1m WARNING [21m[0m] Element conservation is violated too large
[[93m[1m WARNING [21m[0m] at step: 22707
[[93m[1m WARNING [21m[0m] -----------------------------------------------------------------
[[93m[1m WARNING [21m[0m] Element conservation is violated too large
[[93m[1m WARNING [21m[0m] at step: 22710
[[93m[1m WARNING [21m[0m] -----------------------------------------------------------------
[[93m[1m WARNING [21m[0m] Element conservation is violated too large
[[93m[1m WARNING [21m[0m] at step: 22724
[[93m[1m WARNING [21m[0m] -----------------------------------------------------------------
[[93m[1m WARNING [21m[0m] Element conservation is violated too large
[[93m[1m WARNING [21m[0m] at step: 22728
[[93m[1m WARNING [21m[0m] -----------------------------------------------------------------
[[93m[1m WARNING [21m[0m] Element conservation is violated too large
[[93m[1m WARNING [21m[0m] at step: 22729
[[93m[1m WARNING [21m[0m] -----------------------------------------------------------------
[[93m[1m WARNING [21m[0m] Element conservation is violated too large
[[93m[1m WARNING [21m[0m] at step: 22738
[[93m[1m WARNING [21m[0m] -----------------------------------------------------------------
[[93m[1m WARNING [21m[0m] Element conservation is violated too large
[[93m[1m WARNING [21m[0m] at step: 22738
[[93m[1m WARNING [21m[0m] -----------------------------------------------------------------
[[93m[1m WARNING [21m[0m] Element conservation is violated too large
[[93m[1m WARNING [21m[0m] at step: 22757
[[93m[1m WARNING [21m[0m] -----------------------------------------------------------------
[[93m[1m WARNING [21m[0m] Element conservation is violated too large
[[93m[1m WARNING [21m[0m] at step: 22774
[[93m[1m WARNING [21m[0m] -----------------------------------------------------------------
[[32m[1m INFO  [21m[0m] Elapsed time: 1.06e+00 || Step number: 22800/30000
[[32m[1m INFO  [21m[0m] longdy = 1.00e+00      || longdy/dt = 1.00e+00  || dt = 1.90e-04
[[32m[1m INFO  [21m[0m] from nz = 0 and OH
[[32m[1m INFO  [21m[0m] -----------------------------------------------------------------
[[93m[1m WARNING [21m[0m] Element conservation is violated too large
[[93m[1m WARNING [21m[0m] at step: 22800
[[93m[1m WARNING [21m[0m] -----------------------------------------------------------------
[[93m[1m WARNING [21m[0m] Element conservation is violated too large
[[93m[1m WARNING [21m[0m] at step: 22805
[[93m[1m WARNING [21m[0m] -----------------------------------------------------------------
[[93m[1m WARNING [21m[0m] Element conservation is violated too large
[[93m[1m WARNING [21m[0m] at step: 22810
[[93m[1m WARNING [21m[0m] -----------------------------------------------------------------
[[93m[1m WARNING [21m[0m] Element conservation is violated too large
[[93m[1m WARNING [21m[0m] at step: 22813
[[93m[1m WARNING [21m[0m] -----------------------------------------------------------------
[[93m[1m WARNING [21m[0m] Element conservation is violated too large
[[93m[1m WARNING [21m[0m] at step: 22820
[[93m[1m WARNING [21m[0m] -----------------------------------------------------------------
[[93m[1m WARNING [21m[0m] Element conservation is violated too large
[[93m[1m WARNING [21m[0m] at step: 22823
[[93m[1m WARNING [21m[0m] -----------------------------------------------------------------
[[93m[1m WARNING [21m[0m] Element conservation is violated too large
[[93m[1m WARNING [21m[0m] at step: 22827
[[93m[1m WARNING [21m[0m] -----------------------------------------------------------------
[[93m[1m WARNING [21m[0m] Element conservation is violated too large
[[93m[1m WARNING [21m[0m] at step: 22842
[[93m[1m WARNING [21m[0m] -----------------------------------------------------------------
[[93m[1m WARNING [21m[0m] Element conservation is violated too large
[[93m[1m WARNING [21m[0m] at step: 22843
[[93m[1m WARNING [21m[0m] -----------------------------------------------------------------
[[93m[1m WARNING [21m[0m] Element conservation is violated too large
[[93m[1m WARNING [21m[0m] at step: 22844
[[93m[1m WARNING [21m[0m] -----------------------------------------------------------------
[[93m[1m WARNING [21m[0m] Element conservation is violated too large
[[93m[1m WARNING [21m[0m] at step: 22849
[[93m[1m WARNING [21m[0m] -----------------------------------------------------------------
[[93m[1m WARNING [21m[0m] Element conservation is violated too large
[[93m[1m WARNING [21m[0m] at step: 22878
[[93m[1m WARNING [21m[0m] -----------------------------------------------------------------
[[93m[1m WARNING [21m[0m] Element conservation is violated too large
[[93m[1m WARNING [21m[0m] at step: 22883
[[93m[1m WARNING [21m[0m] -----------------------------------------------------------------
[[93m[1m WARNING [21m[0m] Element conservation is violated too large
[[93m[1m WARNING [21m[0m] at step: 22887
[[93m[1m WARNING [21m[0m] -----------------------------------------------------------------
[[93m[1m WARNING [21m[0m] Element conservation is violated too large
[[93m[1m WARNING [21m[0m] at step: 22889
[[93m[1m WARNING [21m[0m] -----------------------------------------------------------------
[[93m[1m WARNING [21m[0m] Element conservation is violated too large
[[93m[1m WARNING [21m[0m] at step: 22892
[[93m[1m WARNING [21m[0m] -----------------------------------------------------------------
[[32m[1m INFO  [21m[0m] Elapsed time: 1.06e+00 || Step number: 22900/30000
[[32m[1m INFO  [21m[0m] longdy = 1.00e+00      || longdy/dt = 1.00e+00  || dt = 1.36e-04
[[32m[1m INFO  [21m[0m] from nz = 0 and OH
[[32m[1m INFO  [21m[0m] -----------------------------------------------------------------
[[93m[1m WARNING [21m[0m] Element conservation is violated too large
[[93m[1m WARNING [21m[0m] at step: 22908
[[93m[1m WARNING [21m[0m] -----------------------------------------------------------------
[[93m[1m WARNING [21m[0m] Element conservation is violated too large
[[93m[1m WARNING [21m[0m] at step: 22923
[[93m[1m WARNING [21m[0m] -----------------------------------------------------------------
[[93m[1m WARNING [21m[0m] Element conservation is violated too large
[[93m[1m WARNING [21m[0m] at step: 22957
[[93m[1m WARNING [21m[0m] -----------------------------------------------------------------
[[93m[1m WARNING [21m[0m] Element conservation is violated too large
[[93m[1m WARNING [21m[0m] at step: 22973
[[93m[1m WARNING [21m[0m] -----------------------------------------------------------------
[[93m[1m WARNING [21m[0m] Element conservation is violated too large
[[93m[1m WARNING [21m[0m] at step: 22984
[[93m[1m WARNING [21m[0m] -----------------------------------------------------------------
[[93m[1m WARNING [21m[0m] Element conservation is violated too large
[[93m[1m WARNING [21m[0m] at step: 22994
[[93m[1m WARNING [21m[0m] -----------------------------------------------------------------
[[32m[1m INFO  [21m[0m] Elapsed time: 1.07e+00 || Step number: 23000/30000
[[32m[1m INFO  [21m[0m] longdy = 1.00e+00      || longdy/dt = 1.00e+00  || dt = 1.48e-04
[[32m[1m INFO  [21m[0m] from nz = 0 and OH
[[32m[1m INFO  [21m[0m] -----------------------------------------------------------------
[[93m[1m WARNING [21m[0m] Element conservation is violated too large
[[93m[1m WARNING [21m[0m] at step: 23000
[[93m[1m WARNING [21m[0m] -----------------------------------------------------------------
[[93m[1m WARNING [21m[0m] Element conservation is violated too large
[[93m[1m WARNING [21m[0m] at step: 23001
[[93m[1m WARNING [21m[0m] -----------------------------------------------------------------
[[93m[1m WARNING [21m[0m] Element conservation is violated too large
[[93m[1m WARNING [21m[0m] at step: 23021
[[93m[1m WARNING [21m[0m] -----------------------------------------------------------------
[[93m[1m WARNING [21m[0m] Element conservation is violated too large
[[93m[1m WARNING [21m[0m] at step: 23023
[[93m[1m WARNING [21m[0m] -----------------------------------------------------------------
[[93m[1m WARNING [21m[0m] Element conservation is violated too large
[[93m[1m WARNING [21m[0m] at step: 23054
[[93m[1m WARNING [21m[0m] -----------------------------------------------------------------
[[93m[1m WARNING [21m[0m] Element conservation is violated too large
[[93m[1m WARNING [21m[0m] at step: 23059
[[93m[1m WARNING [21m[0m] -----------------------------------------------------------------
[[93m[1m WARNING [21m[0m] Element conservation is violated too large
[[93m[1m WARNING [21m[0m] at step: 23061
[[93m[1m WARNING [21m[0m] -----------------------------------------------------------------
[[93m[1m WARNING [21m[0m] Element conservation is violated too large
[[93m[1m WARNING [21m[0m] at step: 23074
[[93m[1m WARNING [21m[0m] -----------------------------------------------------------------
[[93m[1m WARNING [21m[0m] Element conservation is violated too large
[[93m[1m WARNING [21m[0m] at step: 23081
[[93m[1m WARNING [21m[0m] -----------------------------------------------------------------
[[93m[1m WARNING [21m[0m] Element conservation is violated too large
[[93m[1m WARNING [21m[0m] at step: 23082
[[93m[1m WARNING [21m[0m] -----------------------------------------------------------------
[[93m[1m WARNING [21m[0m] Element conservation is violated too large
[[93m[1m WARNING [21m[0m] at step: 23088
[[93m[1m WARNING [21m[0m] -----------------------------------------------------------------
[[93m[1m WARNING [21m[0m] Element conservation is violated too large
[[93m[1m WARNING [21m[0m] at step: 23089
[[93m[1m WARNING [21m[0m] -----------------------------------------------------------------
[[93m[1m WARNING [21m[0m] Element conservation is violated too large
[[93m[1m WARNING [21m[0m] at step: 23098
[[93m[1m WARNING [21m[0m] -----------------------------------------------------------------
[[32m[1m INFO  [21m[0m] Elapsed time: 1.08e+00 || Step number: 23100/30000
[[32m[1m INFO  [21m[0m] longdy = 1.00e+00      || longdy/dt = 1.00e+00  || dt = 1.32e-04
[[32m[1m INFO  [21m[0m] from nz = 0 and OH
[[32m[1m INFO  [21m[0m] -----------------------------------------------------------------
[[93m[1m WARNING [21m[0m] Element conservation is violated too large
[[93m[1m WARNING [21m[0m] at step: 23107
[[93m[1m WARNING [21m[0m] -----------------------------------------------------------------
[[93m[1m WARNING [21m[0m] Element conservation is violated too large
[[93m[1m WARNING [21m[0m] at step: 23108
[[93m[1m WARNING [21m[0m] -----------------------------------------------------------------
[[93m[1m WARNING [21m[0m] Element conservation is violated too large
[[93m[1m WARNING [21m[0m] at step: 23112
[[93m[1m WARNING [21m[0m] -----------------------------------------------------------------
[[93m[1m WARNING [21m[0m] Element conservation is violated too large
[[93m[1m WARNING [21m[0m] at step: 23136
[[93m[1m WARNING [21m[0m] -----------------------------------------------------------------
[[93m[1m WARNING [21m[0m] Element conservation is violated too large
[[93m[1m WARNING [21m[0m] at step: 23141
[[93m[1m WARNING [21m[0m] -----------------------------------------------------------------
[[93m[1m WARNING [21m[0m] Element conservation is violated too large
[[93m[1m WARNING [21m[0m] at step: 23146
[[93m[1m WARNING [21m[0m] -----------------------------------------------------------------
[[93m[1m WARNING [21m[0m] Element conservation is violated too large
[[93m[1m WARNING [21m[0m] at step: 23148
[[93m[1m WARNING [21m[0m] -----------------------------------------------------------------
[[93m[1m WARNING [21m[0m] Element conservation is violated too large
[[93m[1m WARNING [21m[0m] at step: 23167
[[93m[1m WARNING [21m[0m] -----------------------------------------------------------------
[[93m[1m WARNING [21m[0m] Element conservation is violated too large
[[93m[1m WARNING [21m[0m] at step: 23171
[[93m[1m WARNING [21m[0m] -----------------------------------------------------------------
[[93m[1m WARNING [21m[0m] Element conservation is violated too large
[[93m[1m WARNING [21m[0m] at step: 23173
[[93m[1m WARNING [21m[0m] -----------------------------------------------------------------
[[93m[1m WARNING [21m[0m] Element conservation is violated too large
[[93m[1m WARNING [21m[0m] at step: 23178
[[93m[1m WARNING [21m[0m] -----------------------------------------------------------------
[[93m[1m WARNING [21m[0m] Element conservation is violated too large
[[93m[1m WARNING [21m[0m] at step: 23186
[[93m[1m WARNING [21m[0m] -----------------------------------------------------------------
[[93m[1m WARNING [21m[0m] Element conservation is violated too large
[[93m[1m WARNING [21m[0m] at step: 23192
[[93m[1m WARNING [21m[0m] -----------------------------------------------------------------
[[93m[1m WARNING [21m[0m] Element conservation is violated too large
[[93m[1m WARNING [21m[0m] at step: 23198
[[93m[1m WARNING [21m[0m] -----------------------------------------------------------------
[[32m[1m INFO  [21m[0m] Elapsed time: 1.09e+00 || Step number: 23200/30000
[[32m[1m INFO  [21m[0m] longdy = 1.00e+00      || longdy/dt = 1.00e+00  || dt = 7.93e-05
[[32m[1m INFO  [21m[0m] from nz = 0 and OH
[[32m[1m INFO  [21m[0m] -----------------------------------------------------------------
[[93m[1m WARNING [21m[0m] Element conservation is violated too large
[[93m[1m WARNING [21m[0m] at step: 23201
[[93m[1m WARNING [21m[0m] -----------------------------------------------------------------
[[93m[1m WARNING [21m[0m] Element conservation is violated too large
[[93m[1m WARNING [21m[0m] at step: 23205
[[93m[1m WARNING [21m[0m] -----------------------------------------------------------------
[[93m[1m WARNING [21m[0m] Element conservation is violated too large
[[93m[1m WARNING [21m[0m] at step: 23218
[[93m[1m WARNING [21m[0m] -----------------------------------------------------------------
[[93m[1m WARNING [21m[0m] Element conservation is violated too large
[[93m[1m WARNING [21m[0m] at step: 23223
[[93m[1m WARNING [21m[0m] -----------------------------------------------------------------
[[93m[1m WARNING [21m[0m] Element conservation is violated too large
[[93m[1m WARNING [21m[0m] at step: 23225
[[93m[1m WARNING [21m[0m] -----------------------------------------------------------------
[[93m[1m WARNING [21m[0m] Element conservation is violated too large
[[93m[1m WARNING [21m[0m] at step: 23229
[[93m[1m WARNING [21m[0m] -----------------------------------------------------------------
[[93m[1m WARNING [21m[0m] Element conservation is violated too large
[[93m[1m WARNING [21m[0m] at step: 23230
[[93m[1m WARNING [21m[0m] -----------------------------------------------------------------
[[93m[1m WARNING [21m[0m] Element conservation is violated too large
[[93m[1m WARNING [21m[0m] at step: 23239
[[93m[1m WARNING [21m[0m] -----------------------------------------------------------------
[[93m[1m WARNING [21m[0m] Element conservation is violated too large
[[93m[1m WARNING [21m[0m] at step: 23239
[[93m[1m WARNING [21m[0m] -----------------------------------------------------------------
[[93m[1m WARNING [21m[0m] Element conservation is violated too large
[[93m[1m WARNING [21m[0m] at step: 23255
[[93m[1m WARNING [21m[0m] -----------------------------------------------------------------
[[93m[1m WARNING [21m[0m] Element conservation is violated too large
[[93m[1m WARNING [21m[0m] at step: 23257
[[93m[1m WARNING [21m[0m] -----------------------------------------------------------------
[[93m[1m WARNING [21m[0m] Element conservation is violated too large
[[93m[1m WARNING [21m[0m] at step: 23267
[[93m[1m WARNING [21m[0m] -----------------------------------------------------------------
[[93m[1m WARNING [21m[0m] Element conservation is violated too large
[[93m[1m WARNING [21m[0m] at step: 23272
[[93m[1m WARNING [21m[0m] -----------------------------------------------------------------
[[93m[1m WARNING [21m[0m] Element conservation is violated too large
[[93m[1m WARNING [21m[0m] at step: 23274
[[93m[1m WARNING [21m[0m] -----------------------------------------------------------------
[[93m[1m WARNING [21m[0m] Element conservation is violated too large
[[93m[1m WARNING [21m[0m] at step: 23276
[[93m[1m WARNING [21m[0m] -----------------------------------------------------------------
[[93m[1m WARNING [21m[0m] Element conservation is violated too large
[[93m[1m WARNING [21m[0m] at step: 23278
[[93m[1m WARNING [21m[0m] -----------------------------------------------------------------
[[93m[1m WARNING [21m[0m] Element conservation is violated too large
[[93m[1m WARNING [21m[0m] at step: 23281
[[93m[1m WARNING [21m[0m] -----------------------------------------------------------------
[[93m[1m WARNING [21m[0m] Element conservation is violated too large
[[93m[1m WARNING [21m[0m] at step: 23283
[[93m[1m WARNING [21m[0m] -----------------------------------------------------------------
[[93m[1m WARNING [21m[0m] Element conservation is violated too large
[[93m[1m WARNING [21m[0m] at step: 23285
[[93m[1m WARNING [21m[0m] -----------------------------------------------------------------
[[93m[1m WARNING [21m[0m] Element conservation is violated too large
[[93m[1m WARNING [21m[0m] at step: 23296
[[93m[1m WARNING [21m[0m] -----------------------------------------------------------------
[[32m[1m INFO  [21m[0m] Elapsed time: 1.10e+00 || Step number: 23300/30000
[[32m[1m INFO  [21m[0m] longdy = 1.00e+00      || longdy/dt = 1.00e+00  || dt = 1.27e-04
[[32m[1m INFO  [21m[0m] from nz = 0 and OH
[[32m[1m INFO  [21m[0m] -----------------------------------------------------------------
[[93m[1m WARNING [21m[0m] Element conservation is violated too large
[[93m[1m WARNING [21m[0m] at step: 23302
[[93m[1m WARNING [21m[0m] -----------------------------------------------------------------
[[93m[1m WARNING [21m[0m] Element conservation is violated too large
[[93m[1m WARNING [21m[0m] at step: 23321
[[93m[1m WARNING [21m[0m] -----------------------------------------------------------------
[[93m[1m WARNING [21m[0m] Element conservation is violated too large
[[93m[1m WARNING [21m[0m] at step: 23327
[[93m[1m WARNING [21m[0m] -----------------------------------------------------------------
[[93m[1m WARNING [21m[0m] Element conservation is violated too large
[[93m[1m WARNING [21m[0m] at step: 23341
[[93m[1m WARNING [21m[0m] -----------------------------------------------------------------
[[93m[1m WARNING [21m[0m] Element conservation is violated too large
[[93m[1m WARNING [21m[0m] at step: 23346
[[93m[1m WARNING [21m[0m] -----------------------------------------------------------------
[[93m[1m WARNING [21m[0m] Element conservation is violated too large
[[93m[1m WARNING [21m[0m] at step: 23348
[[93m[1m WARNING [21m[0m] -----------------------------------------------------------------
[[93m[1m WARNING [21m[0m] Element conservation is violated too large
[[93m[1m WARNING [21m[0m] at step: 23354
[[93m[1m WARNING [21m[0m] -----------------------------------------------------------------
[[93m[1m WARNING [21m[0m] Element conservation is violated too large
[[93m[1m WARNING [21m[0m] at step: 23367
[[93m[1m WARNING [21m[0m] -----------------------------------------------------------------
[[93m[1m WARNING [21m[0m] Element conservation is violated too large
[[93m[1m WARNING [21m[0m] at step: 23371
[[93m[1m WARNING [21m[0m] -----------------------------------------------------------------
[[93m[1m WARNING [21m[0m] Element conservation is violated too large
[[93m[1m WARNING [21m[0m] at step: 23372
[[93m[1m WARNING [21m[0m] -----------------------------------------------------------------
[[93m[1m WARNING [21m[0m] Element conservation is violated too large
[[93m[1m WARNING [21m[0m] at step: 23379
[[93m[1m WARNING [21m[0m] -----------------------------------------------------------------
[[93m[1m WARNING [21m[0m] Element conservation is violated too large
[[93m[1m WARNING [21m[0m] at step: 23380
[[93m[1m WARNING [21m[0m] -----------------------------------------------------------------
[[93m[1m WARNING [21m[0m] Element conservation is violated too large
[[93m[1m WARNING [21m[0m] at step: 23380
[[93m[1m WARNING [21m[0m] -----------------------------------------------------------------
[[93m[1m WARNING [21m[0m] Element conservation is violated too large
[[93m[1m WARNING [21m[0m] at step: 23384
[[93m[1m WARNING [21m[0m] -----------------------------------------------------------------
[[93m[1m WARNING [21m[0m] Element conservation is violated too large
[[93m[1m WARNING [21m[0m] at step: 23385
[[93m[1m WARNING [21m[0m] -----------------------------------------------------------------
[[93m[1m WARNING [21m[0m] Element conservation is violated too large
[[93m[1m WARNING [21m[0m] at step: 23386
[[93m[1m WARNING [21m[0m] -----------------------------------------------------------------
[[93m[1m WARNING [21m[0m] Element conservation is violated too large
[[93m[1m WARNING [21m[0m] at step: 23391
[[93m[1m WARNING [21m[0m] -----------------------------------------------------------------
[[32m[1m INFO  [21m[0m] Elapsed time: 1.10e+00 || Step number: 23400/30000
[[32m[1m INFO  [21m[0m] longdy = 1.00e+00      || longdy/dt = 1.00e+00  || dt = 1.44e-04
[[32m[1m INFO  [21m[0m] from nz = 0 and OH
[[32m[1m INFO  [21m[0m] -----------------------------------------------------------------
[[93m[1m WARNING [21m[0m] Element conservation is violated too large
[[93m[1m WARNING [21m[0m] at step: 23403
[[93m[1m WARNING [21m[0m] -----------------------------------------------------------------
[[93m[1m WARNING [21m[0m] Element conservation is violated too large
[[93m[1m WARNING [21m[0m] at step: 23418
[[93m[1m WARNING [21m[0m] -----------------------------------------------------------------
[[93m[1m WARNING [21m[0m] Element conservation is violated too large
[[93m[1m WARNING [21m[0m] at step: 23430
[[93m[1m WARNING [21m[0m] -----------------------------------------------------------------
[[93m[1m WARNING [21m[0m] Element conservation is violated too large
[[93m[1m WARNING [21m[0m] at step: 23431
[[93m[1m WARNING [21m[0m] -----------------------------------------------------------------
[[93m[1m WARNING [21m[0m] Element conservation is violated too large
[[93m[1m WARNING [21m[0m] at step: 23445
[[93m[1m WARNING [21m[0m] -----------------------------------------------------------------
[[93m[1m WARNING [21m[0m] Element conservation is violated too large
[[93m[1m WARNING [21m[0m] at step: 23448
[[93m[1m WARNING [21m[0m] -----------------------------------------------------------------
[[93m[1m WARNING [21m[0m] Element conservation is violated too large
[[93m[1m WARNING [21m[0m] at step: 23454
[[93m[1m WARNING [21m[0m] -----------------------------------------------------------------
[[93m[1m WARNING [21m[0m] Element conservation is violated too large
[[93m[1m WARNING [21m[0m] at step: 23459
[[93m[1m WARNING [21m[0m] -----------------------------------------------------------------
[[93m[1m WARNING [21m[0m] Element conservation is violated too large
[[93m[1m WARNING [21m[0m] at step: 23462
[[93m[1m WARNING [21m[0m] -----------------------------------------------------------------
[[93m[1m WARNING [21m[0m] Element conservation is violated too large
[[93m[1m WARNING [21m[0m] at step: 23464
[[93m[1m WARNING [21m[0m] -----------------------------------------------------------------
[[93m[1m WARNING [21m[0m] Element conservation is violated too large
[[93m[1m WARNING [21m[0m] at step: 23465
[[93m[1m WARNING [21m[0m] -----------------------------------------------------------------
[[93m[1m WARNING [21m[0m] Element conservation is violated too large
[[93m[1m WARNING [21m[0m] at step: 23468
[[93m[1m WARNING [21m[0m] -----------------------------------------------------------------
[[93m[1m WARNING [21m[0m] Element conservation is violated too large
[[93m[1m WARNING [21m[0m] at step: 23477
[[93m[1m WARNING [21m[0m] -----------------------------------------------------------------
[[93m[1m WARNING [21m[0m] Element conservation is violated too large
[[93m[1m WARNING [21m[0m] at step: 23479
[[93m[1m WARNING [21m[0m] -----------------------------------------------------------------
[[93m[1m WARNING [21m[0m] Element conservation is violated too large
[[93m[1m WARNING [21m[0m] at step: 23489
[[93m[1m WARNING [21m[0m] -----------------------------------------------------------------
[[93m[1m WARNING [21m[0m] Element conservation is violated too large
[[93m[1m WARNING [21m[0m] at step: 23494
[[93m[1m WARNING [21m[0m] -----------------------------------------------------------------
[[32m[1m INFO  [21m[0m] Elapsed time: 1.11e+00 || Step number: 23500/30000
[[32m[1m INFO  [21m[0m] longdy = 1.00e+00      || longdy/dt = 1.00e+00  || dt = 1.01e-04
[[32m[1m INFO  [21m[0m] from nz = 0 and OH
[[32m[1m INFO  [21m[0m] -----------------------------------------------------------------
[[93m[1m WARNING [21m[0m] Element conservation is violated too large
[[93m[1m WARNING [21m[0m] at step: 23518
[[93m[1m WARNING [21m[0m] -----------------------------------------------------------------
[[93m[1m WARNING [21m[0m] Element conservation is violated too large
[[93m[1m WARNING [21m[0m] at step: 23526
[[93m[1m WARNING [21m[0m] -----------------------------------------------------------------
[[93m[1m WARNING [21m[0m] Element conservation is violated too large
[[93m[1m WARNING [21m[0m] at step: 23532
[[93m[1m WARNING [21m[0m] -----------------------------------------------------------------
[[93m[1m WARNING [21m[0m] Element conservation is violated too large
[[93m[1m WARNING [21m[0m] at step: 23537
[[93m[1m WARNING [21m[0m] -----------------------------------------------------------------
[[93m[1m WARNING [21m[0m] Element conservation is violated too large
[[93m[1m WARNING [21m[0m] at step: 23546
[[93m[1m WARNING [21m[0m] -----------------------------------------------------------------
[[93m[1m WARNING [21m[0m] Element conservation is violated too large
[[93m[1m WARNING [21m[0m] at step: 23550
[[93m[1m WARNING [21m[0m] -----------------------------------------------------------------
[[93m[1m WARNING [21m[0m] Element conservation is violated too large
[[93m[1m WARNING [21m[0m] at step: 23552
[[93m[1m WARNING [21m[0m] -----------------------------------------------------------------
[[93m[1m WARNING [21m[0m] Element conservation is violated too large
[[93m[1m WARNING [21m[0m] at step: 23553
[[93m[1m WARNING [21m[0m] -----------------------------------------------------------------
[[93m[1m WARNING [21m[0m] Element conservation is violated too large
[[93m[1m WARNING [21m[0m] at step: 23556
[[93m[1m WARNING [21m[0m] -----------------------------------------------------------------
[[93m[1m WARNING [21m[0m] Element conservation is violated too large
[[93m[1m WARNING [21m[0m] at step: 23560
[[93m[1m WARNING [21m[0m] -----------------------------------------------------------------
[[93m[1m WARNING [21m[0m] Element conservation is violated too large
[[93m[1m WARNING [21m[0m] at step: 23566
[[93m[1m WARNING [21m[0m] -----------------------------------------------------------------
[[93m[1m WARNING [21m[0m] Element conservation is violated too large
[[93m[1m WARNING [21m[0m] at step: 23568
[[93m[1m WARNING [21m[0m] -----------------------------------------------------------------
[[93m[1m WARNING [21m[0m] Element conservation is violated too large
[[93m[1m WARNING [21m[0m] at step: 23572
[[93m[1m WARNING [21m[0m] -----------------------------------------------------------------
[[93m[1m WARNING [21m[0m] Element conservation is violated too large
[[93m[1m WARNING [21m[0m] at step: 23574
[[93m[1m WARNING [21m[0m] -----------------------------------------------------------------
[[93m[1m WARNING [21m[0m] Element conservation is violated too large
[[93m[1m WARNING [21m[0m] at step: 23581
[[93m[1m WARNING [21m[0m] -----------------------------------------------------------------
[[93m[1m WARNING [21m[0m] Element conservation is violated too large
[[93m[1m WARNING [21m[0m] at step: 23582
[[93m[1m WARNING [21m[0m] -----------------------------------------------------------------
[[93m[1m WARNING [21m[0m] Element conservation is violated too large
[[93m[1m WARNING [21m[0m] at step: 23588
[[93m[1m WARNING [21m[0m] -----------------------------------------------------------------
[[32m[1m INFO  [21m[0m] Elapsed time: 1.12e+00 || Step number: 23600/30000
[[32m[1m INFO  [21m[0m] longdy = 1.00e+00      || longdy/dt = 1.00e+00  || dt = 5.72e-05
[[32m[1m INFO  [21m[0m] from nz = 0 and OH
[[32m[1m INFO  [21m[0m] -----------------------------------------------------------------
[[93m[1m WARNING [21m[0m] Element conservation is violated too large
[[93m[1m WARNING [21m[0m] at step: 23601
[[93m[1m WARNING [21m[0m] -----------------------------------------------------------------
[[93m[1m WARNING [21m[0m] Element conservation is violated too large
[[93m[1m WARNING [21m[0m] at step: 23605
[[93m[1m WARNING [21m[0m] -----------------------------------------------------------------
[[93m[1m WARNING [21m[0m] Element conservation is violated too large
[[93m[1m WARNING [21m[0m] at step: 23611
[[93m[1m WARNING [21m[0m] -----------------------------------------------------------------
[[93m[1m WARNING [21m[0m] Element conservation is violated too large
[[93m[1m WARNING [21m[0m] at step: 23614
[[93m[1m WARNING [21m[0m] -----------------------------------------------------------------
[[93m[1m WARNING [21m[0m] Element conservation is violated too large
[[93m[1m WARNING [21m[0m] at step: 23621
[[93m[1m WARNING [21m[0m] -----------------------------------------------------------------
[[93m[1m WARNING [21m[0m] Element conservation is violated too large
[[93m[1m WARNING [21m[0m] at step: 23627
[[93m[1m WARNING [21m[0m] -----------------------------------------------------------------
[[93m[1m WARNING [21m[0m] Element conservation is violated too large
[[93m[1m WARNING [21m[0m] at step: 23636
[[93m[1m WARNING [21m[0m] -----------------------------------------------------------------
[[93m[1m WARNING [21m[0m] Element conservation is violated too large
[[93m[1m WARNING [21m[0m] at step: 23639
[[93m[1m WARNING [21m[0m] -----------------------------------------------------------------
[[93m[1m WARNING [21m[0m] Element conservation is violated too large
[[93m[1m WARNING [21m[0m] at step: 23649
[[93m[1m WARNING [21m[0m] -----------------------------------------------------------------
[[93m[1m WARNING [21m[0m] Element conservation is violated too large
[[93m[1m WARNING [21m[0m] at step: 23659
[[93m[1m WARNING [21m[0m] -----------------------------------------------------------------
[[93m[1m WARNING [21m[0m] Element conservation is violated too large
[[93m[1m WARNING [21m[0m] at step: 23671
[[93m[1m WARNING [21m[0m] -----------------------------------------------------------------
[[93m[1m WARNING [21m[0m] Element conservation is violated too large
[[93m[1m WARNING [21m[0m] at step: 23673
[[93m[1m WARNING [21m[0m] -----------------------------------------------------------------
[[93m[1m WARNING [21m[0m] Element conservation is violated too large
[[93m[1m WARNING [21m[0m] at step: 23679
[[93m[1m WARNING [21m[0m] -----------------------------------------------------------------
[[93m[1m WARNING [21m[0m] Element conservation is violated too large
[[93m[1m WARNING [21m[0m] at step: 23696
[[93m[1m WARNING [21m[0m] -----------------------------------------------------------------
[[93m[1m WARNING [21m[0m] Element conservation is violated too large
[[93m[1m WARNING [21m[0m] at step: 23696
[[93m[1m WARNING [21m[0m] -----------------------------------------------------------------
[[93m[1m WARNING [21m[0m] Element conservation is violated too large
[[93m[1m WARNING [21m[0m] at step: 23697
[[93m[1m WARNING [21m[0m] -----------------------------------------------------------------
[[32m[1m INFO  [21m[0m] Elapsed time: 1.13e+00 || Step number: 23700/30000
[[32m[1m INFO  [21m[0m] longdy = 1.00e+00      || longdy/dt = 1.00e+00  || dt = 1.42e-04
[[32m[1m INFO  [21m[0m] from nz = 0 and OH
[[32m[1m INFO  [21m[0m] -----------------------------------------------------------------
[[93m[1m WARNING [21m[0m] Element conservation is violated too large
[[93m[1m WARNING [21m[0m] at step: 23700
[[93m[1m WARNING [21m[0m] -----------------------------------------------------------------
[[93m[1m WARNING [21m[0m] Element conservation is violated too large
[[93m[1m WARNING [21m[0m] at step: 23705
[[93m[1m WARNING [21m[0m] -----------------------------------------------------------------
[[93m[1m WARNING [21m[0m] Element conservation is violated too large
[[93m[1m WARNING [21m[0m] at step: 23712
[[93m[1m WARNING [21m[0m] -----------------------------------------------------------------
[[93m[1m WARNING [21m[0m] Element conservation is violated too large
[[93m[1m WARNING [21m[0m] at step: 23713
[[93m[1m WARNING [21m[0m] -----------------------------------------------------------------
[[93m[1m WARNING [21m[0m] Element conservation is violated too large
[[93m[1m WARNING [21m[0m] at step: 23718
[[93m[1m WARNING [21m[0m] -----------------------------------------------------------------
[[93m[1m WARNING [21m[0m] Element conservation is violated too large
[[93m[1m WARNING [21m[0m] at step: 23720
[[93m[1m WARNING [21m[0m] -----------------------------------------------------------------
[[93m[1m WARNING [21m[0m] Element conservation is violated too large
[[93m[1m WARNING [21m[0m] at step: 23721
[[93m[1m WARNING [21m[0m] -----------------------------------------------------------------
[[93m[1m WARNING [21m[0m] Element conservation is violated too large
[[93m[1m WARNING [21m[0m] at step: 23727
[[93m[1m WARNING [21m[0m] -----------------------------------------------------------------
[[93m[1m WARNING [21m[0m] Element conservation is violated too large
[[93m[1m WARNING [21m[0m] at step: 23736
[[93m[1m WARNING [21m[0m] -----------------------------------------------------------------
[[93m[1m WARNING [21m[0m] Element conservation is violated too large
[[93m[1m WARNING [21m[0m] at step: 23739
[[93m[1m WARNING [21m[0m] -----------------------------------------------------------------
[[93m[1m WARNING [21m[0m] Element conservation is violated too large
[[93m[1m WARNING [21m[0m] at step: 23745
[[93m[1m WARNING [21m[0m] -----------------------------------------------------------------
[[93m[1m WARNING [21m[0m] Element conservation is violated too large
[[93m[1m WARNING [21m[0m] at step: 23757
[[93m[1m WARNING [21m[0m] -----------------------------------------------------------------
[[93m[1m WARNING [21m[0m] Element conservation is violated too large
[[93m[1m WARNING [21m[0m] at step: 23758
[[93m[1m WARNING [21m[0m] -----------------------------------------------------------------
[[93m[1m WARNING [21m[0m] Element conservation is violated too large
[[93m[1m WARNING [21m[0m] at step: 23771
[[93m[1m WARNING [21m[0m] -----------------------------------------------------------------
[[93m[1m WARNING [21m[0m] Element conservation is violated too large
[[93m[1m WARNING [21m[0m] at step: 23788
[[93m[1m WARNING [21m[0m] -----------------------------------------------------------------
[[93m[1m WARNING [21m[0m] Element conservation is violated too large
[[93m[1m WARNING [21m[0m] at step: 23790
[[93m[1m WARNING [21m[0m] -----------------------------------------------------------------
[[93m[1m WARNING [21m[0m] Element conservation is violated too large
[[93m[1m WARNING [21m[0m] at step: 23793
[[93m[1m WARNING [21m[0m] -----------------------------------------------------------------
[[32m[1m INFO  [21m[0m] Elapsed time: 1.13e+00 || Step number: 23800/30000
[[32m[1m INFO  [21m[0m] longdy = 1.00e+00      || longdy/dt = 1.00e+00  || dt = 1.57e-04
[[32m[1m INFO  [21m[0m] from nz = 0 and OH
[[32m[1m INFO  [21m[0m] -----------------------------------------------------------------
[[93m[1m WARNING [21m[0m] Element conservation is violated too large
[[93m[1m WARNING [21m[0m] at step: 23803
[[93m[1m WARNING [21m[0m] -----------------------------------------------------------------
[[93m[1m WARNING [21m[0m] Element conservation is violated too large
[[93m[1m WARNING [21m[0m] at step: 23818
[[93m[1m WARNING [21m[0m] -----------------------------------------------------------------
[[93m[1m WARNING [21m[0m] Element conservation is violated too large
[[93m[1m WARNING [21m[0m] at step: 23821
[[93m[1m WARNING [21m[0m] -----------------------------------------------------------------
[[93m[1m WARNING [21m[0m] Element conservation is violated too large
[[93m[1m WARNING [21m[0m] at step: 23833
[[93m[1m WARNING [21m[0m] -----------------------------------------------------------------
[[93m[1m WARNING [21m[0m] Element conservation is violated too large
[[93m[1m WARNING [21m[0m] at step: 23838
[[93m[1m WARNING [21m[0m] -----------------------------------------------------------------
[[93m[1m WARNING [21m[0m] Element conservation is violated too large
[[93m[1m WARNING [21m[0m] at step: 23847
[[93m[1m WARNING [21m[0m] -----------------------------------------------------------------
[[93m[1m WARNING [21m[0m] Element conservation is violated too large
[[93m[1m WARNING [21m[0m] at step: 23851
[[93m[1m WARNING [21m[0m] -----------------------------------------------------------------
[[93m[1m WARNING [21m[0m] Element conservation is violated too large
[[93m[1m WARNING [21m[0m] at step: 23865
[[93m[1m WARNING [21m[0m] -----------------------------------------------------------------
[[93m[1m WARNING [21m[0m] Element conservation is violated too large
[[93m[1m WARNING [21m[0m] at step: 23866
[[93m[1m WARNING [21m[0m] -----------------------------------------------------------------
[[93m[1m WARNING [21m[0m] Element conservation is violated too large
[[93m[1m WARNING [21m[0m] at step: 23872
[[93m[1m WARNING [21m[0m] -----------------------------------------------------------------
[[93m[1m WARNING [21m[0m] Element conservation is violated too large
[[93m[1m WARNING [21m[0m] at step: 23878
[[93m[1m WARNING [21m[0m] -----------------------------------------------------------------
[[93m[1m WARNING [21m[0m] Element conservation is violated too large
[[93m[1m WARNING [21m[0m] at step: 23884
[[93m[1m WARNING [21m[0m] -----------------------------------------------------------------
[[32m[1m INFO  [21m[0m] Elapsed time: 1.14e+00 || Step number: 23900/30000
[[32m[1m INFO  [21m[0m] longdy = 1.00e+00      || longdy/dt = 1.00e+00  || dt = 9.71e-05
[[32m[1m INFO  [21m[0m] from nz = 0 and OH
[[32m[1m INFO  [21m[0m] -----------------------------------------------------------------
[[93m[1m WARNING [21m[0m] Element conservation is violated too large
[[93m[1m WARNING [21m[0m] at step: 23915
[[93m[1m WARNING [21m[0m] -----------------------------------------------------------------
[[93m[1m WARNING [21m[0m] Element conservation is violated too large
[[93m[1m WARNING [21m[0m] at step: 23916
[[93m[1m WARNING [21m[0m] -----------------------------------------------------------------
[[93m[1m WARNING [21m[0m] Element conservation is violated too large
[[93m[1m WARNING [21m[0m] at step: 23918
[[93m[1m WARNING [21m[0m] -----------------------------------------------------------------
[[93m[1m WARNING [21m[0m] Element conservation is violated too large
[[93m[1m WARNING [21m[0m] at step: 23935
[[93m[1m WARNING [21m[0m] -----------------------------------------------------------------
[[93m[1m WARNING [21m[0m] Element conservation is violated too large
[[93m[1m WARNING [21m[0m] at step: 23942
[[93m[1m WARNING [21m[0m] -----------------------------------------------------------------
[[93m[1m WARNING [21m[0m] Element conservation is violated too large
[[93m[1m WARNING [21m[0m] at step: 23943
[[93m[1m WARNING [21m[0m] -----------------------------------------------------------------
[[93m[1m WARNING [21m[0m] Element conservation is violated too large
[[93m[1m WARNING [21m[0m] at step: 23944
[[93m[1m WARNING [21m[0m] -----------------------------------------------------------------
[[93m[1m WARNING [21m[0m] Element conservation is violated too large
[[93m[1m WARNING [21m[0m] at step: 23948
[[93m[1m WARNING [21m[0m] -----------------------------------------------------------------
[[93m[1m WARNING [21m[0m] Element conservation is violated too large
[[93m[1m WARNING [21m[0m] at step: 23950
[[93m[1m WARNING [21m[0m] -----------------------------------------------------------------
[[93m[1m WARNING [21m[0m] Element conservation is violated too large
[[93m[1m WARNING [21m[0m] at step: 23953
[[93m[1m WARNING [21m[0m] -----------------------------------------------------------------
[[93m[1m WARNING [21m[0m] Element conservation is violated too large
[[93m[1m WARNING [21m[0m] at step: 23954
[[93m[1m WARNING [21m[0m] -----------------------------------------------------------------
[[93m[1m WARNING [21m[0m] Element conservation is violated too large
[[93m[1m WARNING [21m[0m] at step: 23957
[[93m[1m WARNING [21m[0m] -----------------------------------------------------------------
[[93m[1m WARNING [21m[0m] Element conservation is violated too large
[[93m[1m WARNING [21m[0m] at step: 23957
[[93m[1m WARNING [21m[0m] -----------------------------------------------------------------
[[93m[1m WARNING [21m[0m] Element conservation is violated too large
[[93m[1m WARNING [21m[0m] at step: 23972
[[93m[1m WARNING [21m[0m] -----------------------------------------------------------------
[[93m[1m WARNING [21m[0m] Element conservation is violated too large
[[93m[1m WARNING [21m[0m] at step: 23973
[[93m[1m WARNING [21m[0m] -----------------------------------------------------------------
[[93m[1m WARNING [21m[0m] Element conservation is violated too large
[[93m[1m WARNING [21m[0m] at step: 23980
[[93m[1m WARNING [21m[0m] -----------------------------------------------------------------
[[93m[1m WARNING [21m[0m] Element conservation is violated too large
[[93m[1m WARNING [21m[0m] at step: 23985
[[93m[1m WARNING [21m[0m] -----------------------------------------------------------------
[[93m[1m WARNING [21m[0m] Element conservation is violated too large
[[93m[1m WARNING [21m[0m] at step: 23986
[[93m[1m WARNING [21m[0m] -----------------------------------------------------------------
[[93m[1m WARNING [21m[0m] Element conservation is violated too large
[[93m[1m WARNING [21m[0m] at step: 23996
[[93m[1m WARNING [21m[0m] -----------------------------------------------------------------
[[32m[1m INFO  [21m[0m] Elapsed time: 1.15e+00 || Step number: 24000/30000
[[32m[1m INFO  [21m[0m] longdy = 1.00e+00      || longdy/dt = 1.00e+00  || dt = 1.25e-04
[[32m[1m INFO  [21m[0m] from nz = 0 and OH
[[32m[1m INFO  [21m[0m] -----------------------------------------------------------------
[[93m[1m WARNING [21m[0m] Element conservation is violated too large
[[93m[1m WARNING [21m[0m] at step: 24005
[[93m[1m WARNING [21m[0m] -----------------------------------------------------------------
[[93m[1m WARNING [21m[0m] Element conservation is violated too large
[[93m[1m WARNING [21m[0m] at step: 24006
[[93m[1m WARNING [21m[0m] -----------------------------------------------------------------
[[93m[1m WARNING [21m[0m] Element conservation is violated too large
[[93m[1m WARNING [21m[0m] at step: 24016
[[93m[1m WARNING [21m[0m] -----------------------------------------------------------------
[[93m[1m WARNING [21m[0m] Element conservation is violated too large
[[93m[1m WARNING [21m[0m] at step: 24017
[[93m[1m WARNING [21m[0m] -----------------------------------------------------------------
[[93m[1m WARNING [21m[0m] Element conservation is violated too large
[[93m[1m WARNING [21m[0m] at step: 24020
[[93m[1m WARNING [21m[0m] -----------------------------------------------------------------
[[93m[1m WARNING [21m[0m] Element conservation is violated too large
[[93m[1m WARNING [21m[0m] at step: 24028
[[93m[1m WARNING [21m[0m] -----------------------------------------------------------------
[[93m[1m WARNING [21m[0m] Element conservation is violated too large
[[93m[1m WARNING [21m[0m] at step: 24030
[[93m[1m WARNING [21m[0m] -----------------------------------------------------------------
[[93m[1m WARNING [21m[0m] Element conservation is violated too large
[[93m[1m WARNING [21m[0m] at step: 24040
[[93m[1m WARNING [21m[0m] -----------------------------------------------------------------
[[93m[1m WARNING [21m[0m] Element conservation is violated too large
[[93m[1m WARNING [21m[0m] at step: 24046
[[93m[1m WARNING [21m[0m] -----------------------------------------------------------------
[[93m[1m WARNING [21m[0m] Element conservation is violated too large
[[93m[1m WARNING [21m[0m] at step: 24048
[[93m[1m WARNING [21m[0m] -----------------------------------------------------------------
[[93m[1m WARNING [21m[0m] Element conservation is violated too large
[[93m[1m WARNING [21m[0m] at step: 24059
[[93m[1m WARNING [21m[0m] -----------------------------------------------------------------
[[93m[1m WARNING [21m[0m] Element conservation is violated too large
[[93m[1m WARNING [21m[0m] at step: 24062
[[93m[1m WARNING [21m[0m] -----------------------------------------------------------------
[[93m[1m WARNING [21m[0m] Element conservation is violated too large
[[93m[1m WARNING [21m[0m] at step: 24066
[[93m[1m WARNING [21m[0m] -----------------------------------------------------------------
[[93m[1m WARNING [21m[0m] Element conservation is violated too large
[[93m[1m WARNING [21m[0m] at step: 24069
[[93m[1m WARNING [21m[0m] -----------------------------------------------------------------
[[93m[1m WARNING [21m[0m] Element conservation is violated too large
[[93m[1m WARNING [21m[0m] at step: 24071
[[93m[1m WARNING [21m[0m] -----------------------------------------------------------------
[[93m[1m WARNING [21m[0m] Element conservation is violated too large
[[93m[1m WARNING [21m[0m] at step: 24074
[[93m[1m WARNING [21m[0m] -----------------------------------------------------------------
[[93m[1m WARNING [21m[0m] Element conservation is violated too large
[[93m[1m WARNING [21m[0m] at step: 24076
[[93m[1m WARNING [21m[0m] -----------------------------------------------------------------
[[93m[1m WARNING [21m[0m] Element conservation is violated too large
[[93m[1m WARNING [21m[0m] at step: 24080
[[93m[1m WARNING [21m[0m] -----------------------------------------------------------------
[[93m[1m WARNING [21m[0m] Element conservation is violated too large
[[93m[1m WARNING [21m[0m] at step: 24081
[[93m[1m WARNING [21m[0m] -----------------------------------------------------------------
[[93m[1m WARNING [21m[0m] Element conservation is violated too large
[[93m[1m WARNING [21m[0m] at step: 24088
[[93m[1m WARNING [21m[0m] -----------------------------------------------------------------
[[93m[1m WARNING [21m[0m] Element conservation is violated too large
[[93m[1m WARNING [21m[0m] at step: 24091
[[93m[1m WARNING [21m[0m] -----------------------------------------------------------------
[[93m[1m WARNING [21m[0m] Element conservation is violated too large
[[93m[1m WARNING [21m[0m] at step: 24094
[[93m[1m WARNING [21m[0m] -----------------------------------------------------------------
[[93m[1m WARNING [21m[0m] Element conservation is violated too large
[[93m[1m WARNING [21m[0m] at step: 24096
[[93m[1m WARNING [21m[0m] -----------------------------------------------------------------
[[93m[1m WARNING [21m[0m] Element conservation is violated too large
[[93m[1m WARNING [21m[0m] at step: 24097
[[93m[1m WARNING [21m[0m] -----------------------------------------------------------------
[[32m[1m INFO  [21m[0m] Elapsed time: 1.16e+00 || Step number: 24100/30000
[[32m[1m INFO  [21m[0m] longdy = 1.00e+00      || longdy/dt = 1.00e+00  || dt = 1.00e-04
[[32m[1m INFO  [21m[0m] from nz = 0 and OH
[[32m[1m INFO  [21m[0m] -----------------------------------------------------------------
[[93m[1m WARNING [21m[0m] Element conservation is violated too large
[[93m[1m WARNING [21m[0m] at step: 24105
[[93m[1m WARNING [21m[0m] -----------------------------------------------------------------
[[93m[1m WARNING [21m[0m] Element conservation is violated too large
[[93m[1m WARNING [21m[0m] at step: 24107
[[93m[1m WARNING [21m[0m] -----------------------------------------------------------------
[[93m[1m WARNING [21m[0m] Element conservation is violated too large
[[93m[1m WARNING [21m[0m] at step: 24110
[[93m[1m WARNING [21m[0m] -----------------------------------------------------------------
[[93m[1m WARNING [21m[0m] Element conservation is violated too large
[[93m[1m WARNING [21m[0m] at step: 24112
[[93m[1m WARNING [21m[0m] -----------------------------------------------------------------
[[93m[1m WARNING [21m[0m] Element conservation is violated too large
[[93m[1m WARNING [21m[0m] at step: 24113
[[93m[1m WARNING [21m[0m] -----------------------------------------------------------------
[[93m[1m WARNING [21m[0m] Element conservation is violated too large
[[93m[1m WARNING [21m[0m] at step: 24131
[[93m[1m WARNING [21m[0m] -----------------------------------------------------------------
[[93m[1m WARNING [21m[0m] Element conservation is violated too large
[[93m[1m WARNING [21m[0m] at step: 24144
[[93m[1m WARNING [21m[0m] -----------------------------------------------------------------
[[93m[1m WARNING [21m[0m] Element conservation is violated too large
[[93m[1m WARNING [21m[0m] at step: 24146
[[93m[1m WARNING [21m[0m] -----------------------------------------------------------------
[[93m[1m WARNING [21m[0m] Element conservation is violated too large
[[93m[1m WARNING [21m[0m] at step: 24148
[[93m[1m WARNING [21m[0m] -----------------------------------------------------------------
[[93m[1m WARNING [21m[0m] Element conservation is violated too large
[[93m[1m WARNING [21m[0m] at step: 24149
[[93m[1m WARNING [21m[0m] -----------------------------------------------------------------
[[93m[1m WARNING [21m[0m] Element conservation is violated too large
[[93m[1m WARNING [21m[0m] at step: 24152
[[93m[1m WARNING [21m[0m] -----------------------------------------------------------------
[[93m[1m WARNING [21m[0m] Element conservation is violated too large
[[93m[1m WARNING [21m[0m] at step: 24157
[[93m[1m WARNING [21m[0m] -----------------------------------------------------------------
[[93m[1m WARNING [21m[0m] Element conservation is violated too large
[[93m[1m WARNING [21m[0m] at step: 24157
[[93m[1m WARNING [21m[0m] -----------------------------------------------------------------
[[93m[1m WARNING [21m[0m] Element conservation is violated too large
[[93m[1m WARNING [21m[0m] at step: 24159
[[93m[1m WARNING [21m[0m] -----------------------------------------------------------------
[[93m[1m WARNING [21m[0m] Element conservation is violated too large
[[93m[1m WARNING [21m[0m] at step: 24162
[[93m[1m WARNING [21m[0m] -----------------------------------------------------------------
[[93m[1m WARNING [21m[0m] Element conservation is violated too large
[[93m[1m WARNING [21m[0m] at step: 24164
[[93m[1m WARNING [21m[0m] -----------------------------------------------------------------
[[93m[1m WARNING [21m[0m] Element conservation is violated too large
[[93m[1m WARNING [21m[0m] at step: 24164
[[93m[1m WARNING [21m[0m] -----------------------------------------------------------------
[[93m[1m WARNING [21m[0m] Element conservation is violated too large
[[93m[1m WARNING [21m[0m] at step: 24167
[[93m[1m WARNING [21m[0m] -----------------------------------------------------------------
[[93m[1m WARNING [21m[0m] Element conservation is violated too large
[[93m[1m WARNING [21m[0m] at step: 24171
[[93m[1m WARNING [21m[0m] -----------------------------------------------------------------
[[93m[1m WARNING [21m[0m] Element conservation is violated too large
[[93m[1m WARNING [21m[0m] at step: 24175
[[93m[1m WARNING [21m[0m] -----------------------------------------------------------------
[[93m[1m WARNING [21m[0m] Element conservation is violated too large
[[93m[1m WARNING [21m[0m] at step: 24176
[[93m[1m WARNING [21m[0m] -----------------------------------------------------------------
[[93m[1m WARNING [21m[0m] Element conservation is violated too large
[[93m[1m WARNING [21m[0m] at step: 24180
[[93m[1m WARNING [21m[0m] -----------------------------------------------------------------
[[93m[1m WARNING [21m[0m] Element conservation is violated too large
[[93m[1m WARNING [21m[0m] at step: 24183
[[93m[1m WARNING [21m[0m] -----------------------------------------------------------------
[[93m[1m WARNING [21m[0m] Element conservation is violated too large
[[93m[1m WARNING [21m[0m] at step: 24183
[[93m[1m WARNING [21m[0m] -----------------------------------------------------------------
[[93m[1m WARNING [21m[0m] Element conservation is violated too large
[[93m[1m WARNING [21m[0m] at step: 24194
[[93m[1m WARNING [21m[0m] -----------------------------------------------------------------
[[93m[1m WARNING [21m[0m] Element conservation is violated too large
[[93m[1m WARNING [21m[0m] at step: 24195
[[93m[1m WARNING [21m[0m] -----------------------------------------------------------------
[[32m[1m INFO  [21m[0m] Elapsed time: 1.16e+00 || Step number: 24200/30000
[[32m[1m INFO  [21m[0m] longdy = 1.00e+00      || longdy/dt = 1.00e+00  || dt = 8.85e-05
[[32m[1m INFO  [21m[0m] from nz = 0 and OH
[[32m[1m INFO  [21m[0m] -----------------------------------------------------------------
[[93m[1m WARNING [21m[0m] Element conservation is violated too large
[[93m[1m WARNING [21m[0m] at step: 24209
[[93m[1m WARNING [21m[0m] -----------------------------------------------------------------
[[93m[1m WARNING [21m[0m] Element conservation is violated too large
[[93m[1m WARNING [21m[0m] at step: 24218
[[93m[1m WARNING [21m[0m] -----------------------------------------------------------------
[[93m[1m WARNING [21m[0m] Element conservation is violated too large
[[93m[1m WARNING [21m[0m] at step: 24219
[[93m[1m WARNING [21m[0m] -----------------------------------------------------------------
[[93m[1m WARNING [21m[0m] Element conservation is violated too large
[[93m[1m WARNING [21m[0m] at step: 24221
[[93m[1m WARNING [21m[0m] -----------------------------------------------------------------
[[93m[1m WARNING [21m[0m] Element conservation is violated too large
[[93m[1m WARNING [21m[0m] at step: 24225
[[93m[1m WARNING [21m[0m] -----------------------------------------------------------------
[[93m[1m WARNING [21m[0m] Element conservation is violated too large
[[93m[1m WARNING [21m[0m] at step: 24235
[[93m[1m WARNING [21m[0m] -----------------------------------------------------------------
[[93m[1m WARNING [21m[0m] Element conservation is violated too large
[[93m[1m WARNING [21m[0m] at step: 24236
[[93m[1m WARNING [21m[0m] -----------------------------------------------------------------
[[93m[1m WARNING [21m[0m] Element conservation is violated too large
[[93m[1m WARNING [21m[0m] at step: 24239
[[93m[1m WARNING [21m[0m] -----------------------------------------------------------------
[[93m[1m WARNING [21m[0m] Element conservation is violated too large
[[93m[1m WARNING [21m[0m] at step: 24260
[[93m[1m WARNING [21m[0m] -----------------------------------------------------------------
[[93m[1m WARNING [21m[0m] Element conservation is violated too large
[[93m[1m WARNING [21m[0m] at step: 24260
[[93m[1m WARNING [21m[0m] -----------------------------------------------------------------
[[93m[1m WARNING [21m[0m] Element conservation is violated too large
[[93m[1m WARNING [21m[0m] at step: 24264
[[93m[1m WARNING [21m[0m] -----------------------------------------------------------------
[[93m[1m WARNING [21m[0m] Element conservation is violated too large
[[93m[1m WARNING [21m[0m] at step: 24278
[[93m[1m WARNING [21m[0m] -----------------------------------------------------------------
[[93m[1m WARNING [21m[0m] Element conservation is violated too large
[[93m[1m WARNING [21m[0m] at step: 24283
[[93m[1m WARNING [21m[0m] -----------------------------------------------------------------
[[93m[1m WARNING [21m[0m] Element conservation is violated too large
[[93m[1m WARNING [21m[0m] at step: 24287
[[93m[1m WARNING [21m[0m] -----------------------------------------------------------------
[[93m[1m WARNING [21m[0m] Element conservation is violated too large
[[93m[1m WARNING [21m[0m] at step: 24295
[[93m[1m WARNING [21m[0m] -----------------------------------------------------------------
[[93m[1m WARNING [21m[0m] Element conservation is violated too large
[[93m[1m WARNING [21m[0m] at step: 24296
[[93m[1m WARNING [21m[0m] -----------------------------------------------------------------
[[93m[1m WARNING [21m[0m] Element conservation is violated too large
[[93m[1m WARNING [21m[0m] at step: 24298
[[93m[1m WARNING [21m[0m] -----------------------------------------------------------------
[[32m[1m INFO  [21m[0m] Elapsed time: 1.17e+00 || Step number: 24300/30000
[[32m[1m INFO  [21m[0m] longdy = 1.00e+00      || longdy/dt = 1.00e+00  || dt = 9.61e-05
[[32m[1m INFO  [21m[0m] from nz = 0 and OH
[[32m[1m INFO  [21m[0m] -----------------------------------------------------------------
[[93m[1m WARNING [21m[0m] Element conservation is violated too large
[[93m[1m WARNING [21m[0m] at step: 24308
[[93m[1m WARNING [21m[0m] -----------------------------------------------------------------
[[93m[1m WARNING [21m[0m] Element conservation is violated too large
[[93m[1m WARNING [21m[0m] at step: 24309
[[93m[1m WARNING [21m[0m] -----------------------------------------------------------------
[[93m[1m WARNING [21m[0m] Element conservation is violated too large
[[93m[1m WARNING [21m[0m] at step: 24312
[[93m[1m WARNING [21m[0m] -----------------------------------------------------------------
[[93m[1m WARNING [21m[0m] Element conservation is violated too large
[[93m[1m WARNING [21m[0m] at step: 24313
[[93m[1m WARNING [21m[0m] -----------------------------------------------------------------
[[93m[1m WARNING [21m[0m] Element conservation is violated too large
[[93m[1m WARNING [21m[0m] at step: 24315
[[93m[1m WARNING [21m[0m] -----------------------------------------------------------------
[[93m[1m WARNING [21m[0m] Element conservation is violated too large
[[93m[1m WARNING [21m[0m] at step: 24326
[[93m[1m WARNING [21m[0m] -----------------------------------------------------------------
[[93m[1m WARNING [21m[0m] Element conservation is violated too large
[[93m[1m WARNING [21m[0m] at step: 24331
[[93m[1m WARNING [21m[0m] -----------------------------------------------------------------
[[93m[1m WARNING [21m[0m] Element conservation is violated too large
[[93m[1m WARNING [21m[0m] at step: 24332
[[93m[1m WARNING [21m[0m] -----------------------------------------------------------------
[[93m[1m WARNING [21m[0m] Element conservation is violated too large
[[93m[1m WARNING [21m[0m] at step: 24333
[[93m[1m WARNING [21m[0m] -----------------------------------------------------------------
[[93m[1m WARNING [21m[0m] Element conservation is violated too large
[[93m[1m WARNING [21m[0m] at step: 24356
[[93m[1m WARNING [21m[0m] -----------------------------------------------------------------
[[93m[1m WARNING [21m[0m] Element conservation is violated too large
[[93m[1m WARNING [21m[0m] at step: 24365
[[93m[1m WARNING [21m[0m] -----------------------------------------------------------------
[[93m[1m WARNING [21m[0m] Element conservation is violated too large
[[93m[1m WARNING [21m[0m] at step: 24367
[[93m[1m WARNING [21m[0m] -----------------------------------------------------------------
[[93m[1m WARNING [21m[0m] Element conservation is violated too large
[[93m[1m WARNING [21m[0m] at step: 24375
[[93m[1m WARNING [21m[0m] -----------------------------------------------------------------
[[93m[1m WARNING [21m[0m] Element conservation is violated too large
[[93m[1m WARNING [21m[0m] at step: 24376
[[93m[1m WARNING [21m[0m] -----------------------------------------------------------------
[[93m[1m WARNING [21m[0m] Element conservation is violated too large
[[93m[1m WARNING [21m[0m] at step: 24380
[[93m[1m WARNING [21m[0m] -----------------------------------------------------------------
[[93m[1m WARNING [21m[0m] Element conservation is violated too large
[[93m[1m WARNING [21m[0m] at step: 24384
[[93m[1m WARNING [21m[0m] -----------------------------------------------------------------
[[93m[1m WARNING [21m[0m] Element conservation is violated too large
[[93m[1m WARNING [21m[0m] at step: 24396
[[93m[1m WARNING [21m[0m] -----------------------------------------------------------------
[[93m[1m WARNING [21m[0m] Element conservation is violated too large
[[93m[1m WARNING [21m[0m] at step: 24398
[[93m[1m WARNING [21m[0m] -----------------------------------------------------------------
[[32m[1m INFO  [21m[0m] Elapsed time: 1.18e+00 || Step number: 24400/30000
[[32m[1m INFO  [21m[0m] longdy = 1.00e+00      || longdy/dt = 1.00e+00  || dt = 9.76e-05
[[32m[1m INFO  [21m[0m] from nz = 0 and OH
[[32m[1m INFO  [21m[0m] -----------------------------------------------------------------
[[93m[1m WARNING [21m[0m] Element conservation is violated too large
[[93m[1m WARNING [21m[0m] at step: 24405
[[93m[1m WARNING [21m[0m] -----------------------------------------------------------------
[[93m[1m WARNING [21m[0m] Element conservation is violated too large
[[93m[1m WARNING [21m[0m] at step: 24411
[[93m[1m WARNING [21m[0m] -----------------------------------------------------------------
[[93m[1m WARNING [21m[0m] Element conservation is violated too large
[[93m[1m WARNING [21m[0m] at step: 24420
[[93m[1m WARNING [21m[0m] -----------------------------------------------------------------
[[93m[1m WARNING [21m[0m] Element conservation is violated too large
[[93m[1m WARNING [21m[0m] at step: 24423
[[93m[1m WARNING [21m[0m] -----------------------------------------------------------------
[[93m[1m WARNING [21m[0m] Element conservation is violated too large
[[93m[1m WARNING [21m[0m] at step: 24425
[[93m[1m WARNING [21m[0m] -----------------------------------------------------------------
[[93m[1m WARNING [21m[0m] Element conservation is violated too large
[[93m[1m WARNING [21m[0m] at step: 24444
[[93m[1m WARNING [21m[0m] -----------------------------------------------------------------
[[93m[1m WARNING [21m[0m] Element conservation is violated too large
[[93m[1m WARNING [21m[0m] at step: 24446
[[93m[1m WARNING [21m[0m] -----------------------------------------------------------------
[[93m[1m WARNING [21m[0m] Element conservation is violated too large
[[93m[1m WARNING [21m[0m] at step: 24447
[[93m[1m WARNING [21m[0m] -----------------------------------------------------------------
[[93m[1m WARNING [21m[0m] Element conservation is violated too large
[[93m[1m WARNING [21m[0m] at step: 24452
[[93m[1m WARNING [21m[0m] -----------------------------------------------------------------
[[93m[1m WARNING [21m[0m] Element conservation is violated too large
[[93m[1m WARNING [21m[0m] at step: 24455
[[93m[1m WARNING [21m[0m] -----------------------------------------------------------------
[[93m[1m WARNING [21m[0m] Element conservation is violated too large
[[93m[1m WARNING [21m[0m] at step: 24460
[[93m[1m WARNING [21m[0m] -----------------------------------------------------------------
[[93m[1m WARNING [21m[0m] Element conservation is violated too large
[[93m[1m WARNING [21m[0m] at step: 24466
[[93m[1m WARNING [21m[0m] -----------------------------------------------------------------
[[93m[1m WARNING [21m[0m] Element conservation is violated too large
[[93m[1m WARNING [21m[0m] at step: 24478
[[93m[1m WARNING [21m[0m] -----------------------------------------------------------------
[[93m[1m WARNING [21m[0m] Element conservation is violated too large
[[93m[1m WARNING [21m[0m] at step: 24479
[[93m[1m WARNING [21m[0m] -----------------------------------------------------------------
[[93m[1m WARNING [21m[0m] Element conservation is violated too large
[[93m[1m WARNING [21m[0m] at step: 24485
[[93m[1m WARNING [21m[0m] -----------------------------------------------------------------
[[93m[1m WARNING [21m[0m] Element conservation is violated too large
[[93m[1m WARNING [21m[0m] at step: 24492
[[93m[1m WARNING [21m[0m] -----------------------------------------------------------------
[[93m[1m WARNING [21m[0m] Element conservation is violated too large
[[93m[1m WARNING [21m[0m] at step: 24494
[[93m[1m WARNING [21m[0m] -----------------------------------------------------------------
[[32m[1m INFO  [21m[0m] Elapsed time: 1.19e+00 || Step number: 24500/30000
[[32m[1m INFO  [21m[0m] longdy = 1.00e+00      || longdy/dt = 1.00e+00  || dt = 1.25e-04
[[32m[1m INFO  [21m[0m] from nz = 0 and OH
[[32m[1m INFO  [21m[0m] -----------------------------------------------------------------
[[93m[1m WARNING [21m[0m] Element conservation is violated too large
[[93m[1m WARNING [21m[0m] at step: 24511
[[93m[1m WARNING [21m[0m] -----------------------------------------------------------------
[[93m[1m WARNING [21m[0m] Element conservation is violated too large
[[93m[1m WARNING [21m[0m] at step: 24513
[[93m[1m WARNING [21m[0m] -----------------------------------------------------------------
[[93m[1m WARNING [21m[0m] Element conservation is violated too large
[[93m[1m WARNING [21m[0m] at step: 24516
[[93m[1m WARNING [21m[0m] -----------------------------------------------------------------
[[93m[1m WARNING [21m[0m] Element conservation is violated too large
[[93m[1m WARNING [21m[0m] at step: 24520
[[93m[1m WARNING [21m[0m] -----------------------------------------------------------------
[[93m[1m WARNING [21m[0m] Element conservation is violated too large
[[93m[1m WARNING [21m[0m] at step: 24521
[[93m[1m WARNING [21m[0m] -----------------------------------------------------------------
[[93m[1m WARNING [21m[0m] Element conservation is violated too large
[[93m[1m WARNING [21m[0m] at step: 24522
[[93m[1m WARNING [21m[0m] -----------------------------------------------------------------
[[93m[1m WARNING [21m[0m] Element conservation is violated too large
[[93m[1m WARNING [21m[0m] at step: 24523
[[93m[1m WARNING [21m[0m] -----------------------------------------------------------------
[[93m[1m WARNING [21m[0m] Element conservation is violated too large
[[93m[1m WARNING [21m[0m] at step: 24529
[[93m[1m WARNING [21m[0m] -----------------------------------------------------------------
[[93m[1m WARNING [21m[0m] Element conservation is violated too large
[[93m[1m WARNING [21m[0m] at step: 24530
[[93m[1m WARNING [21m[0m] -----------------------------------------------------------------
[[93m[1m WARNING [21m[0m] Element conservation is violated too large
[[93m[1m WARNING [21m[0m] at step: 24535
[[93m[1m WARNING [21m[0m] -----------------------------------------------------------------
[[93m[1m WARNING [21m[0m] Element conservation is violated too large
[[93m[1m WARNING [21m[0m] at step: 24535
[[93m[1m WARNING [21m[0m] -----------------------------------------------------------------
[[93m[1m WARNING [21m[0m] Element conservation is violated too large
[[93m[1m WARNING [21m[0m] at step: 24538
[[93m[1m WARNING [21m[0m] -----------------------------------------------------------------
[[93m[1m WARNING [21m[0m] Element conservation is violated too large
[[93m[1m WARNING [21m[0m] at step: 24541
[[93m[1m WARNING [21m[0m] -----------------------------------------------------------------
[[93m[1m WARNING [21m[0m] Element conservation is violated too large
[[93m[1m WARNING [21m[0m] at step: 24544
[[93m[1m WARNING [21m[0m] -----------------------------------------------------------------
[[93m[1m WARNING [21m[0m] Element conservation is violated too large
[[93m[1m WARNING [21m[0m] at step: 24546
[[93m[1m WARNING [21m[0m] -----------------------------------------------------------------
[[93m[1m WARNING [21m[0m] Element conservation is violated too large
[[93m[1m WARNING [21m[0m] at step: 24551
[[93m[1m WARNING [21m[0m] -----------------------------------------------------------------
[[93m[1m WARNING [21m[0m] Element conservation is violated too large
[[93m[1m WARNING [21m[0m] at step: 24552
[[93m[1m WARNING [21m[0m] -----------------------------------------------------------------
[[93m[1m WARNING [21m[0m] Element conservation is violated too large
[[93m[1m WARNING [21m[0m] at step: 24554
[[93m[1m WARNING [21m[0m] -----------------------------------------------------------------
[[93m[1m WARNING [21m[0m] Element conservation is violated too large
[[93m[1m WARNING [21m[0m] at step: 24557
[[93m[1m WARNING [21m[0m] -----------------------------------------------------------------
[[93m[1m WARNING [21m[0m] Element conservation is violated too large
[[93m[1m WARNING [21m[0m] at step: 24566
[[93m[1m WARNING [21m[0m] -----------------------------------------------------------------
[[93m[1m WARNING [21m[0m] Element conservation is violated too large
[[93m[1m WARNING [21m[0m] at step: 24592
[[93m[1m WARNING [21m[0m] -----------------------------------------------------------------
[[93m[1m WARNING [21m[0m] Element conservation is violated too large
[[93m[1m WARNING [21m[0m] at step: 24599
[[93m[1m WARNING [21m[0m] -----------------------------------------------------------------
[[32m[1m INFO  [21m[0m] Elapsed time: 1.19e+00 || Step number: 24600/30000
[[32m[1m INFO  [21m[0m] longdy = 1.00e+00      || longdy/dt = 1.00e+00  || dt = 9.29e-05
[[32m[1m INFO  [21m[0m] from nz = 0 and OH
[[32m[1m INFO  [21m[0m] -----------------------------------------------------------------
[[93m[1m WARNING [21m[0m] Element conservation is violated too large
[[93m[1m WARNING [21m[0m] at step: 24603
[[93m[1m WARNING [21m[0m] -----------------------------------------------------------------
[[93m[1m WARNING [21m[0m] Element conservation is violated too large
[[93m[1m WARNING [21m[0m] at step: 24612
[[93m[1m WARNING [21m[0m] -----------------------------------------------------------------
[[93m[1m WARNING [21m[0m] Element conservation is violated too large
[[93m[1m WARNING [21m[0m] at step: 24624
[[93m[1m WARNING [21m[0m] -----------------------------------------------------------------
[[93m[1m WARNING [21m[0m] Element conservation is violated too large
[[93m[1m WARNING [21m[0m] at step: 24631
[[93m[1m WARNING [21m[0m] -----------------------------------------------------------------
[[93m[1m WARNING [21m[0m] Element conservation is violated too large
[[93m[1m WARNING [21m[0m] at step: 24635
[[93m[1m WARNING [21m[0m] -----------------------------------------------------------------
[[93m[1m WARNING [21m[0m] Element conservation is violated too large
[[93m[1m WARNING [21m[0m] at step: 24653
[[93m[1m WARNING [21m[0m] -----------------------------------------------------------------
[[93m[1m WARNING [21m[0m] Element conservation is violated too large
[[93m[1m WARNING [21m[0m] at step: 24656
[[93m[1m WARNING [21m[0m] -----------------------------------------------------------------
[[93m[1m WARNING [21m[0m] Element conservation is violated too large
[[93m[1m WARNING [21m[0m] at step: 24667
[[93m[1m WARNING [21m[0m] -----------------------------------------------------------------
[[93m[1m WARNING [21m[0m] Element conservation is violated too large
[[93m[1m WARNING [21m[0m] at step: 24672
[[93m[1m WARNING [21m[0m] -----------------------------------------------------------------
[[93m[1m WARNING [21m[0m] Element conservation is violated too large
[[93m[1m WARNING [21m[0m] at step: 24674
[[93m[1m WARNING [21m[0m] -----------------------------------------------------------------
[[93m[1m WARNING [21m[0m] Element conservation is violated too large
[[93m[1m WARNING [21m[0m] at step: 24679
[[93m[1m WARNING [21m[0m] -----------------------------------------------------------------
[[93m[1m WARNING [21m[0m] Element conservation is violated too large
[[93m[1m WARNING [21m[0m] at step: 24683
[[93m[1m WARNING [21m[0m] -----------------------------------------------------------------
[[93m[1m WARNING [21m[0m] Element conservation is violated too large
[[93m[1m WARNING [21m[0m] at step: 24684
[[93m[1m WARNING [21m[0m] -----------------------------------------------------------------
[[93m[1m WARNING [21m[0m] Element conservation is violated too large
[[93m[1m WARNING [21m[0m] at step: 24686
[[93m[1m WARNING [21m[0m] -----------------------------------------------------------------
[[32m[1m INFO  [21m[0m] Elapsed time: 1.20e+00 || Step number: 24700/30000
[[32m[1m INFO  [21m[0m] longdy = 1.00e+00      || longdy/dt = 1.00e+00  || dt = 6.46e-05
[[32m[1m INFO  [21m[0m] from nz = 0 and OH
[[32m[1m INFO  [21m[0m] -----------------------------------------------------------------
[[93m[1m WARNING [21m[0m] Element conservation is violated too large
[[93m[1m WARNING [21m[0m] at step: 24702
[[93m[1m WARNING [21m[0m] -----------------------------------------------------------------
[[93m[1m WARNING [21m[0m] Element conservation is violated too large
[[93m[1m WARNING [21m[0m] at step: 24706
[[93m[1m WARNING [21m[0m] -----------------------------------------------------------------
[[93m[1m WARNING [21m[0m] Element conservation is violated too large
[[93m[1m WARNING [21m[0m] at step: 24714
[[93m[1m WARNING [21m[0m] -----------------------------------------------------------------
[[93m[1m WARNING [21m[0m] Element conservation is violated too large
[[93m[1m WARNING [21m[0m] at step: 24722
[[93m[1m WARNING [21m[0m] -----------------------------------------------------------------
[[93m[1m WARNING [21m[0m] Element conservation is violated too large
[[93m[1m WARNING [21m[0m] at step: 24724
[[93m[1m WARNING [21m[0m] -----------------------------------------------------------------
[[93m[1m WARNING [21m[0m] Element conservation is violated too large
[[93m[1m WARNING [21m[0m] at step: 24732
[[93m[1m WARNING [21m[0m] -----------------------------------------------------------------
[[93m[1m WARNING [21m[0m] Element conservation is violated too large
[[93m[1m WARNING [21m[0m] at step: 24733
[[93m[1m WARNING [21m[0m] -----------------------------------------------------------------
[[93m[1m WARNING [21m[0m] Element conservation is violated too large
[[93m[1m WARNING [21m[0m] at step: 24738
[[93m[1m WARNING [21m[0m] -----------------------------------------------------------------
[[93m[1m WARNING [21m[0m] Element conservation is violated too large
[[93m[1m WARNING [21m[0m] at step: 24749
[[93m[1m WARNING [21m[0m] -----------------------------------------------------------------
[[93m[1m WARNING [21m[0m] Element conservation is violated too large
[[93m[1m WARNING [21m[0m] at step: 24756
[[93m[1m WARNING [21m[0m] -----------------------------------------------------------------
[[93m[1m WARNING [21m[0m] Element conservation is violated too large
[[93m[1m WARNING [21m[0m] at step: 24759
[[93m[1m WARNING [21m[0m] -----------------------------------------------------------------
[[93m[1m WARNING [21m[0m] Element conservation is violated too large
[[93m[1m WARNING [21m[0m] at step: 24761
[[93m[1m WARNING [21m[0m] -----------------------------------------------------------------
[[93m[1m WARNING [21m[0m] Element conservation is violated too large
[[93m[1m WARNING [21m[0m] at step: 24761
[[93m[1m WARNING [21m[0m] -----------------------------------------------------------------
[[93m[1m WARNING [21m[0m] Element conservation is violated too large
[[93m[1m WARNING [21m[0m] at step: 24764
[[93m[1m WARNING [21m[0m] -----------------------------------------------------------------
[[93m[1m WARNING [21m[0m] Element conservation is violated too large
[[93m[1m WARNING [21m[0m] at step: 24765
[[93m[1m WARNING [21m[0m] -----------------------------------------------------------------
[[93m[1m WARNING [21m[0m] Element conservation is violated too large
[[93m[1m WARNING [21m[0m] at step: 24768
[[93m[1m WARNING [21m[0m] -----------------------------------------------------------------
[[93m[1m WARNING [21m[0m] Element conservation is violated too large
[[93m[1m WARNING [21m[0m] at step: 24774
[[93m[1m WARNING [21m[0m] -----------------------------------------------------------------
[[93m[1m WARNING [21m[0m] Element conservation is violated too large
[[93m[1m WARNING [21m[0m] at step: 24786
[[93m[1m WARNING [21m[0m] -----------------------------------------------------------------
[[93m[1m WARNING [21m[0m] Element conservation is violated too large
[[93m[1m WARNING [21m[0m] at step: 24792
[[93m[1m WARNING [21m[0m] -----------------------------------------------------------------
[[93m[1m WARNING [21m[0m] Element conservation is violated too large
[[93m[1m WARNING [21m[0m] at step: 24792
[[93m[1m WARNING [21m[0m] -----------------------------------------------------------------
[[32m[1m INFO  [21m[0m] Elapsed time: 1.21e+00 || Step number: 24800/30000
[[32m[1m INFO  [21m[0m] longdy = 1.00e+00      || longdy/dt = 1.00e+00  || dt = 7.55e-05
[[32m[1m INFO  [21m[0m] from nz = 0 and OH
[[32m[1m INFO  [21m[0m] -----------------------------------------------------------------
[[93m[1m WARNING [21m[0m] Element conservation is violated too large
[[93m[1m WARNING [21m[0m] at step: 24802
[[93m[1m WARNING [21m[0m] -----------------------------------------------------------------
[[93m[1m WARNING [21m[0m] Element conservation is violated too large
[[93m[1m WARNING [21m[0m] at step: 24804
[[93m[1m WARNING [21m[0m] -----------------------------------------------------------------
[[93m[1m WARNING [21m[0m] Element conservation is violated too large
[[93m[1m WARNING [21m[0m] at step: 24806
[[93m[1m WARNING [21m[0m] -----------------------------------------------------------------
[[93m[1m WARNING [21m[0m] Element conservation is violated too large
[[93m[1m WARNING [21m[0m] at step: 24807
[[93m[1m WARNING [21m[0m] -----------------------------------------------------------------
[[93m[1m WARNING [21m[0m] Element conservation is violated too large
[[93m[1m WARNING [21m[0m] at step: 24814
[[93m[1m WARNING [21m[0m] -----------------------------------------------------------------
[[93m[1m WARNING [21m[0m] Element conservation is violated too large
[[93m[1m WARNING [21m[0m] at step: 24827
[[93m[1m WARNING [21m[0m] -----------------------------------------------------------------
[[93m[1m WARNING [21m[0m] Element conservation is violated too large
[[93m[1m WARNING [21m[0m] at step: 24830
[[93m[1m WARNING [21m[0m] -----------------------------------------------------------------
[[93m[1m WARNING [21m[0m] Element conservation is violated too large
[[93m[1m WARNING [21m[0m] at step: 24835
[[93m[1m WARNING [21m[0m] -----------------------------------------------------------------
[[93m[1m WARNING [21m[0m] Element conservation is violated too large
[[93m[1m WARNING [21m[0m] at step: 24840
[[93m[1m WARNING [21m[0m] -----------------------------------------------------------------
[[93m[1m WARNING [21m[0m] Element conservation is violated too large
[[93m[1m WARNING [21m[0m] at step: 24848
[[93m[1m WARNING [21m[0m] -----------------------------------------------------------------
[[93m[1m WARNING [21m[0m] Element conservation is violated too large
[[93m[1m WARNING [21m[0m] at step: 24848
[[93m[1m WARNING [21m[0m] -----------------------------------------------------------------
[[93m[1m WARNING [21m[0m] Element conservation is violated too large
[[93m[1m WARNING [21m[0m] at step: 24850
[[93m[1m WARNING [21m[0m] -----------------------------------------------------------------
[[93m[1m WARNING [21m[0m] Element conservation is violated too large
[[93m[1m WARNING [21m[0m] at step: 24851
[[93m[1m WARNING [21m[0m] -----------------------------------------------------------------
[[93m[1m WARNING [21m[0m] Element conservation is violated too large
[[93m[1m WARNING [21m[0m] at step: 24854
[[93m[1m WARNING [21m[0m] -----------------------------------------------------------------
[[93m[1m WARNING [21m[0m] Element conservation is violated too large
[[93m[1m WARNING [21m[0m] at step: 24856
[[93m[1m WARNING [21m[0m] -----------------------------------------------------------------
[[93m[1m WARNING [21m[0m] Element conservation is violated too large
[[93m[1m WARNING [21m[0m] at step: 24863
[[93m[1m WARNING [21m[0m] -----------------------------------------------------------------
[[93m[1m WARNING [21m[0m] Element conservation is violated too large
[[93m[1m WARNING [21m[0m] at step: 24864
[[93m[1m WARNING [21m[0m] -----------------------------------------------------------------
[[93m[1m WARNING [21m[0m] Element conservation is violated too large
[[93m[1m WARNING [21m[0m] at step: 24866
[[93m[1m WARNING [21m[0m] -----------------------------------------------------------------
[[93m[1m WARNING [21m[0m] Element conservation is violated too large
[[93m[1m WARNING [21m[0m] at step: 24869
[[93m[1m WARNING [21m[0m] -----------------------------------------------------------------
[[93m[1m WARNING [21m[0m] Element conservation is violated too large
[[93m[1m WARNING [21m[0m] at step: 24870
[[93m[1m WARNING [21m[0m] -----------------------------------------------------------------
[[93m[1m WARNING [21m[0m] Element conservation is violated too large
[[93m[1m WARNING [21m[0m] at step: 24876
[[93m[1m WARNING [21m[0m] -----------------------------------------------------------------
[[93m[1m WARNING [21m[0m] Element conservation is violated too large
[[93m[1m WARNING [21m[0m] at step: 24879
[[93m[1m WARNING [21m[0m] -----------------------------------------------------------------
[[93m[1m WARNING [21m[0m] Element conservation is violated too large
[[93m[1m WARNING [21m[0m] at step: 24885
[[93m[1m WARNING [21m[0m] -----------------------------------------------------------------
[[93m[1m WARNING [21m[0m] Element conservation is violated too large
[[93m[1m WARNING [21m[0m] at step: 24889
[[93m[1m WARNING [21m[0m] -----------------------------------------------------------------
[[93m[1m WARNING [21m[0m] Element conservation is violated too large
[[93m[1m WARNING [21m[0m] at step: 24895
[[93m[1m WARNING [21m[0m] -----------------------------------------------------------------
[[93m[1m WARNING [21m[0m] Element conservation is violated too large
[[93m[1m WARNING [21m[0m] at step: 24899
[[93m[1m WARNING [21m[0m] -----------------------------------------------------------------
[[32m[1m INFO  [21m[0m] Elapsed time: 1.22e+00 || Step number: 24900/30000
[[32m[1m INFO  [21m[0m] longdy = 1.00e+00      || longdy/dt = 1.00e+00  || dt = 7.10e-05
[[32m[1m INFO  [21m[0m] from nz = 0 and OH
[[32m[1m INFO  [21m[0m] -----------------------------------------------------------------
[[93m[1m WARNING [21m[0m] Element conservation is violated too large
[[93m[1m WARNING [21m[0m] at step: 24905
[[93m[1m WARNING [21m[0m] -----------------------------------------------------------------
[[93m[1m WARNING [21m[0m] Element conservation is violated too large
[[93m[1m WARNING [21m[0m] at step: 24917
[[93m[1m WARNING [21m[0m] -----------------------------------------------------------------
[[93m[1m WARNING [21m[0m] Element conservation is violated too large
[[93m[1m WARNING [21m[0m] at step: 24923
[[93m[1m WARNING [21m[0m] -----------------------------------------------------------------
[[93m[1m WARNING [21m[0m] Element conservation is violated too large
[[93m[1m WARNING [21m[0m] at step: 24926
[[93m[1m WARNING [21m[0m] -----------------------------------------------------------------
[[93m[1m WARNING [21m[0m] Element conservation is violated too large
[[93m[1m WARNING [21m[0m] at step: 24931
[[93m[1m WARNING [21m[0m] -----------------------------------------------------------------
[[93m[1m WARNING [21m[0m] Element conservation is violated too large
[[93m[1m WARNING [21m[0m] at step: 24939
[[93m[1m WARNING [21m[0m] -----------------------------------------------------------------
[[93m[1m WARNING [21m[0m] Element conservation is violated too large
[[93m[1m WARNING [21m[0m] at step: 24941
[[93m[1m WARNING [21m[0m] -----------------------------------------------------------------
[[93m[1m WARNING [21m[0m] Element conservation is violated too large
[[93m[1m WARNING [21m[0m] at step: 24946
[[93m[1m WARNING [21m[0m] -----------------------------------------------------------------
[[93m[1m WARNING [21m[0m] Element conservation is violated too large
[[93m[1m WARNING [21m[0m] at step: 24953
[[93m[1m WARNING [21m[0m] -----------------------------------------------------------------
[[93m[1m WARNING [21m[0m] Element conservation is violated too large
[[93m[1m WARNING [21m[0m] at step: 24963
[[93m[1m WARNING [21m[0m] -----------------------------------------------------------------
[[93m[1m WARNING [21m[0m] Element conservation is violated too large
[[93m[1m WARNING [21m[0m] at step: 24983
[[93m[1m WARNING [21m[0m] -----------------------------------------------------------------
[[93m[1m WARNING [21m[0m] Element conservation is violated too large
[[93m[1m WARNING [21m[0m] at step: 24984
[[93m[1m WARNING [21m[0m] -----------------------------------------------------------------
[[93m[1m WARNING [21m[0m] Element conservation is violated too large
[[93m[1m WARNING [21m[0m] at step: 24986
[[93m[1m WARNING [21m[0m] -----------------------------------------------------------------
[[93m[1m WARNING [21m[0m] Element conservation is violated too large
[[93m[1m WARNING [21m[0m] at step: 24998
[[93m[1m WARNING [21m[0m] -----------------------------------------------------------------
[[93m[1m WARNING [21m[0m] Element conservation is violated too large
[[93m[1m WARNING [21m[0m] at step: 24998
[[93m[1m WARNING [21m[0m] -----------------------------------------------------------------
[[32m[1m INFO  [21m[0m] Elapsed time: 1.23e+00 || Step number: 25000/30000
[[32m[1m INFO  [21m[0m] longdy = 1.00e+00      || longdy/dt = 1.00e+00  || dt = 1.36e-04
[[32m[1m INFO  [21m[0m] from nz = 0 and OH
[[32m[1m INFO  [21m[0m] -----------------------------------------------------------------
[[93m[1m WARNING [21m[0m] Element conservation is violated too large
[[93m[1m WARNING [21m[0m] at step: 25008
[[93m[1m WARNING [21m[0m] -----------------------------------------------------------------
[[93m[1m WARNING [21m[0m] Element conservation is violated too large
[[93m[1m WARNING [21m[0m] at step: 25011
[[93m[1m WARNING [21m[0m] -----------------------------------------------------------------
[[93m[1m WARNING [21m[0m] Element conservation is violated too large
[[93m[1m WARNING [21m[0m] at step: 25016
[[93m[1m WARNING [21m[0m] -----------------------------------------------------------------
[[93m[1m WARNING [21m[0m] Element conservation is violated too large
[[93m[1m WARNING [21m[0m] at step: 25019
[[93m[1m WARNING [21m[0m] -----------------------------------------------------------------
[[93m[1m WARNING [21m[0m] Element conservation is violated too large
[[93m[1m WARNING [21m[0m] at step: 25035
[[93m[1m WARNING [21m[0m] -----------------------------------------------------------------
[[93m[1m WARNING [21m[0m] Element conservation is violated too large
[[93m[1m WARNING [21m[0m] at step: 25041
[[93m[1m WARNING [21m[0m] -----------------------------------------------------------------
[[93m[1m WARNING [21m[0m] Element conservation is violated too large
[[93m[1m WARNING [21m[0m] at step: 25050
[[93m[1m WARNING [21m[0m] -----------------------------------------------------------------
[[93m[1m WARNING [21m[0m] Element conservation is violated too large
[[93m[1m WARNING [21m[0m] at step: 25054
[[93m[1m WARNING [21m[0m] -----------------------------------------------------------------
[[93m[1m WARNING [21m[0m] Element conservation is violated too large
[[93m[1m WARNING [21m[0m] at step: 25056
[[93m[1m WARNING [21m[0m] -----------------------------------------------------------------
[[93m[1m WARNING [21m[0m] Element conservation is violated too large
[[93m[1m WARNING [21m[0m] at step: 25078
[[93m[1m WARNING [21m[0m] -----------------------------------------------------------------
[[93m[1m WARNING [21m[0m] Element conservation is violated too large
[[93m[1m WARNING [21m[0m] at step: 25082
[[93m[1m WARNING [21m[0m] -----------------------------------------------------------------
[[93m[1m WARNING [21m[0m] Element conservation is violated too large
[[93m[1m WARNING [21m[0m] at step: 25086
[[93m[1m WARNING [21m[0m] -----------------------------------------------------------------
[[32m[1m INFO  [21m[0m] Elapsed time: 1.24e+00 || Step number: 25100/30000
[[32m[1m INFO  [21m[0m] longdy = 1.00e+00      || longdy/dt = 1.00e+00  || dt = 1.14e-04
[[32m[1m INFO  [21m[0m] from nz = 0 and OH
[[32m[1m INFO  [21m[0m] -----------------------------------------------------------------
[[93m[1m WARNING [21m[0m] Element conservation is violated too large
[[93m[1m WARNING [21m[0m] at step: 25104
[[93m[1m WARNING [21m[0m] -----------------------------------------------------------------
[[93m[1m WARNING [21m[0m] Element conservation is violated too large
[[93m[1m WARNING [21m[0m] at step: 25106
[[93m[1m WARNING [21m[0m] -----------------------------------------------------------------
[[93m[1m WARNING [21m[0m] Element conservation is violated too large
[[93m[1m WARNING [21m[0m] at step: 25119
[[93m[1m WARNING [21m[0m] -----------------------------------------------------------------
[[93m[1m WARNING [21m[0m] Element conservation is violated too large
[[93m[1m WARNING [21m[0m] at step: 25122
[[93m[1m WARNING [21m[0m] -----------------------------------------------------------------
[[93m[1m WARNING [21m[0m] Element conservation is violated too large
[[93m[1m WARNING [21m[0m] at step: 25124
[[93m[1m WARNING [21m[0m] -----------------------------------------------------------------
[[93m[1m WARNING [21m[0m] Element conservation is violated too large
[[93m[1m WARNING [21m[0m] at step: 25133
[[93m[1m WARNING [21m[0m] -----------------------------------------------------------------
[[93m[1m WARNING [21m[0m] Element conservation is violated too large
[[93m[1m WARNING [21m[0m] at step: 25135
[[93m[1m WARNING [21m[0m] -----------------------------------------------------------------
[[93m[1m WARNING [21m[0m] Element conservation is violated too large
[[93m[1m WARNING [21m[0m] at step: 25138
[[93m[1m WARNING [21m[0m] -----------------------------------------------------------------
[[93m[1m WARNING [21m[0m] Element conservation is violated too large
[[93m[1m WARNING [21m[0m] at step: 25141
[[93m[1m WARNING [21m[0m] -----------------------------------------------------------------
[[93m[1m WARNING [21m[0m] Element conservation is violated too large
[[93m[1m WARNING [21m[0m] at step: 25143
[[93m[1m WARNING [21m[0m] -----------------------------------------------------------------
[[93m[1m WARNING [21m[0m] Element conservation is violated too large
[[93m[1m WARNING [21m[0m] at step: 25146
[[93m[1m WARNING [21m[0m] -----------------------------------------------------------------
[[93m[1m WARNING [21m[0m] Element conservation is violated too large
[[93m[1m WARNING [21m[0m] at step: 25149
[[93m[1m WARNING [21m[0m] -----------------------------------------------------------------
[[93m[1m WARNING [21m[0m] Element conservation is violated too large
[[93m[1m WARNING [21m[0m] at step: 25150
[[93m[1m WARNING [21m[0m] -----------------------------------------------------------------
[[93m[1m WARNING [21m[0m] Element conservation is violated too large
[[93m[1m WARNING [21m[0m] at step: 25157
[[93m[1m WARNING [21m[0m] -----------------------------------------------------------------
[[93m[1m WARNING [21m[0m] Element conservation is violated too large
[[93m[1m WARNING [21m[0m] at step: 25169
[[93m[1m WARNING [21m[0m] -----------------------------------------------------------------
[[93m[1m WARNING [21m[0m] Element conservation is violated too large
[[93m[1m WARNING [21m[0m] at step: 25170
[[93m[1m WARNING [21m[0m] -----------------------------------------------------------------
[[93m[1m WARNING [21m[0m] Element conservation is violated too large
[[93m[1m WARNING [21m[0m] at step: 25173
[[93m[1m WARNING [21m[0m] -----------------------------------------------------------------
[[93m[1m WARNING [21m[0m] Element conservation is violated too large
[[93m[1m WARNING [21m[0m] at step: 25177
[[93m[1m WARNING [21m[0m] -----------------------------------------------------------------
[[93m[1m WARNING [21m[0m] Element conservation is violated too large
[[93m[1m WARNING [21m[0m] at step: 25178
[[93m[1m WARNING [21m[0m] -----------------------------------------------------------------
[[93m[1m WARNING [21m[0m] Element conservation is violated too large
[[93m[1m WARNING [21m[0m] at step: 25180
[[93m[1m WARNING [21m[0m] -----------------------------------------------------------------
[[93m[1m WARNING [21m[0m] Element conservation is violated too large
[[93m[1m WARNING [21m[0m] at step: 25186
[[93m[1m WARNING [21m[0m] -----------------------------------------------------------------
[[93m[1m WARNING [21m[0m] Element conservation is violated too large
[[93m[1m WARNING [21m[0m] at step: 25188
[[93m[1m WARNING [21m[0m] -----------------------------------------------------------------
[[93m[1m WARNING [21m[0m] Element conservation is violated too large
[[93m[1m WARNING [21m[0m] at step: 25190
[[93m[1m WARNING [21m[0m] -----------------------------------------------------------------
[[93m[1m WARNING [21m[0m] Element conservation is violated too large
[[93m[1m WARNING [21m[0m] at step: 25193
[[93m[1m WARNING [21m[0m] -----------------------------------------------------------------
[[93m[1m WARNING [21m[0m] Element conservation is violated too large
[[93m[1m WARNING [21m[0m] at step: 25195
[[93m[1m WARNING [21m[0m] -----------------------------------------------------------------
[[93m[1m WARNING [21m[0m] Element conservation is violated too large
[[93m[1m WARNING [21m[0m] at step: 25199
[[93m[1m WARNING [21m[0m] -----------------------------------------------------------------
[[32m[1m INFO  [21m[0m] Elapsed time: 1.24e+00 || Step number: 25200/30000
[[32m[1m INFO  [21m[0m] longdy = 1.00e+00      || longdy/dt = 1.00e+00  || dt = 1.03e-04
[[32m[1m INFO  [21m[0m] from nz = 0 and OH
[[32m[1m INFO  [21m[0m] -----------------------------------------------------------------
[[93m[1m WARNING [21m[0m] Element conservation is violated too large
[[93m[1m WARNING [21m[0m] at step: 25200
[[93m[1m WARNING [21m[0m] -----------------------------------------------------------------
[[93m[1m WARNING [21m[0m] Element conservation is violated too large
[[93m[1m WARNING [21m[0m] at step: 25209
[[93m[1m WARNING [21m[0m] -----------------------------------------------------------------
[[93m[1m WARNING [21m[0m] Element conservation is violated too large
[[93m[1m WARNING [21m[0m] at step: 25221
[[93m[1m WARNING [21m[0m] -----------------------------------------------------------------
[[93m[1m WARNING [21m[0m] Element conservation is violated too large
[[93m[1m WARNING [21m[0m] at step: 25223
[[93m[1m WARNING [21m[0m] -----------------------------------------------------------------
[[93m[1m WARNING [21m[0m] Element conservation is violated too large
[[93m[1m WARNING [21m[0m] at step: 25225
[[93m[1m WARNING [21m[0m] -----------------------------------------------------------------
[[93m[1m WARNING [21m[0m] Element conservation is violated too large
[[93m[1m WARNING [21m[0m] at step: 25233
[[93m[1m WARNING [21m[0m] -----------------------------------------------------------------
[[93m[1m WARNING [21m[0m] Element conservation is violated too large
[[93m[1m WARNING [21m[0m] at step: 25240
[[93m[1m WARNING [21m[0m] -----------------------------------------------------------------
[[93m[1m WARNING [21m[0m] Element conservation is violated too large
[[93m[1m WARNING [21m[0m] at step: 25247
[[93m[1m WARNING [21m[0m] -----------------------------------------------------------------
[[93m[1m WARNING [21m[0m] Element conservation is violated too large
[[93m[1m WARNING [21m[0m] at step: 25276
[[93m[1m WARNING [21m[0m] -----------------------------------------------------------------
[[93m[1m WARNING [21m[0m] Element conservation is violated too large
[[93m[1m WARNING [21m[0m] at step: 25284
[[93m[1m WARNING [21m[0m] -----------------------------------------------------------------
[[93m[1m WARNING [21m[0m] Element conservation is violated too large
[[93m[1m WARNING [21m[0m] at step: 25285
[[93m[1m WARNING [21m[0m] -----------------------------------------------------------------
[[32m[1m INFO  [21m[0m] Elapsed time: 1.25e+00 || Step number: 25300/30000
[[32m[1m INFO  [21m[0m] longdy = 1.00e+00      || longdy/dt = 1.00e+00  || dt = 2.60e-04
[[32m[1m INFO  [21m[0m] from nz = 0 and OH
[[32m[1m INFO  [21m[0m] -----------------------------------------------------------------
[[93m[1m WARNING [21m[0m] Element conservation is violated too large
[[93m[1m WARNING [21m[0m] at step: 25328
[[93m[1m WARNING [21m[0m] -----------------------------------------------------------------
[[93m[1m WARNING [21m[0m] Element conservation is violated too large
[[93m[1m WARNING [21m[0m] at step: 25345
[[93m[1m WARNING [21m[0m] -----------------------------------------------------------------
[[93m[1m WARNING [21m[0m] Element conservation is violated too large
[[93m[1m WARNING [21m[0m] at step: 25357
[[93m[1m WARNING [21m[0m] -----------------------------------------------------------------
[[93m[1m WARNING [21m[0m] Element conservation is violated too large
[[93m[1m WARNING [21m[0m] at step: 25370
[[93m[1m WARNING [21m[0m] -----------------------------------------------------------------
[[93m[1m WARNING [21m[0m] Element conservation is violated too large
[[93m[1m WARNING [21m[0m] at step: 25387
[[93m[1m WARNING [21m[0m] -----------------------------------------------------------------
[[93m[1m WARNING [21m[0m] Element conservation is violated too large
[[93m[1m WARNING [21m[0m] at step: 25392
[[93m[1m WARNING [21m[0m] -----------------------------------------------------------------
[[93m[1m WARNING [21m[0m] Element conservation is violated too large
[[93m[1m WARNING [21m[0m] at step: 25393
[[93m[1m WARNING [21m[0m] -----------------------------------------------------------------
[[93m[1m WARNING [21m[0m] Element conservation is violated too large
[[93m[1m WARNING [21m[0m] at step: 25397
[[93m[1m WARNING [21m[0m] -----------------------------------------------------------------
[[32m[1m INFO  [21m[0m] Elapsed time: 1.26e+00 || Step number: 25400/30000
[[32m[1m INFO  [21m[0m] longdy = 1.00e+00      || longdy/dt = 1.00e+00  || dt = 1.69e-04
[[32m[1m INFO  [21m[0m] from nz = 0 and OH
[[32m[1m INFO  [21m[0m] -----------------------------------------------------------------
[[93m[1m WARNING [21m[0m] Element conservation is violated too large
[[93m[1m WARNING [21m[0m] at step: 25400
[[93m[1m WARNING [21m[0m] -----------------------------------------------------------------
[[93m[1m WARNING [21m[0m] Element conservation is violated too large
[[93m[1m WARNING [21m[0m] at step: 25403
[[93m[1m WARNING [21m[0m] -----------------------------------------------------------------
[[93m[1m WARNING [21m[0m] Element conservation is violated too large
[[93m[1m WARNING [21m[0m] at step: 25404
[[93m[1m WARNING [21m[0m] -----------------------------------------------------------------
[[93m[1m WARNING [21m[0m] Element conservation is violated too large
[[93m[1m WARNING [21m[0m] at step: 25414
[[93m[1m WARNING [21m[0m] -----------------------------------------------------------------
[[93m[1m WARNING [21m[0m] Element conservation is violated too large
[[93m[1m WARNING [21m[0m] at step: 25415
[[93m[1m WARNING [21m[0m] -----------------------------------------------------------------
[[93m[1m WARNING [21m[0m] Element conservation is violated too large
[[93m[1m WARNING [21m[0m] at step: 25417
[[93m[1m WARNING [21m[0m] -----------------------------------------------------------------
[[93m[1m WARNING [21m[0m] Element conservation is violated too large
[[93m[1m WARNING [21m[0m] at step: 25425
[[93m[1m WARNING [21m[0m] -----------------------------------------------------------------
[[93m[1m WARNING [21m[0m] Element conservation is violated too large
[[93m[1m WARNING [21m[0m] at step: 25435
[[93m[1m WARNING [21m[0m] -----------------------------------------------------------------
[[93m[1m WARNING [21m[0m] Element conservation is violated too large
[[93m[1m WARNING [21m[0m] at step: 25438
[[93m[1m WARNING [21m[0m] -----------------------------------------------------------------
[[93m[1m WARNING [21m[0m] Element conservation is violated too large
[[93m[1m WARNING [21m[0m] at step: 25443
[[93m[1m WARNING [21m[0m] -----------------------------------------------------------------
[[93m[1m WARNING [21m[0m] Element conservation is violated too large
[[93m[1m WARNING [21m[0m] at step: 25446
[[93m[1m WARNING [21m[0m] -----------------------------------------------------------------
[[93m[1m WARNING [21m[0m] Element conservation is violated too large
[[93m[1m WARNING [21m[0m] at step: 25455
[[93m[1m WARNING [21m[0m] -----------------------------------------------------------------
[[93m[1m WARNING [21m[0m] Element conservation is violated too large
[[93m[1m WARNING [21m[0m] at step: 25465
[[93m[1m WARNING [21m[0m] -----------------------------------------------------------------
[[93m[1m WARNING [21m[0m] Element conservation is violated too large
[[93m[1m WARNING [21m[0m] at step: 25473
[[93m[1m WARNING [21m[0m] -----------------------------------------------------------------
[[93m[1m WARNING [21m[0m] Element conservation is violated too large
[[93m[1m WARNING [21m[0m] at step: 25479
[[93m[1m WARNING [21m[0m] -----------------------------------------------------------------
[[93m[1m WARNING [21m[0m] Element conservation is violated too large
[[93m[1m WARNING [21m[0m] at step: 25485
[[93m[1m WARNING [21m[0m] -----------------------------------------------------------------
[[93m[1m WARNING [21m[0m] Element conservation is violated too large
[[93m[1m WARNING [21m[0m] at step: 25493
[[93m[1m WARNING [21m[0m] -----------------------------------------------------------------
[[93m[1m WARNING [21m[0m] Element conservation is violated too large
[[93m[1m WARNING [21m[0m] at step: 25498
[[93m[1m WARNING [21m[0m] -----------------------------------------------------------------
[[93m[1m WARNING [21m[0m] Element conservation is violated too large
[[93m[1m WARNING [21m[0m] at step: 25499
[[93m[1m WARNING [21m[0m] -----------------------------------------------------------------
[[32m[1m INFO  [21m[0m] Elapsed time: 1.27e+00 || Step number: 25500/30000
[[32m[1m INFO  [21m[0m] longdy = 1.00e+00      || longdy/dt = 1.00e+00  || dt = 6.48e-05
[[32m[1m INFO  [21m[0m] from nz = 0 and OH
[[32m[1m INFO  [21m[0m] -----------------------------------------------------------------
[[93m[1m WARNING [21m[0m] Element conservation is violated too large
[[93m[1m WARNING [21m[0m] at step: 25502
[[93m[1m WARNING [21m[0m] -----------------------------------------------------------------
[[93m[1m WARNING [21m[0m] Element conservation is violated too large
[[93m[1m WARNING [21m[0m] at step: 25510
[[93m[1m WARNING [21m[0m] -----------------------------------------------------------------
[[93m[1m WARNING [21m[0m] Element conservation is violated too large
[[93m[1m WARNING [21m[0m] at step: 25518
[[93m[1m WARNING [21m[0m] -----------------------------------------------------------------
[[93m[1m WARNING [21m[0m] Element conservation is violated too large
[[93m[1m WARNING [21m[0m] at step: 25521
[[93m[1m WARNING [21m[0m] -----------------------------------------------------------------
[[93m[1m WARNING [21m[0m] Element conservation is violated too large
[[93m[1m WARNING [21m[0m] at step: 25524
[[93m[1m WARNING [21m[0m] -----------------------------------------------------------------
[[93m[1m WARNING [21m[0m] Element conservation is violated too large
[[93m[1m WARNING [21m[0m] at step: 25533
[[93m[1m WARNING [21m[0m] -----------------------------------------------------------------
[[93m[1m WARNING [21m[0m] Element conservation is violated too large
[[93m[1m WARNING [21m[0m] at step: 25537
[[93m[1m WARNING [21m[0m] -----------------------------------------------------------------
[[93m[1m WARNING [21m[0m] Element conservation is violated too large
[[93m[1m WARNING [21m[0m] at step: 25541
[[93m[1m WARNING [21m[0m] -----------------------------------------------------------------
[[93m[1m WARNING [21m[0m] Element conservation is violated too large
[[93m[1m WARNING [21m[0m] at step: 25553
[[93m[1m WARNING [21m[0m] -----------------------------------------------------------------
[[93m[1m WARNING [21m[0m] Element conservation is violated too large
[[93m[1m WARNING [21m[0m] at step: 25553
[[93m[1m WARNING [21m[0m] -----------------------------------------------------------------
[[93m[1m WARNING [21m[0m] Element conservation is violated too large
[[93m[1m WARNING [21m[0m] at step: 25572
[[93m[1m WARNING [21m[0m] -----------------------------------------------------------------
[[93m[1m WARNING [21m[0m] Element conservation is violated too large
[[93m[1m WARNING [21m[0m] at step: 25577
[[93m[1m WARNING [21m[0m] -----------------------------------------------------------------
[[93m[1m WARNING [21m[0m] Element conservation is violated too large
[[93m[1m WARNING [21m[0m] at step: 25581
[[93m[1m WARNING [21m[0m] -----------------------------------------------------------------
[[93m[1m WARNING [21m[0m] Element conservation is violated too large
[[93m[1m WARNING [21m[0m] at step: 25591
[[93m[1m WARNING [21m[0m] -----------------------------------------------------------------
[[93m[1m WARNING [21m[0m] Element conservation is violated too large
[[93m[1m WARNING [21m[0m] at step: 25593
[[93m[1m WARNING [21m[0m] -----------------------------------------------------------------
[[32m[1m INFO  [21m[0m] Elapsed time: 1.27e+00 || Step number: 25600/30000
[[32m[1m INFO  [21m[0m] longdy = 1.00e+00      || longdy/dt = 1.00e+00  || dt = 1.40e-04
[[32m[1m INFO  [21m[0m] from nz = 0 and OH
[[32m[1m INFO  [21m[0m] -----------------------------------------------------------------
[[93m[1m WARNING [21m[0m] Element conservation is violated too large
[[93m[1m WARNING [21m[0m] at step: 25600
[[93m[1m WARNING [21m[0m] -----------------------------------------------------------------
[[93m[1m WARNING [21m[0m] Element conservation is violated too large
[[93m[1m WARNING [21m[0m] at step: 25613
[[93m[1m WARNING [21m[0m] -----------------------------------------------------------------
[[93m[1m WARNING [21m[0m] Element conservation is violated too large
[[93m[1m WARNING [21m[0m] at step: 25633
[[93m[1m WARNING [21m[0m] -----------------------------------------------------------------
[[93m[1m WARNING [21m[0m] Element conservation is violated too large
[[93m[1m WARNING [21m[0m] at step: 25640
[[93m[1m WARNING [21m[0m] -----------------------------------------------------------------
[[93m[1m WARNING [21m[0m] Element conservation is violated too large
[[93m[1m WARNING [21m[0m] at step: 25650
[[93m[1m WARNING [21m[0m] -----------------------------------------------------------------
[[93m[1m WARNING [21m[0m] Element conservation is violated too large
[[93m[1m WARNING [21m[0m] at step: 25683
[[93m[1m WARNING [21m[0m] -----------------------------------------------------------------
[[93m[1m WARNING [21m[0m] Element conservation is violated too large
[[93m[1m WARNING [21m[0m] at step: 25687
[[93m[1m WARNING [21m[0m] -----------------------------------------------------------------
[[93m[1m WARNING [21m[0m] Element conservation is violated too large
[[93m[1m WARNING [21m[0m] at step: 25688
[[93m[1m WARNING [21m[0m] -----------------------------------------------------------------
[[93m[1m WARNING [21m[0m] Element conservation is violated too large
[[93m[1m WARNING [21m[0m] at step: 25693
[[93m[1m WARNING [21m[0m] -----------------------------------------------------------------
[[93m[1m WARNING [21m[0m] Element conservation is violated too large
[[93m[1m WARNING [21m[0m] at step: 25693
[[93m[1m WARNING [21m[0m] -----------------------------------------------------------------
[[32m[1m INFO  [21m[0m] Elapsed time: 1.28e+00 || Step number: 25700/30000
[[32m[1m INFO  [21m[0m] longdy = 1.00e+00      || longdy/dt = 1.00e+00  || dt = 8.55e-05
[[32m[1m INFO  [21m[0m] from nz = 0 and OH
[[32m[1m INFO  [21m[0m] -----------------------------------------------------------------
[[93m[1m WARNING [21m[0m] Element conservation is violated too large
[[93m[1m WARNING [21m[0m] at step: 25704
[[93m[1m WARNING [21m[0m] -----------------------------------------------------------------
[[93m[1m WARNING [21m[0m] Element conservation is violated too large
[[93m[1m WARNING [21m[0m] at step: 25705
[[93m[1m WARNING [21m[0m] -----------------------------------------------------------------
[[93m[1m WARNING [21m[0m] Element conservation is violated too large
[[93m[1m WARNING [21m[0m] at step: 25709
[[93m[1m WARNING [21m[0m] -----------------------------------------------------------------
[[93m[1m WARNING [21m[0m] Element conservation is violated too large
[[93m[1m WARNING [21m[0m] at step: 25713
[[93m[1m WARNING [21m[0m] -----------------------------------------------------------------
[[93m[1m WARNING [21m[0m] Element conservation is violated too large
[[93m[1m WARNING [21m[0m] at step: 25716
[[93m[1m WARNING [21m[0m] -----------------------------------------------------------------
[[93m[1m WARNING [21m[0m] Element conservation is violated too large
[[93m[1m WARNING [21m[0m] at step: 25721
[[93m[1m WARNING [21m[0m] -----------------------------------------------------------------
[[93m[1m WARNING [21m[0m] Element conservation is violated too large
[[93m[1m WARNING [21m[0m] at step: 25726
[[93m[1m WARNING [21m[0m] -----------------------------------------------------------------
[[93m[1m WARNING [21m[0m] Element conservation is violated too large
[[93m[1m WARNING [21m[0m] at step: 25732
[[93m[1m WARNING [21m[0m] -----------------------------------------------------------------
[[93m[1m WARNING [21m[0m] Element conservation is violated too large
[[93m[1m WARNING [21m[0m] at step: 25741
[[93m[1m WARNING [21m[0m] -----------------------------------------------------------------
[[93m[1m WARNING [21m[0m] Element conservation is violated too large
[[93m[1m WARNING [21m[0m] at step: 25748
[[93m[1m WARNING [21m[0m] -----------------------------------------------------------------
[[93m[1m WARNING [21m[0m] Element conservation is violated too large
[[93m[1m WARNING [21m[0m] at step: 25758
[[93m[1m WARNING [21m[0m] -----------------------------------------------------------------
[[93m[1m WARNING [21m[0m] Element conservation is violated too large
[[93m[1m WARNING [21m[0m] at step: 25770
[[93m[1m WARNING [21m[0m] -----------------------------------------------------------------
[[93m[1m WARNING [21m[0m] Element conservation is violated too large
[[93m[1m WARNING [21m[0m] at step: 25776
[[93m[1m WARNING [21m[0m] -----------------------------------------------------------------
[[93m[1m WARNING [21m[0m] Element conservation is violated too large
[[93m[1m WARNING [21m[0m] at step: 25778
[[93m[1m WARNING [21m[0m] -----------------------------------------------------------------
[[93m[1m WARNING [21m[0m] Element conservation is violated too large
[[93m[1m WARNING [21m[0m] at step: 25781
[[93m[1m WARNING [21m[0m] -----------------------------------------------------------------
[[93m[1m WARNING [21m[0m] Element conservation is violated too large
[[93m[1m WARNING [21m[0m] at step: 25783
[[93m[1m WARNING [21m[0m] -----------------------------------------------------------------
[[93m[1m WARNING [21m[0m] Element conservation is violated too large
[[93m[1m WARNING [21m[0m] at step: 25786
[[93m[1m WARNING [21m[0m] -----------------------------------------------------------------
[[93m[1m WARNING [21m[0m] Element conservation is violated too large
[[93m[1m WARNING [21m[0m] at step: 25787
[[93m[1m WARNING [21m[0m] -----------------------------------------------------------------
[[93m[1m WARNING [21m[0m] Element conservation is violated too large
[[93m[1m WARNING [21m[0m] at step: 25799
[[93m[1m WARNING [21m[0m] -----------------------------------------------------------------
[[32m[1m INFO  [21m[0m] Elapsed time: 1.29e+00 || Step number: 25800/30000
[[32m[1m INFO  [21m[0m] longdy = 1.00e+00      || longdy/dt = 1.00e+00  || dt = 7.42e-05
[[32m[1m INFO  [21m[0m] from nz = 0 and OH
[[32m[1m INFO  [21m[0m] -----------------------------------------------------------------
[[93m[1m WARNING [21m[0m] Element conservation is violated too large
[[93m[1m WARNING [21m[0m] at step: 25806
[[93m[1m WARNING [21m[0m] -----------------------------------------------------------------
[[93m[1m WARNING [21m[0m] Element conservation is violated too large
[[93m[1m WARNING [21m[0m] at step: 25808
[[93m[1m WARNING [21m[0m] -----------------------------------------------------------------
[[93m[1m WARNING [21m[0m] Element conservation is violated too large
[[93m[1m WARNING [21m[0m] at step: 25809
[[93m[1m WARNING [21m[0m] -----------------------------------------------------------------
[[93m[1m WARNING [21m[0m] Element conservation is violated too large
[[93m[1m WARNING [21m[0m] at step: 25816
[[93m[1m WARNING [21m[0m] -----------------------------------------------------------------
[[93m[1m WARNING [21m[0m] Element conservation is violated too large
[[93m[1m WARNING [21m[0m] at step: 25820
[[93m[1m WARNING [21m[0m] -----------------------------------------------------------------
[[93m[1m WARNING [21m[0m] Element conservation is violated too large
[[93m[1m WARNING [21m[0m] at step: 25823
[[93m[1m WARNING [21m[0m] -----------------------------------------------------------------
[[93m[1m WARNING [21m[0m] Element conservation is violated too large
[[93m[1m WARNING [21m[0m] at step: 25835
[[93m[1m WARNING [21m[0m] -----------------------------------------------------------------
[[93m[1m WARNING [21m[0m] Element conservation is violated too large
[[93m[1m WARNING [21m[0m] at step: 25840
[[93m[1m WARNING [21m[0m] -----------------------------------------------------------------
[[93m[1m WARNING [21m[0m] Element conservation is violated too large
[[93m[1m WARNING [21m[0m] at step: 25842
[[93m[1m WARNING [21m[0m] -----------------------------------------------------------------
[[93m[1m WARNING [21m[0m] Element conservation is violated too large
[[93m[1m WARNING [21m[0m] at step: 25851
[[93m[1m WARNING [21m[0m] -----------------------------------------------------------------
[[93m[1m WARNING [21m[0m] Element conservation is violated too large
[[93m[1m WARNING [21m[0m] at step: 25855
[[93m[1m WARNING [21m[0m] -----------------------------------------------------------------
[[93m[1m WARNING [21m[0m] Element conservation is violated too large
[[93m[1m WARNING [21m[0m] at step: 25859
[[93m[1m WARNING [21m[0m] -----------------------------------------------------------------
[[93m[1m WARNING [21m[0m] Element conservation is violated too large
[[93m[1m WARNING [21m[0m] at step: 25863
[[93m[1m WARNING [21m[0m] -----------------------------------------------------------------
[[93m[1m WARNING [21m[0m] Element conservation is violated too large
[[93m[1m WARNING [21m[0m] at step: 25874
[[93m[1m WARNING [21m[0m] -----------------------------------------------------------------
[[93m[1m WARNING [21m[0m] Element conservation is violated too large
[[93m[1m WARNING [21m[0m] at step: 25892
[[93m[1m WARNING [21m[0m] -----------------------------------------------------------------
[[93m[1m WARNING [21m[0m] Element conservation is violated too large
[[93m[1m WARNING [21m[0m] at step: 25897
[[93m[1m WARNING [21m[0m] -----------------------------------------------------------------
[[32m[1m INFO  [21m[0m] Elapsed time: 1.30e+00 || Step number: 25900/30000
[[32m[1m INFO  [21m[0m] longdy = 1.00e+00      || longdy/dt = 1.00e+00  || dt = 1.03e-04
[[32m[1m INFO  [21m[0m] from nz = 0 and OH
[[32m[1m INFO  [21m[0m] -----------------------------------------------------------------
[[93m[1m WARNING [21m[0m] Element conservation is violated too large
[[93m[1m WARNING [21m[0m] at step: 25900
[[93m[1m WARNING [21m[0m] -----------------------------------------------------------------
[[93m[1m WARNING [21m[0m] Element conservation is violated too large
[[93m[1m WARNING [21m[0m] at step: 25906
[[93m[1m WARNING [21m[0m] -----------------------------------------------------------------
[[93m[1m WARNING [21m[0m] Element conservation is violated too large
[[93m[1m WARNING [21m[0m] at step: 25910
[[93m[1m WARNING [21m[0m] -----------------------------------------------------------------
[[93m[1m WARNING [21m[0m] Element conservation is violated too large
[[93m[1m WARNING [21m[0m] at step: 25916
[[93m[1m WARNING [21m[0m] -----------------------------------------------------------------
[[93m[1m WARNING [21m[0m] Element conservation is violated too large
[[93m[1m WARNING [21m[0m] at step: 25926
[[93m[1m WARNING [21m[0m] -----------------------------------------------------------------
[[93m[1m WARNING [21m[0m] Element conservation is violated too large
[[93m[1m WARNING [21m[0m] at step: 25928
[[93m[1m WARNING [21m[0m] -----------------------------------------------------------------
[[93m[1m WARNING [21m[0m] Element conservation is violated too large
[[93m[1m WARNING [21m[0m] at step: 25930
[[93m[1m WARNING [21m[0m] -----------------------------------------------------------------
[[93m[1m WARNING [21m[0m] Element conservation is violated too large
[[93m[1m WARNING [21m[0m] at step: 25931
[[93m[1m WARNING [21m[0m] -----------------------------------------------------------------
[[93m[1m WARNING [21m[0m] Element conservation is violated too large
[[93m[1m WARNING [21m[0m] at step: 25935
[[93m[1m WARNING [21m[0m] -----------------------------------------------------------------
[[93m[1m WARNING [21m[0m] Element conservation is violated too large
[[93m[1m WARNING [21m[0m] at step: 25941
[[93m[1m WARNING [21m[0m] -----------------------------------------------------------------
[[93m[1m WARNING [21m[0m] Element conservation is violated too large
[[93m[1m WARNING [21m[0m] at step: 25942
[[93m[1m WARNING [21m[0m] -----------------------------------------------------------------
[[93m[1m WARNING [21m[0m] Element conservation is violated too large
[[93m[1m WARNING [21m[0m] at step: 25944
[[93m[1m WARNING [21m[0m] -----------------------------------------------------------------
[[93m[1m WARNING [21m[0m] Element conservation is violated too large
[[93m[1m WARNING [21m[0m] at step: 25944
[[93m[1m WARNING [21m[0m] -----------------------------------------------------------------
[[93m[1m WARNING [21m[0m] Element conservation is violated too large
[[93m[1m WARNING [21m[0m] at step: 25947
[[93m[1m WARNING [21m[0m] -----------------------------------------------------------------
[[93m[1m WARNING [21m[0m] Element conservation is violated too large
[[93m[1m WARNING [21m[0m] at step: 25956
[[93m[1m WARNING [21m[0m] -----------------------------------------------------------------
[[93m[1m WARNING [21m[0m] Element conservation is violated too large
[[93m[1m WARNING [21m[0m] at step: 25967
[[93m[1m WARNING [21m[0m] -----------------------------------------------------------------
[[93m[1m WARNING [21m[0m] Element conservation is violated too large
[[93m[1m WARNING [21m[0m] at step: 25984
[[93m[1m WARNING [21m[0m] -----------------------------------------------------------------
[[93m[1m WARNING [21m[0m] Element conservation is violated too large
[[93m[1m WARNING [21m[0m] at step: 25990
[[93m[1m WARNING [21m[0m] -----------------------------------------------------------------
[[93m[1m WARNING [21m[0m] Element conservation is violated too large
[[93m[1m WARNING [21m[0m] at step: 25990
[[93m[1m WARNING [21m[0m] -----------------------------------------------------------------
[[93m[1m WARNING [21m[0m] Element conservation is violated too large
[[93m[1m WARNING [21m[0m] at step: 25992
[[93m[1m WARNING [21m[0m] -----------------------------------------------------------------
[[93m[1m WARNING [21m[0m] Element conservation is violated too large
[[93m[1m WARNING [21m[0m] at step: 25993
[[93m[1m WARNING [21m[0m] -----------------------------------------------------------------
[[93m[1m WARNING [21m[0m] Element conservation is violated too large
[[93m[1m WARNING [21m[0m] at step: 25996
[[93m[1m WARNING [21m[0m] -----------------------------------------------------------------
[[93m[1m WARNING [21m[0m] Element conservation is violated too large
[[93m[1m WARNING [21m[0m] at step: 25998
[[93m[1m WARNING [21m[0m] -----------------------------------------------------------------
[[32m[1m INFO  [21m[0m] Elapsed time: 1.31e+00 || Step number: 26000/30000
[[32m[1m INFO  [21m[0m] longdy = 1.00e+00      || longdy/dt = 1.00e+00  || dt = 2.25e-04
[[32m[1m INFO  [21m[0m] from nz = 0 and OH
[[32m[1m INFO  [21m[0m] -----------------------------------------------------------------
[[93m[1m WARNING [21m[0m] Element conservation is violated too large
[[93m[1m WARNING [21m[0m] at step: 26006
[[93m[1m WARNING [21m[0m] -----------------------------------------------------------------
[[93m[1m WARNING [21m[0m] Element conservation is violated too large
[[93m[1m WARNING [21m[0m] at step: 26012
[[93m[1m WARNING [21m[0m] -----------------------------------------------------------------
[[93m[1m WARNING [21m[0m] Element conservation is violated too large
[[93m[1m WARNING [21m[0m] at step: 26014
[[93m[1m WARNING [21m[0m] -----------------------------------------------------------------
[[93m[1m WARNING [21m[0m] Element conservation is violated too large
[[93m[1m WARNING [21m[0m] at step: 26023
[[93m[1m WARNING [21m[0m] -----------------------------------------------------------------
[[93m[1m WARNING [21m[0m] Element conservation is violated too large
[[93m[1m WARNING [21m[0m] at step: 26031
[[93m[1m WARNING [21m[0m] -----------------------------------------------------------------
[[93m[1m WARNING [21m[0m] Element conservation is violated too large
[[93m[1m WARNING [21m[0m] at step: 26033
[[93m[1m WARNING [21m[0m] -----------------------------------------------------------------
[[93m[1m WARNING [21m[0m] Element conservation is violated too large
[[93m[1m WARNING [21m[0m] at step: 26036
[[93m[1m WARNING [21m[0m] -----------------------------------------------------------------
[[93m[1m WARNING [21m[0m] Element conservation is violated too large
[[93m[1m WARNING [21m[0m] at step: 26052
[[93m[1m WARNING [21m[0m] -----------------------------------------------------------------
[[93m[1m WARNING [21m[0m] Element conservation is violated too large
[[93m[1m WARNING [21m[0m] at step: 26055
[[93m[1m WARNING [21m[0m] -----------------------------------------------------------------
[[93m[1m WARNING [21m[0m] Element conservation is violated too large
[[93m[1m WARNING [21m[0m] at step: 26059
[[93m[1m WARNING [21m[0m] -----------------------------------------------------------------
[[93m[1m WARNING [21m[0m] Element conservation is violated too large
[[93m[1m WARNING [21m[0m] at step: 26067
[[93m[1m WARNING [21m[0m] -----------------------------------------------------------------
[[93m[1m WARNING [21m[0m] Element conservation is violated too large
[[93m[1m WARNING [21m[0m] at step: 26068
[[93m[1m WARNING [21m[0m] -----------------------------------------------------------------
[[93m[1m WARNING [21m[0m] Element conservation is violated too large
[[93m[1m WARNING [21m[0m] at step: 26080
[[93m[1m WARNING [21m[0m] -----------------------------------------------------------------
[[93m[1m WARNING [21m[0m] Element conservation is violated too large
[[93m[1m WARNING [21m[0m] at step: 26087
[[93m[1m WARNING [21m[0m] -----------------------------------------------------------------
[[93m[1m WARNING [21m[0m] Element conservation is violated too large
[[93m[1m WARNING [21m[0m] at step: 26088
[[93m[1m WARNING [21m[0m] -----------------------------------------------------------------
[[93m[1m WARNING [21m[0m] Element conservation is violated too large
[[93m[1m WARNING [21m[0m] at step: 26096
[[93m[1m WARNING [21m[0m] -----------------------------------------------------------------
[[32m[1m INFO  [21m[0m] Elapsed time: 1.31e+00 || Step number: 26100/30000
[[32m[1m INFO  [21m[0m] longdy = 1.00e+00      || longdy/dt = 1.00e+00  || dt = 1.09e-04
[[32m[1m INFO  [21m[0m] from nz = 0 and OH
[[32m[1m INFO  [21m[0m] -----------------------------------------------------------------
[[93m[1m WARNING [21m[0m] Element conservation is violated too large
[[93m[1m WARNING [21m[0m] at step: 26109
[[93m[1m WARNING [21m[0m] -----------------------------------------------------------------
[[93m[1m WARNING [21m[0m] Element conservation is violated too large
[[93m[1m WARNING [21m[0m] at step: 26116
[[93m[1m WARNING [21m[0m] -----------------------------------------------------------------
[[93m[1m WARNING [21m[0m] Element conservation is violated too large
[[93m[1m WARNING [21m[0m] at step: 26126
[[93m[1m WARNING [21m[0m] -----------------------------------------------------------------
[[93m[1m WARNING [21m[0m] Element conservation is violated too large
[[93m[1m WARNING [21m[0m] at step: 26138
[[93m[1m WARNING [21m[0m] -----------------------------------------------------------------
[[93m[1m WARNING [21m[0m] Element conservation is violated too large
[[93m[1m WARNING [21m[0m] at step: 26147
[[93m[1m WARNING [21m[0m] -----------------------------------------------------------------
[[93m[1m WARNING [21m[0m] Element conservation is violated too large
[[93m[1m WARNING [21m[0m] at step: 26158
[[93m[1m WARNING [21m[0m] -----------------------------------------------------------------
[[93m[1m WARNING [21m[0m] Element conservation is violated too large
[[93m[1m WARNING [21m[0m] at step: 26165
[[93m[1m WARNING [21m[0m] -----------------------------------------------------------------
[[93m[1m WARNING [21m[0m] Element conservation is violated too large
[[93m[1m WARNING [21m[0m] at step: 26173
[[93m[1m WARNING [21m[0m] -----------------------------------------------------------------
[[93m[1m WARNING [21m[0m] Element conservation is violated too large
[[93m[1m WARNING [21m[0m] at step: 26177
[[93m[1m WARNING [21m[0m] -----------------------------------------------------------------
[[93m[1m WARNING [21m[0m] Element conservation is violated too large
[[93m[1m WARNING [21m[0m] at step: 26182
[[93m[1m WARNING [21m[0m] -----------------------------------------------------------------
[[93m[1m WARNING [21m[0m] Element conservation is violated too large
[[93m[1m WARNING [21m[0m] at step: 26184
[[93m[1m WARNING [21m[0m] -----------------------------------------------------------------
[[93m[1m WARNING [21m[0m] Element conservation is violated too large
[[93m[1m WARNING [21m[0m] at step: 26193
[[93m[1m WARNING [21m[0m] -----------------------------------------------------------------
[[93m[1m WARNING [21m[0m] Element conservation is violated too large
[[93m[1m WARNING [21m[0m] at step: 26194
[[93m[1m WARNING [21m[0m] -----------------------------------------------------------------
[[93m[1m WARNING [21m[0m] Element conservation is violated too large
[[93m[1m WARNING [21m[0m] at step: 26195
[[93m[1m WARNING [21m[0m] -----------------------------------------------------------------
[[93m[1m WARNING [21m[0m] Element conservation is violated too large
[[93m[1m WARNING [21m[0m] at step: 26198
[[93m[1m WARNING [21m[0m] -----------------------------------------------------------------
[[32m[1m INFO  [21m[0m] Elapsed time: 1.32e+00 || Step number: 26200/30000
[[32m[1m INFO  [21m[0m] longdy = 1.00e+00      || longdy/dt = 1.00e+00  || dt = 9.55e-05
[[32m[1m INFO  [21m[0m] from nz = 0 and OH
[[32m[1m INFO  [21m[0m] -----------------------------------------------------------------
[[93m[1m WARNING [21m[0m] Element conservation is violated too large
[[93m[1m WARNING [21m[0m] at step: 26201
[[93m[1m WARNING [21m[0m] -----------------------------------------------------------------
[[93m[1m WARNING [21m[0m] Element conservation is violated too large
[[93m[1m WARNING [21m[0m] at step: 26208
[[93m[1m WARNING [21m[0m] -----------------------------------------------------------------
[[93m[1m WARNING [21m[0m] Element conservation is violated too large
[[93m[1m WARNING [21m[0m] at step: 26214
[[93m[1m WARNING [21m[0m] -----------------------------------------------------------------
[[93m[1m WARNING [21m[0m] Element conservation is violated too large
[[93m[1m WARNING [21m[0m] at step: 26218
[[93m[1m WARNING [21m[0m] -----------------------------------------------------------------
[[93m[1m WARNING [21m[0m] Element conservation is violated too large
[[93m[1m WARNING [21m[0m] at step: 26220
[[93m[1m WARNING [21m[0m] -----------------------------------------------------------------
[[93m[1m WARNING [21m[0m] Element conservation is violated too large
[[93m[1m WARNING [21m[0m] at step: 26221
[[93m[1m WARNING [21m[0m] -----------------------------------------------------------------
[[93m[1m WARNING [21m[0m] Element conservation is violated too large
[[93m[1m WARNING [21m[0m] at step: 26224
[[93m[1m WARNING [21m[0m] -----------------------------------------------------------------
[[93m[1m WARNING [21m[0m] Element conservation is violated too large
[[93m[1m WARNING [21m[0m] at step: 26231
[[93m[1m WARNING [21m[0m] -----------------------------------------------------------------
[[93m[1m WARNING [21m[0m] Element conservation is violated too large
[[93m[1m WARNING [21m[0m] at step: 26247
[[93m[1m WARNING [21m[0m] -----------------------------------------------------------------
[[93m[1m WARNING [21m[0m] Element conservation is violated too large
[[93m[1m WARNING [21m[0m] at step: 26257
[[93m[1m WARNING [21m[0m] -----------------------------------------------------------------
[[93m[1m WARNING [21m[0m] Element conservation is violated too large
[[93m[1m WARNING [21m[0m] at step: 26264
[[93m[1m WARNING [21m[0m] -----------------------------------------------------------------
[[93m[1m WARNING [21m[0m] Element conservation is violated too large
[[93m[1m WARNING [21m[0m] at step: 26269
[[93m[1m WARNING [21m[0m] -----------------------------------------------------------------
[[93m[1m WARNING [21m[0m] Element conservation is violated too large
[[93m[1m WARNING [21m[0m] at step: 26290
[[93m[1m WARNING [21m[0m] -----------------------------------------------------------------
[[93m[1m WARNING [21m[0m] Element conservation is violated too large
[[93m[1m WARNING [21m[0m] at step: 26292
[[93m[1m WARNING [21m[0m] -----------------------------------------------------------------
[[93m[1m WARNING [21m[0m] Element conservation is violated too large
[[93m[1m WARNING [21m[0m] at step: 26294
[[93m[1m WARNING [21m[0m] -----------------------------------------------------------------
[[93m[1m WARNING [21m[0m] Element conservation is violated too large
[[93m[1m WARNING [21m[0m] at step: 26296
[[93m[1m WARNING [21m[0m] -----------------------------------------------------------------
[[32m[1m INFO  [21m[0m] Elapsed time: 1.33e+00 || Step number: 26300/30000
[[32m[1m INFO  [21m[0m] longdy = 1.00e+00      || longdy/dt = 1.00e+00  || dt = 1.26e-04
[[32m[1m INFO  [21m[0m] from nz = 0 and OH
[[32m[1m INFO  [21m[0m] -----------------------------------------------------------------
[[93m[1m WARNING [21m[0m] Element conservation is violated too large
[[93m[1m WARNING [21m[0m] at step: 26300
[[93m[1m WARNING [21m[0m] -----------------------------------------------------------------
[[93m[1m WARNING [21m[0m] Element conservation is violated too large
[[93m[1m WARNING [21m[0m] at step: 26307
[[93m[1m WARNING [21m[0m] -----------------------------------------------------------------
[[93m[1m WARNING [21m[0m] Element conservation is violated too large
[[93m[1m WARNING [21m[0m] at step: 26320
[[93m[1m WARNING [21m[0m] -----------------------------------------------------------------
[[93m[1m WARNING [21m[0m] Element conservation is violated too large
[[93m[1m WARNING [21m[0m] at step: 26325
[[93m[1m WARNING [21m[0m] -----------------------------------------------------------------
[[93m[1m WARNING [21m[0m] Element conservation is violated too large
[[93m[1m WARNING [21m[0m] at step: 26332
[[93m[1m WARNING [21m[0m] -----------------------------------------------------------------
[[93m[1m WARNING [21m[0m] Element conservation is violated too large
[[93m[1m WARNING [21m[0m] at step: 26342
[[93m[1m WARNING [21m[0m] -----------------------------------------------------------------
[[93m[1m WARNING [21m[0m] Element conservation is violated too large
[[93m[1m WARNING [21m[0m] at step: 26346
[[93m[1m WARNING [21m[0m] -----------------------------------------------------------------
[[93m[1m WARNING [21m[0m] Element conservation is violated too large
[[93m[1m WARNING [21m[0m] at step: 26368
[[93m[1m WARNING [21m[0m] -----------------------------------------------------------------
[[93m[1m WARNING [21m[0m] Element conservation is violated too large
[[93m[1m WARNING [21m[0m] at step: 26379
[[93m[1m WARNING [21m[0m] -----------------------------------------------------------------
[[93m[1m WARNING [21m[0m] Element conservation is violated too large
[[93m[1m WARNING [21m[0m] at step: 26382
[[93m[1m WARNING [21m[0m] -----------------------------------------------------------------
[[93m[1m WARNING [21m[0m] Element conservation is violated too large
[[93m[1m WARNING [21m[0m] at step: 26383
[[93m[1m WARNING [21m[0m] -----------------------------------------------------------------
[[93m[1m WARNING [21m[0m] Element conservation is violated too large
[[93m[1m WARNING [21m[0m] at step: 26385
[[93m[1m WARNING [21m[0m] -----------------------------------------------------------------
[[93m[1m WARNING [21m[0m] Element conservation is violated too large
[[93m[1m WARNING [21m[0m] at step: 26389
[[93m[1m WARNING [21m[0m] -----------------------------------------------------------------
[[93m[1m WARNING [21m[0m] Element conservation is violated too large
[[93m[1m WARNING [21m[0m] at step: 26390
[[93m[1m WARNING [21m[0m] -----------------------------------------------------------------
[[93m[1m WARNING [21m[0m] Element conservation is violated too large
[[93m[1m WARNING [21m[0m] at step: 26397
[[93m[1m WARNING [21m[0m] -----------------------------------------------------------------
[[32m[1m INFO  [21m[0m] Elapsed time: 1.34e+00 || Step number: 26400/30000
[[32m[1m INFO  [21m[0m] longdy = 1.00e+00      || longdy/dt = 1.00e+00  || dt = 1.12e-04
[[32m[1m INFO  [21m[0m] from nz = 0 and OH
[[32m[1m INFO  [21m[0m] -----------------------------------------------------------------
[[93m[1m WARNING [21m[0m] Element conservation is violated too large
[[93m[1m WARNING [21m[0m] at step: 26401
[[93m[1m WARNING [21m[0m] -----------------------------------------------------------------
[[93m[1m WARNING [21m[0m] Element conservation is violated too large
[[93m[1m WARNING [21m[0m] at step: 26403
[[93m[1m WARNING [21m[0m] -----------------------------------------------------------------
[[93m[1m WARNING [21m[0m] Element conservation is violated too large
[[93m[1m WARNING [21m[0m] at step: 26415
[[93m[1m WARNING [21m[0m] -----------------------------------------------------------------
[[93m[1m WARNING [21m[0m] Element conservation is violated too large
[[93m[1m WARNING [21m[0m] at step: 26437
[[93m[1m WARNING [21m[0m] -----------------------------------------------------------------
[[93m[1m WARNING [21m[0m] Element conservation is violated too large
[[93m[1m WARNING [21m[0m] at step: 26440
[[93m[1m WARNING [21m[0m] -----------------------------------------------------------------
[[93m[1m WARNING [21m[0m] Element conservation is violated too large
[[93m[1m WARNING [21m[0m] at step: 26443
[[93m[1m WARNING [21m[0m] -----------------------------------------------------------------
[[93m[1m WARNING [21m[0m] Element conservation is violated too large
[[93m[1m WARNING [21m[0m] at step: 26448
[[93m[1m WARNING [21m[0m] -----------------------------------------------------------------
[[93m[1m WARNING [21m[0m] Element conservation is violated too large
[[93m[1m WARNING [21m[0m] at step: 26453
[[93m[1m WARNING [21m[0m] -----------------------------------------------------------------
[[93m[1m WARNING [21m[0m] Element conservation is violated too large
[[93m[1m WARNING [21m[0m] at step: 26455
[[93m[1m WARNING [21m[0m] -----------------------------------------------------------------
[[93m[1m WARNING [21m[0m] Element conservation is violated too large
[[93m[1m WARNING [21m[0m] at step: 26469
[[93m[1m WARNING [21m[0m] -----------------------------------------------------------------
[[93m[1m WARNING [21m[0m] Element conservation is violated too large
[[93m[1m WARNING [21m[0m] at step: 26470
[[93m[1m WARNING [21m[0m] -----------------------------------------------------------------
[[93m[1m WARNING [21m[0m] Element conservation is violated too large
[[93m[1m WARNING [21m[0m] at step: 26497
[[93m[1m WARNING [21m[0m] -----------------------------------------------------------------
[[32m[1m INFO  [21m[0m] Elapsed time: 1.34e+00 || Step number: 26500/30000
[[32m[1m INFO  [21m[0m] longdy = 1.00e+00      || longdy/dt = 1.00e+00  || dt = 1.31e-04
[[32m[1m INFO  [21m[0m] from nz = 0 and OH
[[32m[1m INFO  [21m[0m] -----------------------------------------------------------------
[[93m[1m WARNING [21m[0m] Element conservation is violated too large
[[93m[1m WARNING [21m[0m] at step: 26505
[[93m[1m WARNING [21m[0m] -----------------------------------------------------------------
[[93m[1m WARNING [21m[0m] Element conservation is violated too large
[[93m[1m WARNING [21m[0m] at step: 26506
[[93m[1m WARNING [21m[0m] -----------------------------------------------------------------
[[93m[1m WARNING [21m[0m] Element conservation is violated too large
[[93m[1m WARNING [21m[0m] at step: 26508
[[93m[1m WARNING [21m[0m] -----------------------------------------------------------------
[[93m[1m WARNING [21m[0m] Element conservation is violated too large
[[93m[1m WARNING [21m[0m] at step: 26513
[[93m[1m WARNING [21m[0m] -----------------------------------------------------------------
[[93m[1m WARNING [21m[0m] Element conservation is violated too large
[[93m[1m WARNING [21m[0m] at step: 26514
[[93m[1m WARNING [21m[0m] -----------------------------------------------------------------
[[93m[1m WARNING [21m[0m] Element conservation is violated too large
[[93m[1m WARNING [21m[0m] at step: 26516
[[93m[1m WARNING [21m[0m] -----------------------------------------------------------------
[[93m[1m WARNING [21m[0m] Element conservation is violated too large
[[93m[1m WARNING [21m[0m] at step: 26525
[[93m[1m WARNING [21m[0m] -----------------------------------------------------------------
[[93m[1m WARNING [21m[0m] Element conservation is violated too large
[[93m[1m WARNING [21m[0m] at step: 26528
[[93m[1m WARNING [21m[0m] -----------------------------------------------------------------
[[93m[1m WARNING [21m[0m] Element conservation is violated too large
[[93m[1m WARNING [21m[0m] at step: 26530
[[93m[1m WARNING [21m[0m] -----------------------------------------------------------------
[[93m[1m WARNING [21m[0m] Element conservation is violated too large
[[93m[1m WARNING [21m[0m] at step: 26538
[[93m[1m WARNING [21m[0m] -----------------------------------------------------------------
[[93m[1m WARNING [21m[0m] Element conservation is violated too large
[[93m[1m WARNING [21m[0m] at step: 26566
[[93m[1m WARNING [21m[0m] -----------------------------------------------------------------
[[93m[1m WARNING [21m[0m] Element conservation is violated too large
[[93m[1m WARNING [21m[0m] at step: 26569
[[93m[1m WARNING [21m[0m] -----------------------------------------------------------------
[[93m[1m WARNING [21m[0m] Element conservation is violated too large
[[93m[1m WARNING [21m[0m] at step: 26573
[[93m[1m WARNING [21m[0m] -----------------------------------------------------------------
[[93m[1m WARNING [21m[0m] Element conservation is violated too large
[[93m[1m WARNING [21m[0m] at step: 26580
[[93m[1m WARNING [21m[0m] -----------------------------------------------------------------
[[93m[1m WARNING [21m[0m] Element conservation is violated too large
[[93m[1m WARNING [21m[0m] at step: 26584
[[93m[1m WARNING [21m[0m] -----------------------------------------------------------------
[[93m[1m WARNING [21m[0m] Element conservation is violated too large
[[93m[1m WARNING [21m[0m] at step: 26585
[[93m[1m WARNING [21m[0m] -----------------------------------------------------------------
[[93m[1m WARNING [21m[0m] Element conservation is violated too large
[[93m[1m WARNING [21m[0m] at step: 26595
[[93m[1m WARNING [21m[0m] -----------------------------------------------------------------
[[32m[1m INFO  [21m[0m] Elapsed time: 1.35e+00 || Step number: 26600/30000
[[32m[1m INFO  [21m[0m] longdy = 1.00e+00      || longdy/dt = 1.00e+00  || dt = 3.23e-04
[[32m[1m INFO  [21m[0m] from nz = 0 and OH
[[32m[1m INFO  [21m[0m] -----------------------------------------------------------------
[[93m[1m WARNING [21m[0m] Element conservation is violated too large
[[93m[1m WARNING [21m[0m] at step: 26604
[[93m[1m WARNING [21m[0m] -----------------------------------------------------------------
[[93m[1m WARNING [21m[0m] Element conservation is violated too large
[[93m[1m WARNING [21m[0m] at step: 26633
[[93m[1m WARNING [21m[0m] -----------------------------------------------------------------
[[93m[1m WARNING [21m[0m] Element conservation is violated too large
[[93m[1m WARNING [21m[0m] at step: 26647
[[93m[1m WARNING [21m[0m] -----------------------------------------------------------------
[[93m[1m WARNING [21m[0m] Element conservation is violated too large
[[93m[1m WARNING [21m[0m] at step: 26650
[[93m[1m WARNING [21m[0m] -----------------------------------------------------------------
[[93m[1m WARNING [21m[0m] Element conservation is violated too large
[[93m[1m WARNING [21m[0m] at step: 26653
[[93m[1m WARNING [21m[0m] -----------------------------------------------------------------
[[93m[1m WARNING [21m[0m] Element conservation is violated too large
[[93m[1m WARNING [21m[0m] at step: 26656
[[93m[1m WARNING [21m[0m] -----------------------------------------------------------------
[[93m[1m WARNING [21m[0m] Element conservation is violated too large
[[93m[1m WARNING [21m[0m] at step: 26685
[[93m[1m WARNING [21m[0m] -----------------------------------------------------------------
[[93m[1m WARNING [21m[0m] Element conservation is violated too large
[[93m[1m WARNING [21m[0m] at step: 26686
[[93m[1m WARNING [21m[0m] -----------------------------------------------------------------
[[93m[1m WARNING [21m[0m] Element conservation is violated too large
[[93m[1m WARNING [21m[0m] at step: 26693
[[93m[1m WARNING [21m[0m] -----------------------------------------------------------------
[[32m[1m INFO  [21m[0m] Elapsed time: 1.36e+00 || Step number: 26700/30000
[[32m[1m INFO  [21m[0m] longdy = 1.00e+00      || longdy/dt = 1.00e+00  || dt = 1.30e-04
[[32m[1m INFO  [21m[0m] from nz = 0 and OH
[[32m[1m INFO  [21m[0m] -----------------------------------------------------------------
[[93m[1m WARNING [21m[0m] Element conservation is violated too large
[[93m[1m WARNING [21m[0m] at step: 26703
[[93m[1m WARNING [21m[0m] -----------------------------------------------------------------
[[93m[1m WARNING [21m[0m] Element conservation is violated too large
[[93m[1m WARNING [21m[0m] at step: 26709
[[93m[1m WARNING [21m[0m] -----------------------------------------------------------------
[[93m[1m WARNING [21m[0m] Element conservation is violated too large
[[93m[1m WARNING [21m[0m] at step: 26714
[[93m[1m WARNING [21m[0m] -----------------------------------------------------------------
[[93m[1m WARNING [21m[0m] Element conservation is violated too large
[[93m[1m WARNING [21m[0m] at step: 26727
[[93m[1m WARNING [21m[0m] -----------------------------------------------------------------
[[93m[1m WARNING [21m[0m] Element conservation is violated too large
[[93m[1m WARNING [21m[0m] at step: 26733
[[93m[1m WARNING [21m[0m] -----------------------------------------------------------------
[[93m[1m WARNING [21m[0m] Element conservation is violated too large
[[93m[1m WARNING [21m[0m] at step: 26741
[[93m[1m WARNING [21m[0m] -----------------------------------------------------------------
[[93m[1m WARNING [21m[0m] Element conservation is violated too large
[[93m[1m WARNING [21m[0m] at step: 26746
[[93m[1m WARNING [21m[0m] -----------------------------------------------------------------
[[93m[1m WARNING [21m[0m] Element conservation is violated too large
[[93m[1m WARNING [21m[0m] at step: 26755
[[93m[1m WARNING [21m[0m] -----------------------------------------------------------------
[[93m[1m WARNING [21m[0m] Element conservation is violated too large
[[93m[1m WARNING [21m[0m] at step: 26758
[[93m[1m WARNING [21m[0m] -----------------------------------------------------------------
[[93m[1m WARNING [21m[0m] Element conservation is violated too large
[[93m[1m WARNING [21m[0m] at step: 26765
[[93m[1m WARNING [21m[0m] -----------------------------------------------------------------
[[93m[1m WARNING [21m[0m] Element conservation is violated too large
[[93m[1m WARNING [21m[0m] at step: 26766
[[93m[1m WARNING [21m[0m] -----------------------------------------------------------------
[[93m[1m WARNING [21m[0m] Element conservation is violated too large
[[93m[1m WARNING [21m[0m] at step: 26775
[[93m[1m WARNING [21m[0m] -----------------------------------------------------------------
[[93m[1m WARNING [21m[0m] Element conservation is violated too large
[[93m[1m WARNING [21m[0m] at step: 26785
[[93m[1m WARNING [21m[0m] -----------------------------------------------------------------
[[93m[1m WARNING [21m[0m] Element conservation is violated too large
[[93m[1m WARNING [21m[0m] at step: 26792
[[93m[1m WARNING [21m[0m] -----------------------------------------------------------------
[[93m[1m WARNING [21m[0m] Element conservation is violated too large
[[93m[1m WARNING [21m[0m] at step: 26794
[[93m[1m WARNING [21m[0m] -----------------------------------------------------------------
[[32m[1m INFO  [21m[0m] Elapsed time: 1.37e+00 || Step number: 26800/30000
[[32m[1m INFO  [21m[0m] longdy = 1.00e+00      || longdy/dt = 1.00e+00  || dt = 1.99e-04
[[32m[1m INFO  [21m[0m] from nz = 0 and OH
[[32m[1m INFO  [21m[0m] -----------------------------------------------------------------
[[93m[1m WARNING [21m[0m] Element conservation is violated too large
[[93m[1m WARNING [21m[0m] at step: 26800
[[93m[1m WARNING [21m[0m] -----------------------------------------------------------------
[[93m[1m WARNING [21m[0m] Element conservation is violated too large
[[93m[1m WARNING [21m[0m] at step: 26805
[[93m[1m WARNING [21m[0m] -----------------------------------------------------------------
[[93m[1m WARNING [21m[0m] Element conservation is violated too large
[[93m[1m WARNING [21m[0m] at step: 26810
[[93m[1m WARNING [21m[0m] -----------------------------------------------------------------
[[93m[1m WARNING [21m[0m] Element conservation is violated too large
[[93m[1m WARNING [21m[0m] at step: 26813
[[93m[1m WARNING [21m[0m] -----------------------------------------------------------------
[[93m[1m WARNING [21m[0m] Element conservation is violated too large
[[93m[1m WARNING [21m[0m] at step: 26815
[[93m[1m WARNING [21m[0m] -----------------------------------------------------------------
[[93m[1m WARNING [21m[0m] Element conservation is violated too large
[[93m[1m WARNING [21m[0m] at step: 26822
[[93m[1m WARNING [21m[0m] -----------------------------------------------------------------
[[93m[1m WARNING [21m[0m] Element conservation is violated too large
[[93m[1m WARNING [21m[0m] at step: 26825
[[93m[1m WARNING [21m[0m] -----------------------------------------------------------------
[[93m[1m WARNING [21m[0m] Element conservation is violated too large
[[93m[1m WARNING [21m[0m] at step: 26827
[[93m[1m WARNING [21m[0m] -----------------------------------------------------------------
[[93m[1m WARNING [21m[0m] Element conservation is violated too large
[[93m[1m WARNING [21m[0m] at step: 26833
[[93m[1m WARNING [21m[0m] -----------------------------------------------------------------
[[93m[1m WARNING [21m[0m] Element conservation is violated too large
[[93m[1m WARNING [21m[0m] at step: 26834
[[93m[1m WARNING [21m[0m] -----------------------------------------------------------------
[[93m[1m WARNING [21m[0m] Element conservation is violated too large
[[93m[1m WARNING [21m[0m] at step: 26839
[[93m[1m WARNING [21m[0m] -----------------------------------------------------------------
[[93m[1m WARNING [21m[0m] Element conservation is violated too large
[[93m[1m WARNING [21m[0m] at step: 26849
[[93m[1m WARNING [21m[0m] -----------------------------------------------------------------
[[93m[1m WARNING [21m[0m] Element conservation is violated too large
[[93m[1m WARNING [21m[0m] at step: 26870
[[93m[1m WARNING [21m[0m] -----------------------------------------------------------------
[[93m[1m WARNING [21m[0m] Element conservation is violated too large
[[93m[1m WARNING [21m[0m] at step: 26880
[[93m[1m WARNING [21m[0m] -----------------------------------------------------------------
[[93m[1m WARNING [21m[0m] Element conservation is violated too large
[[93m[1m WARNING [21m[0m] at step: 26881
[[93m[1m WARNING [21m[0m] -----------------------------------------------------------------
[[93m[1m WARNING [21m[0m] Element conservation is violated too large
[[93m[1m WARNING [21m[0m] at step: 26884
[[93m[1m WARNING [21m[0m] -----------------------------------------------------------------
[[93m[1m WARNING [21m[0m] Element conservation is violated too large
[[93m[1m WARNING [21m[0m] at step: 26888
[[93m[1m WARNING [21m[0m] -----------------------------------------------------------------
[[93m[1m WARNING [21m[0m] Element conservation is violated too large
[[93m[1m WARNING [21m[0m] at step: 26892
[[93m[1m WARNING [21m[0m] -----------------------------------------------------------------
[[93m[1m WARNING [21m[0m] Element conservation is violated too large
[[93m[1m WARNING [21m[0m] at step: 26895
[[93m[1m WARNING [21m[0m] -----------------------------------------------------------------
[[93m[1m WARNING [21m[0m] Element conservation is violated too large
[[93m[1m WARNING [21m[0m] at step: 26899
[[93m[1m WARNING [21m[0m] -----------------------------------------------------------------
[[32m[1m INFO  [21m[0m] Elapsed time: 1.38e+00 || Step number: 26900/30000
[[32m[1m INFO  [21m[0m] longdy = 1.00e+00      || longdy/dt = 1.00e+00  || dt = 6.94e-05
[[32m[1m INFO  [21m[0m] from nz = 0 and OH
[[32m[1m INFO  [21m[0m] -----------------------------------------------------------------
[[93m[1m WARNING [21m[0m] Element conservation is violated too large
[[93m[1m WARNING [21m[0m] at step: 26902
[[93m[1m WARNING [21m[0m] -----------------------------------------------------------------
[[93m[1m WARNING [21m[0m] Element conservation is violated too large
[[93m[1m WARNING [21m[0m] at step: 26903
[[93m[1m WARNING [21m[0m] -----------------------------------------------------------------
[[93m[1m WARNING [21m[0m] Element conservation is violated too large
[[93m[1m WARNING [21m[0m] at step: 26906
[[93m[1m WARNING [21m[0m] -----------------------------------------------------------------
[[93m[1m WARNING [21m[0m] Element conservation is violated too large
[[93m[1m WARNING [21m[0m] at step: 26921
[[93m[1m WARNING [21m[0m] -----------------------------------------------------------------
[[93m[1m WARNING [21m[0m] Element conservation is violated too large
[[93m[1m WARNING [21m[0m] at step: 26922
[[93m[1m WARNING [21m[0m] -----------------------------------------------------------------
[[93m[1m WARNING [21m[0m] Element conservation is violated too large
[[93m[1m WARNING [21m[0m] at step: 26923
[[93m[1m WARNING [21m[0m] -----------------------------------------------------------------
[[93m[1m WARNING [21m[0m] Element conservation is violated too large
[[93m[1m WARNING [21m[0m] at step: 26927
[[93m[1m WARNING [21m[0m] -----------------------------------------------------------------
[[93m[1m WARNING [21m[0m] Element conservation is violated too large
[[93m[1m WARNING [21m[0m] at step: 26929
[[93m[1m WARNING [21m[0m] -----------------------------------------------------------------
[[93m[1m WARNING [21m[0m] Element conservation is violated too large
[[93m[1m WARNING [21m[0m] at step: 26933
[[93m[1m WARNING [21m[0m] -----------------------------------------------------------------
[[93m[1m WARNING [21m[0m] Element conservation is violated too large
[[93m[1m WARNING [21m[0m] at step: 26936
[[93m[1m WARNING [21m[0m] -----------------------------------------------------------------
[[93m[1m WARNING [21m[0m] Element conservation is violated too large
[[93m[1m WARNING [21m[0m] at step: 26940
[[93m[1m WARNING [21m[0m] -----------------------------------------------------------------
[[93m[1m WARNING [21m[0m] Element conservation is violated too large
[[93m[1m WARNING [21m[0m] at step: 26949
[[93m[1m WARNING [21m[0m] -----------------------------------------------------------------
[[93m[1m WARNING [21m[0m] Element conservation is violated too large
[[93m[1m WARNING [21m[0m] at step: 26955
[[93m[1m WARNING [21m[0m] -----------------------------------------------------------------
[[93m[1m WARNING [21m[0m] Element conservation is violated too large
[[93m[1m WARNING [21m[0m] at step: 26957
[[93m[1m WARNING [21m[0m] -----------------------------------------------------------------
[[93m[1m WARNING [21m[0m] Element conservation is violated too large
[[93m[1m WARNING [21m[0m] at step: 26958
[[93m[1m WARNING [21m[0m] -----------------------------------------------------------------
[[93m[1m WARNING [21m[0m] Element conservation is violated too large
[[93m[1m WARNING [21m[0m] at step: 26965
[[93m[1m WARNING [21m[0m] -----------------------------------------------------------------
[[93m[1m WARNING [21m[0m] Element conservation is violated too large
[[93m[1m WARNING [21m[0m] at step: 26966
[[93m[1m WARNING [21m[0m] -----------------------------------------------------------------
[[93m[1m WARNING [21m[0m] Element conservation is violated too large
[[93m[1m WARNING [21m[0m] at step: 26979
[[93m[1m WARNING [21m[0m] -----------------------------------------------------------------
[[93m[1m WARNING [21m[0m] Element conservation is violated too large
[[93m[1m WARNING [21m[0m] at step: 26998
[[93m[1m WARNING [21m[0m] -----------------------------------------------------------------
[[32m[1m INFO  [21m[0m] Elapsed time: 1.38e+00 || Step number: 27000/30000
[[32m[1m INFO  [21m[0m] longdy = 1.00e+00      || longdy/dt = 1.00e+00  || dt = 9.06e-05
[[32m[1m INFO  [21m[0m] from nz = 0 and OH
[[32m[1m INFO  [21m[0m] -----------------------------------------------------------------
[[93m[1m WARNING [21m[0m] Element conservation is violated too large
[[93m[1m WARNING [21m[0m] at step: 27000
[[93m[1m WARNING [21m[0m] -----------------------------------------------------------------
[[93m[1m WARNING [21m[0m] Element conservation is violated too large
[[93m[1m WARNING [21m[0m] at step: 27003
[[93m[1m WARNING [21m[0m] -----------------------------------------------------------------
[[93m[1m WARNING [21m[0m] Element conservation is violated too large
[[93m[1m WARNING [21m[0m] at step: 27004
[[93m[1m WARNING [21m[0m] -----------------------------------------------------------------
[[93m[1m WARNING [21m[0m] Element conservation is violated too large
[[93m[1m WARNING [21m[0m] at step: 27016
[[93m[1m WARNING [21m[0m] -----------------------------------------------------------------
[[93m[1m WARNING [21m[0m] Element conservation is violated too large
[[93m[1m WARNING [21m[0m] at step: 27018
[[93m[1m WARNING [21m[0m] -----------------------------------------------------------------
[[93m[1m WARNING [21m[0m] Element conservation is violated too large
[[93m[1m WARNING [21m[0m] at step: 27022
[[93m[1m WARNING [21m[0m] -----------------------------------------------------------------
[[93m[1m WARNING [21m[0m] Element conservation is violated too large
[[93m[1m WARNING [21m[0m] at step: 27031
[[93m[1m WARNING [21m[0m] -----------------------------------------------------------------
[[93m[1m WARNING [21m[0m] Element conservation is violated too large
[[93m[1m WARNING [21m[0m] at step: 27034
[[93m[1m WARNING [21m[0m] -----------------------------------------------------------------
[[93m[1m WARNING [21m[0m] Element conservation is violated too large
[[93m[1m WARNING [21m[0m] at step: 27037
[[93m[1m WARNING [21m[0m] -----------------------------------------------------------------
[[93m[1m WARNING [21m[0m] Element conservation is violated too large
[[93m[1m WARNING [21m[0m] at step: 27048
[[93m[1m WARNING [21m[0m] -----------------------------------------------------------------
[[93m[1m WARNING [21m[0m] Element conservation is violated too large
[[93m[1m WARNING [21m[0m] at step: 27050
[[93m[1m WARNING [21m[0m] -----------------------------------------------------------------
[[93m[1m WARNING [21m[0m] Element conservation is violated too large
[[93m[1m WARNING [21m[0m] at step: 27055
[[93m[1m WARNING [21m[0m] -----------------------------------------------------------------
[[93m[1m WARNING [21m[0m] Element conservation is violated too large
[[93m[1m WARNING [21m[0m] at step: 27058
[[93m[1m WARNING [21m[0m] -----------------------------------------------------------------
[[93m[1m WARNING [21m[0m] Element conservation is violated too large
[[93m[1m WARNING [21m[0m] at step: 27071
[[93m[1m WARNING [21m[0m] -----------------------------------------------------------------
[[93m[1m WARNING [21m[0m] Element conservation is violated too large
[[93m[1m WARNING [21m[0m] at step: 27076
[[93m[1m WARNING [21m[0m] -----------------------------------------------------------------
[[93m[1m WARNING [21m[0m] Element conservation is violated too large
[[93m[1m WARNING [21m[0m] at step: 27081
[[93m[1m WARNING [21m[0m] -----------------------------------------------------------------
[[93m[1m WARNING [21m[0m] Element conservation is violated too large
[[93m[1m WARNING [21m[0m] at step: 27084
[[93m[1m WARNING [21m[0m] -----------------------------------------------------------------
[[93m[1m WARNING [21m[0m] Element conservation is violated too large
[[93m[1m WARNING [21m[0m] at step: 27087
[[93m[1m WARNING [21m[0m] -----------------------------------------------------------------
[[93m[1m WARNING [21m[0m] Element conservation is violated too large
[[93m[1m WARNING [21m[0m] at step: 27094
[[93m[1m WARNING [21m[0m] -----------------------------------------------------------------
[[93m[1m WARNING [21m[0m] Element conservation is violated too large
[[93m[1m WARNING [21m[0m] at step: 27096
[[93m[1m WARNING [21m[0m] -----------------------------------------------------------------
[[32m[1m INFO  [21m[0m] Elapsed time: 1.39e+00 || Step number: 27100/30000
[[32m[1m INFO  [21m[0m] longdy = 1.00e+00      || longdy/dt = 1.00e+00  || dt = 1.85e-04
[[32m[1m INFO  [21m[0m] from nz = 0 and OH
[[32m[1m INFO  [21m[0m] -----------------------------------------------------------------
[[93m[1m WARNING [21m[0m] Element conservation is violated too large
[[93m[1m WARNING [21m[0m] at step: 27100
[[93m[1m WARNING [21m[0m] -----------------------------------------------------------------
[[93m[1m WARNING [21m[0m] Element conservation is violated too large
[[93m[1m WARNING [21m[0m] at step: 27120
[[93m[1m WARNING [21m[0m] -----------------------------------------------------------------
[[93m[1m WARNING [21m[0m] Element conservation is violated too large
[[93m[1m WARNING [21m[0m] at step: 27131
[[93m[1m WARNING [21m[0m] -----------------------------------------------------------------
[[93m[1m WARNING [21m[0m] Element conservation is violated too large
[[93m[1m WARNING [21m[0m] at step: 27132
[[93m[1m WARNING [21m[0m] -----------------------------------------------------------------
[[93m[1m WARNING [21m[0m] Element conservation is violated too large
[[93m[1m WARNING [21m[0m] at step: 27142
[[93m[1m WARNING [21m[0m] -----------------------------------------------------------------
[[93m[1m WARNING [21m[0m] Element conservation is violated too large
[[93m[1m WARNING [21m[0m] at step: 27145
[[93m[1m WARNING [21m[0m] -----------------------------------------------------------------
[[93m[1m WARNING [21m[0m] Element conservation is violated too large
[[93m[1m WARNING [21m[0m] at step: 27146
[[93m[1m WARNING [21m[0m] -----------------------------------------------------------------
[[93m[1m WARNING [21m[0m] Element conservation is violated too large
[[93m[1m WARNING [21m[0m] at step: 27163
[[93m[1m WARNING [21m[0m] -----------------------------------------------------------------
[[93m[1m WARNING [21m[0m] Element conservation is violated too large
[[93m[1m WARNING [21m[0m] at step: 27169
[[93m[1m WARNING [21m[0m] -----------------------------------------------------------------
[[93m[1m WARNING [21m[0m] Element conservation is violated too large
[[93m[1m WARNING [21m[0m] at step: 27170
[[93m[1m WARNING [21m[0m] -----------------------------------------------------------------
[[93m[1m WARNING [21m[0m] Element conservation is violated too large
[[93m[1m WARNING [21m[0m] at step: 27172
[[93m[1m WARNING [21m[0m] -----------------------------------------------------------------
[[93m[1m WARNING [21m[0m] Element conservation is violated too large
[[93m[1m WARNING [21m[0m] at step: 27179
[[93m[1m WARNING [21m[0m] -----------------------------------------------------------------
[[93m[1m WARNING [21m[0m] Element conservation is violated too large
[[93m[1m WARNING [21m[0m] at step: 27190
[[93m[1m WARNING [21m[0m] -----------------------------------------------------------------
[[93m[1m WARNING [21m[0m] Element conservation is violated too large
[[93m[1m WARNING [21m[0m] at step: 27191
[[93m[1m WARNING [21m[0m] -----------------------------------------------------------------
[[32m[1m INFO  [21m[0m] Elapsed time: 1.40e+00 || Step number: 27200/30000
[[32m[1m INFO  [21m[0m] longdy = 1.00e+00      || longdy/dt = 1.00e+00  || dt = 1.02e-04
[[32m[1m INFO  [21m[0m] from nz = 0 and OH
[[32m[1m INFO  [21m[0m] -----------------------------------------------------------------
[[93m[1m WARNING [21m[0m] Element conservation is violated too large
[[93m[1m WARNING [21m[0m] at step: 27200
[[93m[1m WARNING [21m[0m] -----------------------------------------------------------------
[[93m[1m WARNING [21m[0m] Element conservation is violated too large
[[93m[1m WARNING [21m[0m] at step: 27218
[[93m[1m WARNING [21m[0m] -----------------------------------------------------------------
[[93m[1m WARNING [21m[0m] Element conservation is violated too large
[[93m[1m WARNING [21m[0m] at step: 27225
[[93m[1m WARNING [21m[0m] -----------------------------------------------------------------
[[93m[1m WARNING [21m[0m] Element conservation is violated too large
[[93m[1m WARNING [21m[0m] at step: 27227
[[93m[1m WARNING [21m[0m] -----------------------------------------------------------------
[[93m[1m WARNING [21m[0m] Element conservation is violated too large
[[93m[1m WARNING [21m[0m] at step: 27240
[[93m[1m WARNING [21m[0m] -----------------------------------------------------------------
[[93m[1m WARNING [21m[0m] Element conservation is violated too large
[[93m[1m WARNING [21m[0m] at step: 27241
[[93m[1m WARNING [21m[0m] -----------------------------------------------------------------
[[93m[1m WARNING [21m[0m] Element conservation is violated too large
[[93m[1m WARNING [21m[0m] at step: 27242
[[93m[1m WARNING [21m[0m] -----------------------------------------------------------------
[[93m[1m WARNING [21m[0m] Element conservation is violated too large
[[93m[1m WARNING [21m[0m] at step: 27243
[[93m[1m WARNING [21m[0m] -----------------------------------------------------------------
[[93m[1m WARNING [21m[0m] Element conservation is violated too large
[[93m[1m WARNING [21m[0m] at step: 27249
[[93m[1m WARNING [21m[0m] -----------------------------------------------------------------
[[93m[1m WARNING [21m[0m] Element conservation is violated too large
[[93m[1m WARNING [21m[0m] at step: 27255
[[93m[1m WARNING [21m[0m] -----------------------------------------------------------------
[[93m[1m WARNING [21m[0m] Element conservation is violated too large
[[93m[1m WARNING [21m[0m] at step: 27258
[[93m[1m WARNING [21m[0m] -----------------------------------------------------------------
[[93m[1m WARNING [21m[0m] Element conservation is violated too large
[[93m[1m WARNING [21m[0m] at step: 27264
[[93m[1m WARNING [21m[0m] -----------------------------------------------------------------
[[93m[1m WARNING [21m[0m] Element conservation is violated too large
[[93m[1m WARNING [21m[0m] at step: 27267
[[93m[1m WARNING [21m[0m] -----------------------------------------------------------------
[[93m[1m WARNING [21m[0m] Element conservation is violated too large
[[93m[1m WARNING [21m[0m] at step: 27276
[[93m[1m WARNING [21m[0m] -----------------------------------------------------------------
[[93m[1m WARNING [21m[0m] Element conservation is violated too large
[[93m[1m WARNING [21m[0m] at step: 27284
[[93m[1m WARNING [21m[0m] -----------------------------------------------------------------
[[93m[1m WARNING [21m[0m] Element conservation is violated too large
[[93m[1m WARNING [21m[0m] at step: 27288
[[93m[1m WARNING [21m[0m] -----------------------------------------------------------------
[[93m[1m WARNING [21m[0m] Element conservation is violated too large
[[93m[1m WARNING [21m[0m] at step: 27294
[[93m[1m WARNING [21m[0m] -----------------------------------------------------------------
[[32m[1m INFO  [21m[0m] Elapsed time: 1.41e+00 || Step number: 27300/30000
[[32m[1m INFO  [21m[0m] longdy = 1.00e+00      || longdy/dt = 1.00e+00  || dt = 8.69e-05
[[32m[1m INFO  [21m[0m] from nz = 0 and OH
[[32m[1m INFO  [21m[0m] -----------------------------------------------------------------
[[93m[1m WARNING [21m[0m] Element conservation is violated too large
[[93m[1m WARNING [21m[0m] at step: 27303
[[93m[1m WARNING [21m[0m] -----------------------------------------------------------------
[[93m[1m WARNING [21m[0m] Element conservation is violated too large
[[93m[1m WARNING [21m[0m] at step: 27310
[[93m[1m WARNING [21m[0m] -----------------------------------------------------------------
[[93m[1m WARNING [21m[0m] Element conservation is violated too large
[[93m[1m WARNING [21m[0m] at step: 27319
[[93m[1m WARNING [21m[0m] -----------------------------------------------------------------
[[93m[1m WARNING [21m[0m] Element conservation is violated too large
[[93m[1m WARNING [21m[0m] at step: 27320
[[93m[1m WARNING [21m[0m] -----------------------------------------------------------------
[[93m[1m WARNING [21m[0m] Element conservation is violated too large
[[93m[1m WARNING [21m[0m] at step: 27324
[[93m[1m WARNING [21m[0m] -----------------------------------------------------------------
[[93m[1m WARNING [21m[0m] Element conservation is violated too large
[[93m[1m WARNING [21m[0m] at step: 27326
[[93m[1m WARNING [21m[0m] -----------------------------------------------------------------
[[93m[1m WARNING [21m[0m] Element conservation is violated too large
[[93m[1m WARNING [21m[0m] at step: 27329
[[93m[1m WARNING [21m[0m] -----------------------------------------------------------------
[[93m[1m WARNING [21m[0m] Element conservation is violated too large
[[93m[1m WARNING [21m[0m] at step: 27348
[[93m[1m WARNING [21m[0m] -----------------------------------------------------------------
[[93m[1m WARNING [21m[0m] Element conservation is violated too large
[[93m[1m WARNING [21m[0m] at step: 27350
[[93m[1m WARNING [21m[0m] -----------------------------------------------------------------
[[93m[1m WARNING [21m[0m] Element conservation is violated too large
[[93m[1m WARNING [21m[0m] at step: 27353
[[93m[1m WARNING [21m[0m] -----------------------------------------------------------------
[[93m[1m WARNING [21m[0m] Element conservation is violated too large
[[93m[1m WARNING [21m[0m] at step: 27361
[[93m[1m WARNING [21m[0m] -----------------------------------------------------------------
[[93m[1m WARNING [21m[0m] Element conservation is violated too large
[[93m[1m WARNING [21m[0m] at step: 27365
[[93m[1m WARNING [21m[0m] -----------------------------------------------------------------
[[93m[1m WARNING [21m[0m] Element conservation is violated too large
[[93m[1m WARNING [21m[0m] at step: 27370
[[93m[1m WARNING [21m[0m] -----------------------------------------------------------------
[[93m[1m WARNING [21m[0m] Element conservation is violated too large
[[93m[1m WARNING [21m[0m] at step: 27377
[[93m[1m WARNING [21m[0m] -----------------------------------------------------------------
[[93m[1m WARNING [21m[0m] Element conservation is violated too large
[[93m[1m WARNING [21m[0m] at step: 27391
[[93m[1m WARNING [21m[0m] -----------------------------------------------------------------
[[93m[1m WARNING [21m[0m] Element conservation is violated too large
[[93m[1m WARNING [21m[0m] at step: 27392
[[93m[1m WARNING [21m[0m] -----------------------------------------------------------------
[[93m[1m WARNING [21m[0m] Element conservation is violated too large
[[93m[1m WARNING [21m[0m] at step: 27395
[[93m[1m WARNING [21m[0m] -----------------------------------------------------------------
[[93m[1m WARNING [21m[0m] Element conservation is violated too large
[[93m[1m WARNING [21m[0m] at step: 27397
[[93m[1m WARNING [21m[0m] -----------------------------------------------------------------
[[32m[1m INFO  [21m[0m] Elapsed time: 1.42e+00 || Step number: 27400/30000
[[32m[1m INFO  [21m[0m] longdy = 1.00e+00      || longdy/dt = 1.00e+00  || dt = 1.23e-04
[[32m[1m INFO  [21m[0m] from nz = 0 and OH
[[32m[1m INFO  [21m[0m] -----------------------------------------------------------------
[[93m[1m WARNING [21m[0m] Element conservation is violated too large
[[93m[1m WARNING [21m[0m] at step: 27415
[[93m[1m WARNING [21m[0m] -----------------------------------------------------------------
[[93m[1m WARNING [21m[0m] Element conservation is violated too large
[[93m[1m WARNING [21m[0m] at step: 27431
[[93m[1m WARNING [21m[0m] -----------------------------------------------------------------
[[93m[1m WARNING [21m[0m] Element conservation is violated too large
[[93m[1m WARNING [21m[0m] at step: 27432
[[93m[1m WARNING [21m[0m] -----------------------------------------------------------------
[[93m[1m WARNING [21m[0m] Element conservation is violated too large
[[93m[1m WARNING [21m[0m] at step: 27436
[[93m[1m WARNING [21m[0m] -----------------------------------------------------------------
[[93m[1m WARNING [21m[0m] Element conservation is violated too large
[[93m[1m WARNING [21m[0m] at step: 27437
[[93m[1m WARNING [21m[0m] -----------------------------------------------------------------
[[93m[1m WARNING [21m[0m] Element conservation is violated too large
[[93m[1m WARNING [21m[0m] at step: 27440
[[93m[1m WARNING [21m[0m] -----------------------------------------------------------------
[[93m[1m WARNING [21m[0m] Element conservation is violated too large
[[93m[1m WARNING [21m[0m] at step: 27443
[[93m[1m WARNING [21m[0m] -----------------------------------------------------------------
[[93m[1m WARNING [21m[0m] Element conservation is violated too large
[[93m[1m WARNING [21m[0m] at step: 27444
[[93m[1m WARNING [21m[0m] -----------------------------------------------------------------
[[93m[1m WARNING [21m[0m] Element conservation is violated too large
[[93m[1m WARNING [21m[0m] at step: 27444
[[93m[1m WARNING [21m[0m] -----------------------------------------------------------------
[[93m[1m WARNING [21m[0m] Element conservation is violated too large
[[93m[1m WARNING [21m[0m] at step: 27448
[[93m[1m WARNING [21m[0m] -----------------------------------------------------------------
[[93m[1m WARNING [21m[0m] Element conservation is violated too large
[[93m[1m WARNING [21m[0m] at step: 27452
[[93m[1m WARNING [21m[0m] -----------------------------------------------------------------
[[93m[1m WARNING [21m[0m] Element conservation is violated too large
[[93m[1m WARNING [21m[0m] at step: 27457
[[93m[1m WARNING [21m[0m] -----------------------------------------------------------------
[[93m[1m WARNING [21m[0m] Element conservation is violated too large
[[93m[1m WARNING [21m[0m] at step: 27459
[[93m[1m WARNING [21m[0m] -----------------------------------------------------------------
[[93m[1m WARNING [21m[0m] Element conservation is violated too large
[[93m[1m WARNING [21m[0m] at step: 27470
[[93m[1m WARNING [21m[0m] -----------------------------------------------------------------
[[93m[1m WARNING [21m[0m] Element conservation is violated too large
[[93m[1m WARNING [21m[0m] at step: 27472
[[93m[1m WARNING [21m[0m] -----------------------------------------------------------------
[[93m[1m WARNING [21m[0m] Element conservation is violated too large
[[93m[1m WARNING [21m[0m] at step: 27475
[[93m[1m WARNING [21m[0m] -----------------------------------------------------------------
[[93m[1m WARNING [21m[0m] Element conservation is violated too large
[[93m[1m WARNING [21m[0m] at step: 27475
[[93m[1m WARNING [21m[0m] -----------------------------------------------------------------
[[93m[1m WARNING [21m[0m] Element conservation is violated too large
[[93m[1m WARNING [21m[0m] at step: 27478
[[93m[1m WARNING [21m[0m] -----------------------------------------------------------------
[[93m[1m WARNING [21m[0m] Element conservation is violated too large
[[93m[1m WARNING [21m[0m] at step: 27480
[[93m[1m WARNING [21m[0m] -----------------------------------------------------------------
[[93m[1m WARNING [21m[0m] Element conservation is violated too large
[[93m[1m WARNING [21m[0m] at step: 27492
[[93m[1m WARNING [21m[0m] -----------------------------------------------------------------
[[93m[1m WARNING [21m[0m] Element conservation is violated too large
[[93m[1m WARNING [21m[0m] at step: 27499
[[93m[1m WARNING [21m[0m] -----------------------------------------------------------------
[[32m[1m INFO  [21m[0m] Elapsed time: 1.42e+00 || Step number: 27500/30000
[[32m[1m INFO  [21m[0m] longdy = 1.00e+00      || longdy/dt = 1.00e+00  || dt = 9.33e-05
[[32m[1m INFO  [21m[0m] from nz = 0 and OH
[[32m[1m INFO  [21m[0m] -----------------------------------------------------------------
[[93m[1m WARNING [21m[0m] Element conservation is violated too large
[[93m[1m WARNING [21m[0m] at step: 27501
[[93m[1m WARNING [21m[0m] -----------------------------------------------------------------
[[93m[1m WARNING [21m[0m] Element conservation is violated too large
[[93m[1m WARNING [21m[0m] at step: 27502
[[93m[1m WARNING [21m[0m] -----------------------------------------------------------------
[[93m[1m WARNING [21m[0m] Element conservation is violated too large
[[93m[1m WARNING [21m[0m] at step: 27510
[[93m[1m WARNING [21m[0m] -----------------------------------------------------------------
[[93m[1m WARNING [21m[0m] Element conservation is violated too large
[[93m[1m WARNING [21m[0m] at step: 27518
[[93m[1m WARNING [21m[0m] -----------------------------------------------------------------
[[93m[1m WARNING [21m[0m] Element conservation is violated too large
[[93m[1m WARNING [21m[0m] at step: 27527
[[93m[1m WARNING [21m[0m] -----------------------------------------------------------------
[[93m[1m WARNING [21m[0m] Element conservation is violated too large
[[93m[1m WARNING [21m[0m] at step: 27531
[[93m[1m WARNING [21m[0m] -----------------------------------------------------------------
[[93m[1m WARNING [21m[0m] Element conservation is violated too large
[[93m[1m WARNING [21m[0m] at step: 27532
[[93m[1m WARNING [21m[0m] -----------------------------------------------------------------
[[93m[1m WARNING [21m[0m] Element conservation is violated too large
[[93m[1m WARNING [21m[0m] at step: 27535
[[93m[1m WARNING [21m[0m] -----------------------------------------------------------------
[[93m[1m WARNING [21m[0m] Element conservation is violated too large
[[93m[1m WARNING [21m[0m] at step: 27536
[[93m[1m WARNING [21m[0m] -----------------------------------------------------------------
[[93m[1m WARNING [21m[0m] Element conservation is violated too large
[[93m[1m WARNING [21m[0m] at step: 27544
[[93m[1m WARNING [21m[0m] -----------------------------------------------------------------
[[93m[1m WARNING [21m[0m] Element conservation is violated too large
[[93m[1m WARNING [21m[0m] at step: 27547
[[93m[1m WARNING [21m[0m] -----------------------------------------------------------------
[[93m[1m WARNING [21m[0m] Element conservation is violated too large
[[93m[1m WARNING [21m[0m] at step: 27550
[[93m[1m WARNING [21m[0m] -----------------------------------------------------------------
[[93m[1m WARNING [21m[0m] Element conservation is violated too large
[[93m[1m WARNING [21m[0m] at step: 27556
[[93m[1m WARNING [21m[0m] -----------------------------------------------------------------
[[93m[1m WARNING [21m[0m] Element conservation is violated too large
[[93m[1m WARNING [21m[0m] at step: 27556
[[93m[1m WARNING [21m[0m] -----------------------------------------------------------------
[[93m[1m WARNING [21m[0m] Element conservation is violated too large
[[93m[1m WARNING [21m[0m] at step: 27559
[[93m[1m WARNING [21m[0m] -----------------------------------------------------------------
[[93m[1m WARNING [21m[0m] Element conservation is violated too large
[[93m[1m WARNING [21m[0m] at step: 27565
[[93m[1m WARNING [21m[0m] -----------------------------------------------------------------
[[93m[1m WARNING [21m[0m] Element conservation is violated too large
[[93m[1m WARNING [21m[0m] at step: 27579
[[93m[1m WARNING [21m[0m] -----------------------------------------------------------------
[[93m[1m WARNING [21m[0m] Element conservation is violated too large
[[93m[1m WARNING [21m[0m] at step: 27580
[[93m[1m WARNING [21m[0m] -----------------------------------------------------------------
[[93m[1m WARNING [21m[0m] Element conservation is violated too large
[[93m[1m WARNING [21m[0m] at step: 27594
[[93m[1m WARNING [21m[0m] -----------------------------------------------------------------
[[32m[1m INFO  [21m[0m] Elapsed time: 1.43e+00 || Step number: 27600/30000
[[32m[1m INFO  [21m[0m] longdy = 1.00e+00      || longdy/dt = 1.00e+00  || dt = 1.07e-04
[[32m[1m INFO  [21m[0m] from nz = 0 and OH
[[32m[1m INFO  [21m[0m] -----------------------------------------------------------------
[[93m[1m WARNING [21m[0m] Element conservation is violated too large
[[93m[1m WARNING [21m[0m] at step: 27601
[[93m[1m WARNING [21m[0m] -----------------------------------------------------------------
[[93m[1m WARNING [21m[0m] Element conservation is violated too large
[[93m[1m WARNING [21m[0m] at step: 27603
[[93m[1m WARNING [21m[0m] -----------------------------------------------------------------
[[93m[1m WARNING [21m[0m] Element conservation is violated too large
[[93m[1m WARNING [21m[0m] at step: 27611
[[93m[1m WARNING [21m[0m] -----------------------------------------------------------------
[[93m[1m WARNING [21m[0m] Element conservation is violated too large
[[93m[1m WARNING [21m[0m] at step: 27622
[[93m[1m WARNING [21m[0m] -----------------------------------------------------------------
[[93m[1m WARNING [21m[0m] Element conservation is violated too large
[[93m[1m WARNING [21m[0m] at step: 27628
[[93m[1m WARNING [21m[0m] -----------------------------------------------------------------
[[93m[1m WARNING [21m[0m] Element conservation is violated too large
[[93m[1m WARNING [21m[0m] at step: 27629
[[93m[1m WARNING [21m[0m] -----------------------------------------------------------------
[[93m[1m WARNING [21m[0m] Element conservation is violated too large
[[93m[1m WARNING [21m[0m] at step: 27632
[[93m[1m WARNING [21m[0m] -----------------------------------------------------------------
[[93m[1m WARNING [21m[0m] Element conservation is violated too large
[[93m[1m WARNING [21m[0m] at step: 27633
[[93m[1m WARNING [21m[0m] -----------------------------------------------------------------
[[93m[1m WARNING [21m[0m] Element conservation is violated too large
[[93m[1m WARNING [21m[0m] at step: 27637
[[93m[1m WARNING [21m[0m] -----------------------------------------------------------------
[[93m[1m WARNING [21m[0m] Element conservation is violated too large
[[93m[1m WARNING [21m[0m] at step: 27640
[[93m[1m WARNING [21m[0m] -----------------------------------------------------------------
[[93m[1m WARNING [21m[0m] Element conservation is violated too large
[[93m[1m WARNING [21m[0m] at step: 27641
[[93m[1m WARNING [21m[0m] -----------------------------------------------------------------
[[93m[1m WARNING [21m[0m] Element conservation is violated too large
[[93m[1m WARNING [21m[0m] at step: 27645
[[93m[1m WARNING [21m[0m] -----------------------------------------------------------------
[[93m[1m WARNING [21m[0m] Element conservation is violated too large
[[93m[1m WARNING [21m[0m] at step: 27645
[[93m[1m WARNING [21m[0m] -----------------------------------------------------------------
[[93m[1m WARNING [21m[0m] Element conservation is violated too large
[[93m[1m WARNING [21m[0m] at step: 27656
[[93m[1m WARNING [21m[0m] -----------------------------------------------------------------
[[93m[1m WARNING [21m[0m] Element conservation is violated too large
[[93m[1m WARNING [21m[0m] at step: 27661
[[93m[1m WARNING [21m[0m] -----------------------------------------------------------------
[[93m[1m WARNING [21m[0m] Element conservation is violated too large
[[93m[1m WARNING [21m[0m] at step: 27666
[[93m[1m WARNING [21m[0m] -----------------------------------------------------------------
[[93m[1m WARNING [21m[0m] Element conservation is violated too large
[[93m[1m WARNING [21m[0m] at step: 27672
[[93m[1m WARNING [21m[0m] -----------------------------------------------------------------
[[93m[1m WARNING [21m[0m] Element conservation is violated too large
[[93m[1m WARNING [21m[0m] at step: 27680
[[93m[1m WARNING [21m[0m] -----------------------------------------------------------------
[[93m[1m WARNING [21m[0m] Element conservation is violated too large
[[93m[1m WARNING [21m[0m] at step: 27682
[[93m[1m WARNING [21m[0m] -----------------------------------------------------------------
[[93m[1m WARNING [21m[0m] Element conservation is violated too large
[[93m[1m WARNING [21m[0m] at step: 27686
[[93m[1m WARNING [21m[0m] -----------------------------------------------------------------
[[93m[1m WARNING [21m[0m] Element conservation is violated too large
[[93m[1m WARNING [21m[0m] at step: 27689
[[93m[1m WARNING [21m[0m] -----------------------------------------------------------------
[[93m[1m WARNING [21m[0m] Element conservation is violated too large
[[93m[1m WARNING [21m[0m] at step: 27693
[[93m[1m WARNING [21m[0m] -----------------------------------------------------------------
[[93m[1m WARNING [21m[0m] Element conservation is violated too large
[[93m[1m WARNING [21m[0m] at step: 27697
[[93m[1m WARNING [21m[0m] -----------------------------------------------------------------
[[32m[1m INFO  [21m[0m] Elapsed time: 1.44e+00 || Step number: 27700/30000
[[32m[1m INFO  [21m[0m] longdy = 1.00e+00      || longdy/dt = 1.00e+00  || dt = 1.19e-04
[[32m[1m INFO  [21m[0m] from nz = 0 and OH
[[32m[1m INFO  [21m[0m] -----------------------------------------------------------------
[[93m[1m WARNING [21m[0m] Element conservation is violated too large
[[93m[1m WARNING [21m[0m] at step: 27700
[[93m[1m WARNING [21m[0m] -----------------------------------------------------------------
[[93m[1m WARNING [21m[0m] Element conservation is violated too large
[[93m[1m WARNING [21m[0m] at step: 27708
[[93m[1m WARNING [21m[0m] -----------------------------------------------------------------
[[93m[1m WARNING [21m[0m] Element conservation is violated too large
[[93m[1m WARNING [21m[0m] at step: 27708
[[93m[1m WARNING [21m[0m] -----------------------------------------------------------------
[[93m[1m WARNING [21m[0m] Element conservation is violated too large
[[93m[1m WARNING [21m[0m] at step: 27712
[[93m[1m WARNING [21m[0m] -----------------------------------------------------------------
[[93m[1m WARNING [21m[0m] Element conservation is violated too large
[[93m[1m WARNING [21m[0m] at step: 27715
[[93m[1m WARNING [21m[0m] -----------------------------------------------------------------
[[93m[1m WARNING [21m[0m] Element conservation is violated too large
[[93m[1m WARNING [21m[0m] at step: 27717
[[93m[1m WARNING [21m[0m] -----------------------------------------------------------------
[[93m[1m WARNING [21m[0m] Element conservation is violated too large
[[93m[1m WARNING [21m[0m] at step: 27738
[[93m[1m WARNING [21m[0m] -----------------------------------------------------------------
[[93m[1m WARNING [21m[0m] Element conservation is violated too large
[[93m[1m WARNING [21m[0m] at step: 27739
[[93m[1m WARNING [21m[0m] -----------------------------------------------------------------
[[93m[1m WARNING [21m[0m] Element conservation is violated too large
[[93m[1m WARNING [21m[0m] at step: 27744
[[93m[1m WARNING [21m[0m] -----------------------------------------------------------------
[[93m[1m WARNING [21m[0m] Element conservation is violated too large
[[93m[1m WARNING [21m[0m] at step: 27747
[[93m[1m WARNING [21m[0m] -----------------------------------------------------------------
[[93m[1m WARNING [21m[0m] Element conservation is violated too large
[[93m[1m WARNING [21m[0m] at step: 27749
[[93m[1m WARNING [21m[0m] -----------------------------------------------------------------
[[93m[1m WARNING [21m[0m] Element conservation is violated too large
[[93m[1m WARNING [21m[0m] at step: 27752
[[93m[1m WARNING [21m[0m] -----------------------------------------------------------------
[[93m[1m WARNING [21m[0m] Element conservation is violated too large
[[93m[1m WARNING [21m[0m] at step: 27764
[[93m[1m WARNING [21m[0m] -----------------------------------------------------------------
[[93m[1m WARNING [21m[0m] Element conservation is violated too large
[[93m[1m WARNING [21m[0m] at step: 27774
[[93m[1m WARNING [21m[0m] -----------------------------------------------------------------
[[93m[1m WARNING [21m[0m] Element conservation is violated too large
[[93m[1m WARNING [21m[0m] at step: 27776
[[93m[1m WARNING [21m[0m] -----------------------------------------------------------------
[[93m[1m WARNING [21m[0m] Element conservation is violated too large
[[93m[1m WARNING [21m[0m] at step: 27782
[[93m[1m WARNING [21m[0m] -----------------------------------------------------------------
[[93m[1m WARNING [21m[0m] Element conservation is violated too large
[[93m[1m WARNING [21m[0m] at step: 27786
[[93m[1m WARNING [21m[0m] -----------------------------------------------------------------
[[32m[1m INFO  [21m[0m] Elapsed time: 1.45e+00 || Step number: 27800/30000
[[32m[1m INFO  [21m[0m] longdy = 1.00e+00      || longdy/dt = 1.00e+00  || dt = 1.17e-04
[[32m[1m INFO  [21m[0m] from nz = 0 and OH
[[32m[1m INFO  [21m[0m] -----------------------------------------------------------------
[[93m[1m WARNING [21m[0m] Element conservation is violated too large
[[93m[1m WARNING [21m[0m] at step: 27800
[[93m[1m WARNING [21m[0m] -----------------------------------------------------------------
[[93m[1m WARNING [21m[0m] Element conservation is violated too large
[[93m[1m WARNING [21m[0m] at step: 27806
[[93m[1m WARNING [21m[0m] -----------------------------------------------------------------
[[93m[1m WARNING [21m[0m] Element conservation is violated too large
[[93m[1m WARNING [21m[0m] at step: 27809
[[93m[1m WARNING [21m[0m] -----------------------------------------------------------------
[[93m[1m WARNING [21m[0m] Element conservation is violated too large
[[93m[1m WARNING [21m[0m] at step: 27813
[[93m[1m WARNING [21m[0m] -----------------------------------------------------------------
[[93m[1m WARNING [21m[0m] Element conservation is violated too large
[[93m[1m WARNING [21m[0m] at step: 27827
[[93m[1m WARNING [21m[0m] -----------------------------------------------------------------
[[93m[1m WARNING [21m[0m] Element conservation is violated too large
[[93m[1m WARNING [21m[0m] at step: 27828
[[93m[1m WARNING [21m[0m] -----------------------------------------------------------------
[[93m[1m WARNING [21m[0m] Element conservation is violated too large
[[93m[1m WARNING [21m[0m] at step: 27840
[[93m[1m WARNING [21m[0m] -----------------------------------------------------------------
[[93m[1m WARNING [21m[0m] Element conservation is violated too large
[[93m[1m WARNING [21m[0m] at step: 27866
[[93m[1m WARNING [21m[0m] -----------------------------------------------------------------
[[32m[1m INFO  [21m[0m] Elapsed time: 1.46e+00 || Step number: 27900/30000
[[32m[1m INFO  [21m[0m] longdy = 1.00e+00      || longdy/dt = 1.00e+00  || dt = 9.92e-05
[[32m[1m INFO  [21m[0m] from nz = 0 and OH
[[32m[1m INFO  [21m[0m] -----------------------------------------------------------------
[[93m[1m WARNING [21m[0m] Element conservation is violated too large
[[93m[1m WARNING [21m[0m] at step: 27905
[[93m[1m WARNING [21m[0m] -----------------------------------------------------------------
[[93m[1m WARNING [21m[0m] Element conservation is violated too large
[[93m[1m WARNING [21m[0m] at step: 27908
[[93m[1m WARNING [21m[0m] -----------------------------------------------------------------
[[93m[1m WARNING [21m[0m] Element conservation is violated too large
[[93m[1m WARNING [21m[0m] at step: 27910
[[93m[1m WARNING [21m[0m] -----------------------------------------------------------------
[[93m[1m WARNING [21m[0m] Element conservation is violated too large
[[93m[1m WARNING [21m[0m] at step: 27920
[[93m[1m WARNING [21m[0m] -----------------------------------------------------------------
[[93m[1m WARNING [21m[0m] Element conservation is violated too large
[[93m[1m WARNING [21m[0m] at step: 27924
[[93m[1m WARNING [21m[0m] -----------------------------------------------------------------
[[93m[1m WARNING [21m[0m] Element conservation is violated too large
[[93m[1m WARNING [21m[0m] at step: 27926
[[93m[1m WARNING [21m[0m] -----------------------------------------------------------------
[[93m[1m WARNING [21m[0m] Element conservation is violated too large
[[93m[1m WARNING [21m[0m] at step: 27930
[[93m[1m WARNING [21m[0m] -----------------------------------------------------------------
[[93m[1m WARNING [21m[0m] Element conservation is violated too large
[[93m[1m WARNING [21m[0m] at step: 27934
[[93m[1m WARNING [21m[0m] -----------------------------------------------------------------
[[93m[1m WARNING [21m[0m] Element conservation is violated too large
[[93m[1m WARNING [21m[0m] at step: 27936
[[93m[1m WARNING [21m[0m] -----------------------------------------------------------------
[[93m[1m WARNING [21m[0m] Element conservation is violated too large
[[93m[1m WARNING [21m[0m] at step: 27936
[[93m[1m WARNING [21m[0m] -----------------------------------------------------------------
[[93m[1m WARNING [21m[0m] Element conservation is violated too large
[[93m[1m WARNING [21m[0m] at step: 27949
[[93m[1m WARNING [21m[0m] -----------------------------------------------------------------
[[93m[1m WARNING [21m[0m] Element conservation is violated too large
[[93m[1m WARNING [21m[0m] at step: 27950
[[93m[1m WARNING [21m[0m] -----------------------------------------------------------------
[[93m[1m WARNING [21m[0m] Element conservation is violated too large
[[93m[1m WARNING [21m[0m] at step: 27955
[[93m[1m WARNING [21m[0m] -----------------------------------------------------------------
[[93m[1m WARNING [21m[0m] Element conservation is violated too large
[[93m[1m WARNING [21m[0m] at step: 27964
[[93m[1m WARNING [21m[0m] -----------------------------------------------------------------
[[93m[1m WARNING [21m[0m] Element conservation is violated too large
[[93m[1m WARNING [21m[0m] at step: 27973
[[93m[1m WARNING [21m[0m] -----------------------------------------------------------------
[[93m[1m WARNING [21m[0m] Element conservation is violated too large
[[93m[1m WARNING [21m[0m] at step: 27990
[[93m[1m WARNING [21m[0m] -----------------------------------------------------------------
[[93m[1m WARNING [21m[0m] Element conservation is violated too large
[[93m[1m WARNING [21m[0m] at step: 27997
[[93m[1m WARNING [21m[0m] -----------------------------------------------------------------
[[93m[1m WARNING [21m[0m] Element conservation is violated too large
[[93m[1m WARNING [21m[0m] at step: 27999
[[93m[1m WARNING [21m[0m] -----------------------------------------------------------------
[[32m[1m INFO  [21m[0m] Elapsed time: 1.46e+00 || Step number: 28000/30000
[[32m[1m INFO  [21m[0m] longdy = 1.00e+00      || longdy/dt = 1.00e+00  || dt = 9.15e-05
[[32m[1m INFO  [21m[0m] from nz = 0 and OH
[[32m[1m INFO  [21m[0m] -----------------------------------------------------------------
[[93m[1m WARNING [21m[0m] Element conservation is violated too large
[[93m[1m WARNING [21m[0m] at step: 28015
[[93m[1m WARNING [21m[0m] -----------------------------------------------------------------
[[93m[1m WARNING [21m[0m] Element conservation is violated too large
[[93m[1m WARNING [21m[0m] at step: 28017
[[93m[1m WARNING [21m[0m] -----------------------------------------------------------------
[[93m[1m WARNING [21m[0m] Element conservation is violated too large
[[93m[1m WARNING [21m[0m] at step: 28020
[[93m[1m WARNING [21m[0m] -----------------------------------------------------------------
[[93m[1m WARNING [21m[0m] Element conservation is violated too large
[[93m[1m WARNING [21m[0m] at step: 28048
[[93m[1m WARNING [21m[0m] -----------------------------------------------------------------
[[93m[1m WARNING [21m[0m] Element conservation is violated too large
[[93m[1m WARNING [21m[0m] at step: 28060
[[93m[1m WARNING [21m[0m] -----------------------------------------------------------------
[[93m[1m WARNING [21m[0m] Element conservation is violated too large
[[93m[1m WARNING [21m[0m] at step: 28061
[[93m[1m WARNING [21m[0m] -----------------------------------------------------------------
[[93m[1m WARNING [21m[0m] Element conservation is violated too large
[[93m[1m WARNING [21m[0m] at step: 28070
[[93m[1m WARNING [21m[0m] -----------------------------------------------------------------
[[93m[1m WARNING [21m[0m] Element conservation is violated too large
[[93m[1m WARNING [21m[0m] at step: 28074
[[93m[1m WARNING [21m[0m] -----------------------------------------------------------------
[[93m[1m WARNING [21m[0m] Element conservation is violated too large
[[93m[1m WARNING [21m[0m] at step: 28083
[[93m[1m WARNING [21m[0m] -----------------------------------------------------------------
[[93m[1m WARNING [21m[0m] Element conservation is violated too large
[[93m[1m WARNING [21m[0m] at step: 28087
[[93m[1m WARNING [21m[0m] -----------------------------------------------------------------
[[93m[1m WARNING [21m[0m] Element conservation is violated too large
[[93m[1m WARNING [21m[0m] at step: 28088
[[93m[1m WARNING [21m[0m] -----------------------------------------------------------------
[[93m[1m WARNING [21m[0m] Element conservation is violated too large
[[93m[1m WARNING [21m[0m] at step: 28090
[[93m[1m WARNING [21m[0m] -----------------------------------------------------------------
[[93m[1m WARNING [21m[0m] Element conservation is violated too large
[[93m[1m WARNING [21m[0m] at step: 28093
[[93m[1m WARNING [21m[0m] -----------------------------------------------------------------
[[93m[1m WARNING [21m[0m] Element conservation is violated too large
[[93m[1m WARNING [21m[0m] at step: 28094
[[93m[1m WARNING [21m[0m] -----------------------------------------------------------------
[[32m[1m INFO  [21m[0m] Elapsed time: 1.47e+00 || Step number: 28100/30000
[[32m[1m INFO  [21m[0m] longdy = 1.00e+00      || longdy/dt = 1.00e+00  || dt = 3.04e-04
[[32m[1m INFO  [21m[0m] from nz = 0 and OH
[[32m[1m INFO  [21m[0m] -----------------------------------------------------------------
[[93m[1m WARNING [21m[0m] Element conservation is violated too large
[[93m[1m WARNING [21m[0m] at step: 28101
[[93m[1m WARNING [21m[0m] -----------------------------------------------------------------
[[93m[1m WARNING [21m[0m] Element conservation is violated too large
[[93m[1m WARNING [21m[0m] at step: 28107
[[93m[1m WARNING [21m[0m] -----------------------------------------------------------------
[[93m[1m WARNING [21m[0m] Element conservation is violated too large
[[93m[1m WARNING [21m[0m] at step: 28111
[[93m[1m WARNING [21m[0m] -----------------------------------------------------------------
[[93m[1m WARNING [21m[0m] Element conservation is violated too large
[[93m[1m WARNING [21m[0m] at step: 28130
[[93m[1m WARNING [21m[0m] -----------------------------------------------------------------
[[93m[1m WARNING [21m[0m] Element conservation is violated too large
[[93m[1m WARNING [21m[0m] at step: 28141
[[93m[1m WARNING [21m[0m] -----------------------------------------------------------------
[[93m[1m WARNING [21m[0m] Element conservation is violated too large
[[93m[1m WARNING [21m[0m] at step: 28144
[[93m[1m WARNING [21m[0m] -----------------------------------------------------------------
[[93m[1m WARNING [21m[0m] Element conservation is violated too large
[[93m[1m WARNING [21m[0m] at step: 28155
[[93m[1m WARNING [21m[0m] -----------------------------------------------------------------
[[93m[1m WARNING [21m[0m] Element conservation is violated too large
[[93m[1m WARNING [21m[0m] at step: 28163
[[93m[1m WARNING [21m[0m] -----------------------------------------------------------------
[[93m[1m WARNING [21m[0m] Element conservation is violated too large
[[93m[1m WARNING [21m[0m] at step: 28168
[[93m[1m WARNING [21m[0m] -----------------------------------------------------------------
[[93m[1m WARNING [21m[0m] Element conservation is violated too large
[[93m[1m WARNING [21m[0m] at step: 28168
[[93m[1m WARNING [21m[0m] -----------------------------------------------------------------
[[93m[1m WARNING [21m[0m] Element conservation is violated too large
[[93m[1m WARNING [21m[0m] at step: 28186
[[93m[1m WARNING [21m[0m] -----------------------------------------------------------------
[[93m[1m WARNING [21m[0m] Element conservation is violated too large
[[93m[1m WARNING [21m[0m] at step: 28187
[[93m[1m WARNING [21m[0m] -----------------------------------------------------------------
[[93m[1m WARNING [21m[0m] Element conservation is violated too large
[[93m[1m WARNING [21m[0m] at step: 28196
[[93m[1m WARNING [21m[0m] -----------------------------------------------------------------
[[32m[1m INFO  [21m[0m] Elapsed time: 1.48e+00 || Step number: 28200/30000
[[32m[1m INFO  [21m[0m] longdy = 1.00e+00      || longdy/dt = 1.00e+00  || dt = 8.22e-05
[[32m[1m INFO  [21m[0m] from nz = 0 and OH
[[32m[1m INFO  [21m[0m] -----------------------------------------------------------------
[[93m[1m WARNING [21m[0m] Element conservation is violated too large
[[93m[1m WARNING [21m[0m] at step: 28204
[[93m[1m WARNING [21m[0m] -----------------------------------------------------------------
[[93m[1m WARNING [21m[0m] Element conservation is violated too large
[[93m[1m WARNING [21m[0m] at step: 28210
[[93m[1m WARNING [21m[0m] -----------------------------------------------------------------
[[93m[1m WARNING [21m[0m] Element conservation is violated too large
[[93m[1m WARNING [21m[0m] at step: 28212
[[93m[1m WARNING [21m[0m] -----------------------------------------------------------------
[[93m[1m WARNING [21m[0m] Element conservation is violated too large
[[93m[1m WARNING [21m[0m] at step: 28213
[[93m[1m WARNING [21m[0m] -----------------------------------------------------------------
[[93m[1m WARNING [21m[0m] Element conservation is violated too large
[[93m[1m WARNING [21m[0m] at step: 28220
[[93m[1m WARNING [21m[0m] -----------------------------------------------------------------
[[93m[1m WARNING [21m[0m] Element conservation is violated too large
[[93m[1m WARNING [21m[0m] at step: 28237
[[93m[1m WARNING [21m[0m] -----------------------------------------------------------------
[[93m[1m WARNING [21m[0m] Element conservation is violated too large
[[93m[1m WARNING [21m[0m] at step: 28243
[[93m[1m WARNING [21m[0m] -----------------------------------------------------------------
[[93m[1m WARNING [21m[0m] Element conservation is violated too large
[[93m[1m WARNING [21m[0m] at step: 28247
[[93m[1m WARNING [21m[0m] -----------------------------------------------------------------
[[93m[1m WARNING [21m[0m] Element conservation is violated too large
[[93m[1m WARNING [21m[0m] at step: 28251
[[93m[1m WARNING [21m[0m] -----------------------------------------------------------------
[[93m[1m WARNING [21m[0m] Element conservation is violated too large
[[93m[1m WARNING [21m[0m] at step: 28255
[[93m[1m WARNING [21m[0m] -----------------------------------------------------------------
[[93m[1m WARNING [21m[0m] Element conservation is violated too large
[[93m[1m WARNING [21m[0m] at step: 28264
[[93m[1m WARNING [21m[0m] -----------------------------------------------------------------
[[93m[1m WARNING [21m[0m] Element conservation is violated too large
[[93m[1m WARNING [21m[0m] at step: 28266
[[93m[1m WARNING [21m[0m] -----------------------------------------------------------------
[[93m[1m WARNING [21m[0m] Element conservation is violated too large
[[93m[1m WARNING [21m[0m] at step: 28278
[[93m[1m WARNING [21m[0m] -----------------------------------------------------------------
[[93m[1m WARNING [21m[0m] Element conservation is violated too large
[[93m[1m WARNING [21m[0m] at step: 28295
[[93m[1m WARNING [21m[0m] -----------------------------------------------------------------
[[93m[1m WARNING [21m[0m] Element conservation is violated too large
[[93m[1m WARNING [21m[0m] at step: 28297
[[93m[1m WARNING [21m[0m] -----------------------------------------------------------------
[[93m[1m WARNING [21m[0m] Element conservation is violated too large
[[93m[1m WARNING [21m[0m] at step: 28299
[[93m[1m WARNING [21m[0m] -----------------------------------------------------------------
[[32m[1m INFO  [21m[0m] Elapsed time: 1.49e+00 || Step number: 28300/30000
[[32m[1m INFO  [21m[0m] longdy = 1.00e+00      || longdy/dt = 1.00e+00  || dt = 7.51e-05
[[32m[1m INFO  [21m[0m] from nz = 0 and OH
[[32m[1m INFO  [21m[0m] -----------------------------------------------------------------
[[93m[1m WARNING [21m[0m] Element conservation is violated too large
[[93m[1m WARNING [21m[0m] at step: 28300
[[93m[1m WARNING [21m[0m] -----------------------------------------------------------------
[[93m[1m WARNING [21m[0m] Element conservation is violated too large
[[93m[1m WARNING [21m[0m] at step: 28304
[[93m[1m WARNING [21m[0m] -----------------------------------------------------------------
[[93m[1m WARNING [21m[0m] Element conservation is violated too large
[[93m[1m WARNING [21m[0m] at step: 28312
[[93m[1m WARNING [21m[0m] -----------------------------------------------------------------
[[93m[1m WARNING [21m[0m] Element conservation is violated too large
[[93m[1m WARNING [21m[0m] at step: 28332
[[93m[1m WARNING [21m[0m] -----------------------------------------------------------------
[[93m[1m WARNING [21m[0m] Element conservation is violated too large
[[93m[1m WARNING [21m[0m] at step: 28347
[[93m[1m WARNING [21m[0m] -----------------------------------------------------------------
[[93m[1m WARNING [21m[0m] Element conservation is violated too large
[[93m[1m WARNING [21m[0m] at step: 28357
[[93m[1m WARNING [21m[0m] -----------------------------------------------------------------
[[93m[1m WARNING [21m[0m] Element conservation is violated too large
[[93m[1m WARNING [21m[0m] at step: 28378
[[93m[1m WARNING [21m[0m] -----------------------------------------------------------------
[[93m[1m WARNING [21m[0m] Element conservation is violated too large
[[93m[1m WARNING [21m[0m] at step: 28380
[[93m[1m WARNING [21m[0m] -----------------------------------------------------------------
[[93m[1m WARNING [21m[0m] Element conservation is violated too large
[[93m[1m WARNING [21m[0m] at step: 28380
[[93m[1m WARNING [21m[0m] -----------------------------------------------------------------
[[93m[1m WARNING [21m[0m] Element conservation is violated too large
[[93m[1m WARNING [21m[0m] at step: 28383
[[93m[1m WARNING [21m[0m] -----------------------------------------------------------------
[[93m[1m WARNING [21m[0m] Element conservation is violated too large
[[93m[1m WARNING [21m[0m] at step: 28395
[[93m[1m WARNING [21m[0m] -----------------------------------------------------------------
[[32m[1m INFO  [21m[0m] Elapsed time: 1.49e+00 || Step number: 28400/30000
[[32m[1m INFO  [21m[0m] longdy = 1.00e+00      || longdy/dt = 1.00e+00  || dt = 1.14e-04
[[32m[1m INFO  [21m[0m] from nz = 0 and OH
[[32m[1m INFO  [21m[0m] -----------------------------------------------------------------
[[93m[1m WARNING [21m[0m] Element conservation is violated too large
[[93m[1m WARNING [21m[0m] at step: 28402
[[93m[1m WARNING [21m[0m] -----------------------------------------------------------------
[[93m[1m WARNING [21m[0m] Element conservation is violated too large
[[93m[1m WARNING [21m[0m] at step: 28410
[[93m[1m WARNING [21m[0m] -----------------------------------------------------------------
[[93m[1m WARNING [21m[0m] Element conservation is violated too large
[[93m[1m WARNING [21m[0m] at step: 28411
[[93m[1m WARNING [21m[0m] -----------------------------------------------------------------
[[93m[1m WARNING [21m[0m] Element conservation is violated too large
[[93m[1m WARNING [21m[0m] at step: 28414
[[93m[1m WARNING [21m[0m] -----------------------------------------------------------------
[[93m[1m WARNING [21m[0m] Element conservation is violated too large
[[93m[1m WARNING [21m[0m] at step: 28420
[[93m[1m WARNING [21m[0m] -----------------------------------------------------------------
[[93m[1m WARNING [21m[0m] Element conservation is violated too large
[[93m[1m WARNING [21m[0m] at step: 28421
[[93m[1m WARNING [21m[0m] -----------------------------------------------------------------
[[93m[1m WARNING [21m[0m] Element conservation is violated too large
[[93m[1m WARNING [21m[0m] at step: 28439
[[93m[1m WARNING [21m[0m] -----------------------------------------------------------------
[[93m[1m WARNING [21m[0m] Element conservation is violated too large
[[93m[1m WARNING [21m[0m] at step: 28458
[[93m[1m WARNING [21m[0m] -----------------------------------------------------------------
[[93m[1m WARNING [21m[0m] Element conservation is violated too large
[[93m[1m WARNING [21m[0m] at step: 28471
[[93m[1m WARNING [21m[0m] -----------------------------------------------------------------
[[93m[1m WARNING [21m[0m] Element conservation is violated too large
[[93m[1m WARNING [21m[0m] at step: 28471
[[93m[1m WARNING [21m[0m] -----------------------------------------------------------------
[[93m[1m WARNING [21m[0m] Element conservation is violated too large
[[93m[1m WARNING [21m[0m] at step: 28476
[[93m[1m WARNING [21m[0m] -----------------------------------------------------------------
[[93m[1m WARNING [21m[0m] Element conservation is violated too large
[[93m[1m WARNING [21m[0m] at step: 28485
[[93m[1m WARNING [21m[0m] -----------------------------------------------------------------
[[93m[1m WARNING [21m[0m] Element conservation is violated too large
[[93m[1m WARNING [21m[0m] at step: 28495
[[93m[1m WARNING [21m[0m] -----------------------------------------------------------------
[[32m[1m INFO  [21m[0m] Elapsed time: 1.50e+00 || Step number: 28500/30000
[[32m[1m INFO  [21m[0m] longdy = 1.00e+00      || longdy/dt = 1.00e+00  || dt = 9.97e-05
[[32m[1m INFO  [21m[0m] from nz = 0 and OH
[[32m[1m INFO  [21m[0m] -----------------------------------------------------------------
[[93m[1m WARNING [21m[0m] Element conservation is violated too large
[[93m[1m WARNING [21m[0m] at step: 28504
[[93m[1m WARNING [21m[0m] -----------------------------------------------------------------
[[93m[1m WARNING [21m[0m] Element conservation is violated too large
[[93m[1m WARNING [21m[0m] at step: 28506
[[93m[1m WARNING [21m[0m] -----------------------------------------------------------------
[[93m[1m WARNING [21m[0m] Element conservation is violated too large
[[93m[1m WARNING [21m[0m] at step: 28515
[[93m[1m WARNING [21m[0m] -----------------------------------------------------------------
[[93m[1m WARNING [21m[0m] Element conservation is violated too large
[[93m[1m WARNING [21m[0m] at step: 28517
[[93m[1m WARNING [21m[0m] -----------------------------------------------------------------
[[93m[1m WARNING [21m[0m] Element conservation is violated too large
[[93m[1m WARNING [21m[0m] at step: 28533
[[93m[1m WARNING [21m[0m] -----------------------------------------------------------------
[[93m[1m WARNING [21m[0m] Element conservation is violated too large
[[93m[1m WARNING [21m[0m] at step: 28537
[[93m[1m WARNING [21m[0m] -----------------------------------------------------------------
[[93m[1m WARNING [21m[0m] Element conservation is violated too large
[[93m[1m WARNING [21m[0m] at step: 28538
[[93m[1m WARNING [21m[0m] -----------------------------------------------------------------
[[93m[1m WARNING [21m[0m] Element conservation is violated too large
[[93m[1m WARNING [21m[0m] at step: 28541
[[93m[1m WARNING [21m[0m] -----------------------------------------------------------------
[[93m[1m WARNING [21m[0m] Element conservation is violated too large
[[93m[1m WARNING [21m[0m] at step: 28547
[[93m[1m WARNING [21m[0m] -----------------------------------------------------------------
[[93m[1m WARNING [21m[0m] Element conservation is violated too large
[[93m[1m WARNING [21m[0m] at step: 28552
[[93m[1m WARNING [21m[0m] -----------------------------------------------------------------
[[93m[1m WARNING [21m[0m] Element conservation is violated too large
[[93m[1m WARNING [21m[0m] at step: 28558
[[93m[1m WARNING [21m[0m] -----------------------------------------------------------------
[[93m[1m WARNING [21m[0m] Element conservation is violated too large
[[93m[1m WARNING [21m[0m] at step: 28561
[[93m[1m WARNING [21m[0m] -----------------------------------------------------------------
[[93m[1m WARNING [21m[0m] Element conservation is violated too large
[[93m[1m WARNING [21m[0m] at step: 28563
[[93m[1m WARNING [21m[0m] -----------------------------------------------------------------
[[93m[1m WARNING [21m[0m] Element conservation is violated too large
[[93m[1m WARNING [21m[0m] at step: 28564
[[93m[1m WARNING [21m[0m] -----------------------------------------------------------------
[[93m[1m WARNING [21m[0m] Element conservation is violated too large
[[93m[1m WARNING [21m[0m] at step: 28567
[[93m[1m WARNING [21m[0m] -----------------------------------------------------------------
[[93m[1m WARNING [21m[0m] Element conservation is violated too large
[[93m[1m WARNING [21m[0m] at step: 28585
[[93m[1m WARNING [21m[0m] -----------------------------------------------------------------
[[93m[1m WARNING [21m[0m] Element conservation is violated too large
[[93m[1m WARNING [21m[0m] at step: 28588
[[93m[1m WARNING [21m[0m] -----------------------------------------------------------------
[[93m[1m WARNING [21m[0m] Element conservation is violated too large
[[93m[1m WARNING [21m[0m] at step: 28598
[[93m[1m WARNING [21m[0m] -----------------------------------------------------------------
[[32m[1m INFO  [21m[0m] Elapsed time: 1.51e+00 || Step number: 28600/30000
[[32m[1m INFO  [21m[0m] longdy = 1.00e+00      || longdy/dt = 1.00e+00  || dt = 1.18e-04
[[32m[1m INFO  [21m[0m] from nz = 0 and OH
[[32m[1m INFO  [21m[0m] -----------------------------------------------------------------
[[93m[1m WARNING [21m[0m] Element conservation is violated too large
[[93m[1m WARNING [21m[0m] at step: 28608
[[93m[1m WARNING [21m[0m] -----------------------------------------------------------------
[[93m[1m WARNING [21m[0m] Element conservation is violated too large
[[93m[1m WARNING [21m[0m] at step: 28622
[[93m[1m WARNING [21m[0m] -----------------------------------------------------------------
[[93m[1m WARNING [21m[0m] Element conservation is violated too large
[[93m[1m WARNING [21m[0m] at step: 28624
[[93m[1m WARNING [21m[0m] -----------------------------------------------------------------
[[93m[1m WARNING [21m[0m] Element conservation is violated too large
[[93m[1m WARNING [21m[0m] at step: 28629
[[93m[1m WARNING [21m[0m] -----------------------------------------------------------------
[[93m[1m WARNING [21m[0m] Element conservation is violated too large
[[93m[1m WARNING [21m[0m] at step: 28630
[[93m[1m WARNING [21m[0m] -----------------------------------------------------------------
[[93m[1m WARNING [21m[0m] Element conservation is violated too large
[[93m[1m WARNING [21m[0m] at step: 28632
[[93m[1m WARNING [21m[0m] -----------------------------------------------------------------
[[93m[1m WARNING [21m[0m] Element conservation is violated too large
[[93m[1m WARNING [21m[0m] at step: 28639
[[93m[1m WARNING [21m[0m] -----------------------------------------------------------------
[[93m[1m WARNING [21m[0m] Element conservation is violated too large
[[93m[1m WARNING [21m[0m] at step: 28642
[[93m[1m WARNING [21m[0m] -----------------------------------------------------------------
[[93m[1m WARNING [21m[0m] Element conservation is violated too large
[[93m[1m WARNING [21m[0m] at step: 28645
[[93m[1m WARNING [21m[0m] -----------------------------------------------------------------
[[93m[1m WARNING [21m[0m] Element conservation is violated too large
[[93m[1m WARNING [21m[0m] at step: 28649
[[93m[1m WARNING [21m[0m] -----------------------------------------------------------------
[[93m[1m WARNING [21m[0m] Element conservation is violated too large
[[93m[1m WARNING [21m[0m] at step: 28651
[[93m[1m WARNING [21m[0m] -----------------------------------------------------------------
[[93m[1m WARNING [21m[0m] Element conservation is violated too large
[[93m[1m WARNING [21m[0m] at step: 28656
[[93m[1m WARNING [21m[0m] -----------------------------------------------------------------
[[93m[1m WARNING [21m[0m] Element conservation is violated too large
[[93m[1m WARNING [21m[0m] at step: 28657
[[93m[1m WARNING [21m[0m] -----------------------------------------------------------------
[[93m[1m WARNING [21m[0m] Element conservation is violated too large
[[93m[1m WARNING [21m[0m] at step: 28658
[[93m[1m WARNING [21m[0m] -----------------------------------------------------------------
[[93m[1m WARNING [21m[0m] Element conservation is violated too large
[[93m[1m WARNING [21m[0m] at step: 28663
[[93m[1m WARNING [21m[0m] -----------------------------------------------------------------
[[93m[1m WARNING [21m[0m] Element conservation is violated too large
[[93m[1m WARNING [21m[0m] at step: 28673
[[93m[1m WARNING [21m[0m] -----------------------------------------------------------------
[[93m[1m WARNING [21m[0m] Element conservation is violated too large
[[93m[1m WARNING [21m[0m] at step: 28677
[[93m[1m WARNING [21m[0m] -----------------------------------------------------------------
[[93m[1m WARNING [21m[0m] Element conservation is violated too large
[[93m[1m WARNING [21m[0m] at step: 28679
[[93m[1m WARNING [21m[0m] -----------------------------------------------------------------
[[93m[1m WARNING [21m[0m] Element conservation is violated too large
[[93m[1m WARNING [21m[0m] at step: 28684
[[93m[1m WARNING [21m[0m] -----------------------------------------------------------------
[[32m[1m INFO  [21m[0m] Elapsed time: 1.52e+00 || Step number: 28700/30000
[[32m[1m INFO  [21m[0m] longdy = 1.00e+00      || longdy/dt = 1.00e+00  || dt = 1.21e-04
[[32m[1m INFO  [21m[0m] from nz = 0 and OH
[[32m[1m INFO  [21m[0m] -----------------------------------------------------------------
[[93m[1m WARNING [21m[0m] Element conservation is violated too large
[[93m[1m WARNING [21m[0m] at step: 28706
[[93m[1m WARNING [21m[0m] -----------------------------------------------------------------
[[93m[1m WARNING [21m[0m] Element conservation is violated too large
[[93m[1m WARNING [21m[0m] at step: 28722
[[93m[1m WARNING [21m[0m] -----------------------------------------------------------------
[[93m[1m WARNING [21m[0m] Element conservation is violated too large
[[93m[1m WARNING [21m[0m] at step: 28728
[[93m[1m WARNING [21m[0m] -----------------------------------------------------------------
[[93m[1m WARNING [21m[0m] Element conservation is violated too large
[[93m[1m WARNING [21m[0m] at step: 28738
[[93m[1m WARNING [21m[0m] -----------------------------------------------------------------
[[93m[1m WARNING [21m[0m] Element conservation is violated too large
[[93m[1m WARNING [21m[0m] at step: 28743
[[93m[1m WARNING [21m[0m] -----------------------------------------------------------------
[[93m[1m WARNING [21m[0m] Element conservation is violated too large
[[93m[1m WARNING [21m[0m] at step: 28745
[[93m[1m WARNING [21m[0m] -----------------------------------------------------------------
[[93m[1m WARNING [21m[0m] Element conservation is violated too large
[[93m[1m WARNING [21m[0m] at step: 28747
[[93m[1m WARNING [21m[0m] -----------------------------------------------------------------
[[93m[1m WARNING [21m[0m] Element conservation is violated too large
[[93m[1m WARNING [21m[0m] at step: 28749
[[93m[1m WARNING [21m[0m] -----------------------------------------------------------------
[[93m[1m WARNING [21m[0m] Element conservation is violated too large
[[93m[1m WARNING [21m[0m] at step: 28754
[[93m[1m WARNING [21m[0m] -----------------------------------------------------------------
[[93m[1m WARNING [21m[0m] Element conservation is violated too large
[[93m[1m WARNING [21m[0m] at step: 28757
[[93m[1m WARNING [21m[0m] -----------------------------------------------------------------
[[93m[1m WARNING [21m[0m] Element conservation is violated too large
[[93m[1m WARNING [21m[0m] at step: 28758
[[93m[1m WARNING [21m[0m] -----------------------------------------------------------------
[[93m[1m WARNING [21m[0m] Element conservation is violated too large
[[93m[1m WARNING [21m[0m] at step: 28765
[[93m[1m WARNING [21m[0m] -----------------------------------------------------------------
[[93m[1m WARNING [21m[0m] Element conservation is violated too large
[[93m[1m WARNING [21m[0m] at step: 28783
[[93m[1m WARNING [21m[0m] -----------------------------------------------------------------
[[93m[1m WARNING [21m[0m] Element conservation is violated too large
[[93m[1m WARNING [21m[0m] at step: 28787
[[93m[1m WARNING [21m[0m] -----------------------------------------------------------------
[[93m[1m WARNING [21m[0m] Element conservation is violated too large
[[93m[1m WARNING [21m[0m] at step: 28795
[[93m[1m WARNING [21m[0m] -----------------------------------------------------------------
[[93m[1m WARNING [21m[0m] Element conservation is violated too large
[[93m[1m WARNING [21m[0m] at step: 28798
[[93m[1m WARNING [21m[0m] -----------------------------------------------------------------
[[32m[1m INFO  [21m[0m] Elapsed time: 1.53e+00 || Step number: 28800/30000
[[32m[1m INFO  [21m[0m] longdy = 1.00e+00      || longdy/dt = 1.00e+00  || dt = 1.72e-04
[[32m[1m INFO  [21m[0m] from nz = 0 and OH
[[32m[1m INFO  [21m[0m] -----------------------------------------------------------------
[[93m[1m WARNING [21m[0m] Element conservation is violated too large
[[93m[1m WARNING [21m[0m] at step: 28803
[[93m[1m WARNING [21m[0m] -----------------------------------------------------------------
[[93m[1m WARNING [21m[0m] Element conservation is violated too large
[[93m[1m WARNING [21m[0m] at step: 28805
[[93m[1m WARNING [21m[0m] -----------------------------------------------------------------
[[93m[1m WARNING [21m[0m] Element conservation is violated too large
[[93m[1m WARNING [21m[0m] at step: 28807
[[93m[1m WARNING [21m[0m] -----------------------------------------------------------------
[[93m[1m WARNING [21m[0m] Element conservation is violated too large
[[93m[1m WARNING [21m[0m] at step: 28811
[[93m[1m WARNING [21m[0m] -----------------------------------------------------------------
[[93m[1m WARNING [21m[0m] Element conservation is violated too large
[[93m[1m WARNING [21m[0m] at step: 28813
[[93m[1m WARNING [21m[0m] -----------------------------------------------------------------
[[93m[1m WARNING [21m[0m] Element conservation is violated too large
[[93m[1m WARNING [21m[0m] at step: 28814
[[93m[1m WARNING [21m[0m] -----------------------------------------------------------------
[[93m[1m WARNING [21m[0m] Element conservation is violated too large
[[93m[1m WARNING [21m[0m] at step: 28820
[[93m[1m WARNING [21m[0m] -----------------------------------------------------------------
[[93m[1m WARNING [21m[0m] Element conservation is violated too large
[[93m[1m WARNING [21m[0m] at step: 28822
[[93m[1m WARNING [21m[0m] -----------------------------------------------------------------
[[93m[1m WARNING [21m[0m] Element conservation is violated too large
[[93m[1m WARNING [21m[0m] at step: 28836
[[93m[1m WARNING [21m[0m] -----------------------------------------------------------------
[[93m[1m WARNING [21m[0m] Element conservation is violated too large
[[93m[1m WARNING [21m[0m] at step: 28840
[[93m[1m WARNING [21m[0m] -----------------------------------------------------------------
[[93m[1m WARNING [21m[0m] Element conservation is violated too large
[[93m[1m WARNING [21m[0m] at step: 28845
[[93m[1m WARNING [21m[0m] -----------------------------------------------------------------
[[93m[1m WARNING [21m[0m] Element conservation is violated too large
[[93m[1m WARNING [21m[0m] at step: 28849
[[93m[1m WARNING [21m[0m] -----------------------------------------------------------------
[[93m[1m WARNING [21m[0m] Element conservation is violated too large
[[93m[1m WARNING [21m[0m] at step: 28849
[[93m[1m WARNING [21m[0m] -----------------------------------------------------------------
[[93m[1m WARNING [21m[0m] Element conservation is violated too large
[[93m[1m WARNING [21m[0m] at step: 28850
[[93m[1m WARNING [21m[0m] -----------------------------------------------------------------
[[93m[1m WARNING [21m[0m] Element conservation is violated too large
[[93m[1m WARNING [21m[0m] at step: 28864
[[93m[1m WARNING [21m[0m] -----------------------------------------------------------------
[[93m[1m WARNING [21m[0m] Element conservation is violated too large
[[93m[1m WARNING [21m[0m] at step: 28865
[[93m[1m WARNING [21m[0m] -----------------------------------------------------------------
[[93m[1m WARNING [21m[0m] Element conservation is violated too large
[[93m[1m WARNING [21m[0m] at step: 28874
[[93m[1m WARNING [21m[0m] -----------------------------------------------------------------
[[93m[1m WARNING [21m[0m] Element conservation is violated too large
[[93m[1m WARNING [21m[0m] at step: 28878
[[93m[1m WARNING [21m[0m] -----------------------------------------------------------------
[[93m[1m WARNING [21m[0m] Element conservation is violated too large
[[93m[1m WARNING [21m[0m] at step: 28880
[[93m[1m WARNING [21m[0m] -----------------------------------------------------------------
[[93m[1m WARNING [21m[0m] Element conservation is violated too large
[[93m[1m WARNING [21m[0m] at step: 28884
[[93m[1m WARNING [21m[0m] -----------------------------------------------------------------
[[32m[1m INFO  [21m[0m] Elapsed time: 1.53e+00 || Step number: 28900/30000
[[32m[1m INFO  [21m[0m] longdy = 1.00e+00      || longdy/dt = 1.00e+00  || dt = 1.11e-04
[[32m[1m INFO  [21m[0m] from nz = 0 and OH
[[32m[1m INFO  [21m[0m] -----------------------------------------------------------------
[[93m[1m WARNING [21m[0m] Element conservation is violated too large
[[93m[1m WARNING [21m[0m] at step: 28916
[[93m[1m WARNING [21m[0m] -----------------------------------------------------------------
[[93m[1m WARNING [21m[0m] Element conservation is violated too large
[[93m[1m WARNING [21m[0m] at step: 28923
[[93m[1m WARNING [21m[0m] -----------------------------------------------------------------
[[93m[1m WARNING [21m[0m] Element conservation is violated too large
[[93m[1m WARNING [21m[0m] at step: 28930
[[93m[1m WARNING [21m[0m] -----------------------------------------------------------------
[[93m[1m WARNING [21m[0m] Element conservation is violated too large
[[93m[1m WARNING [21m[0m] at step: 28931
[[93m[1m WARNING [21m[0m] -----------------------------------------------------------------
[[93m[1m WARNING [21m[0m] Element conservation is violated too large
[[93m[1m WARNING [21m[0m] at step: 28932
[[93m[1m WARNING [21m[0m] -----------------------------------------------------------------
[[93m[1m WARNING [21m[0m] Element conservation is violated too large
[[93m[1m WARNING [21m[0m] at step: 28933
[[93m[1m WARNING [21m[0m] -----------------------------------------------------------------
[[93m[1m WARNING [21m[0m] Element conservation is violated too large
[[93m[1m WARNING [21m[0m] at step: 28936
[[93m[1m WARNING [21m[0m] -----------------------------------------------------------------
[[93m[1m WARNING [21m[0m] Element conservation is violated too large
[[93m[1m WARNING [21m[0m] at step: 28942
[[93m[1m WARNING [21m[0m] -----------------------------------------------------------------
[[93m[1m WARNING [21m[0m] Element conservation is violated too large
[[93m[1m WARNING [21m[0m] at step: 28947
[[93m[1m WARNING [21m[0m] -----------------------------------------------------------------
[[93m[1m WARNING [21m[0m] Element conservation is violated too large
[[93m[1m WARNING [21m[0m] at step: 28950
[[93m[1m WARNING [21m[0m] -----------------------------------------------------------------
[[93m[1m WARNING [21m[0m] Element conservation is violated too large
[[93m[1m WARNING [21m[0m] at step: 28957
[[93m[1m WARNING [21m[0m] -----------------------------------------------------------------
[[93m[1m WARNING [21m[0m] Element conservation is violated too large
[[93m[1m WARNING [21m[0m] at step: 28961
[[93m[1m WARNING [21m[0m] -----------------------------------------------------------------
[[93m[1m WARNING [21m[0m] Element conservation is violated too large
[[93m[1m WARNING [21m[0m] at step: 28963
[[93m[1m WARNING [21m[0m] -----------------------------------------------------------------
[[93m[1m WARNING [21m[0m] Element conservation is violated too large
[[93m[1m WARNING [21m[0m] at step: 28967
[[93m[1m WARNING [21m[0m] -----------------------------------------------------------------
[[93m[1m WARNING [21m[0m] Element conservation is violated too large
[[93m[1m WARNING [21m[0m] at step: 28983
[[93m[1m WARNING [21m[0m] -----------------------------------------------------------------
[[93m[1m WARNING [21m[0m] Element conservation is violated too large
[[93m[1m WARNING [21m[0m] at step: 28989
[[93m[1m WARNING [21m[0m] -----------------------------------------------------------------
[[93m[1m WARNING [21m[0m] Element conservation is violated too large
[[93m[1m WARNING [21m[0m] at step: 28992
[[93m[1m WARNING [21m[0m] -----------------------------------------------------------------
[[93m[1m WARNING [21m[0m] Element conservation is violated too large
[[93m[1m WARNING [21m[0m] at step: 28994
[[93m[1m WARNING [21m[0m] -----------------------------------------------------------------
[[32m[1m INFO  [21m[0m] Elapsed time: 1.54e+00 || Step number: 29000/30000
[[32m[1m INFO  [21m[0m] longdy = 1.00e+00      || longdy/dt = 1.00e+00  || dt = 1.26e-04
[[32m[1m INFO  [21m[0m] from nz = 0 and OH
[[32m[1m INFO  [21m[0m] -----------------------------------------------------------------
[[93m[1m WARNING [21m[0m] Element conservation is violated too large
[[93m[1m WARNING [21m[0m] at step: 29000
[[93m[1m WARNING [21m[0m] -----------------------------------------------------------------
[[93m[1m WARNING [21m[0m] Element conservation is violated too large
[[93m[1m WARNING [21m[0m] at step: 29005
[[93m[1m WARNING [21m[0m] -----------------------------------------------------------------
[[93m[1m WARNING [21m[0m] Element conservation is violated too large
[[93m[1m WARNING [21m[0m] at step: 29007
[[93m[1m WARNING [21m[0m] -----------------------------------------------------------------
[[93m[1m WARNING [21m[0m] Element conservation is violated too large
[[93m[1m WARNING [21m[0m] at step: 29008
[[93m[1m WARNING [21m[0m] -----------------------------------------------------------------
[[93m[1m WARNING [21m[0m] Element conservation is violated too large
[[93m[1m WARNING [21m[0m] at step: 29028
[[93m[1m WARNING [21m[0m] -----------------------------------------------------------------
[[93m[1m WARNING [21m[0m] Element conservation is violated too large
[[93m[1m WARNING [21m[0m] at step: 29034
[[93m[1m WARNING [21m[0m] -----------------------------------------------------------------
[[93m[1m WARNING [21m[0m] Element conservation is violated too large
[[93m[1m WARNING [21m[0m] at step: 29040
[[93m[1m WARNING [21m[0m] -----------------------------------------------------------------
[[93m[1m WARNING [21m[0m] Element conservation is violated too large
[[93m[1m WARNING [21m[0m] at step: 29053
[[93m[1m WARNING [21m[0m] -----------------------------------------------------------------
[[93m[1m WARNING [21m[0m] Element conservation is violated too large
[[93m[1m WARNING [21m[0m] at step: 29054
[[93m[1m WARNING [21m[0m] -----------------------------------------------------------------
[[93m[1m WARNING [21m[0m] Element conservation is violated too large
[[93m[1m WARNING [21m[0m] at step: 29058
[[93m[1m WARNING [21m[0m] -----------------------------------------------------------------
[[93m[1m WARNING [21m[0m] Element conservation is violated too large
[[93m[1m WARNING [21m[0m] at step: 29067
[[93m[1m WARNING [21m[0m] -----------------------------------------------------------------
[[93m[1m WARNING [21m[0m] Element conservation is violated too large
[[93m[1m WARNING [21m[0m] at step: 29068
[[93m[1m WARNING [21m[0m] -----------------------------------------------------------------
[[93m[1m WARNING [21m[0m] Element conservation is violated too large
[[93m[1m WARNING [21m[0m] at step: 29078
[[93m[1m WARNING [21m[0m] -----------------------------------------------------------------
[[93m[1m WARNING [21m[0m] Element conservation is violated too large
[[93m[1m WARNING [21m[0m] at step: 29093
[[93m[1m WARNING [21m[0m] -----------------------------------------------------------------
[[32m[1m INFO  [21m[0m] Elapsed time: 1.55e+00 || Step number: 29100/30000
[[32m[1m INFO  [21m[0m] longdy = 1.00e+00      || longdy/dt = 1.00e+00  || dt = 1.32e-04
[[32m[1m INFO  [21m[0m] from nz = 0 and OH
[[32m[1m INFO  [21m[0m] -----------------------------------------------------------------
[[93m[1m WARNING [21m[0m] Element conservation is violated too large
[[93m[1m WARNING [21m[0m] at step: 29101
[[93m[1m WARNING [21m[0m] -----------------------------------------------------------------
[[93m[1m WARNING [21m[0m] Element conservation is violated too large
[[93m[1m WARNING [21m[0m] at step: 29104
[[93m[1m WARNING [21m[0m] -----------------------------------------------------------------
[[93m[1m WARNING [21m[0m] Element conservation is violated too large
[[93m[1m WARNING [21m[0m] at step: 29108
[[93m[1m WARNING [21m[0m] -----------------------------------------------------------------
[[93m[1m WARNING [21m[0m] Element conservation is violated too large
[[93m[1m WARNING [21m[0m] at step: 29112
[[93m[1m WARNING [21m[0m] -----------------------------------------------------------------
[[93m[1m WARNING [21m[0m] Element conservation is violated too large
[[93m[1m WARNING [21m[0m] at step: 29119
[[93m[1m WARNING [21m[0m] -----------------------------------------------------------------
[[93m[1m WARNING [21m[0m] Element conservation is violated too large
[[93m[1m WARNING [21m[0m] at step: 29121
[[93m[1m WARNING [21m[0m] -----------------------------------------------------------------
[[93m[1m WARNING [21m[0m] Element conservation is violated too large
[[93m[1m WARNING [21m[0m] at step: 29126
[[93m[1m WARNING [21m[0m] -----------------------------------------------------------------
[[93m[1m WARNING [21m[0m] Element conservation is violated too large
[[93m[1m WARNING [21m[0m] at step: 29129
[[93m[1m WARNING [21m[0m] -----------------------------------------------------------------
[[93m[1m WARNING [21m[0m] Element conservation is violated too large
[[93m[1m WARNING [21m[0m] at step: 29132
[[93m[1m WARNING [21m[0m] -----------------------------------------------------------------
[[93m[1m WARNING [21m[0m] Element conservation is violated too large
[[93m[1m WARNING [21m[0m] at step: 29135
[[93m[1m WARNING [21m[0m] -----------------------------------------------------------------
[[93m[1m WARNING [21m[0m] Element conservation is violated too large
[[93m[1m WARNING [21m[0m] at step: 29136
[[93m[1m WARNING [21m[0m] -----------------------------------------------------------------
[[93m[1m WARNING [21m[0m] Element conservation is violated too large
[[93m[1m WARNING [21m[0m] at step: 29137
[[93m[1m WARNING [21m[0m] -----------------------------------------------------------------
[[93m[1m WARNING [21m[0m] Element conservation is violated too large
[[93m[1m WARNING [21m[0m] at step: 29144
[[93m[1m WARNING [21m[0m] -----------------------------------------------------------------
[[93m[1m WARNING [21m[0m] Element conservation is violated too large
[[93m[1m WARNING [21m[0m] at step: 29151
[[93m[1m WARNING [21m[0m] -----------------------------------------------------------------
[[93m[1m WARNING [21m[0m] Element conservation is violated too large
[[93m[1m WARNING [21m[0m] at step: 29155
[[93m[1m WARNING [21m[0m] -----------------------------------------------------------------
[[93m[1m WARNING [21m[0m] Element conservation is violated too large
[[93m[1m WARNING [21m[0m] at step: 29156
[[93m[1m WARNING [21m[0m] -----------------------------------------------------------------
[[93m[1m WARNING [21m[0m] Element conservation is violated too large
[[93m[1m WARNING [21m[0m] at step: 29159
[[93m[1m WARNING [21m[0m] -----------------------------------------------------------------
[[93m[1m WARNING [21m[0m] Element conservation is violated too large
[[93m[1m WARNING [21m[0m] at step: 29165
[[93m[1m WARNING [21m[0m] -----------------------------------------------------------------
[[93m[1m WARNING [21m[0m] Element conservation is violated too large
[[93m[1m WARNING [21m[0m] at step: 29166
[[93m[1m WARNING [21m[0m] -----------------------------------------------------------------
[[93m[1m WARNING [21m[0m] Element conservation is violated too large
[[93m[1m WARNING [21m[0m] at step: 29172
[[93m[1m WARNING [21m[0m] -----------------------------------------------------------------
[[93m[1m WARNING [21m[0m] Element conservation is violated too large
[[93m[1m WARNING [21m[0m] at step: 29176
[[93m[1m WARNING [21m[0m] -----------------------------------------------------------------
[[93m[1m WARNING [21m[0m] Element conservation is violated too large
[[93m[1m WARNING [21m[0m] at step: 29185
[[93m[1m WARNING [21m[0m] -----------------------------------------------------------------
[[93m[1m WARNING [21m[0m] Element conservation is violated too large
[[93m[1m WARNING [21m[0m] at step: 29195
[[93m[1m WARNING [21m[0m] -----------------------------------------------------------------
[[93m[1m WARNING [21m[0m] Element conservation is violated too large
[[93m[1m WARNING [21m[0m] at step: 29199
[[93m[1m WARNING [21m[0m] -----------------------------------------------------------------
[[32m[1m INFO  [21m[0m] Elapsed time: 1.56e+00 || Step number: 29200/30000
[[32m[1m INFO  [21m[0m] longdy = 1.00e+00      || longdy/dt = 1.00e+00  || dt = 8.27e-05
[[32m[1m INFO  [21m[0m] from nz = 0 and OH
[[32m[1m INFO  [21m[0m] -----------------------------------------------------------------
[[93m[1m WARNING [21m[0m] Element conservation is violated too large
[[93m[1m WARNING [21m[0m] at step: 29202
[[93m[1m WARNING [21m[0m] -----------------------------------------------------------------
[[93m[1m WARNING [21m[0m] Element conservation is violated too large
[[93m[1m WARNING [21m[0m] at step: 29203
[[93m[1m WARNING [21m[0m] -----------------------------------------------------------------
[[93m[1m WARNING [21m[0m] Element conservation is violated too large
[[93m[1m WARNING [21m[0m] at step: 29206
[[93m[1m WARNING [21m[0m] -----------------------------------------------------------------
[[93m[1m WARNING [21m[0m] Element conservation is violated too large
[[93m[1m WARNING [21m[0m] at step: 29210
[[93m[1m WARNING [21m[0m] -----------------------------------------------------------------
[[93m[1m WARNING [21m[0m] Element conservation is violated too large
[[93m[1m WARNING [21m[0m] at step: 29214
[[93m[1m WARNING [21m[0m] -----------------------------------------------------------------
[[93m[1m WARNING [21m[0m] Element conservation is violated too large
[[93m[1m WARNING [21m[0m] at step: 29219
[[93m[1m WARNING [21m[0m] -----------------------------------------------------------------
[[93m[1m WARNING [21m[0m] Element conservation is violated too large
[[93m[1m WARNING [21m[0m] at step: 29221
[[93m[1m WARNING [21m[0m] -----------------------------------------------------------------
[[93m[1m WARNING [21m[0m] Element conservation is violated too large
[[93m[1m WARNING [21m[0m] at step: 29223
[[93m[1m WARNING [21m[0m] -----------------------------------------------------------------
[[93m[1m WARNING [21m[0m] Element conservation is violated too large
[[93m[1m WARNING [21m[0m] at step: 29224
[[93m[1m WARNING [21m[0m] -----------------------------------------------------------------
[[93m[1m WARNING [21m[0m] Element conservation is violated too large
[[93m[1m WARNING [21m[0m] at step: 29232
[[93m[1m WARNING [21m[0m] -----------------------------------------------------------------
[[93m[1m WARNING [21m[0m] Element conservation is violated too large
[[93m[1m WARNING [21m[0m] at step: 29236
[[93m[1m WARNING [21m[0m] -----------------------------------------------------------------
[[93m[1m WARNING [21m[0m] Element conservation is violated too large
[[93m[1m WARNING [21m[0m] at step: 29246
[[93m[1m WARNING [21m[0m] -----------------------------------------------------------------
[[93m[1m WARNING [21m[0m] Element conservation is violated too large
[[93m[1m WARNING [21m[0m] at step: 29254
[[93m[1m WARNING [21m[0m] -----------------------------------------------------------------
[[93m[1m WARNING [21m[0m] Element conservation is violated too large
[[93m[1m WARNING [21m[0m] at step: 29260
[[93m[1m WARNING [21m[0m] -----------------------------------------------------------------
[[93m[1m WARNING [21m[0m] Element conservation is violated too large
[[93m[1m WARNING [21m[0m] at step: 29264
[[93m[1m WARNING [21m[0m] -----------------------------------------------------------------
[[93m[1m WARNING [21m[0m] Element conservation is violated too large
[[93m[1m WARNING [21m[0m] at step: 29267
[[93m[1m WARNING [21m[0m] -----------------------------------------------------------------
[[93m[1m WARNING [21m[0m] Element conservation is violated too large
[[93m[1m WARNING [21m[0m] at step: 29270
[[93m[1m WARNING [21m[0m] -----------------------------------------------------------------
[[93m[1m WARNING [21m[0m] Element conservation is violated too large
[[93m[1m WARNING [21m[0m] at step: 29272
[[93m[1m WARNING [21m[0m] -----------------------------------------------------------------
[[93m[1m WARNING [21m[0m] Element conservation is violated too large
[[93m[1m WARNING [21m[0m] at step: 29280
[[93m[1m WARNING [21m[0m] -----------------------------------------------------------------
[[93m[1m WARNING [21m[0m] Element conservation is violated too large
[[93m[1m WARNING [21m[0m] at step: 29283
[[93m[1m WARNING [21m[0m] -----------------------------------------------------------------
[[93m[1m WARNING [21m[0m] Element conservation is violated too large
[[93m[1m WARNING [21m[0m] at step: 29292
[[93m[1m WARNING [21m[0m] -----------------------------------------------------------------
[[93m[1m WARNING [21m[0m] Element conservation is violated too large
[[93m[1m WARNING [21m[0m] at step: 29293
[[93m[1m WARNING [21m[0m] -----------------------------------------------------------------
[[93m[1m WARNING [21m[0m] Element conservation is violated too large
[[93m[1m WARNING [21m[0m] at step: 29297
[[93m[1m WARNING [21m[0m] -----------------------------------------------------------------
[[32m[1m INFO  [21m[0m] Elapsed time: 1.57e+00 || Step number: 29300/30000
[[32m[1m INFO  [21m[0m] longdy = 1.00e+00      || longdy/dt = 1.00e+00  || dt = 1.42e-04
[[32m[1m INFO  [21m[0m] from nz = 0 and OH
[[32m[1m INFO  [21m[0m] -----------------------------------------------------------------
[[93m[1m WARNING [21m[0m] Element conservation is violated too large
[[93m[1m WARNING [21m[0m] at step: 29300
[[93m[1m WARNING [21m[0m] -----------------------------------------------------------------
[[93m[1m WARNING [21m[0m] Element conservation is violated too large
[[93m[1m WARNING [21m[0m] at step: 29302
[[93m[1m WARNING [21m[0m] -----------------------------------------------------------------
[[93m[1m WARNING [21m[0m] Element conservation is violated too large
[[93m[1m WARNING [21m[0m] at step: 29311
[[93m[1m WARNING [21m[0m] -----------------------------------------------------------------
[[93m[1m WARNING [21m[0m] Element conservation is violated too large
[[93m[1m WARNING [21m[0m] at step: 29312
[[93m[1m WARNING [21m[0m] -----------------------------------------------------------------
[[93m[1m WARNING [21m[0m] Element conservation is violated too large
[[93m[1m WARNING [21m[0m] at step: 29315
[[93m[1m WARNING [21m[0m] -----------------------------------------------------------------
[[93m[1m WARNING [21m[0m] Element conservation is violated too large
[[93m[1m WARNING [21m[0m] at step: 29316
[[93m[1m WARNING [21m[0m] -----------------------------------------------------------------
[[93m[1m WARNING [21m[0m] Element conservation is violated too large
[[93m[1m WARNING [21m[0m] at step: 29318
[[93m[1m WARNING [21m[0m] -----------------------------------------------------------------
[[93m[1m WARNING [21m[0m] Element conservation is violated too large
[[93m[1m WARNING [21m[0m] at step: 29323
[[93m[1m WARNING [21m[0m] -----------------------------------------------------------------
[[93m[1m WARNING [21m[0m] Element conservation is violated too large
[[93m[1m WARNING [21m[0m] at step: 29344
[[93m[1m WARNING [21m[0m] -----------------------------------------------------------------
[[93m[1m WARNING [21m[0m] Element conservation is violated too large
[[93m[1m WARNING [21m[0m] at step: 29356
[[93m[1m WARNING [21m[0m] -----------------------------------------------------------------
[[93m[1m WARNING [21m[0m] Element conservation is violated too large
[[93m[1m WARNING [21m[0m] at step: 29365
[[93m[1m WARNING [21m[0m] -----------------------------------------------------------------
[[93m[1m WARNING [21m[0m] Element conservation is violated too large
[[93m[1m WARNING [21m[0m] at step: 29368
[[93m[1m WARNING [21m[0m] -----------------------------------------------------------------
[[93m[1m WARNING [21m[0m] Element conservation is violated too large
[[93m[1m WARNING [21m[0m] at step: 29374
[[93m[1m WARNING [21m[0m] -----------------------------------------------------------------
[[93m[1m WARNING [21m[0m] Element conservation is violated too large
[[93m[1m WARNING [21m[0m] at step: 29379
[[93m[1m WARNING [21m[0m] -----------------------------------------------------------------
[[93m[1m WARNING [21m[0m] Element conservation is violated too large
[[93m[1m WARNING [21m[0m] at step: 29381
[[93m[1m WARNING [21m[0m] -----------------------------------------------------------------
[[93m[1m WARNING [21m[0m] Element conservation is violated too large
[[93m[1m WARNING [21m[0m] at step: 29386
[[93m[1m WARNING [21m[0m] -----------------------------------------------------------------
[[93m[1m WARNING [21m[0m] Element conservation is violated too large
[[93m[1m WARNING [21m[0m] at step: 29388
[[93m[1m WARNING [21m[0m] -----------------------------------------------------------------
[[93m[1m WARNING [21m[0m] Element conservation is violated too large
[[93m[1m WARNING [21m[0m] at step: 29389
[[93m[1m WARNING [21m[0m] -----------------------------------------------------------------
[[93m[1m WARNING [21m[0m] Element conservation is violated too large
[[93m[1m WARNING [21m[0m] at step: 29395
[[93m[1m WARNING [21m[0m] -----------------------------------------------------------------
[[93m[1m WARNING [21m[0m] Element conservation is violated too large
[[93m[1m WARNING [21m[0m] at step: 29397
[[93m[1m WARNING [21m[0m] -----------------------------------------------------------------
[[93m[1m WARNING [21m[0m] Element conservation is violated too large
[[93m[1m WARNING [21m[0m] at step: 29399
[[93m[1m WARNING [21m[0m] -----------------------------------------------------------------
[[32m[1m INFO  [21m[0m] Elapsed time: 1.58e+00 || Step number: 29400/30000
[[32m[1m INFO  [21m[0m] longdy = 1.00e+00      || longdy/dt = 1.00e+00  || dt = 1.06e-04
[[32m[1m INFO  [21m[0m] from nz = 0 and OH
[[32m[1m INFO  [21m[0m] -----------------------------------------------------------------
[[93m[1m WARNING [21m[0m] Element conservation is violated too large
[[93m[1m WARNING [21m[0m] at step: 29404
[[93m[1m WARNING [21m[0m] -----------------------------------------------------------------
[[93m[1m WARNING [21m[0m] Element conservation is violated too large
[[93m[1m WARNING [21m[0m] at step: 29409
[[93m[1m WARNING [21m[0m] -----------------------------------------------------------------
[[93m[1m WARNING [21m[0m] Element conservation is violated too large
[[93m[1m WARNING [21m[0m] at step: 29427
[[93m[1m WARNING [21m[0m] -----------------------------------------------------------------
[[93m[1m WARNING [21m[0m] Element conservation is violated too large
[[93m[1m WARNING [21m[0m] at step: 29432
[[93m[1m WARNING [21m[0m] -----------------------------------------------------------------
[[93m[1m WARNING [21m[0m] Element conservation is violated too large
[[93m[1m WARNING [21m[0m] at step: 29432
[[93m[1m WARNING [21m[0m] -----------------------------------------------------------------
[[93m[1m WARNING [21m[0m] Element conservation is violated too large
[[93m[1m WARNING [21m[0m] at step: 29435
[[93m[1m WARNING [21m[0m] -----------------------------------------------------------------
[[93m[1m WARNING [21m[0m] Element conservation is violated too large
[[93m[1m WARNING [21m[0m] at step: 29441
[[93m[1m WARNING [21m[0m] -----------------------------------------------------------------
[[93m[1m WARNING [21m[0m] Element conservation is violated too large
[[93m[1m WARNING [21m[0m] at step: 29441
[[93m[1m WARNING [21m[0m] -----------------------------------------------------------------
[[93m[1m WARNING [21m[0m] Element conservation is violated too large
[[93m[1m WARNING [21m[0m] at step: 29443
[[93m[1m WARNING [21m[0m] -----------------------------------------------------------------
[[93m[1m WARNING [21m[0m] Element conservation is violated too large
[[93m[1m WARNING [21m[0m] at step: 29445
[[93m[1m WARNING [21m[0m] -----------------------------------------------------------------
[[93m[1m WARNING [21m[0m] Element conservation is violated too large
[[93m[1m WARNING [21m[0m] at step: 29453
[[93m[1m WARNING [21m[0m] -----------------------------------------------------------------
[[93m[1m WARNING [21m[0m] Element conservation is violated too large
[[93m[1m WARNING [21m[0m] at step: 29455
[[93m[1m WARNING [21m[0m] -----------------------------------------------------------------
[[93m[1m WARNING [21m[0m] Element conservation is violated too large
[[93m[1m WARNING [21m[0m] at step: 29459
[[93m[1m WARNING [21m[0m] -----------------------------------------------------------------
[[93m[1m WARNING [21m[0m] Element conservation is violated too large
[[93m[1m WARNING [21m[0m] at step: 29462
[[93m[1m WARNING [21m[0m] -----------------------------------------------------------------
[[93m[1m WARNING [21m[0m] Element conservation is violated too large
[[93m[1m WARNING [21m[0m] at step: 29465
[[93m[1m WARNING [21m[0m] -----------------------------------------------------------------
[[93m[1m WARNING [21m[0m] Element conservation is violated too large
[[93m[1m WARNING [21m[0m] at step: 29466
[[93m[1m WARNING [21m[0m] -----------------------------------------------------------------
[[93m[1m WARNING [21m[0m] Element conservation is violated too large
[[93m[1m WARNING [21m[0m] at step: 29471
[[93m[1m WARNING [21m[0m] -----------------------------------------------------------------
[[93m[1m WARNING [21m[0m] Element conservation is violated too large
[[93m[1m WARNING [21m[0m] at step: 29479
[[93m[1m WARNING [21m[0m] -----------------------------------------------------------------
[[93m[1m WARNING [21m[0m] Element conservation is violated too large
[[93m[1m WARNING [21m[0m] at step: 29480
[[93m[1m WARNING [21m[0m] -----------------------------------------------------------------
[[93m[1m WARNING [21m[0m] Element conservation is violated too large
[[93m[1m WARNING [21m[0m] at step: 29493
[[93m[1m WARNING [21m[0m] -----------------------------------------------------------------
[[32m[1m INFO  [21m[0m] Elapsed time: 1.59e+00 || Step number: 29500/30000
[[32m[1m INFO  [21m[0m] longdy = 1.00e+00      || longdy/dt = 1.00e+00  || dt = 1.16e-04
[[32m[1m INFO  [21m[0m] from nz = 0 and OH
[[32m[1m INFO  [21m[0m] -----------------------------------------------------------------
[[93m[1m WARNING [21m[0m] Element conservation is violated too large
[[93m[1m WARNING [21m[0m] at step: 29500
[[93m[1m WARNING [21m[0m] -----------------------------------------------------------------
[[93m[1m WARNING [21m[0m] Element conservation is violated too large
[[93m[1m WARNING [21m[0m] at step: 29503
[[93m[1m WARNING [21m[0m] -----------------------------------------------------------------
[[93m[1m WARNING [21m[0m] Element conservation is violated too large
[[93m[1m WARNING [21m[0m] at step: 29520
[[93m[1m WARNING [21m[0m] -----------------------------------------------------------------
[[93m[1m WARNING [21m[0m] Element conservation is violated too large
[[93m[1m WARNING [21m[0m] at step: 29524
[[93m[1m WARNING [21m[0m] -----------------------------------------------------------------
[[93m[1m WARNING [21m[0m] Element conservation is violated too large
[[93m[1m WARNING [21m[0m] at step: 29526
[[93m[1m WARNING [21m[0m] -----------------------------------------------------------------
[[93m[1m WARNING [21m[0m] Element conservation is violated too large
[[93m[1m WARNING [21m[0m] at step: 29533
[[93m[1m WARNING [21m[0m] -----------------------------------------------------------------
[[93m[1m WARNING [21m[0m] Element conservation is violated too large
[[93m[1m WARNING [21m[0m] at step: 29537
[[93m[1m WARNING [21m[0m] -----------------------------------------------------------------
[[93m[1m WARNING [21m[0m] Element conservation is violated too large
[[93m[1m WARNING [21m[0m] at step: 29540
[[93m[1m WARNING [21m[0m] -----------------------------------------------------------------
[[93m[1m WARNING [21m[0m] Element conservation is violated too large
[[93m[1m WARNING [21m[0m] at step: 29542
[[93m[1m WARNING [21m[0m] -----------------------------------------------------------------
[[93m[1m WARNING [21m[0m] Element conservation is violated too large
[[93m[1m WARNING [21m[0m] at step: 29552
[[93m[1m WARNING [21m[0m] -----------------------------------------------------------------
[[93m[1m WARNING [21m[0m] Element conservation is violated too large
[[93m[1m WARNING [21m[0m] at step: 29565
[[93m[1m WARNING [21m[0m] -----------------------------------------------------------------
[[93m[1m WARNING [21m[0m] Element conservation is violated too large
[[93m[1m WARNING [21m[0m] at step: 29566
[[93m[1m WARNING [21m[0m] -----------------------------------------------------------------
[[93m[1m WARNING [21m[0m] Element conservation is violated too large
[[93m[1m WARNING [21m[0m] at step: 29572
[[93m[1m WARNING [21m[0m] -----------------------------------------------------------------
[[93m[1m WARNING [21m[0m] Element conservation is violated too large
[[93m[1m WARNING [21m[0m] at step: 29577
[[93m[1m WARNING [21m[0m] -----------------------------------------------------------------
[[93m[1m WARNING [21m[0m] Element conservation is violated too large
[[93m[1m WARNING [21m[0m] at step: 29583
[[93m[1m WARNING [21m[0m] -----------------------------------------------------------------
[[93m[1m WARNING [21m[0m] Element conservation is violated too large
[[93m[1m WARNING [21m[0m] at step: 29597
[[93m[1m WARNING [21m[0m] -----------------------------------------------------------------
[[93m[1m WARNING [21m[0m] Element conservation is violated too large
[[93m[1m WARNING [21m[0m] at step: 29598
[[93m[1m WARNING [21m[0m] -----------------------------------------------------------------
[[32m[1m INFO  [21m[0m] Elapsed time: 1.59e+00 || Step number: 29600/30000
[[32m[1m INFO  [21m[0m] longdy = 1.00e+00      || longdy/dt = 1.00e+00  || dt = 1.34e-04
[[32m[1m INFO  [21m[0m] from nz = 0 and OH
[[32m[1m INFO  [21m[0m] -----------------------------------------------------------------
[[93m[1m WARNING [21m[0m] Element conservation is violated too large
[[93m[1m WARNING [21m[0m] at step: 29601
[[93m[1m WARNING [21m[0m] -----------------------------------------------------------------
[[93m[1m WARNING [21m[0m] Element conservation is violated too large
[[93m[1m WARNING [21m[0m] at step: 29602
[[93m[1m WARNING [21m[0m] -----------------------------------------------------------------
[[93m[1m WARNING [21m[0m] Element conservation is violated too large
[[93m[1m WARNING [21m[0m] at step: 29605
[[93m[1m WARNING [21m[0m] -----------------------------------------------------------------
[[93m[1m WARNING [21m[0m] Element conservation is violated too large
[[93m[1m WARNING [21m[0m] at step: 29608
[[93m[1m WARNING [21m[0m] -----------------------------------------------------------------
[[93m[1m WARNING [21m[0m] Element conservation is violated too large
[[93m[1m WARNING [21m[0m] at step: 29618
[[93m[1m WARNING [21m[0m] -----------------------------------------------------------------
[[93m[1m WARNING [21m[0m] Element conservation is violated too large
[[93m[1m WARNING [21m[0m] at step: 29625
[[93m[1m WARNING [21m[0m] -----------------------------------------------------------------
[[93m[1m WARNING [21m[0m] Element conservation is violated too large
[[93m[1m WARNING [21m[0m] at step: 29638
[[93m[1m WARNING [21m[0m] -----------------------------------------------------------------
[[93m[1m WARNING [21m[0m] Element conservation is violated too large
[[93m[1m WARNING [21m[0m] at step: 29639
[[93m[1m WARNING [21m[0m] -----------------------------------------------------------------
[[93m[1m WARNING [21m[0m] Element conservation is violated too large
[[93m[1m WARNING [21m[0m] at step: 29655
[[93m[1m WARNING [21m[0m] -----------------------------------------------------------------
[[93m[1m WARNING [21m[0m] Element conservation is violated too large
[[93m[1m WARNING [21m[0m] at step: 29659
[[93m[1m WARNING [21m[0m] -----------------------------------------------------------------
[[93m[1m WARNING [21m[0m] Element conservation is violated too large
[[93m[1m WARNING [21m[0m] at step: 29663
[[93m[1m WARNING [21m[0m] -----------------------------------------------------------------
[[93m[1m WARNING [21m[0m] Element conservation is violated too large
[[93m[1m WARNING [21m[0m] at step: 29664
[[93m[1m WARNING [21m[0m] -----------------------------------------------------------------
[[93m[1m WARNING [21m[0m] Element conservation is violated too large
[[93m[1m WARNING [21m[0m] at step: 29666
[[93m[1m WARNING [21m[0m] -----------------------------------------------------------------
[[93m[1m WARNING [21m[0m] Element conservation is violated too large
[[93m[1m WARNING [21m[0m] at step: 29669
[[93m[1m WARNING [21m[0m] -----------------------------------------------------------------
[[93m[1m WARNING [21m[0m] Element conservation is violated too large
[[93m[1m WARNING [21m[0m] at step: 29673
[[93m[1m WARNING [21m[0m] -----------------------------------------------------------------
[[93m[1m WARNING [21m[0m] Element conservation is violated too large
[[93m[1m WARNING [21m[0m] at step: 29679
[[93m[1m WARNING [21m[0m] -----------------------------------------------------------------
[[93m[1m WARNING [21m[0m] Element conservation is violated too large
[[93m[1m WARNING [21m[0m] at step: 29684
[[93m[1m WARNING [21m[0m] -----------------------------------------------------------------
[[93m[1m WARNING [21m[0m] Element conservation is violated too large
[[93m[1m WARNING [21m[0m] at step: 29694
[[93m[1m WARNING [21m[0m] -----------------------------------------------------------------
[[32m[1m INFO  [21m[0m] Elapsed time: 1.60e+00 || Step number: 29700/30000
[[32m[1m INFO  [21m[0m] longdy = 1.00e+00      || longdy/dt = 1.00e+00  || dt = 1.99e-04
[[32m[1m INFO  [21m[0m] from nz = 0 and OH
[[32m[1m INFO  [21m[0m] -----------------------------------------------------------------
[[93m[1m WARNING [21m[0m] Element conservation is violated too large
[[93m[1m WARNING [21m[0m] at step: 29700
[[93m[1m WARNING [21m[0m] -----------------------------------------------------------------
[[93m[1m WARNING [21m[0m] Element conservation is violated too large
[[93m[1m WARNING [21m[0m] at step: 29723
[[93m[1m WARNING [21m[0m] -----------------------------------------------------------------
[[93m[1m WARNING [21m[0m] Element conservation is violated too large
[[93m[1m WARNING [21m[0m] at step: 29725
[[93m[1m WARNING [21m[0m] -----------------------------------------------------------------
[[93m[1m WARNING [21m[0m] Element conservation is violated too large
[[93m[1m WARNING [21m[0m] at step: 29727
[[93m[1m WARNING [21m[0m] -----------------------------------------------------------------
[[93m[1m WARNING [21m[0m] Element conservation is violated too large
[[93m[1m WARNING [21m[0m] at step: 29732
[[93m[1m WARNING [21m[0m] -----------------------------------------------------------------
[[93m[1m WARNING [21m[0m] Element conservation is violated too large
[[93m[1m WARNING [21m[0m] at step: 29736
[[93m[1m WARNING [21m[0m] -----------------------------------------------------------------
[[93m[1m WARNING [21m[0m] Element conservation is violated too large
[[93m[1m WARNING [21m[0m] at step: 29741
[[93m[1m WARNING [21m[0m] -----------------------------------------------------------------
[[93m[1m WARNING [21m[0m] Element conservation is violated too large
[[93m[1m WARNING [21m[0m] at step: 29745
[[93m[1m WARNING [21m[0m] -----------------------------------------------------------------
[[93m[1m WARNING [21m[0m] Element conservation is violated too large
[[93m[1m WARNING [21m[0m] at step: 29749
[[93m[1m WARNING [21m[0m] -----------------------------------------------------------------
[[93m[1m WARNING [21m[0m] Element conservation is violated too large
[[93m[1m WARNING [21m[0m] at step: 29759
[[93m[1m WARNING [21m[0m] -----------------------------------------------------------------
[[93m[1m WARNING [21m[0m] Element conservation is violated too large
[[93m[1m WARNING [21m[0m] at step: 29760
[[93m[1m WARNING [21m[0m] -----------------------------------------------------------------
[[93m[1m WARNING [21m[0m] Element conservation is violated too large
[[93m[1m WARNING [21m[0m] at step: 29784
[[93m[1m WARNING [21m[0m] -----------------------------------------------------------------
[[93m[1m WARNING [21m[0m] Element conservation is violated too large
[[93m[1m WARNING [21m[0m] at step: 29791
[[93m[1m WARNING [21m[0m] -----------------------------------------------------------------
[[93m[1m WARNING [21m[0m] Element conservation is violated too large
[[93m[1m WARNING [21m[0m] at step: 29793
[[93m[1m WARNING [21m[0m] -----------------------------------------------------------------
[[32m[1m INFO  [21m[0m] Elapsed time: 1.61e+00 || Step number: 29800/30000
[[32m[1m INFO  [21m[0m] longdy = 1.00e+00      || longdy/dt = 1.00e+00  || dt = 8.81e-05
[[32m[1m INFO  [21m[0m] from nz = 0 and OH
[[32m[1m INFO  [21m[0m] -----------------------------------------------------------------
[[93m[1m WARNING [21m[0m] Element conservation is violated too large
[[93m[1m WARNING [21m[0m] at step: 29805
[[93m[1m WARNING [21m[0m] -----------------------------------------------------------------
[[93m[1m WARNING [21m[0m] Element conservation is violated too large
[[93m[1m WARNING [21m[0m] at step: 29808
[[93m[1m WARNING [21m[0m] -----------------------------------------------------------------
[[93m[1m WARNING [21m[0m] Element conservation is violated too large
[[93m[1m WARNING [21m[0m] at step: 29810
[[93m[1m WARNING [21m[0m] -----------------------------------------------------------------
[[93m[1m WARNING [21m[0m] Element conservation is violated too large
[[93m[1m WARNING [21m[0m] at step: 29811
[[93m[1m WARNING [21m[0m] -----------------------------------------------------------------
[[93m[1m WARNING [21m[0m] Element conservation is violated too large
[[93m[1m WARNING [21m[0m] at step: 29822
[[93m[1m WARNING [21m[0m] -----------------------------------------------------------------
[[93m[1m WARNING [21m[0m] Element conservation is violated too large
[[93m[1m WARNING [21m[0m] at step: 29825
[[93m[1m WARNING [21m[0m] -----------------------------------------------------------------
[[93m[1m WARNING [21m[0m] Element conservation is violated too large
[[93m[1m WARNING [21m[0m] at step: 29831
[[93m[1m WARNING [21m[0m] -----------------------------------------------------------------
[[93m[1m WARNING [21m[0m] Element conservation is violated too large
[[93m[1m WARNING [21m[0m] at step: 29834
[[93m[1m WARNING [21m[0m] -----------------------------------------------------------------
[[93m[1m WARNING [21m[0m] Element conservation is violated too large
[[93m[1m WARNING [21m[0m] at step: 29848
[[93m[1m WARNING [21m[0m] -----------------------------------------------------------------
[[93m[1m WARNING [21m[0m] Element conservation is violated too large
[[93m[1m WARNING [21m[0m] at step: 29849
[[93m[1m WARNING [21m[0m] -----------------------------------------------------------------
[[93m[1m WARNING [21m[0m] Element conservation is violated too large
[[93m[1m WARNING [21m[0m] at step: 29862
[[93m[1m WARNING [21m[0m] -----------------------------------------------------------------
[[93m[1m WARNING [21m[0m] Element conservation is violated too large
[[93m[1m WARNING [21m[0m] at step: 29864
[[93m[1m WARNING [21m[0m] -----------------------------------------------------------------
[[93m[1m WARNING [21m[0m] Element conservation is violated too large
[[93m[1m WARNING [21m[0m] at step: 29865
[[93m[1m WARNING [21m[0m] -----------------------------------------------------------------
[[93m[1m WARNING [21m[0m] Element conservation is violated too large
[[93m[1m WARNING [21m[0m] at step: 29874
[[93m[1m WARNING [21m[0m] -----------------------------------------------------------------
[[93m[1m WARNING [21m[0m] Element conservation is violated too large
[[93m[1m WARNING [21m[0m] at step: 29877
[[93m[1m WARNING [21m[0m] -----------------------------------------------------------------
[[93m[1m WARNING [21m[0m] Element conservation is violated too large
[[93m[1m WARNING [21m[0m] at step: 29883
[[93m[1m WARNING [21m[0m] -----------------------------------------------------------------
[[93m[1m WARNING [21m[0m] Element conservation is violated too large
[[93m[1m WARNING [21m[0m] at step: 29887
[[93m[1m WARNING [21m[0m] -----------------------------------------------------------------
[[93m[1m WARNING [21m[0m] Element conservation is violated too large
[[93m[1m WARNING [21m[0m] at step: 29890
[[93m[1m WARNING [21m[0m] -----------------------------------------------------------------
[[93m[1m WARNING [21m[0m] Element conservation is violated too large
[[93m[1m WARNING [21m[0m] at step: 29898
[[93m[1m WARNING [21m[0m] -----------------------------------------------------------------
[[32m[1m INFO  [21m[0m] Elapsed time: 1.62e+00 || Step number: 29900/30000
[[32m[1m INFO  [21m[0m] longdy = 1.00e+00      || longdy/dt = 1.00e+00  || dt = 9.13e-05
[[32m[1m INFO  [21m[0m] from nz = 0 and OH
[[32m[1m INFO  [21m[0m] -----------------------------------------------------------------
[[93m[1m WARNING [21m[0m] Element conservation is violated too large
[[93m[1m WARNING [21m[0m] at step: 29913
[[93m[1m WARNING [21m[0m] -----------------------------------------------------------------
[[93m[1m WARNING [21m[0m] Element conservation is violated too large
[[93m[1m WARNING [21m[0m] at step: 29915
[[93m[1m WARNING [21m[0m] -----------------------------------------------------------------
[[93m[1m WARNING [21m[0m] Element conservation is violated too large
[[93m[1m WARNING [21m[0m] at step: 29919
[[93m[1m WARNING [21m[0m] -----------------------------------------------------------------
[[93m[1m WARNING [21m[0m] Element conservation is violated too large
[[93m[1m WARNING [21m[0m] at step: 29926
[[93m[1m WARNING [21m[0m] -----------------------------------------------------------------
[[93m[1m WARNING [21m[0m] Element conservation is violated too large
[[93m[1m WARNING [21m[0m] at step: 29927
[[93m[1m WARNING [21m[0m] -----------------------------------------------------------------
[[93m[1m WARNING [21m[0m] Element conservation is violated too large
[[93m[1m WARNING [21m[0m] at step: 29928
[[93m[1m WARNING [21m[0m] -----------------------------------------------------------------
[[93m[1m WARNING [21m[0m] Element conservation is violated too large
[[93m[1m WARNING [21m[0m] at step: 29937
[[93m[1m WARNING [21m[0m] -----------------------------------------------------------------
[[93m[1m WARNING [21m[0m] Element conservation is violated too large
[[93m[1m WARNING [21m[0m] at step: 29939
[[93m[1m WARNING [21m[0m] -----------------------------------------------------------------
[[93m[1m WARNING [21m[0m] Element conservation is violated too large
[[93m[1m WARNING [21m[0m] at step: 29950
[[93m[1m WARNING [21m[0m] -----------------------------------------------------------------
[[93m[1m WARNING [21m[0m] Element conservation is violated too large
[[93m[1m WARNING [21m[0m] at step: 29953
[[93m[1m WARNING [21m[0m] -----------------------------------------------------------------
[[93m[1m WARNING [21m[0m] Element conservation is violated too large
[[93m[1m WARNING [21m[0m] at step: 29961
[[93m[1m WARNING [21m[0m] -----------------------------------------------------------------
[[93m[1m WARNING [21m[0m] Element conservation is violated too large
[[93m[1m WARNING [21m[0m] at step: 29963
[[93m[1m WARNING [21m[0m] -----------------------------------------------------------------
[[93m[1m WARNING [21m[0m] Element conservation is violated too large
[[93m[1m WARNING [21m[0m] at step: 29965
[[93m[1m WARNING [21m[0m] -----------------------------------------------------------------
[[93m[1m WARNING [21m[0m] Element conservation is violated too large
[[93m[1m WARNING [21m[0m] at step: 29981
[[93m[1m WARNING [21m[0m] -----------------------------------------------------------------
[[93m[1m WARNING [21m[0m] Element conservation is violated too large
[[93m[1m WARNING [21m[0m] at step: 29985
[[93m[1m WARNING [21m[0m] -----------------------------------------------------------------
[[93m[1m WARNING [21m[0m] Element conservation is violated too large
[[93m[1m WARNING [21m[0m] at step: 29989
[[93m[1m WARNING [21m[0m] -----------------------------------------------------------------
[[93m[1m WARNING [21m[0m] Element conservation is violated too large
[[93m[1m WARNING [21m[0m] at step: 29990
[[93m[1m WARNING [21m[0m] -----------------------------------------------------------------
[[93m[1m WARNING [21m[0m] Element conservation is violated too large
[[93m[1m WARNING [21m[0m] at step: 29991
[[93m[1m WARNING [21m[0m] -----------------------------------------------------------------
[[32m[1m INFO  [21m[0m] Elapsed time: 1.63e+00 || Step number: 30000/30000
[[32m[1m INFO  [21m[0m] longdy = 1.00e+00      || longdy/dt = 1.00e+00  || dt = 1.55e-04
[[32m[1m INFO  [21m[0m] from nz = 0 and OH
[[32m[1m INFO  [21m[0m] -----------------------------------------------------------------
[[93m[1m WARNING [21m[0m] After ------- 11733.299420595169 seconds ------- s CPU time
[[93m[1m WARNING [21m[0m] Integration not completed...
[[93m[1m WARNING [21m[0m] Maximal allowed steps exceeded (30000)!
[[32m[1m INFO  [21m[0m]     done
Atmodeller initialized with double precision (float64)
[[93m[1m WARNING [21m[0m] The archive tar file does not exist: /data/rdc49-2/K218b_project/simulation_data/grid_H3_C2_N1_S3_fO20__from_batch04_case_000039__7_crash_atmos_chem_step_vulcan_chem_funs_race_syntax_error/data/data.tar
[[32m[1m INFO  [21m[0m] Observing the planet...
Loading PHOENIX star table in file '/data/rdc49-2/FWL_DATA/prt/input_data/stellar_spectra/phoenix/phoenix.startable.petitRADTRANS.h5'... Done.
