Atmodeller initialized with double precision (float64)
[[93m[1m WARNING [21m[0m] The archive tar file does not exist: /data/rdc49-2/K218b_project/simulation_data/grid_H2_C2_N0_S3_fO21__from_batch08_case_000003__7_crash_atmos_chem_step_vulcan_chem_funs_race_syntax_error/data/data.tar
[[32m[1m INFO  [21m[0m] Running atmospheric chemistry...
[[32m[1m INFO  [21m[0m]     Using vulcan module, offline
[[32m[1m INFO  [21m[0m] Elements conserved in the network.
[[32m[1m INFO  [21m[0m] No duplicates in the network.
[[32m[1m INFO  [21m[0m] Elements conserved in the network.
[[32m[1m INFO  [21m[0m] No duplicates in the network.
[[32m[1m INFO  [21m[0m] Running VULCAN
[[93m[1m WARNING [21m[0m] P_b and P_t assgined in vulcan.cfg are out of range of the input. Constant extension is used.
[[32m[1m INFO  [21m[0m] Initializing with compositions from ASCII file /data/rdc49-2/K218b_project/simulation_data/grid_H2_C2_N0_S3_fO21__from_batch08_case_000003__7_crash_atmos_chem_step_vulcan_chem_funs_race_syntax_error/offchem/vmrs.dat
[[32m[1m INFO  [21m[0m] Input stellar spectrum from 2.0 to 700.0
[[32m[1m INFO  [21m[0m] Using wavelength bins from 2.0 to 655.5
[[32m[1m INFO  [21m[0m] Include molecular diffusion.
[[32m[1m INFO  [21m[0m] Starting VULCAN integration with 1 threads...
[[93m[1m WARNING [21m[0m] Keep producing negative values! Clipping negative solutions and moving on!
[[93m[1m WARNING [21m[0m] Keep producing negative values! Clipping negative solutions and moving on!
[[93m[1m WARNING [21m[0m] Keep producing negative values! Clipping negative solutions and moving on!
[[93m[1m WARNING [21m[0m] Keep producing negative values! Clipping negative solutions and moving on!
[[93m[1m WARNING [21m[0m] Keep producing negative values! Clipping negative solutions and moving on!
[[93m[1m WARNING [21m[0m] Keep producing negative values! Clipping negative solutions and moving on!
[[93m[1m WARNING [21m[0m] Keep producing negative values! Clipping negative solutions and moving on!
[[93m[1m WARNING [21m[0m] Keep producing negative values! Clipping negative solutions and moving on!
[[93m[1m WARNING [21m[0m] Keep producing negative values! Clipping negative solutions and moving on!
[[93m[1m WARNING [21m[0m] Keep producing negative values! Clipping negative solutions and moving on!
[[93m[1m WARNING [21m[0m] Keep producing negative values! Clipping negative solutions and moving on!
[[93m[1m WARNING [21m[0m] Keep producing negative values! Clipping negative solutions and moving on!
[[93m[1m WARNING [21m[0m] Keep producing negative values! Clipping negative solutions and moving on!
[[93m[1m WARNING [21m[0m] Keep producing negative values! Clipping negative solutions and moving on!
[[93m[1m WARNING [21m[0m] Keep producing negative values! Clipping negative solutions and moving on!
[[93m[1m WARNING [21m[0m] Keep producing negative values! Clipping negative solutions and moving on!
[[93m[1m WARNING [21m[0m] Keep producing negative values! Clipping negative solutions and moving on!
[[93m[1m WARNING [21m[0m] Keep producing negative values! Clipping negative solutions and moving on!
[[93m[1m WARNING [21m[0m] Keep producing negative values! Clipping negative solutions and moving on!
[[93m[1m WARNING [21m[0m] Keep producing negative values! Clipping negative solutions and moving on!
[[93m[1m WARNING [21m[0m] Keep producing negative values! Clipping negative solutions and moving on!
[[93m[1m WARNING [21m[0m] Keep producing negative values! Clipping negative solutions and moving on!
[[93m[1m WARNING [21m[0m] Keep producing negative values! Clipping negative solutions and moving on!
[[93m[1m WARNING [21m[0m] Keep producing negative values! Clipping negative solutions and moving on!
[[93m[1m WARNING [21m[0m] Keep producing negative values! Clipping negative solutions and moving on!
[[93m[1m WARNING [21m[0m] Keep producing negative values! Clipping negative solutions and moving on!
[[93m[1m WARNING [21m[0m] Keep producing negative values! Clipping negative solutions and moving on!
[[93m[1m WARNING [21m[0m] Keep producing negative values! Clipping negative solutions and moving on!
[[93m[1m WARNING [21m[0m] Keep producing negative values! Clipping negative solutions and moving on!
[[93m[1m WARNING [21m[0m] Keep producing negative values! Clipping negative solutions and moving on!
[[93m[1m WARNING [21m[0m] Keep producing negative values! Clipping negative solutions and moving on!
[[93m[1m WARNING [21m[0m] Keep producing negative values! Clipping negative solutions and moving on!
[[93m[1m WARNING [21m[0m] Keep producing negative values! Clipping negative solutions and moving on!
[[93m[1m WARNING [21m[0m] Keep producing negative values! Clipping negative solutions and moving on!
[[93m[1m WARNING [21m[0m] Keep producing negative values! Clipping negative solutions and moving on!
[[93m[1m WARNING [21m[0m] Keep producing negative values! Clipping negative solutions and moving on!
[[93m[1m WARNING [21m[0m] Keep producing negative values! Clipping negative solutions and moving on!
[[93m[1m WARNING [21m[0m] Keep producing negative values! Clipping negative solutions and moving on!
[[93m[1m WARNING [21m[0m] Keep producing negative values! Clipping negative solutions and moving on!
[[93m[1m WARNING [21m[0m] Keep producing negative values! Clipping negative solutions and moving on!
[[93m[1m WARNING [21m[0m] Keep producing negative values! Clipping negative solutions and moving on!
[[93m[1m WARNING [21m[0m] Keep producing negative values! Clipping negative solutions and moving on!
[[93m[1m WARNING [21m[0m] Keep producing negative values! Clipping negative solutions and moving on!
[[93m[1m WARNING [21m[0m] Keep producing negative values! Clipping negative solutions and moving on!
[[93m[1m WARNING [21m[0m] Keep producing negative values! Clipping negative solutions and moving on!
[[93m[1m WARNING [21m[0m] Keep producing negative values! Clipping negative solutions and moving on!
[[93m[1m WARNING [21m[0m] Keep producing negative values! Clipping negative solutions and moving on!
[[93m[1m WARNING [21m[0m] Keep producing negative values! Clipping negative solutions and moving on!
[[93m[1m WARNING [21m[0m] Keep producing negative values! Clipping negative solutions and moving on!
[[93m[1m WARNING [21m[0m] Keep producing negative values! Clipping negative solutions and moving on!
[[93m[1m WARNING [21m[0m] Keep producing negative values! Clipping negative solutions and moving on!
[[93m[1m WARNING [21m[0m] Keep producing negative values! Clipping negative solutions and moving on!
[[93m[1m WARNING [21m[0m] Keep producing negative values! Clipping negative solutions and moving on!
[[32m[1m INFO  [21m[0m] Elapsed time: 1.55e-06 || Step number: 100/30000
[[32m[1m INFO  [21m[0m] longdy = 1.00e+00      || longdy/dt = 1.00e+00  || dt = 3.03e-08
[[32m[1m INFO  [21m[0m] from nz = 0 and OH
[[32m[1m INFO  [21m[0m] -----------------------------------------------------------------
[[93m[1m WARNING [21m[0m] Keep producing negative values! Clipping negative solutions and moving on!
[[93m[1m WARNING [21m[0m] Keep producing negative values! Clipping negative solutions and moving on!
[[93m[1m WARNING [21m[0m] Keep producing negative values! Clipping negative solutions and moving on!
[[93m[1m WARNING [21m[0m] Keep producing negative values! Clipping negative solutions and moving on!
[[93m[1m WARNING [21m[0m] Keep producing negative values! Clipping negative solutions and moving on!
[[93m[1m WARNING [21m[0m] Keep producing negative values! Clipping negative solutions and moving on!
[[93m[1m WARNING [21m[0m] Keep producing negative values! Clipping negative solutions and moving on!
[[93m[1m WARNING [21m[0m] Keep producing negative values! Clipping negative solutions and moving on!
[[93m[1m WARNING [21m[0m] Keep producing negative values! Clipping negative solutions and moving on!
[[93m[1m WARNING [21m[0m] Keep producing negative values! Clipping negative solutions and moving on!
[[93m[1m WARNING [21m[0m] Keep producing negative values! Clipping negative solutions and moving on!
[[93m[1m WARNING [21m[0m] Keep producing negative values! Clipping negative solutions and moving on!
[[32m[1m INFO  [21m[0m] Elapsed time: 4.21e-06 || Step number: 200/30000
[[32m[1m INFO  [21m[0m] longdy = 1.00e+00      || longdy/dt = 1.00e+00  || dt = 4.47e-08
[[32m[1m INFO  [21m[0m] from nz = 0 and OH
[[32m[1m INFO  [21m[0m] -----------------------------------------------------------------
[[93m[1m WARNING [21m[0m] Keep producing negative values! Clipping negative solutions and moving on!
[[93m[1m WARNING [21m[0m] Keep producing negative values! Clipping negative solutions and moving on!
[[93m[1m WARNING [21m[0m] Keep producing negative values! Clipping negative solutions and moving on!
[[93m[1m WARNING [21m[0m] Keep producing negative values! Clipping negative solutions and moving on!
[[93m[1m WARNING [21m[0m] Keep producing negative values! Clipping negative solutions and moving on!
[[93m[1m WARNING [21m[0m] Keep producing negative values! Clipping negative solutions and moving on!
[[93m[1m WARNING [21m[0m] Keep producing negative values! Clipping negative solutions and moving on!
[[93m[1m WARNING [21m[0m] Keep producing negative values! Clipping negative solutions and moving on!
[[93m[1m WARNING [21m[0m] Keep producing negative values! Clipping negative solutions and moving on!
[[93m[1m WARNING [21m[0m] Keep producing negative values! Clipping negative solutions and moving on!
[[93m[1m WARNING [21m[0m] Keep producing negative values! Clipping negative solutions and moving on!
[[32m[1m INFO  [21m[0m] Elapsed time: 1.37e-05 || Step number: 300/30000
[[32m[1m INFO  [21m[0m] longdy = 1.00e+00      || longdy/dt = 1.00e+00  || dt = 2.21e-07
[[32m[1m INFO  [21m[0m] from nz = 0 and OH
[[32m[1m INFO  [21m[0m] -----------------------------------------------------------------
[[32m[1m INFO  [21m[0m] Elapsed time: 6.24e-05 || Step number: 400/30000
[[32m[1m INFO  [21m[0m] longdy = 1.00e+00      || longdy/dt = 1.00e+00  || dt = 7.49e-07
[[32m[1m INFO  [21m[0m] from nz = 0 and OH
[[32m[1m INFO  [21m[0m] -----------------------------------------------------------------
[[32m[1m INFO  [21m[0m] Elapsed time: 2.62e-04 || Step number: 500/30000
[[32m[1m INFO  [21m[0m] longdy = 1.00e+00      || longdy/dt = 1.00e+00  || dt = 4.02e-06
[[32m[1m INFO  [21m[0m] from nz = 0 and OH
[[32m[1m INFO  [21m[0m] -----------------------------------------------------------------
[[32m[1m INFO  [21m[0m] Elapsed time: 7.55e-04 || Step number: 600/30000
[[32m[1m INFO  [21m[0m] longdy = 1.00e+00      || longdy/dt = 1.00e+00  || dt = 7.85e-06
[[32m[1m INFO  [21m[0m] from nz = 0 and OH
[[32m[1m INFO  [21m[0m] -----------------------------------------------------------------
[[32m[1m INFO  [21m[0m] Elapsed time: 2.11e-03 || Step number: 700/30000
[[32m[1m INFO  [21m[0m] longdy = 1.00e+00      || longdy/dt = 1.00e+00  || dt = 2.37e-05
[[32m[1m INFO  [21m[0m] from nz = 0 and OH
[[32m[1m INFO  [21m[0m] -----------------------------------------------------------------
[[32m[1m INFO  [21m[0m] Elapsed time: 4.62e-03 || Step number: 800/30000
[[32m[1m INFO  [21m[0m] longdy = 1.00e+00      || longdy/dt = 1.00e+00  || dt = 2.82e-05
[[32m[1m INFO  [21m[0m] from nz = 0 and OH
[[32m[1m INFO  [21m[0m] -----------------------------------------------------------------
[[32m[1m INFO  [21m[0m] Elapsed time: 9.26e-03 || Step number: 900/30000
[[32m[1m INFO  [21m[0m] longdy = 1.00e+00      || longdy/dt = 1.00e+00  || dt = 7.89e-05
[[32m[1m INFO  [21m[0m] from nz = 0 and OH
[[32m[1m INFO  [21m[0m] -----------------------------------------------------------------
[[32m[1m INFO  [21m[0m] Elapsed time: 2.39e-02 || Step number: 1000/30000
[[32m[1m INFO  [21m[0m] longdy = 1.00e+00      || longdy/dt = 1.00e+00  || dt = 2.09e-04
[[32m[1m INFO  [21m[0m] from nz = 0 and OH
[[32m[1m INFO  [21m[0m] -----------------------------------------------------------------
[[32m[1m INFO  [21m[0m] Elapsed time: 5.31e-02 || Step number: 1100/30000
[[32m[1m INFO  [21m[0m] longdy = 1.00e+00      || longdy/dt = 1.00e+00  || dt = 6.47e-04
[[32m[1m INFO  [21m[0m] from nz = 0 and OH
[[32m[1m INFO  [21m[0m] -----------------------------------------------------------------
[[32m[1m INFO  [21m[0m] Elapsed time: 1.18e-01 || Step number: 1200/30000
[[32m[1m INFO  [21m[0m] longdy = 1.00e+00      || longdy/dt = 1.00e+00  || dt = 1.99e-03
[[32m[1m INFO  [21m[0m] from nz = 0 and OH
[[32m[1m INFO  [21m[0m] -----------------------------------------------------------------
[[32m[1m INFO  [21m[0m] Elapsed time: 2.54e-01 || Step number: 1300/30000
[[32m[1m INFO  [21m[0m] longdy = 1.00e+00      || longdy/dt = 1.00e+00  || dt = 2.83e-03
[[32m[1m INFO  [21m[0m] from nz = 0 and OH
[[32m[1m INFO  [21m[0m] -----------------------------------------------------------------
[[32m[1m INFO  [21m[0m] Elapsed time: 6.85e-01 || Step number: 1400/30000
[[32m[1m INFO  [21m[0m] longdy = 1.00e+00      || longdy/dt = 1.00e+00  || dt = 1.03e-02
[[32m[1m INFO  [21m[0m] from nz = 0 and OH
[[32m[1m INFO  [21m[0m] -----------------------------------------------------------------
[[32m[1m INFO  [21m[0m] Elapsed time: 1.30e+00 || Step number: 1500/30000
[[32m[1m INFO  [21m[0m] longdy = 1.00e+00      || longdy/dt = 1.00e+00  || dt = 1.78e-02
[[32m[1m INFO  [21m[0m] from nz = 0 and OH
[[32m[1m INFO  [21m[0m] -----------------------------------------------------------------
[[32m[1m INFO  [21m[0m] Elapsed time: 2.12e+00 || Step number: 1600/30000
[[32m[1m INFO  [21m[0m] longdy = 1.00e+00      || longdy/dt = 1.00e+00  || dt = 2.62e-02
[[32m[1m INFO  [21m[0m] from nz = 0 and OH
[[32m[1m INFO  [21m[0m] -----------------------------------------------------------------
[[32m[1m INFO  [21m[0m] Elapsed time: 4.10e+00 || Step number: 1700/30000
[[32m[1m INFO  [21m[0m] longdy = 1.00e+00      || longdy/dt = 1.00e+00  || dt = 4.43e-02
[[32m[1m INFO  [21m[0m] from nz = 0 and OH
[[32m[1m INFO  [21m[0m] -----------------------------------------------------------------
[[32m[1m INFO  [21m[0m] Elapsed time: 6.53e+00 || Step number: 1800/30000
[[32m[1m INFO  [21m[0m] longdy = 1.00e+00      || longdy/dt = 1.00e+00  || dt = 6.25e-02
[[32m[1m INFO  [21m[0m] from nz = 0 and OH
[[32m[1m INFO  [21m[0m] -----------------------------------------------------------------
[[32m[1m INFO  [21m[0m] Elapsed time: 8.80e+00 || Step number: 1900/30000
[[32m[1m INFO  [21m[0m] longdy = 1.00e+00      || longdy/dt = 1.00e+00  || dt = 7.32e-02
[[32m[1m INFO  [21m[0m] from nz = 0 and OH
[[32m[1m INFO  [21m[0m] -----------------------------------------------------------------
[[32m[1m INFO  [21m[0m] Elapsed time: 1.22e+01 || Step number: 2000/30000
[[32m[1m INFO  [21m[0m] longdy = 1.00e+00      || longdy/dt = 1.00e+00  || dt = 7.58e-02
[[32m[1m INFO  [21m[0m] from nz = 0 and OH
[[32m[1m INFO  [21m[0m] -----------------------------------------------------------------
[[32m[1m INFO  [21m[0m] Elapsed time: 1.57e+01 || Step number: 2100/30000
[[32m[1m INFO  [21m[0m] longdy = 1.00e+00      || longdy/dt = 1.00e+00  || dt = 7.73e-02
[[32m[1m INFO  [21m[0m] from nz = 0 and OH
[[32m[1m INFO  [21m[0m] -----------------------------------------------------------------
[[32m[1m INFO  [21m[0m] Elapsed time: 2.12e+01 || Step number: 2200/30000
[[32m[1m INFO  [21m[0m] longdy = 1.00e+00      || longdy/dt = 1.00e+00  || dt = 9.35e-02
[[32m[1m INFO  [21m[0m] from nz = 0 and OH
[[32m[1m INFO  [21m[0m] -----------------------------------------------------------------
[[32m[1m INFO  [21m[0m] Elapsed time: 2.75e+01 || Step number: 2300/30000
[[32m[1m INFO  [21m[0m] longdy = 1.00e+00      || longdy/dt = 1.00e+00  || dt = 9.95e-02
[[32m[1m INFO  [21m[0m] from nz = 0 and OH
[[32m[1m INFO  [21m[0m] -----------------------------------------------------------------
[[32m[1m INFO  [21m[0m] Elapsed time: 3.40e+01 || Step number: 2400/30000
[[32m[1m INFO  [21m[0m] longdy = 1.00e+00      || longdy/dt = 1.00e+00  || dt = 8.44e-02
[[32m[1m INFO  [21m[0m] from nz = 0 and OH
[[32m[1m INFO  [21m[0m] -----------------------------------------------------------------
[[32m[1m INFO  [21m[0m] Elapsed time: 4.07e+01 || Step number: 2500/30000
[[32m[1m INFO  [21m[0m] longdy = 1.00e+00      || longdy/dt = 1.00e+00  || dt = 1.17e-01
[[32m[1m INFO  [21m[0m] from nz = 0 and OH
[[32m[1m INFO  [21m[0m] -----------------------------------------------------------------
[[32m[1m INFO  [21m[0m] Elapsed time: 4.71e+01 || Step number: 2600/30000
[[32m[1m INFO  [21m[0m] longdy = 1.00e+00      || longdy/dt = 1.00e+00  || dt = 8.97e-02
[[32m[1m INFO  [21m[0m] from nz = 0 and OH
[[32m[1m INFO  [21m[0m] -----------------------------------------------------------------
[[32m[1m INFO  [21m[0m] Elapsed time: 5.39e+01 || Step number: 2700/30000
[[32m[1m INFO  [21m[0m] longdy = 1.00e+00      || longdy/dt = 1.00e+00  || dt = 9.40e-02
[[32m[1m INFO  [21m[0m] from nz = 0 and OH
[[32m[1m INFO  [21m[0m] -----------------------------------------------------------------
[[32m[1m INFO  [21m[0m] Elapsed time: 6.06e+01 || Step number: 2800/30000
[[32m[1m INFO  [21m[0m] longdy = 1.00e+00      || longdy/dt = 1.00e+00  || dt = 7.16e-02
[[32m[1m INFO  [21m[0m] from nz = 0 and OH
[[32m[1m INFO  [21m[0m] -----------------------------------------------------------------
[[32m[1m INFO  [21m[0m] Elapsed time: 6.85e+01 || Step number: 2900/30000
[[32m[1m INFO  [21m[0m] longdy = 1.00e+00      || longdy/dt = 1.00e+00  || dt = 9.11e-02
[[32m[1m INFO  [21m[0m] from nz = 0 and OH
[[32m[1m INFO  [21m[0m] -----------------------------------------------------------------
[[32m[1m INFO  [21m[0m] Elapsed time: 7.63e+01 || Step number: 3000/30000
[[32m[1m INFO  [21m[0m] longdy = 1.00e+00      || longdy/dt = 1.00e+00  || dt = 1.00e-01
[[32m[1m INFO  [21m[0m] from nz = 0 and OH
[[32m[1m INFO  [21m[0m] -----------------------------------------------------------------
[[32m[1m INFO  [21m[0m] Elapsed time: 8.38e+01 || Step number: 3100/30000
[[32m[1m INFO  [21m[0m] longdy = 1.00e+00      || longdy/dt = 1.00e+00  || dt = 7.94e-02
[[32m[1m INFO  [21m[0m] from nz = 0 and OH
[[32m[1m INFO  [21m[0m] -----------------------------------------------------------------
[[32m[1m INFO  [21m[0m] Elapsed time: 9.20e+01 || Step number: 3200/30000
[[32m[1m INFO  [21m[0m] longdy = 1.00e+00      || longdy/dt = 1.00e+00  || dt = 9.82e-02
[[32m[1m INFO  [21m[0m] from nz = 0 and OH
[[32m[1m INFO  [21m[0m] -----------------------------------------------------------------
[[32m[1m INFO  [21m[0m] Elapsed time: 9.60e+01 || Step number: 3300/30000
[[32m[1m INFO  [21m[0m] longdy = 1.00e+00      || longdy/dt = 1.00e+00  || dt = 1.07e-01
[[32m[1m INFO  [21m[0m] from nz = 0 and OH
[[32m[1m INFO  [21m[0m] -----------------------------------------------------------------
[[32m[1m INFO  [21m[0m] Elapsed time: 1.04e+02 || Step number: 3400/30000
[[32m[1m INFO  [21m[0m] longdy = 7.02e-01      || longdy/dt = 9.01e-02  || dt = 8.13e-02
[[32m[1m INFO  [21m[0m] from nz = 27 and CS
[[32m[1m INFO  [21m[0m] -----------------------------------------------------------------
[[32m[1m INFO  [21m[0m] Elapsed time: 1.12e+02 || Step number: 3500/30000
[[32m[1m INFO  [21m[0m] longdy = 6.59e-01      || longdy/dt = 8.55e-02  || dt = 7.57e-02
[[32m[1m INFO  [21m[0m] from nz = 27 and CS
[[32m[1m INFO  [21m[0m] -----------------------------------------------------------------
[[32m[1m INFO  [21m[0m] Elapsed time: 1.20e+02 || Step number: 3600/30000
[[32m[1m INFO  [21m[0m] longdy = 6.54e-01      || longdy/dt = 8.21e-02  || dt = 1.04e-01
[[32m[1m INFO  [21m[0m] from nz = 28 and CS2
[[32m[1m INFO  [21m[0m] -----------------------------------------------------------------
[[32m[1m INFO  [21m[0m] Elapsed time: 1.28e+02 || Step number: 3700/30000
[[32m[1m INFO  [21m[0m] longdy = 6.16e-01      || longdy/dt = 7.86e-02  || dt = 1.25e-01
[[32m[1m INFO  [21m[0m] from nz = 28 and CS2
[[32m[1m INFO  [21m[0m] -----------------------------------------------------------------
[[32m[1m INFO  [21m[0m] Elapsed time: 1.36e+02 || Step number: 3800/30000
[[32m[1m INFO  [21m[0m] longdy = 6.68e-01      || longdy/dt = 8.36e-02  || dt = 7.63e-02
[[32m[1m INFO  [21m[0m] from nz = 27 and CS2
[[32m[1m INFO  [21m[0m] -----------------------------------------------------------------
[[32m[1m INFO  [21m[0m] Elapsed time: 1.43e+02 || Step number: 3900/30000
[[32m[1m INFO  [21m[0m] longdy = 6.54e-01      || longdy/dt = 8.43e-02  || dt = 1.41e-01
[[32m[1m INFO  [21m[0m] from nz = 26 and CS2
[[32m[1m INFO  [21m[0m] -----------------------------------------------------------------
[[32m[1m INFO  [21m[0m] Elapsed time: 1.52e+02 || Step number: 4000/30000
[[32m[1m INFO  [21m[0m] longdy = 6.42e-01      || longdy/dt = 7.87e-02  || dt = 1.26e-01
[[32m[1m INFO  [21m[0m] from nz = 26 and CS2
[[32m[1m INFO  [21m[0m] -----------------------------------------------------------------
[[32m[1m INFO  [21m[0m] Elapsed time: 1.60e+02 || Step number: 4100/30000
[[32m[1m INFO  [21m[0m] longdy = 5.99e-01      || longdy/dt = 7.61e-02  || dt = 1.06e-01
[[32m[1m INFO  [21m[0m] from nz = 26 and CS2
[[32m[1m INFO  [21m[0m] -----------------------------------------------------------------
[[32m[1m INFO  [21m[0m] Elapsed time: 1.68e+02 || Step number: 4200/30000
[[32m[1m INFO  [21m[0m] longdy = 5.76e-01      || longdy/dt = 7.20e-02  || dt = 1.00e-01
[[32m[1m INFO  [21m[0m] from nz = 26 and CS2
[[32m[1m INFO  [21m[0m] -----------------------------------------------------------------
[[32m[1m INFO  [21m[0m] Elapsed time: 1.76e+02 || Step number: 4300/30000
[[32m[1m INFO  [21m[0m] longdy = 5.58e-01      || longdy/dt = 6.79e-02  || dt = 1.41e-01
[[32m[1m INFO  [21m[0m] from nz = 27 and CS2
[[32m[1m INFO  [21m[0m] -----------------------------------------------------------------
[[32m[1m INFO  [21m[0m] Elapsed time: 1.84e+02 || Step number: 4400/30000
[[32m[1m INFO  [21m[0m] longdy = 5.18e-01      || longdy/dt = 6.62e-02  || dt = 9.31e-02
[[32m[1m INFO  [21m[0m] from nz = 27 and CS2
[[32m[1m INFO  [21m[0m] -----------------------------------------------------------------
[[32m[1m INFO  [21m[0m] Elapsed time: 1.92e+02 || Step number: 4500/30000
[[32m[1m INFO  [21m[0m] longdy = 4.93e-01      || longdy/dt = 6.39e-02  || dt = 1.22e-01
[[32m[1m INFO  [21m[0m] from nz = 27 and CS2
[[32m[1m INFO  [21m[0m] -----------------------------------------------------------------
[[32m[1m INFO  [21m[0m] Elapsed time: 2.00e+02 || Step number: 4600/30000
[[32m[1m INFO  [21m[0m] longdy = 4.87e-01      || longdy/dt = 6.05e-02  || dt = 9.10e-02
[[32m[1m INFO  [21m[0m] from nz = 27 and CS2
[[32m[1m INFO  [21m[0m] -----------------------------------------------------------------
[[32m[1m INFO  [21m[0m] Elapsed time: 2.08e+02 || Step number: 4700/30000
[[32m[1m INFO  [21m[0m] longdy = 4.78e-01      || longdy/dt = 5.74e-02  || dt = 7.76e-02
[[32m[1m INFO  [21m[0m] from nz = 27 and CS2
[[32m[1m INFO  [21m[0m] -----------------------------------------------------------------
[[32m[1m INFO  [21m[0m] Elapsed time: 2.17e+02 || Step number: 4800/30000
[[32m[1m INFO  [21m[0m] longdy = 4.53e-01      || longdy/dt = 5.51e-02  || dt = 1.32e-01
[[32m[1m INFO  [21m[0m] from nz = 27 and CS2
[[32m[1m INFO  [21m[0m] -----------------------------------------------------------------
[[32m[1m INFO  [21m[0m] Elapsed time: 2.25e+02 || Step number: 4900/30000
[[32m[1m INFO  [21m[0m] longdy = 4.38e-01      || longdy/dt = 5.25e-02  || dt = 1.04e-01
[[32m[1m INFO  [21m[0m] from nz = 27 and CS2
[[32m[1m INFO  [21m[0m] -----------------------------------------------------------------
[[32m[1m INFO  [21m[0m] Elapsed time: 2.32e+02 || Step number: 5000/30000
[[32m[1m INFO  [21m[0m] longdy = 3.79e-01      || longdy/dt = 5.18e-02  || dt = 6.14e-02
[[32m[1m INFO  [21m[0m] from nz = 27 and CS2
[[32m[1m INFO  [21m[0m] -----------------------------------------------------------------
[[32m[1m INFO  [21m[0m] Elapsed time: 2.40e+02 || Step number: 5100/30000
[[32m[1m INFO  [21m[0m] longdy = 3.73e-01      || longdy/dt = 4.93e-02  || dt = 9.54e-02
[[32m[1m INFO  [21m[0m] from nz = 27 and CS2
[[32m[1m INFO  [21m[0m] -----------------------------------------------------------------
[[32m[1m INFO  [21m[0m] Elapsed time: 2.48e+02 || Step number: 5200/30000
[[32m[1m INFO  [21m[0m] longdy = 3.80e-01      || longdy/dt = 4.62e-02  || dt = 7.55e-02
[[32m[1m INFO  [21m[0m] from nz = 27 and CS2
[[32m[1m INFO  [21m[0m] -----------------------------------------------------------------
[[32m[1m INFO  [21m[0m] Elapsed time: 2.57e+02 || Step number: 5300/30000
[[32m[1m INFO  [21m[0m] longdy = 3.69e-01      || longdy/dt = 4.38e-02  || dt = 7.01e-02
[[32m[1m INFO  [21m[0m] from nz = 27 and CS2
[[32m[1m INFO  [21m[0m] -----------------------------------------------------------------
[[32m[1m INFO  [21m[0m] Elapsed time: 2.65e+02 || Step number: 5400/30000
[[32m[1m INFO  [21m[0m] longdy = 3.32e-01      || longdy/dt = 4.24e-02  || dt = 8.81e-02
[[32m[1m INFO  [21m[0m] from nz = 28 and CS2
[[32m[1m INFO  [21m[0m] -----------------------------------------------------------------
[[32m[1m INFO  [21m[0m] Elapsed time: 2.73e+02 || Step number: 5500/30000
[[32m[1m INFO  [21m[0m] longdy = 3.35e-01      || longdy/dt = 4.05e-02  || dt = 1.33e-01
[[32m[1m INFO  [21m[0m] from nz = 28 and CS2
[[32m[1m INFO  [21m[0m] -----------------------------------------------------------------
[[32m[1m INFO  [21m[0m] Elapsed time: 2.77e+02 || Step number: 5600/30000
[[32m[1m INFO  [21m[0m] longdy = 1.56e-01      || longdy/dt = 4.38e-02  || dt = 1.30e-01
[[32m[1m INFO  [21m[0m] from nz = 28 and CS2
[[32m[1m INFO  [21m[0m] -----------------------------------------------------------------
[[32m[1m INFO  [21m[0m] Elapsed time: 2.80e+02 || Step number: 5700/30000
[[32m[1m INFO  [21m[0m] longdy = 1.42e-01      || longdy/dt = 4.34e-02  || dt = 6.73e-02
[[32m[1m INFO  [21m[0m] from nz = 28 and CS2
[[32m[1m INFO  [21m[0m] -----------------------------------------------------------------
[[32m[1m INFO  [21m[0m] Elapsed time: 2.88e+02 || Step number: 5800/30000
[[32m[1m INFO  [21m[0m] longdy = 3.03e-01      || longdy/dt = 3.80e-02  || dt = 1.89e-01
[[32m[1m INFO  [21m[0m] from nz = 28 and CS2
[[32m[1m INFO  [21m[0m] -----------------------------------------------------------------
[[32m[1m INFO  [21m[0m] Elapsed time: 2.97e+02 || Step number: 5900/30000
[[32m[1m INFO  [21m[0m] longdy = 2.99e-01      || longdy/dt = 3.64e-02  || dt = 1.69e-01
[[32m[1m INFO  [21m[0m] from nz = 28 and CS2
[[32m[1m INFO  [21m[0m] -----------------------------------------------------------------
[[32m[1m INFO  [21m[0m] Elapsed time: 3.04e+02 || Step number: 6000/30000
[[32m[1m INFO  [21m[0m] longdy = 2.76e-01      || longdy/dt = 3.55e-02  || dt = 9.01e-02
[[32m[1m INFO  [21m[0m] from nz = 24 and CS2
[[32m[1m INFO  [21m[0m] -----------------------------------------------------------------
[[32m[1m INFO  [21m[0m] Elapsed time: 3.13e+02 || Step number: 6100/30000
[[32m[1m INFO  [21m[0m] longdy = 2.89e-01      || longdy/dt = 3.40e-02  || dt = 1.16e-01
[[32m[1m INFO  [21m[0m] from nz = 24 and CS2
[[32m[1m INFO  [21m[0m] -----------------------------------------------------------------
[[32m[1m INFO  [21m[0m] Elapsed time: 3.17e+02 || Step number: 6200/30000
[[32m[1m INFO  [21m[0m] longdy = 1.30e-01      || longdy/dt = 3.65e-02  || dt = 8.61e-02
[[32m[1m INFO  [21m[0m] from nz = 24 and CS2
[[32m[1m INFO  [21m[0m] -----------------------------------------------------------------
[[32m[1m INFO  [21m[0m] Elapsed time: 3.21e+02 || Step number: 6300/30000
[[32m[1m INFO  [21m[0m] longdy = 1.61e-01      || longdy/dt = 3.52e-02  || dt = 2.63e-03
[[32m[1m INFO  [21m[0m] from nz = 24 and CS2
[[32m[1m INFO  [21m[0m] -----------------------------------------------------------------
[[32m[1m INFO  [21m[0m] Elapsed time: 3.28e+02 || Step number: 6400/30000
[[32m[1m INFO  [21m[0m] longdy = 9.91e-01      || longdy/dt = 1.58e-01  || dt = 2.63e-03
[[32m[1m INFO  [21m[0m] from nz = 1 and N2
[[32m[1m INFO  [21m[0m] -----------------------------------------------------------------
[[32m[1m INFO  [21m[0m] Elapsed time: 3.32e+02 || Step number: 6500/30000
[[32m[1m INFO  [21m[0m] longdy = 1.35e-01      || longdy/dt = 3.41e-02  || dt = 9.28e-02
[[32m[1m INFO  [21m[0m] from nz = 24 and CS2
[[32m[1m INFO  [21m[0m] -----------------------------------------------------------------
[[32m[1m INFO  [21m[0m] Elapsed time: 3.39e+02 || Step number: 6600/30000
[[32m[1m INFO  [21m[0m] longdy = 2.45e-01      || longdy/dt = 3.12e-02  || dt = 1.11e-01
[[32m[1m INFO  [21m[0m] from nz = 24 and CS2
[[32m[1m INFO  [21m[0m] -----------------------------------------------------------------
[[32m[1m INFO  [21m[0m] Elapsed time: 3.47e+02 || Step number: 6700/30000
[[32m[1m INFO  [21m[0m] longdy = 2.30e-01      || longdy/dt = 3.05e-02  || dt = 9.85e-02
[[32m[1m INFO  [21m[0m] from nz = 24 and CS2
[[32m[1m INFO  [21m[0m] -----------------------------------------------------------------
[[32m[1m INFO  [21m[0m] Elapsed time: 3.55e+02 || Step number: 6800/30000
[[32m[1m INFO  [21m[0m] longdy = 2.34e-01      || longdy/dt = 2.94e-02  || dt = 7.24e-02
[[32m[1m INFO  [21m[0m] from nz = 24 and CS2
[[32m[1m INFO  [21m[0m] -----------------------------------------------------------------
[[32m[1m INFO  [21m[0m] Elapsed time: 3.64e+02 || Step number: 6900/30000
[[32m[1m INFO  [21m[0m] longdy = 2.37e-01      || longdy/dt = 2.84e-02  || dt = 6.68e-02
[[32m[1m INFO  [21m[0m] from nz = 24 and CS2
[[32m[1m INFO  [21m[0m] -----------------------------------------------------------------
[[32m[1m INFO  [21m[0m] Elapsed time: 3.66e+02 || Step number: 7000/30000
[[32m[1m INFO  [21m[0m] longdy = 6.29e-02      || longdy/dt = 3.08e-02  || dt = 1.11e-01
[[32m[1m INFO  [21m[0m] from nz = 24 and C3H4
[[32m[1m INFO  [21m[0m] -----------------------------------------------------------------
[[32m[1m INFO  [21m[0m] Elapsed time: 3.74e+02 || Step number: 7100/30000
[[32m[1m INFO  [21m[0m] longdy = 2.21e-01      || longdy/dt = 2.77e-02  || dt = 9.10e-02
[[32m[1m INFO  [21m[0m] from nz = 24 and C3H4
[[32m[1m INFO  [21m[0m] -----------------------------------------------------------------
[[32m[1m INFO  [21m[0m] Elapsed time: 3.82e+02 || Step number: 7200/30000
[[32m[1m INFO  [21m[0m] longdy = 2.18e-01      || longdy/dt = 2.71e-02  || dt = 8.49e-02
[[32m[1m INFO  [21m[0m] from nz = 24 and C3H4
[[32m[1m INFO  [21m[0m] -----------------------------------------------------------------
[[32m[1m INFO  [21m[0m] Elapsed time: 3.89e+02 || Step number: 7300/30000
[[32m[1m INFO  [21m[0m] longdy = 1.00e+00      || longdy/dt = 1.37e-01  || dt = 2.63e-03
[[32m[1m INFO  [21m[0m] from nz = 1 and N2
[[32m[1m INFO  [21m[0m] -----------------------------------------------------------------
[[32m[1m INFO  [21m[0m] Elapsed time: 3.94e+02 || Step number: 7400/30000
[[32m[1m INFO  [21m[0m] longdy = 1.28e-01      || longdy/dt = 2.73e-02  || dt = 9.95e-02
[[32m[1m INFO  [21m[0m] from nz = 24 and C3H4
[[32m[1m INFO  [21m[0m] -----------------------------------------------------------------
[[32m[1m INFO  [21m[0m] Elapsed time: 3.97e+02 || Step number: 7500/30000
[[32m[1m INFO  [21m[0m] longdy = 9.47e-02      || longdy/dt = 2.75e-02  || dt = 1.14e-01
[[32m[1m INFO  [21m[0m] from nz = 24 and C3H4
[[32m[1m INFO  [21m[0m] -----------------------------------------------------------------
[[32m[1m INFO  [21m[0m] Elapsed time: 4.00e+02 || Step number: 7600/30000
[[32m[1m INFO  [21m[0m] longdy = 6.00e-02      || longdy/dt = 2.77e-02  || dt = 8.68e-02
[[32m[1m INFO  [21m[0m] from nz = 24 and C3H4
[[32m[1m INFO  [21m[0m] -----------------------------------------------------------------
[[32m[1m INFO  [21m[0m] Elapsed time: 4.08e+02 || Step number: 7700/30000
[[32m[1m INFO  [21m[0m] longdy = 1.00e+00      || longdy/dt = 1.19e-01  || dt = 2.63e-03
[[32m[1m INFO  [21m[0m] from nz = 1 and N2
[[32m[1m INFO  [21m[0m] -----------------------------------------------------------------
[[32m[1m INFO  [21m[0m] Elapsed time: 4.09e+02 || Step number: 7800/30000
[[32m[1m INFO  [21m[0m] longdy = 6.44e+00      || longdy/dt = 6.16e+00  || dt = 2.63e-03
[[32m[1m INFO  [21m[0m] from nz = 1 and N2
[[32m[1m INFO  [21m[0m] -----------------------------------------------------------------
[[32m[1m INFO  [21m[0m] Elapsed time: 4.13e+02 || Step number: 7900/30000
[[32m[1m INFO  [21m[0m] longdy = 1.11e-01      || longdy/dt = 2.59e-02  || dt = 7.15e-02
[[32m[1m INFO  [21m[0m] from nz = 24 and C3H4
[[32m[1m INFO  [21m[0m] -----------------------------------------------------------------
[[32m[1m INFO  [21m[0m] Elapsed time: 4.16e+02 || Step number: 8000/30000
[[32m[1m INFO  [21m[0m] longdy = 6.46e-02      || longdy/dt = 2.63e-02  || dt = 1.38e-01
[[32m[1m INFO  [21m[0m] from nz = 24 and C3H4
[[32m[1m INFO  [21m[0m] -----------------------------------------------------------------
[[32m[1m INFO  [21m[0m] Elapsed time: 4.24e+02 || Step number: 8100/30000
[[32m[1m INFO  [21m[0m] longdy = 1.94e-01      || longdy/dt = 2.40e-02  || dt = 6.99e-02
[[32m[1m INFO  [21m[0m] from nz = 24 and C3H4
[[32m[1m INFO  [21m[0m] -----------------------------------------------------------------
[[32m[1m INFO  [21m[0m] Elapsed time: 4.32e+02 || Step number: 8200/30000
[[32m[1m INFO  [21m[0m] longdy = 1.93e-01      || longdy/dt = 2.34e-02  || dt = 1.63e-01
[[32m[1m INFO  [21m[0m] from nz = 24 and C3H4
[[32m[1m INFO  [21m[0m] -----------------------------------------------------------------
[[32m[1m INFO  [21m[0m] Elapsed time: 4.41e+02 || Step number: 8300/30000
[[32m[1m INFO  [21m[0m] longdy = 2.01e-01      || longdy/dt = 2.32e-02  || dt = 9.84e-02
[[32m[1m INFO  [21m[0m] from nz = 25 and CS
[[32m[1m INFO  [21m[0m] -----------------------------------------------------------------
[[32m[1m INFO  [21m[0m] Elapsed time: 4.50e+02 || Step number: 8400/30000
[[32m[1m INFO  [21m[0m] longdy = 2.05e-01      || longdy/dt = 2.39e-02  || dt = 1.07e-01
[[32m[1m INFO  [21m[0m] from nz = 25 and CS
[[32m[1m INFO  [21m[0m] -----------------------------------------------------------------
[[32m[1m INFO  [21m[0m] Elapsed time: 4.58e+02 || Step number: 8500/30000
[[32m[1m INFO  [21m[0m] longdy = 2.12e-01      || longdy/dt = 2.47e-02  || dt = 1.01e-01
[[32m[1m INFO  [21m[0m] from nz = 25 and CS
[[32m[1m INFO  [21m[0m] -----------------------------------------------------------------
[[32m[1m INFO  [21m[0m] Elapsed time: 4.66e+02 || Step number: 8600/30000
[[32m[1m INFO  [21m[0m] longdy = 1.00e+00      || longdy/dt = 1.25e-01  || dt = 2.63e-03
[[32m[1m INFO  [21m[0m] from nz = 1 and N2
[[32m[1m INFO  [21m[0m] -----------------------------------------------------------------
[[32m[1m INFO  [21m[0m] Elapsed time: 4.71e+02 || Step number: 8700/30000
[[32m[1m INFO  [21m[0m] longdy = 1.04e-01      || longdy/dt = 2.17e-02  || dt = 8.88e-02
[[32m[1m INFO  [21m[0m] from nz = 24 and C3H4
[[32m[1m INFO  [21m[0m] -----------------------------------------------------------------
[[32m[1m INFO  [21m[0m] Elapsed time: 4.74e+02 || Step number: 8800/30000
[[32m[1m INFO  [21m[0m] longdy = 5.22e-02      || longdy/dt = 2.21e-02  || dt = 8.35e-02
[[32m[1m INFO  [21m[0m] from nz = 24 and C3H4
[[32m[1m INFO  [21m[0m] -----------------------------------------------------------------
[[32m[1m INFO  [21m[0m] Elapsed time: 4.82e+02 || Step number: 8900/30000
[[32m[1m INFO  [21m[0m] longdy = 1.75e-01      || longdy/dt = 2.07e-02  || dt = 1.24e-01
[[32m[1m INFO  [21m[0m] from nz = 26 and CS
[[32m[1m INFO  [21m[0m] -----------------------------------------------------------------
[[32m[1m INFO  [21m[0m] Elapsed time: 4.88e+02 || Step number: 9000/30000
[[32m[1m INFO  [21m[0m] longdy = 1.28e-01      || longdy/dt = 2.08e-02  || dt = 2.63e-03
[[32m[1m INFO  [21m[0m] from nz = 26 and CS
[[32m[1m INFO  [21m[0m] -----------------------------------------------------------------
[[32m[1m INFO  [21m[0m] Elapsed time: 4.94e+02 || Step number: 9100/30000
[[32m[1m INFO  [21m[0m] longdy = 1.16e-01      || longdy/dt = 2.10e-02  || dt = 1.07e-01
[[32m[1m INFO  [21m[0m] from nz = 26 and CS
[[32m[1m INFO  [21m[0m] -----------------------------------------------------------------
[[32m[1m INFO  [21m[0m] Elapsed time: 5.03e+02 || Step number: 9200/30000
[[32m[1m INFO  [21m[0m] longdy = 1.89e-01      || longdy/dt = 2.22e-02  || dt = 9.92e-02
[[32m[1m INFO  [21m[0m] from nz = 26 and CS
[[32m[1m INFO  [21m[0m] -----------------------------------------------------------------
[[32m[1m INFO  [21m[0m] Elapsed time: 5.11e+02 || Step number: 9300/30000
[[32m[1m INFO  [21m[0m] longdy = 1.83e-01      || longdy/dt = 2.26e-02  || dt = 1.15e-01
[[32m[1m INFO  [21m[0m] from nz = 26 and CS
[[32m[1m INFO  [21m[0m] -----------------------------------------------------------------
[[32m[1m INFO  [21m[0m] Elapsed time: 5.19e+02 || Step number: 9400/30000
[[32m[1m INFO  [21m[0m] longdy = 1.93e-01      || longdy/dt = 2.32e-02  || dt = 6.81e-02
[[32m[1m INFO  [21m[0m] from nz = 26 and CS
[[32m[1m INFO  [21m[0m] -----------------------------------------------------------------
[[32m[1m INFO  [21m[0m] Elapsed time: 5.27e+02 || Step number: 9500/30000
[[32m[1m INFO  [21m[0m] longdy = 1.90e-01      || longdy/dt = 2.36e-02  || dt = 7.85e-02
[[32m[1m INFO  [21m[0m] from nz = 26 and CS
[[32m[1m INFO  [21m[0m] -----------------------------------------------------------------
[[32m[1m INFO  [21m[0m] Elapsed time: 5.36e+02 || Step number: 9600/30000
[[32m[1m INFO  [21m[0m] longdy = 2.05e-01      || longdy/dt = 2.42e-02  || dt = 5.85e-02
[[32m[1m INFO  [21m[0m] from nz = 26 and CS
[[32m[1m INFO  [21m[0m] -----------------------------------------------------------------
[[32m[1m INFO  [21m[0m] Elapsed time: 5.44e+02 || Step number: 9700/30000
[[32m[1m INFO  [21m[0m] longdy = 1.95e-01      || longdy/dt = 2.44e-02  || dt = 1.11e-01
[[32m[1m INFO  [21m[0m] from nz = 26 and CS
[[32m[1m INFO  [21m[0m] -----------------------------------------------------------------
[[32m[1m INFO  [21m[0m] Elapsed time: 5.52e+02 || Step number: 9800/30000
[[32m[1m INFO  [21m[0m] longdy = 1.92e-01      || longdy/dt = 2.48e-02  || dt = 1.09e-01
[[32m[1m INFO  [21m[0m] from nz = 26 and CS
[[32m[1m INFO  [21m[0m] -----------------------------------------------------------------
[[32m[1m INFO  [21m[0m] Elapsed time: 5.61e+02 || Step number: 9900/30000
[[32m[1m INFO  [21m[0m] longdy = 2.25e-01      || longdy/dt = 2.55e-02  || dt = 1.23e-01
[[32m[1m INFO  [21m[0m] from nz = 26 and CS
[[32m[1m INFO  [21m[0m] -----------------------------------------------------------------
[[32m[1m INFO  [21m[0m] Elapsed time: 5.65e+02 || Step number: 10000/30000
[[32m[1m INFO  [21m[0m] longdy = 9.67e-02      || longdy/dt = 2.43e-02  || dt = 2.63e-03
[[32m[1m INFO  [21m[0m] from nz = 26 and CS
[[32m[1m INFO  [21m[0m] -----------------------------------------------------------------
[[32m[1m INFO  [21m[0m] Elapsed time: 5.66e+02 || Step number: 10100/30000
[[32m[1m INFO  [21m[0m] longdy = 2.18e-02      || longdy/dt = 2.35e-02  || dt = 4.20e-02
[[32m[1m INFO  [21m[0m] from nz = 26 and CS
[[32m[1m INFO  [21m[0m] -----------------------------------------------------------------
[[32m[1m INFO  [21m[0m] Elapsed time: 5.74e+02 || Step number: 10200/30000
[[32m[1m INFO  [21m[0m] longdy = 2.13e-01      || longdy/dt = 2.58e-02  || dt = 1.08e-01
[[32m[1m INFO  [21m[0m] from nz = 26 and CS
[[32m[1m INFO  [21m[0m] -----------------------------------------------------------------
[[32m[1m INFO  [21m[0m] Elapsed time: 5.82e+02 || Step number: 10300/30000
[[32m[1m INFO  [21m[0m] longdy = 2.11e-01      || longdy/dt = 2.61e-02  || dt = 1.40e-01
[[32m[1m INFO  [21m[0m] from nz = 26 and CS
[[32m[1m INFO  [21m[0m] -----------------------------------------------------------------
[[32m[1m INFO  [21m[0m] Elapsed time: 5.86e+02 || Step number: 10400/30000
[[32m[1m INFO  [21m[0m] longdy = 1.02e-01      || longdy/dt = 2.50e-02  || dt = 2.63e-03
[[32m[1m INFO  [21m[0m] from nz = 26 and CS
[[32m[1m INFO  [21m[0m] -----------------------------------------------------------------
[[32m[1m INFO  [21m[0m] Elapsed time: 5.90e+02 || Step number: 10500/30000
[[32m[1m INFO  [21m[0m] longdy = 7.96e-02      || longdy/dt = 2.49e-02  || dt = 1.48e-01
[[32m[1m INFO  [21m[0m] from nz = 26 and CS
[[32m[1m INFO  [21m[0m] -----------------------------------------------------------------
[[32m[1m INFO  [21m[0m] Elapsed time: 5.94e+02 || Step number: 10600/30000
[[32m[1m INFO  [21m[0m] longdy = 1.02e-01      || longdy/dt = 2.53e-02  || dt = 1.05e-02
[[32m[1m INFO  [21m[0m] from nz = 26 and CS
[[32m[1m INFO  [21m[0m] -----------------------------------------------------------------
[[32m[1m INFO  [21m[0m] Elapsed time: 6.02e+02 || Step number: 10700/30000
[[32m[1m INFO  [21m[0m] longdy = 2.20e-01      || longdy/dt = 2.68e-02  || dt = 1.31e-01
[[32m[1m INFO  [21m[0m] from nz = 26 and CS
[[32m[1m INFO  [21m[0m] -----------------------------------------------------------------
[[32m[1m INFO  [21m[0m] Elapsed time: 6.10e+02 || Step number: 10800/30000
[[32m[1m INFO  [21m[0m] longdy = 2.22e-01      || longdy/dt = 2.70e-02  || dt = 1.14e-01
[[32m[1m INFO  [21m[0m] from nz = 26 and CS
[[32m[1m INFO  [21m[0m] -----------------------------------------------------------------
[[32m[1m INFO  [21m[0m] Elapsed time: 6.13e+02 || Step number: 10900/30000
[[32m[1m INFO  [21m[0m] longdy = 6.95e-02      || longdy/dt = 2.54e-02  || dt = 8.87e-02
[[32m[1m INFO  [21m[0m] from nz = 26 and CS
[[32m[1m INFO  [21m[0m] -----------------------------------------------------------------
[[32m[1m INFO  [21m[0m] Elapsed time: 6.21e+02 || Step number: 11000/30000
[[32m[1m INFO  [21m[0m] longdy = 2.22e-01      || longdy/dt = 2.73e-02  || dt = 7.93e-02
[[32m[1m INFO  [21m[0m] from nz = 26 and CS
[[32m[1m INFO  [21m[0m] -----------------------------------------------------------------
[[32m[1m INFO  [21m[0m] Elapsed time: 6.30e+02 || Step number: 11100/30000
[[32m[1m INFO  [21m[0m] longdy = 2.28e-01      || longdy/dt = 2.75e-02  || dt = 7.35e-02
[[32m[1m INFO  [21m[0m] from nz = 26 and CS
[[32m[1m INFO  [21m[0m] -----------------------------------------------------------------
[[32m[1m INFO  [21m[0m] Elapsed time: 6.31e+02 || Step number: 11200/30000
[[32m[1m INFO  [21m[0m] longdy = 1.00e+00      || longdy/dt = 6.82e-01  || dt = 2.63e-03
[[32m[1m INFO  [21m[0m] from nz = 1 and N2
[[32m[1m INFO  [21m[0m] -----------------------------------------------------------------
[[32m[1m INFO  [21m[0m] Elapsed time: 6.35e+02 || Step number: 11300/30000
[[32m[1m INFO  [21m[0m] longdy = 8.54e-02      || longdy/dt = 2.60e-02  || dt = 9.39e-02
[[32m[1m INFO  [21m[0m] from nz = 26 and CS
[[32m[1m INFO  [21m[0m] -----------------------------------------------------------------
[[32m[1m INFO  [21m[0m] Elapsed time: 6.38e+02 || Step number: 11400/30000
[[32m[1m INFO  [21m[0m] longdy = 9.53e-02      || longdy/dt = 2.61e-02  || dt = 2.63e-03
[[32m[1m INFO  [21m[0m] from nz = 26 and CS
[[32m[1m INFO  [21m[0m] -----------------------------------------------------------------
[[32m[1m INFO  [21m[0m] Elapsed time: 6.45e+02 || Step number: 11500/30000
[[32m[1m INFO  [21m[0m] longdy = 1.82e-01      || longdy/dt = 2.73e-02  || dt = 1.00e-01
[[32m[1m INFO  [21m[0m] from nz = 26 and CS
[[32m[1m INFO  [21m[0m] -----------------------------------------------------------------
[[32m[1m INFO  [21m[0m] Elapsed time: 6.53e+02 || Step number: 11600/30000
[[32m[1m INFO  [21m[0m] longdy = 2.32e-01      || longdy/dt = 2.80e-02  || dt = 1.31e-01
[[32m[1m INFO  [21m[0m] from nz = 26 and CS
[[32m[1m INFO  [21m[0m] -----------------------------------------------------------------
[[32m[1m INFO  [21m[0m] Elapsed time: 6.62e+02 || Step number: 11700/30000
[[32m[1m INFO  [21m[0m] longdy = 2.38e-01      || longdy/dt = 2.82e-02  || dt = 1.06e-01
[[32m[1m INFO  [21m[0m] from nz = 26 and CS
[[32m[1m INFO  [21m[0m] -----------------------------------------------------------------
[[32m[1m INFO  [21m[0m] Elapsed time: 6.71e+02 || Step number: 11800/30000
[[32m[1m INFO  [21m[0m] longdy = 2.47e-01      || longdy/dt = 2.84e-02  || dt = 9.02e-02
[[32m[1m INFO  [21m[0m] from nz = 26 and CS
[[32m[1m INFO  [21m[0m] -----------------------------------------------------------------
[[32m[1m INFO  [21m[0m] Elapsed time: 6.79e+02 || Step number: 11900/30000
[[32m[1m INFO  [21m[0m] longdy = 2.43e-01      || longdy/dt = 2.84e-02  || dt = 1.48e-01
[[32m[1m INFO  [21m[0m] from nz = 26 and CS
[[32m[1m INFO  [21m[0m] -----------------------------------------------------------------
[[32m[1m INFO  [21m[0m] Elapsed time: 6.88e+02 || Step number: 12000/30000
[[32m[1m INFO  [21m[0m] longdy = 2.43e-01      || longdy/dt = 2.85e-02  || dt = 7.04e-02
[[32m[1m INFO  [21m[0m] from nz = 26 and CS
[[32m[1m INFO  [21m[0m] -----------------------------------------------------------------
[[32m[1m INFO  [21m[0m] Elapsed time: 6.97e+02 || Step number: 12100/30000
[[32m[1m INFO  [21m[0m] longdy = 2.51e-01      || longdy/dt = 2.87e-02  || dt = 9.03e-02
[[32m[1m INFO  [21m[0m] from nz = 26 and CS
[[32m[1m INFO  [21m[0m] -----------------------------------------------------------------
[[32m[1m INFO  [21m[0m] Elapsed time: 7.05e+02 || Step number: 12200/30000
[[32m[1m INFO  [21m[0m] longdy = 2.41e-01      || longdy/dt = 2.86e-02  || dt = 9.55e-02
[[32m[1m INFO  [21m[0m] from nz = 26 and CS
[[32m[1m INFO  [21m[0m] -----------------------------------------------------------------
[[32m[1m INFO  [21m[0m] Elapsed time: 7.14e+02 || Step number: 12300/30000
[[32m[1m INFO  [21m[0m] longdy = 2.34e-01      || longdy/dt = 2.86e-02  || dt = 1.06e-01
[[32m[1m INFO  [21m[0m] from nz = 26 and CS
[[32m[1m INFO  [21m[0m] -----------------------------------------------------------------
[[32m[1m INFO  [21m[0m] Elapsed time: 7.15e+02 || Step number: 12400/30000
[[32m[1m INFO  [21m[0m] longdy = 4.54e-02      || longdy/dt = 2.62e-02  || dt = 1.19e-01
[[32m[1m INFO  [21m[0m] from nz = 26 and CS
[[32m[1m INFO  [21m[0m] -----------------------------------------------------------------
[[32m[1m INFO  [21m[0m] Elapsed time: 7.24e+02 || Step number: 12500/30000
[[32m[1m INFO  [21m[0m] longdy = 2.37e-01      || longdy/dt = 2.86e-02  || dt = 1.25e-01
[[32m[1m INFO  [21m[0m] from nz = 26 and CS
[[32m[1m INFO  [21m[0m] -----------------------------------------------------------------
[[32m[1m INFO  [21m[0m] Elapsed time: 7.32e+02 || Step number: 12600/30000
[[32m[1m INFO  [21m[0m] longdy = 2.45e-01      || longdy/dt = 2.87e-02  || dt = 1.25e-01
[[32m[1m INFO  [21m[0m] from nz = 26 and CS
[[32m[1m INFO  [21m[0m] -----------------------------------------------------------------
[[32m[1m INFO  [21m[0m] Elapsed time: 7.34e+02 || Step number: 12700/30000
[[32m[1m INFO  [21m[0m] longdy = 5.25e-02      || longdy/dt = 2.63e-02  || dt = 7.84e-02
[[32m[1m INFO  [21m[0m] from nz = 26 and CS
[[32m[1m INFO  [21m[0m] -----------------------------------------------------------------
[[32m[1m INFO  [21m[0m] Elapsed time: 7.43e+02 || Step number: 12800/30000
[[32m[1m INFO  [21m[0m] longdy = 2.49e-01      || longdy/dt = 2.87e-02  || dt = 1.53e-01
[[32m[1m INFO  [21m[0m] from nz = 26 and CS
[[32m[1m INFO  [21m[0m] -----------------------------------------------------------------
[[32m[1m INFO  [21m[0m] Elapsed time: 7.52e+02 || Step number: 12900/30000
[[32m[1m INFO  [21m[0m] longdy = 2.51e-01      || longdy/dt = 2.87e-02  || dt = 1.07e-01
[[32m[1m INFO  [21m[0m] from nz = 26 and CS
[[32m[1m INFO  [21m[0m] -----------------------------------------------------------------
[[32m[1m INFO  [21m[0m] Elapsed time: 7.61e+02 || Step number: 13000/30000
[[32m[1m INFO  [21m[0m] longdy = 1.00e+00      || longdy/dt = 1.19e-01  || dt = 2.62e-03
[[32m[1m INFO  [21m[0m] from nz = 1 and N2
[[32m[1m INFO  [21m[0m] -----------------------------------------------------------------
[[32m[1m INFO  [21m[0m] Elapsed time: 7.65e+02 || Step number: 13100/30000
[[32m[1m INFO  [21m[0m] longdy = 1.05e-01      || longdy/dt = 2.68e-02  || dt = 1.24e-01
[[32m[1m INFO  [21m[0m] from nz = 26 and CS
[[32m[1m INFO  [21m[0m] -----------------------------------------------------------------
[[32m[1m INFO  [21m[0m] Elapsed time: 7.68e+02 || Step number: 13200/30000
[[32m[1m INFO  [21m[0m] longdy = 7.80e-02      || longdy/dt = 2.36e-02  || dt = 1.14e-01
[[32m[1m INFO  [21m[0m] from nz = 27 and CS
[[32m[1m INFO  [21m[0m] -----------------------------------------------------------------
[[32m[1m INFO  [21m[0m] Elapsed time: 7.76e+02 || Step number: 13300/30000
[[32m[1m INFO  [21m[0m] longdy = 2.11e-01      || longdy/dt = 2.50e-02  || dt = 1.31e-01
[[32m[1m INFO  [21m[0m] from nz = 27 and CS
[[32m[1m INFO  [21m[0m] -----------------------------------------------------------------
[[32m[1m INFO  [21m[0m] Elapsed time: 7.83e+02 || Step number: 13400/30000
[[32m[1m INFO  [21m[0m] longdy = 1.56e-01      || longdy/dt = 2.45e-02  || dt = 2.63e-03
[[32m[1m INFO  [21m[0m] from nz = 27 and CS
[[32m[1m INFO  [21m[0m] -----------------------------------------------------------------
[[32m[1m INFO  [21m[0m] Elapsed time: 7.90e+02 || Step number: 13500/30000
[[32m[1m INFO  [21m[0m] longdy = 1.87e-01      || longdy/dt = 2.49e-02  || dt = 1.07e-01
[[32m[1m INFO  [21m[0m] from nz = 27 and CS
[[32m[1m INFO  [21m[0m] -----------------------------------------------------------------
[[32m[1m INFO  [21m[0m] Elapsed time: 7.99e+02 || Step number: 13600/30000
[[32m[1m INFO  [21m[0m] longdy = 2.14e-01      || longdy/dt = 2.52e-02  || dt = 9.28e-02
[[32m[1m INFO  [21m[0m] from nz = 27 and CS
[[32m[1m INFO  [21m[0m] -----------------------------------------------------------------
[[32m[1m INFO  [21m[0m] Elapsed time: 8.07e+02 || Step number: 13700/30000
[[32m[1m INFO  [21m[0m] longdy = 2.08e-01      || longdy/dt = 2.52e-02  || dt = 7.18e-02
[[32m[1m INFO  [21m[0m] from nz = 27 and CS
[[32m[1m INFO  [21m[0m] -----------------------------------------------------------------
[[32m[1m INFO  [21m[0m] Elapsed time: 8.10e+02 || Step number: 13800/30000
[[32m[1m INFO  [21m[0m] longdy = 5.03e-02      || longdy/dt = 2.34e-02  || dt = 1.13e-01
[[32m[1m INFO  [21m[0m] from nz = 27 and CS
[[32m[1m INFO  [21m[0m] -----------------------------------------------------------------
[[32m[1m INFO  [21m[0m] Elapsed time: 8.12e+02 || Step number: 13900/30000
[[32m[1m INFO  [21m[0m] longdy = 6.60e-02      || longdy/dt = 2.36e-02  || dt = 1.04e-01
[[32m[1m INFO  [21m[0m] from nz = 27 and CS
[[32m[1m INFO  [21m[0m] -----------------------------------------------------------------
[[32m[1m INFO  [21m[0m] Elapsed time: 8.21e+02 || Step number: 14000/30000
[[32m[1m INFO  [21m[0m] longdy = 2.14e-01      || longdy/dt = 2.53e-02  || dt = 1.52e-01
[[32m[1m INFO  [21m[0m] from nz = 27 and CS
[[32m[1m INFO  [21m[0m] -----------------------------------------------------------------
[[32m[1m INFO  [21m[0m] Elapsed time: 8.24e+02 || Step number: 14100/30000
[[32m[1m INFO  [21m[0m] longdy = 7.80e-02      || longdy/dt = 2.38e-02  || dt = 8.39e-02
[[32m[1m INFO  [21m[0m] from nz = 27 and CS
[[32m[1m INFO  [21m[0m] -----------------------------------------------------------------
[[32m[1m INFO  [21m[0m] Elapsed time: 8.32e+02 || Step number: 14200/30000
[[32m[1m INFO  [21m[0m] longdy = 1.00e+00      || longdy/dt = 1.35e-01  || dt = 2.63e-03
[[32m[1m INFO  [21m[0m] from nz = 1 and N2
[[32m[1m INFO  [21m[0m] -----------------------------------------------------------------
[[32m[1m INFO  [21m[0m] Elapsed time: 8.36e+02 || Step number: 14300/30000
[[32m[1m INFO  [21m[0m] longdy = 9.51e-02      || longdy/dt = 2.40e-02  || dt = 1.50e-01
[[32m[1m INFO  [21m[0m] from nz = 27 and CS
[[32m[1m INFO  [21m[0m] -----------------------------------------------------------------
[[32m[1m INFO  [21m[0m] Elapsed time: 8.38e+02 || Step number: 14400/30000
[[32m[1m INFO  [21m[0m] longdy = 5.32e-02      || longdy/dt = 2.35e-02  || dt = 2.63e-03
[[32m[1m INFO  [21m[0m] from nz = 27 and CS
[[32m[1m INFO  [21m[0m] -----------------------------------------------------------------
[[32m[1m INFO  [21m[0m] Elapsed time: 8.46e+02 || Step number: 14500/30000
[[32m[1m INFO  [21m[0m] longdy = 1.98e-01      || longdy/dt = 2.51e-02  || dt = 1.07e-01
[[32m[1m INFO  [21m[0m] from nz = 27 and CS
[[32m[1m INFO  [21m[0m] -----------------------------------------------------------------
[[32m[1m INFO  [21m[0m] Elapsed time: 8.49e+02 || Step number: 14600/30000
[[32m[1m INFO  [21m[0m] longdy = 6.60e-02      || longdy/dt = 2.37e-02  || dt = 1.24e-01
[[32m[1m INFO  [21m[0m] from nz = 27 and CS
[[32m[1m INFO  [21m[0m] -----------------------------------------------------------------
[[32m[1m INFO  [21m[0m] Elapsed time: 8.58e+02 || Step number: 14700/30000
[[32m[1m INFO  [21m[0m] longdy = 2.16e-01      || longdy/dt = 2.53e-02  || dt = 1.23e-01
[[32m[1m INFO  [21m[0m] from nz = 27 and CS
[[32m[1m INFO  [21m[0m] -----------------------------------------------------------------
[[32m[1m INFO  [21m[0m] Elapsed time: 8.66e+02 || Step number: 14800/30000
[[32m[1m INFO  [21m[0m] longdy = 2.23e-01      || longdy/dt = 2.54e-02  || dt = 9.85e-02
[[32m[1m INFO  [21m[0m] from nz = 27 and CS
[[32m[1m INFO  [21m[0m] -----------------------------------------------------------------
[[32m[1m INFO  [21m[0m] Elapsed time: 8.75e+02 || Step number: 14900/30000
[[32m[1m INFO  [21m[0m] longdy = 2.14e-01      || longdy/dt = 2.52e-02  || dt = 1.17e-01
[[32m[1m INFO  [21m[0m] from nz = 27 and CS
[[32m[1m INFO  [21m[0m] -----------------------------------------------------------------
[[32m[1m INFO  [21m[0m] Elapsed time: 8.84e+02 || Step number: 15000/30000
[[32m[1m INFO  [21m[0m] longdy = 2.27e-01      || longdy/dt = 2.53e-02  || dt = 1.44e-01
[[32m[1m INFO  [21m[0m] from nz = 27 and CS
[[32m[1m INFO  [21m[0m] -----------------------------------------------------------------
[[32m[1m INFO  [21m[0m] Elapsed time: 8.92e+02 || Step number: 15100/30000
[[32m[1m INFO  [21m[0m] longdy = 1.00e+00      || longdy/dt = 1.22e-01  || dt = 2.63e-03
[[32m[1m INFO  [21m[0m] from nz = 1 and N2
[[32m[1m INFO  [21m[0m] -----------------------------------------------------------------
[[32m[1m INFO  [21m[0m] Elapsed time: 8.95e+02 || Step number: 15200/30000
[[32m[1m INFO  [21m[0m] longdy = 2.08e-01      || longdy/dt = 8.81e-02  || dt = 2.63e-03
[[32m[1m INFO  [21m[0m] from nz = 1 and N2
[[32m[1m INFO  [21m[0m] -----------------------------------------------------------------
[[32m[1m INFO  [21m[0m] Elapsed time: 8.95e+02 || Step number: 15300/30000
[[32m[1m INFO  [21m[0m] longdy = 1.43e+01      || longdy/dt = 2.35e+01  || dt = 2.63e-03
[[32m[1m INFO  [21m[0m] from nz = 1 and N2
[[32m[1m INFO  [21m[0m] -----------------------------------------------------------------
[[32m[1m INFO  [21m[0m] Elapsed time: 9.00e+02 || Step number: 15400/30000
[[32m[1m INFO  [21m[0m] longdy = 1.15e-01      || longdy/dt = 2.40e-02  || dt = 1.06e-01
[[32m[1m INFO  [21m[0m] from nz = 27 and CS
[[32m[1m INFO  [21m[0m] -----------------------------------------------------------------
[[32m[1m INFO  [21m[0m] Elapsed time: 9.09e+02 || Step number: 15500/30000
[[32m[1m INFO  [21m[0m] longdy = 2.20e-01      || longdy/dt = 2.51e-02  || dt = 1.10e-01
[[32m[1m INFO  [21m[0m] from nz = 27 and CS
[[32m[1m INFO  [21m[0m] -----------------------------------------------------------------
[[32m[1m INFO  [21m[0m] Elapsed time: 9.17e+02 || Step number: 15600/30000
[[32m[1m INFO  [21m[0m] longdy = 1.00e+00      || longdy/dt = 1.31e-01  || dt = 2.63e-03
[[32m[1m INFO  [21m[0m] from nz = 1 and N2
[[32m[1m INFO  [21m[0m] -----------------------------------------------------------------
[[32m[1m INFO  [21m[0m] Elapsed time: 9.21e+02 || Step number: 15700/30000
[[32m[1m INFO  [21m[0m] longdy = 1.05e-01      || longdy/dt = 2.38e-02  || dt = 7.57e-02
[[32m[1m INFO  [21m[0m] from nz = 27 and CS
[[32m[1m INFO  [21m[0m] -----------------------------------------------------------------
[[32m[1m INFO  [21m[0m] Elapsed time: 9.25e+02 || Step number: 15800/30000
[[32m[1m INFO  [21m[0m] longdy = 8.25e-02      || longdy/dt = 2.35e-02  || dt = 1.02e-01
[[32m[1m INFO  [21m[0m] from nz = 27 and CS
[[32m[1m INFO  [21m[0m] -----------------------------------------------------------------
[[32m[1m INFO  [21m[0m] Elapsed time: 9.34e+02 || Step number: 15900/30000
[[32m[1m INFO  [21m[0m] longdy = 2.20e-01      || longdy/dt = 2.49e-02  || dt = 1.35e-01
[[32m[1m INFO  [21m[0m] from nz = 27 and CS
[[32m[1m INFO  [21m[0m] -----------------------------------------------------------------
[[32m[1m INFO  [21m[0m] Elapsed time: 9.36e+02 || Step number: 16000/30000
[[32m[1m INFO  [21m[0m] longdy = 5.87e-02      || longdy/dt = 2.31e-02  || dt = 2.63e-03
[[32m[1m INFO  [21m[0m] from nz = 27 and CS
[[32m[1m INFO  [21m[0m] -----------------------------------------------------------------
[[32m[1m INFO  [21m[0m] Elapsed time: 9.39e+02 || Step number: 16100/30000
[[32m[1m INFO  [21m[0m] longdy = 6.65e-02      || longdy/dt = 2.32e-02  || dt = 1.37e-01
[[32m[1m INFO  [21m[0m] from nz = 27 and CS
[[32m[1m INFO  [21m[0m] -----------------------------------------------------------------
[[32m[1m INFO  [21m[0m] Elapsed time: 9.47e+02 || Step number: 16200/30000
[[32m[1m INFO  [21m[0m] longdy = 1.00e+00      || longdy/dt = 1.29e-01  || dt = 2.63e-03
[[32m[1m INFO  [21m[0m] from nz = 1 and N2
[[32m[1m INFO  [21m[0m] -----------------------------------------------------------------
[[32m[1m INFO  [21m[0m] Elapsed time: 9.49e+02 || Step number: 16300/30000
[[32m[1m INFO  [21m[0m] longdy = 5.97e-02      || longdy/dt = 2.30e-02  || dt = 9.17e-02
[[32m[1m INFO  [21m[0m] from nz = 27 and CS
[[32m[1m INFO  [21m[0m] -----------------------------------------------------------------
[[32m[1m INFO  [21m[0m] Elapsed time: 9.57e+02 || Step number: 16400/30000
[[32m[1m INFO  [21m[0m] longdy = 1.00e+00      || longdy/dt = 1.25e-01  || dt = 2.63e-03
[[32m[1m INFO  [21m[0m] from nz = 1 and N2
[[32m[1m INFO  [21m[0m] -----------------------------------------------------------------
[[32m[1m INFO  [21m[0m] Elapsed time: 9.61e+02 || Step number: 16500/30000
[[32m[1m INFO  [21m[0m] longdy = 5.58e+00      || longdy/dt = 1.73e+00  || dt = 2.61e-03
[[32m[1m INFO  [21m[0m] from nz = 1 and N2
[[32m[1m INFO  [21m[0m] -----------------------------------------------------------------
[[32m[1m INFO  [21m[0m] Elapsed time: 9.66e+02 || Step number: 16600/30000
[[32m[1m INFO  [21m[0m] longdy = 1.12e-01      || longdy/dt = 2.34e-02  || dt = 1.35e-01
[[32m[1m INFO  [21m[0m] from nz = 27 and CS
[[32m[1m INFO  [21m[0m] -----------------------------------------------------------------
[[32m[1m INFO  [21m[0m] Elapsed time: 9.67e+02 || Step number: 16700/30000
[[32m[1m INFO  [21m[0m] longdy = 1.00e+00      || longdy/dt = 5.73e-01  || dt = 2.63e-03
[[32m[1m INFO  [21m[0m] from nz = 1 and N2
[[32m[1m INFO  [21m[0m] -----------------------------------------------------------------
[[32m[1m INFO  [21m[0m] Elapsed time: 9.69e+02 || Step number: 16800/30000
[[32m[1m INFO  [21m[0m] longdy = 2.88e-02      || longdy/dt = 2.24e-02  || dt = 2.63e-03
[[32m[1m INFO  [21m[0m] from nz = 27 and CS
[[32m[1m INFO  [21m[0m] -----------------------------------------------------------------
[[32m[1m INFO  [21m[0m] Elapsed time: 9.71e+02 || Step number: 16900/30000
[[32m[1m INFO  [21m[0m] longdy = 5.38e-02      || longdy/dt = 2.26e-02  || dt = 2.10e-02
[[32m[1m INFO  [21m[0m] from nz = 27 and CS
[[32m[1m INFO  [21m[0m] -----------------------------------------------------------------
[[32m[1m INFO  [21m[0m] Elapsed time: 9.77e+02 || Step number: 17000/30000
[[32m[1m INFO  [21m[0m] longdy = 1.45e-01      || longdy/dt = 2.35e-02  || dt = 2.63e-03
[[32m[1m INFO  [21m[0m] from nz = 27 and CS
[[32m[1m INFO  [21m[0m] -----------------------------------------------------------------
[[32m[1m INFO  [21m[0m] Elapsed time: 9.83e+02 || Step number: 17100/30000
[[32m[1m INFO  [21m[0m] longdy = 1.24e-01      || longdy/dt = 2.32e-02  || dt = 1.25e-01
[[32m[1m INFO  [21m[0m] from nz = 27 and CS
[[32m[1m INFO  [21m[0m] -----------------------------------------------------------------
[[32m[1m INFO  [21m[0m] Elapsed time: 9.85e+02 || Step number: 17200/30000
[[32m[1m INFO  [21m[0m] longdy = 5.79e-02      || longdy/dt = 2.24e-02  || dt = 1.42e-01
[[32m[1m INFO  [21m[0m] from nz = 27 and CS
[[32m[1m INFO  [21m[0m] -----------------------------------------------------------------
[[32m[1m INFO  [21m[0m] Elapsed time: 9.89e+02 || Step number: 17300/30000
[[32m[1m INFO  [21m[0m] longdy = 7.08e-02      || longdy/dt = 2.25e-02  || dt = 1.49e-01
[[32m[1m INFO  [21m[0m] from nz = 27 and CS
[[32m[1m INFO  [21m[0m] -----------------------------------------------------------------
[[32m[1m INFO  [21m[0m] Elapsed time: 9.96e+02 || Step number: 17400/30000
[[32m[1m INFO  [21m[0m] longdy = 1.00e+00      || longdy/dt = 1.33e-01  || dt = 2.63e-03
[[32m[1m INFO  [21m[0m] from nz = 1 and N2
[[32m[1m INFO  [21m[0m] -----------------------------------------------------------------
[[32m[1m INFO  [21m[0m] Elapsed time: 9.98e+02 || Step number: 17500/30000
[[32m[1m INFO  [21m[0m] longdy = 5.08e-02      || longdy/dt = 2.20e-02  || dt = 2.63e-03
[[32m[1m INFO  [21m[0m] from nz = 27 and CS
[[32m[1m INFO  [21m[0m] -----------------------------------------------------------------
[[32m[1m INFO  [21m[0m] Elapsed time: 1.00e+03 || Step number: 17600/30000
[[32m[1m INFO  [21m[0m] longdy = 8.87e-01      || longdy/dt = 2.18e-01  || dt = 2.63e-03
[[32m[1m INFO  [21m[0m] from nz = 1 and N2
[[32m[1m INFO  [21m[0m] -----------------------------------------------------------------
[[32m[1m INFO  [21m[0m] Elapsed time: 1.00e+03 || Step number: 17700/30000
[[32m[1m INFO  [21m[0m] longdy = 3.07e-02      || longdy/dt = 2.16e-02  || dt = 2.63e-03
[[32m[1m INFO  [21m[0m] from nz = 27 and CS
[[32m[1m INFO  [21m[0m] -----------------------------------------------------------------
[[32m[1m INFO  [21m[0m] Elapsed time: 1.01e+03 || Step number: 17800/30000
[[32m[1m INFO  [21m[0m] longdy = 1.34e-01      || longdy/dt = 2.25e-02  || dt = 1.27e-01
[[32m[1m INFO  [21m[0m] from nz = 27 and CS
[[32m[1m INFO  [21m[0m] -----------------------------------------------------------------
[[32m[1m INFO  [21m[0m] Elapsed time: 1.01e+03 || Step number: 17900/30000
[[32m[1m INFO  [21m[0m] longdy = 6.91e-02      || longdy/dt = 2.17e-02  || dt = 1.36e-01
[[32m[1m INFO  [21m[0m] from nz = 27 and CS
[[32m[1m INFO  [21m[0m] -----------------------------------------------------------------
[[32m[1m INFO  [21m[0m] Elapsed time: 1.02e+03 || Step number: 18000/30000
[[32m[1m INFO  [21m[0m] longdy = 1.00e+00      || longdy/dt = 1.39e-01  || dt = 2.63e-03
[[32m[1m INFO  [21m[0m] from nz = 1 and N2
[[32m[1m INFO  [21m[0m] -----------------------------------------------------------------
[[32m[1m INFO  [21m[0m] Elapsed time: 1.03e+03 || Step number: 18100/30000
[[32m[1m INFO  [21m[0m] longdy = 1.06e-01      || longdy/dt = 2.16e-02  || dt = 7.91e-02
[[32m[1m INFO  [21m[0m] from nz = 27 and CS
[[32m[1m INFO  [21m[0m] -----------------------------------------------------------------
[[32m[1m INFO  [21m[0m] Elapsed time: 1.03e+03 || Step number: 18200/30000
[[32m[1m INFO  [21m[0m] longdy = 1.14e-01      || longdy/dt = 2.15e-02  || dt = 2.63e-03
[[32m[1m INFO  [21m[0m] from nz = 27 and CS
[[32m[1m INFO  [21m[0m] -----------------------------------------------------------------
[[32m[1m INFO  [21m[0m] Elapsed time: 1.04e+03 || Step number: 18300/30000
[[32m[1m INFO  [21m[0m] longdy = 9.74e-01      || longdy/dt = 1.91e-01  || dt = 2.63e-03
[[32m[1m INFO  [21m[0m] from nz = 1 and N2
[[32m[1m INFO  [21m[0m] -----------------------------------------------------------------
[[32m[1m INFO  [21m[0m] Elapsed time: 1.04e+03 || Step number: 18400/30000
[[32m[1m INFO  [21m[0m] longdy = 4.84e-02      || longdy/dt = 2.04e-02  || dt = 2.63e-03
[[32m[1m INFO  [21m[0m] from nz = 27 and CS
[[32m[1m INFO  [21m[0m] -----------------------------------------------------------------
[[32m[1m INFO  [21m[0m] Elapsed time: 1.04e+03 || Step number: 18500/30000
[[32m[1m INFO  [21m[0m] longdy = 1.11e-01      || longdy/dt = 2.08e-02  || dt = 1.15e-01
[[32m[1m INFO  [21m[0m] from nz = 27 and CS
[[32m[1m INFO  [21m[0m] -----------------------------------------------------------------
[[32m[1m INFO  [21m[0m] Elapsed time: 1.05e+03 || Step number: 18600/30000
[[32m[1m INFO  [21m[0m] longdy = 1.83e-01      || longdy/dt = 2.13e-02  || dt = 1.07e-01
[[32m[1m INFO  [21m[0m] from nz = 28 and CS
[[32m[1m INFO  [21m[0m] -----------------------------------------------------------------
[[32m[1m INFO  [21m[0m] Elapsed time: 1.06e+03 || Step number: 18700/30000
[[32m[1m INFO  [21m[0m] longdy = 1.96e-01      || longdy/dt = 2.13e-02  || dt = 8.53e-02
[[32m[1m INFO  [21m[0m] from nz = 28 and CS
[[32m[1m INFO  [21m[0m] -----------------------------------------------------------------
[[32m[1m INFO  [21m[0m] Elapsed time: 1.07e+03 || Step number: 18800/30000
[[32m[1m INFO  [21m[0m] longdy = 1.00e-01      || longdy/dt = 2.04e-02  || dt = 1.03e-01
[[32m[1m INFO  [21m[0m] from nz = 28 and CS
[[32m[1m INFO  [21m[0m] -----------------------------------------------------------------
[[32m[1m INFO  [21m[0m] Elapsed time: 1.07e+03 || Step number: 18900/30000
[[32m[1m INFO  [21m[0m] longdy = 8.95e-02      || longdy/dt = 2.03e-02  || dt = 2.63e-03
[[32m[1m INFO  [21m[0m] from nz = 28 and CS
[[32m[1m INFO  [21m[0m] -----------------------------------------------------------------
[[32m[1m INFO  [21m[0m] Elapsed time: 1.08e+03 || Step number: 19000/30000
[[32m[1m INFO  [21m[0m] longdy = 9.70e-02      || longdy/dt = 2.03e-02  || dt = 2.63e-03
[[32m[1m INFO  [21m[0m] from nz = 28 and CS
[[32m[1m INFO  [21m[0m] -----------------------------------------------------------------
[[32m[1m INFO  [21m[0m] Elapsed time: 1.08e+03 || Step number: 19100/30000
[[32m[1m INFO  [21m[0m] longdy = 1.35e-01      || longdy/dt = 2.07e-02  || dt = 8.39e-02
[[32m[1m INFO  [21m[0m] from nz = 28 and CS
[[32m[1m INFO  [21m[0m] -----------------------------------------------------------------
[[32m[1m INFO  [21m[0m] Elapsed time: 1.09e+03 || Step number: 19200/30000
[[32m[1m INFO  [21m[0m] longdy = 7.50e-02      || longdy/dt = 2.01e-02  || dt = 2.63e-03
[[32m[1m INFO  [21m[0m] from nz = 28 and CS
[[32m[1m INFO  [21m[0m] -----------------------------------------------------------------
[[32m[1m INFO  [21m[0m] Elapsed time: 1.09e+03 || Step number: 19300/30000
[[32m[1m INFO  [21m[0m] longdy = 9.82e-01      || longdy/dt = 2.14e-01  || dt = 2.63e-03
[[32m[1m INFO  [21m[0m] from nz = 1 and N2
[[32m[1m INFO  [21m[0m] -----------------------------------------------------------------
[[32m[1m INFO  [21m[0m] Elapsed time: 1.09e+03 || Step number: 19400/30000
[[32m[1m INFO  [21m[0m] longdy = 5.09e-02      || longdy/dt = 1.98e-02  || dt = 2.63e-03
[[32m[1m INFO  [21m[0m] from nz = 28 and CS
[[32m[1m INFO  [21m[0m] -----------------------------------------------------------------
[[32m[1m INFO  [21m[0m] Elapsed time: 1.10e+03 || Step number: 19500/30000
[[32m[1m INFO  [21m[0m] longdy = 5.12e-02      || longdy/dt = 1.98e-02  || dt = 8.40e-02
[[32m[1m INFO  [21m[0m] from nz = 28 and CS
[[32m[1m INFO  [21m[0m] -----------------------------------------------------------------
[[32m[1m INFO  [21m[0m] Elapsed time: 1.10e+03 || Step number: 19600/30000
[[32m[1m INFO  [21m[0m] longdy = 7.23e-02      || longdy/dt = 1.99e-02  || dt = 2.63e-03
[[32m[1m INFO  [21m[0m] from nz = 28 and CS
[[32m[1m INFO  [21m[0m] -----------------------------------------------------------------
[[32m[1m INFO  [21m[0m] Elapsed time: 1.10e+03 || Step number: 19700/30000
[[32m[1m INFO  [21m[0m] longdy = 6.18e-02      || longdy/dt = 1.98e-02  || dt = 8.03e-02
[[32m[1m INFO  [21m[0m] from nz = 28 and CS
[[32m[1m INFO  [21m[0m] -----------------------------------------------------------------
[[32m[1m INFO  [21m[0m] Elapsed time: 1.11e+03 || Step number: 19800/30000
[[32m[1m INFO  [21m[0m] longdy = 5.12e-02      || longdy/dt = 1.97e-02  || dt = 1.03e-01
[[32m[1m INFO  [21m[0m] from nz = 28 and CS
[[32m[1m INFO  [21m[0m] -----------------------------------------------------------------
[[32m[1m INFO  [21m[0m] Elapsed time: 1.11e+03 || Step number: 19900/30000
[[32m[1m INFO  [21m[0m] longdy = 1.39e-01      || longdy/dt = 2.05e-02  || dt = 2.63e-03
[[32m[1m INFO  [21m[0m] from nz = 28 and CS
[[32m[1m INFO  [21m[0m] -----------------------------------------------------------------
[[32m[1m INFO  [21m[0m] Elapsed time: 1.12e+03 || Step number: 20000/30000
[[32m[1m INFO  [21m[0m] longdy = 1.14e-01      || longdy/dt = 2.02e-02  || dt = 1.45e-01
[[32m[1m INFO  [21m[0m] from nz = 28 and CS
[[32m[1m INFO  [21m[0m] -----------------------------------------------------------------
[[32m[1m INFO  [21m[0m] Elapsed time: 1.12e+03 || Step number: 20100/30000
[[32m[1m INFO  [21m[0m] longdy = 1.17e-01      || longdy/dt = 2.02e-02  || dt = 1.18e-01
[[32m[1m INFO  [21m[0m] from nz = 28 and CS
[[32m[1m INFO  [21m[0m] -----------------------------------------------------------------
[[32m[1m INFO  [21m[0m] Elapsed time: 1.13e+03 || Step number: 20200/30000
[[32m[1m INFO  [21m[0m] longdy = 4.67e-02      || longdy/dt = 1.95e-02  || dt = 7.13e-02
[[32m[1m INFO  [21m[0m] from nz = 28 and CS
[[32m[1m INFO  [21m[0m] -----------------------------------------------------------------
[[32m[1m INFO  [21m[0m] Elapsed time: 1.13e+03 || Step number: 20300/30000
[[32m[1m INFO  [21m[0m] longdy = 4.42e-02      || longdy/dt = 1.95e-02  || dt = 2.10e-02
[[32m[1m INFO  [21m[0m] from nz = 28 and CS
[[32m[1m INFO  [21m[0m] -----------------------------------------------------------------
[[32m[1m INFO  [21m[0m] Elapsed time: 1.13e+03 || Step number: 20400/30000
[[32m[1m INFO  [21m[0m] longdy = 8.74e-02      || longdy/dt = 1.98e-02  || dt = 2.63e-03
[[32m[1m INFO  [21m[0m] from nz = 28 and CS
[[32m[1m INFO  [21m[0m] -----------------------------------------------------------------
[[32m[1m INFO  [21m[0m] Elapsed time: 1.14e+03 || Step number: 20500/30000
[[32m[1m INFO  [21m[0m] longdy = 1.56e-01      || longdy/dt = 2.04e-02  || dt = 1.73e-01
[[32m[1m INFO  [21m[0m] from nz = 28 and CS
[[32m[1m INFO  [21m[0m] -----------------------------------------------------------------
[[32m[1m INFO  [21m[0m] Elapsed time: 1.14e+03 || Step number: 20600/30000
[[32m[1m INFO  [21m[0m] longdy = 5.38e-02      || longdy/dt = 1.94e-02  || dt = 1.92e-01
[[32m[1m INFO  [21m[0m] from nz = 28 and CS
[[32m[1m INFO  [21m[0m] -----------------------------------------------------------------
[[32m[1m INFO  [21m[0m] Elapsed time: 1.15e+03 || Step number: 20700/30000
[[32m[1m INFO  [21m[0m] longdy = 8.03e-02      || longdy/dt = 1.96e-02  || dt = 2.63e-03
[[32m[1m INFO  [21m[0m] from nz = 28 and CS
[[32m[1m INFO  [21m[0m] -----------------------------------------------------------------
[[32m[1m INFO  [21m[0m] Elapsed time: 1.15e+03 || Step number: 20800/30000
[[32m[1m INFO  [21m[0m] longdy = 2.92e-02      || longdy/dt = 1.91e-02  || dt = 2.63e-03
[[32m[1m INFO  [21m[0m] from nz = 28 and CS
[[32m[1m INFO  [21m[0m] -----------------------------------------------------------------
[[32m[1m INFO  [21m[0m] Elapsed time: 1.16e+03 || Step number: 20900/30000
[[32m[1m INFO  [21m[0m] longdy = 9.97e-01      || longdy/dt = 1.44e-01  || dt = 2.63e-03
[[32m[1m INFO  [21m[0m] from nz = 1 and N2
[[32m[1m INFO  [21m[0m] -----------------------------------------------------------------
[[32m[1m INFO  [21m[0m] Elapsed time: 1.16e+03 || Step number: 21000/30000
[[32m[1m INFO  [21m[0m] longdy = 7.01e-02      || longdy/dt = 1.94e-02  || dt = 1.49e-01
[[32m[1m INFO  [21m[0m] from nz = 28 and CS
[[32m[1m INFO  [21m[0m] -----------------------------------------------------------------
[[32m[1m INFO  [21m[0m] Elapsed time: 1.16e+03 || Step number: 21100/30000
[[32m[1m INFO  [21m[0m] longdy = 2.99e-02      || longdy/dt = 1.90e-02  || dt = 7.24e-02
[[32m[1m INFO  [21m[0m] from nz = 28 and CS
[[32m[1m INFO  [21m[0m] -----------------------------------------------------------------
[[32m[1m INFO  [21m[0m] Elapsed time: 1.17e+03 || Step number: 21200/30000
[[32m[1m INFO  [21m[0m] longdy = 1.88e-01      || longdy/dt = 2.04e-02  || dt = 1.62e-01
[[32m[1m INFO  [21m[0m] from nz = 28 and CS
[[32m[1m INFO  [21m[0m] -----------------------------------------------------------------
[[32m[1m INFO  [21m[0m] Elapsed time: 1.18e+03 || Step number: 21300/30000
[[32m[1m INFO  [21m[0m] longdy = 1.00e+00      || longdy/dt = 1.57e-01  || dt = 2.63e-03
[[32m[1m INFO  [21m[0m] from nz = 1 and N2
[[32m[1m INFO  [21m[0m] -----------------------------------------------------------------
[[32m[1m INFO  [21m[0m] Elapsed time: 1.18e+03 || Step number: 21400/30000
[[32m[1m INFO  [21m[0m] longdy = 8.40e-02      || longdy/dt = 1.93e-02  || dt = 1.25e-01
[[32m[1m INFO  [21m[0m] from nz = 28 and CS
[[32m[1m INFO  [21m[0m] -----------------------------------------------------------------
[[32m[1m INFO  [21m[0m] Elapsed time: 1.19e+03 || Step number: 21500/30000
[[32m[1m INFO  [21m[0m] longdy = 8.75e-02      || longdy/dt = 1.93e-02  || dt = 8.99e-02
[[32m[1m INFO  [21m[0m] from nz = 28 and CS
[[32m[1m INFO  [21m[0m] -----------------------------------------------------------------
[[32m[1m INFO  [21m[0m] Elapsed time: 1.19e+03 || Step number: 21600/30000
[[32m[1m INFO  [21m[0m] longdy = 7.40e-02      || longdy/dt = 1.91e-02  || dt = 8.28e-02
[[32m[1m INFO  [21m[0m] from nz = 28 and CS
[[32m[1m INFO  [21m[0m] -----------------------------------------------------------------
[[32m[1m INFO  [21m[0m] Elapsed time: 1.20e+03 || Step number: 21700/30000
[[32m[1m INFO  [21m[0m] longdy = 1.78e-01      || longdy/dt = 2.00e-02  || dt = 1.34e-01
[[32m[1m INFO  [21m[0m] from nz = 28 and CS
[[32m[1m INFO  [21m[0m] -----------------------------------------------------------------
[[32m[1m INFO  [21m[0m] Elapsed time: 1.21e+03 || Step number: 21800/30000
[[32m[1m INFO  [21m[0m] longdy = 1.85e-01      || longdy/dt = 1.99e-02  || dt = 1.24e-01
[[32m[1m INFO  [21m[0m] from nz = 28 and CS
[[32m[1m INFO  [21m[0m] -----------------------------------------------------------------
[[32m[1m INFO  [21m[0m] Elapsed time: 1.22e+03 || Step number: 21900/30000
[[32m[1m INFO  [21m[0m] longdy = 1.81e-01      || longdy/dt = 1.97e-02  || dt = 8.89e-02
[[32m[1m INFO  [21m[0m] from nz = 28 and CS
[[32m[1m INFO  [21m[0m] -----------------------------------------------------------------
[[32m[1m INFO  [21m[0m] Elapsed time: 1.22e+03 || Step number: 22000/30000
[[32m[1m INFO  [21m[0m] longdy = 6.34e-02      || longdy/dt = 1.86e-02  || dt = 9.32e-02
[[32m[1m INFO  [21m[0m] from nz = 28 and CS
[[32m[1m INFO  [21m[0m] -----------------------------------------------------------------
[[32m[1m INFO  [21m[0m] Elapsed time: 1.23e+03 || Step number: 22100/30000
[[32m[1m INFO  [21m[0m] longdy = 1.70e-01      || longdy/dt = 1.94e-02  || dt = 9.03e-02
[[32m[1m INFO  [21m[0m] from nz = 28 and CS
[[32m[1m INFO  [21m[0m] -----------------------------------------------------------------
[[32m[1m INFO  [21m[0m] Elapsed time: 1.24e+03 || Step number: 22200/30000
[[32m[1m INFO  [21m[0m] longdy = 9.96e-02      || longdy/dt = 1.87e-02  || dt = 2.63e-03
[[32m[1m INFO  [21m[0m] from nz = 28 and CS
[[32m[1m INFO  [21m[0m] -----------------------------------------------------------------
[[32m[1m INFO  [21m[0m] Elapsed time: 1.24e+03 || Step number: 22300/30000
[[32m[1m INFO  [21m[0m] longdy = 4.81e-02      || longdy/dt = 1.81e-02  || dt = 1.15e-01
[[32m[1m INFO  [21m[0m] from nz = 28 and CS
[[32m[1m INFO  [21m[0m] -----------------------------------------------------------------
[[32m[1m INFO  [21m[0m] Elapsed time: 1.24e+03 || Step number: 22400/30000
[[32m[1m INFO  [21m[0m] longdy = 4.40e-02      || longdy/dt = 1.81e-02  || dt = 1.42e-01
[[32m[1m INFO  [21m[0m] from nz = 28 and CS
[[32m[1m INFO  [21m[0m] -----------------------------------------------------------------
[[32m[1m INFO  [21m[0m] Elapsed time: 1.25e+03 || Step number: 22500/30000
[[32m[1m INFO  [21m[0m] longdy = 8.17e-02      || longdy/dt = 1.83e-02  || dt = 9.30e-02
[[32m[1m INFO  [21m[0m] from nz = 28 and CS
[[32m[1m INFO  [21m[0m] -----------------------------------------------------------------
[[32m[1m INFO  [21m[0m] Elapsed time: 1.25e+03 || Step number: 22600/30000
[[32m[1m INFO  [21m[0m] longdy = 1.65e-01      || longdy/dt = 1.89e-02  || dt = 1.24e-01
[[32m[1m INFO  [21m[0m] from nz = 28 and CS
[[32m[1m INFO  [21m[0m] -----------------------------------------------------------------
[[32m[1m INFO  [21m[0m] Elapsed time: 1.26e+03 || Step number: 22700/30000
[[32m[1m INFO  [21m[0m] longdy = 1.66e-01      || longdy/dt = 1.86e-02  || dt = 1.20e-01
[[32m[1m INFO  [21m[0m] from nz = 28 and CS
[[32m[1m INFO  [21m[0m] -----------------------------------------------------------------
[[32m[1m INFO  [21m[0m] Elapsed time: 1.27e+03 || Step number: 22800/30000
[[32m[1m INFO  [21m[0m] longdy = 1.00e+00      || longdy/dt = 1.46e-01  || dt = 2.63e-03
[[32m[1m INFO  [21m[0m] from nz = 1 and N2
[[32m[1m INFO  [21m[0m] -----------------------------------------------------------------
[[32m[1m INFO  [21m[0m] Elapsed time: 1.28e+03 || Step number: 22900/30000
[[32m[1m INFO  [21m[0m] longdy = 8.91e-02      || longdy/dt = 1.76e-02  || dt = 9.25e-02
[[32m[1m INFO  [21m[0m] from nz = 28 and CS
[[32m[1m INFO  [21m[0m] -----------------------------------------------------------------
[[32m[1m INFO  [21m[0m] Elapsed time: 1.28e+03 || Step number: 23000/30000
[[32m[1m INFO  [21m[0m] longdy = 1.00e+00      || longdy/dt = 1.46e-01  || dt = 2.63e-03
[[32m[1m INFO  [21m[0m] from nz = 1 and N2
[[32m[1m INFO  [21m[0m] -----------------------------------------------------------------
[[32m[1m INFO  [21m[0m] Elapsed time: 1.29e+03 || Step number: 23100/30000
[[32m[1m INFO  [21m[0m] longdy = 9.69e-01      || longdy/dt = 2.11e-01  || dt = 2.63e-03
[[32m[1m INFO  [21m[0m] from nz = 1 and N2
[[32m[1m INFO  [21m[0m] -----------------------------------------------------------------
[[32m[1m INFO  [21m[0m] Elapsed time: 1.29e+03 || Step number: 23200/30000
[[32m[1m INFO  [21m[0m] longdy = 2.24e+01      || longdy/dt = 2.14e+01  || dt = 2.63e-03
[[32m[1m INFO  [21m[0m] from nz = 1 and N2
[[32m[1m INFO  [21m[0m] -----------------------------------------------------------------
[[32m[1m INFO  [21m[0m] Elapsed time: 1.29e+03 || Step number: 23300/30000
[[32m[1m INFO  [21m[0m] longdy = 8.52e-02      || longdy/dt = 1.71e-02  || dt = 1.37e-01
[[32m[1m INFO  [21m[0m] from nz = 28 and CS
[[32m[1m INFO  [21m[0m] -----------------------------------------------------------------
[[32m[1m INFO  [21m[0m] Elapsed time: 1.30e+03 || Step number: 23400/30000
[[32m[1m INFO  [21m[0m] longdy = 5.34e-02      || longdy/dt = 1.67e-02  || dt = 2.63e-03
[[32m[1m INFO  [21m[0m] from nz = 28 and CS
[[32m[1m INFO  [21m[0m] -----------------------------------------------------------------
[[32m[1m INFO  [21m[0m] Elapsed time: 1.30e+03 || Step number: 23500/30000
[[32m[1m INFO  [21m[0m] longdy = 9.90e-01      || longdy/dt = 1.77e-01  || dt = 2.63e-03
[[32m[1m INFO  [21m[0m] from nz = 1 and N2
[[32m[1m INFO  [21m[0m] -----------------------------------------------------------------
[[32m[1m INFO  [21m[0m] Elapsed time: 1.31e+03 || Step number: 23600/30000
[[32m[1m INFO  [21m[0m] longdy = 9.77e-01      || longdy/dt = 2.06e-01  || dt = 2.63e-03
[[32m[1m INFO  [21m[0m] from nz = 1 and N2
[[32m[1m INFO  [21m[0m] -----------------------------------------------------------------
[[32m[1m INFO  [21m[0m] Elapsed time: 1.31e+03 || Step number: 23700/30000
[[32m[1m INFO  [21m[0m] longdy = 4.76e-02      || longdy/dt = 1.61e-02  || dt = 1.11e-01
[[32m[1m INFO  [21m[0m] from nz = 29 and CS
[[32m[1m INFO  [21m[0m] -----------------------------------------------------------------
[[32m[1m INFO  [21m[0m] Elapsed time: 1.31e+03 || Step number: 23800/30000
[[32m[1m INFO  [21m[0m] longdy = 1.00e+00      || longdy/dt = 4.70e-01  || dt = 2.63e-03
[[32m[1m INFO  [21m[0m] from nz = 1 and N2
[[32m[1m INFO  [21m[0m] -----------------------------------------------------------------
[[32m[1m INFO  [21m[0m] Elapsed time: 1.32e+03 || Step number: 23900/30000
[[32m[1m INFO  [21m[0m] longdy = 5.74e-02      || longdy/dt = 1.62e-02  || dt = 1.33e-01
[[32m[1m INFO  [21m[0m] from nz = 29 and CS
[[32m[1m INFO  [21m[0m] -----------------------------------------------------------------
[[32m[1m INFO  [21m[0m] Elapsed time: 1.32e+03 || Step number: 24000/30000
[[32m[1m INFO  [21m[0m] longdy = 1.91e-02      || longdy/dt = 1.59e-02  || dt = 2.63e-03
[[32m[1m INFO  [21m[0m] from nz = 29 and CS
[[32m[1m INFO  [21m[0m] -----------------------------------------------------------------
[[32m[1m INFO  [21m[0m] Elapsed time: 1.32e+03 || Step number: 24100/30000
[[32m[1m INFO  [21m[0m] longdy = 9.93e-02      || longdy/dt = 1.65e-02  || dt = 1.20e-01
[[32m[1m INFO  [21m[0m] from nz = 29 and CS
[[32m[1m INFO  [21m[0m] -----------------------------------------------------------------
[[32m[1m INFO  [21m[0m] Elapsed time: 1.33e+03 || Step number: 24200/30000
[[32m[1m INFO  [21m[0m] longdy = 1.00e+00      || longdy/dt = 1.11e-01  || dt = 2.63e-03
[[32m[1m INFO  [21m[0m] from nz = 1 and N2
[[32m[1m INFO  [21m[0m] -----------------------------------------------------------------
[[32m[1m INFO  [21m[0m] Elapsed time: 1.33e+03 || Step number: 24300/30000
[[32m[1m INFO  [21m[0m] longdy = 5.34e-02      || longdy/dt = 1.60e-02  || dt = 1.27e-01
[[32m[1m INFO  [21m[0m] from nz = 29 and CS
[[32m[1m INFO  [21m[0m] -----------------------------------------------------------------
[[32m[1m INFO  [21m[0m] Elapsed time: 1.34e+03 || Step number: 24400/30000
[[32m[1m INFO  [21m[0m] longdy = 9.91e-02      || longdy/dt = 1.63e-02  || dt = 2.63e-03
[[32m[1m INFO  [21m[0m] from nz = 29 and CS
[[32m[1m INFO  [21m[0m] -----------------------------------------------------------------
[[32m[1m INFO  [21m[0m] Elapsed time: 1.35e+03 || Step number: 24500/30000
[[32m[1m INFO  [21m[0m] longdy = 6.97e-02      || longdy/dt = 1.61e-02  || dt = 2.63e-03
[[32m[1m INFO  [21m[0m] from nz = 29 and CS
[[32m[1m INFO  [21m[0m] -----------------------------------------------------------------
[[32m[1m INFO  [21m[0m] Elapsed time: 1.35e+03 || Step number: 24600/30000
[[32m[1m INFO  [21m[0m] longdy = 9.57e-02      || longdy/dt = 1.62e-02  || dt = 1.09e-01
[[32m[1m INFO  [21m[0m] from nz = 29 and CS
[[32m[1m INFO  [21m[0m] -----------------------------------------------------------------
[[32m[1m INFO  [21m[0m] Elapsed time: 1.35e+03 || Step number: 24700/30000
[[32m[1m INFO  [21m[0m] longdy = 5.02e-02      || longdy/dt = 1.59e-02  || dt = 5.25e-03
[[32m[1m INFO  [21m[0m] from nz = 29 and CS
[[32m[1m INFO  [21m[0m] -----------------------------------------------------------------
[[32m[1m INFO  [21m[0m] Elapsed time: 1.36e+03 || Step number: 24800/30000
[[32m[1m INFO  [21m[0m] longdy = 1.43e-01      || longdy/dt = 1.65e-02  || dt = 8.78e-02
[[32m[1m INFO  [21m[0m] from nz = 29 and CS
[[32m[1m INFO  [21m[0m] -----------------------------------------------------------------
[[32m[1m INFO  [21m[0m] Elapsed time: 1.37e+03 || Step number: 24900/30000
[[32m[1m INFO  [21m[0m] longdy = 5.13e-02      || longdy/dt = 1.58e-02  || dt = 1.32e-01
[[32m[1m INFO  [21m[0m] from nz = 29 and CS
[[32m[1m INFO  [21m[0m] -----------------------------------------------------------------
[[32m[1m INFO  [21m[0m] Elapsed time: 1.37e+03 || Step number: 25000/30000
[[32m[1m INFO  [21m[0m] longdy = 6.94e-02      || longdy/dt = 1.59e-02  || dt = 2.63e-03
[[32m[1m INFO  [21m[0m] from nz = 29 and CS
[[32m[1m INFO  [21m[0m] -----------------------------------------------------------------
[[32m[1m INFO  [21m[0m] Elapsed time: 1.38e+03 || Step number: 25100/30000
[[32m[1m INFO  [21m[0m] longdy = 9.90e-01      || longdy/dt = 1.74e-01  || dt = 2.63e-03
[[32m[1m INFO  [21m[0m] from nz = 1 and N2
[[32m[1m INFO  [21m[0m] -----------------------------------------------------------------
[[32m[1m INFO  [21m[0m] Elapsed time: 1.38e+03 || Step number: 25200/30000
[[32m[1m INFO  [21m[0m] longdy = 4.47e+00      || longdy/dt = 1.08e+00  || dt = 2.63e-03
[[32m[1m INFO  [21m[0m] from nz = 1 and N2
[[32m[1m INFO  [21m[0m] -----------------------------------------------------------------
[[32m[1m INFO  [21m[0m] Elapsed time: 1.38e+03 || Step number: 25300/30000
[[32m[1m INFO  [21m[0m] longdy = 3.36e-02      || longdy/dt = 1.55e-02  || dt = 2.63e-03
[[32m[1m INFO  [21m[0m] from nz = 29 and CS
[[32m[1m INFO  [21m[0m] -----------------------------------------------------------------
[[32m[1m INFO  [21m[0m] Elapsed time: 1.39e+03 || Step number: 25400/30000
[[32m[1m INFO  [21m[0m] longdy = 6.36e-02      || longdy/dt = 1.57e-02  || dt = 2.63e-03
[[32m[1m INFO  [21m[0m] from nz = 29 and CS
[[32m[1m INFO  [21m[0m] -----------------------------------------------------------------
[[32m[1m INFO  [21m[0m] Elapsed time: 1.39e+03 || Step number: 25500/30000
[[32m[1m INFO  [21m[0m] longdy = 8.13e-01      || longdy/dt = 2.84e-01  || dt = 2.63e-03
[[32m[1m INFO  [21m[0m] from nz = 1 and N2
[[32m[1m INFO  [21m[0m] -----------------------------------------------------------------
[[32m[1m INFO  [21m[0m] Elapsed time: 1.39e+03 || Step number: 25600/30000
[[32m[1m INFO  [21m[0m] longdy = 8.02e-02      || longdy/dt = 1.58e-02  || dt = 1.01e-01
[[32m[1m INFO  [21m[0m] from nz = 29 and CS
[[32m[1m INFO  [21m[0m] -----------------------------------------------------------------
[[32m[1m INFO  [21m[0m] Elapsed time: 1.40e+03 || Step number: 25700/30000
[[32m[1m INFO  [21m[0m] longdy = 6.15e-02      || longdy/dt = 1.56e-02  || dt = 9.19e-02
[[32m[1m INFO  [21m[0m] from nz = 29 and CS
[[32m[1m INFO  [21m[0m] -----------------------------------------------------------------
[[32m[1m INFO  [21m[0m] Elapsed time: 1.40e+03 || Step number: 25800/30000
[[32m[1m INFO  [21m[0m] longdy = 5.67e-02      || longdy/dt = 1.56e-02  || dt = 2.63e-03
[[32m[1m INFO  [21m[0m] from nz = 29 and CS
[[32m[1m INFO  [21m[0m] -----------------------------------------------------------------
[[32m[1m INFO  [21m[0m] Elapsed time: 1.40e+03 || Step number: 25900/30000
[[32m[1m INFO  [21m[0m] longdy = 9.92e-01      || longdy/dt = 4.74e-01  || dt = 2.63e-03
[[32m[1m INFO  [21m[0m] from nz = 1 and N2
[[32m[1m INFO  [21m[0m] -----------------------------------------------------------------
[[32m[1m INFO  [21m[0m] Elapsed time: 1.41e+03 || Step number: 26000/30000
[[32m[1m INFO  [21m[0m] longdy = 7.94e-02      || longdy/dt = 1.57e-02  || dt = 1.71e-01
[[32m[1m INFO  [21m[0m] from nz = 29 and CS
[[32m[1m INFO  [21m[0m] -----------------------------------------------------------------
[[32m[1m INFO  [21m[0m] Elapsed time: 1.42e+03 || Step number: 26100/30000
[[32m[1m INFO  [21m[0m] longdy = 1.38e-01      || longdy/dt = 1.60e-02  || dt = 1.36e-01
[[32m[1m INFO  [21m[0m] from nz = 29 and CS
[[32m[1m INFO  [21m[0m] -----------------------------------------------------------------
[[32m[1m INFO  [21m[0m] Elapsed time: 1.42e+03 || Step number: 26200/30000
[[32m[1m INFO  [21m[0m] longdy = 3.38e-02      || longdy/dt = 1.52e-02  || dt = 1.10e-01
[[32m[1m INFO  [21m[0m] from nz = 29 and CS
[[32m[1m INFO  [21m[0m] -----------------------------------------------------------------
[[32m[1m INFO  [21m[0m] Elapsed time: 1.42e+03 || Step number: 26300/30000
[[32m[1m INFO  [21m[0m] longdy = 5.93e-02      || longdy/dt = 1.54e-02  || dt = 1.19e-01
[[32m[1m INFO  [21m[0m] from nz = 29 and CS
[[32m[1m INFO  [21m[0m] -----------------------------------------------------------------
[[32m[1m INFO  [21m[0m] Elapsed time: 1.43e+03 || Step number: 26400/30000
[[32m[1m INFO  [21m[0m] longdy = 1.46e-01      || longdy/dt = 1.60e-02  || dt = 9.34e-02
[[32m[1m INFO  [21m[0m] from nz = 29 and CS
[[32m[1m INFO  [21m[0m] -----------------------------------------------------------------
[[32m[1m INFO  [21m[0m] Elapsed time: 1.44e+03 || Step number: 26500/30000
[[32m[1m INFO  [21m[0m] longdy = 7.01e-02      || longdy/dt = 1.54e-02  || dt = 2.63e-03
[[32m[1m INFO  [21m[0m] from nz = 29 and CS
[[32m[1m INFO  [21m[0m] -----------------------------------------------------------------
[[32m[1m INFO  [21m[0m] Elapsed time: 1.45e+03 || Step number: 26600/30000
[[32m[1m INFO  [21m[0m] longdy = 1.19e-01      || longdy/dt = 1.57e-02  || dt = 1.06e-01
[[32m[1m INFO  [21m[0m] from nz = 29 and CS
[[32m[1m INFO  [21m[0m] -----------------------------------------------------------------
[[32m[1m INFO  [21m[0m] Elapsed time: 1.45e+03 || Step number: 26700/30000
[[32m[1m INFO  [21m[0m] longdy = 6.61e-02      || longdy/dt = 1.52e-02  || dt = 2.63e-03
[[32m[1m INFO  [21m[0m] from nz = 29 and CS
[[32m[1m INFO  [21m[0m] -----------------------------------------------------------------
[[32m[1m INFO  [21m[0m] Elapsed time: 1.45e+03 || Step number: 26800/30000
[[32m[1m INFO  [21m[0m] longdy = 2.39e-02      || longdy/dt = 1.49e-02  || dt = 1.46e-01
[[32m[1m INFO  [21m[0m] from nz = 29 and CS
[[32m[1m INFO  [21m[0m] -----------------------------------------------------------------
[[32m[1m INFO  [21m[0m] Elapsed time: 1.46e+03 || Step number: 26900/30000
[[32m[1m INFO  [21m[0m] longdy = 1.00e+00      || longdy/dt = 1.32e-01  || dt = 2.63e-03
[[32m[1m INFO  [21m[0m] from nz = 1 and N2
[[32m[1m INFO  [21m[0m] -----------------------------------------------------------------
[[32m[1m INFO  [21m[0m] Elapsed time: 1.46e+03 || Step number: 27000/30000
[[32m[1m INFO  [21m[0m] longdy = 5.81e-01      || longdy/dt = 2.62e-01  || dt = 2.63e-03
[[32m[1m INFO  [21m[0m] from nz = 1 and N2
[[32m[1m INFO  [21m[0m] -----------------------------------------------------------------
[[32m[1m INFO  [21m[0m] Elapsed time: 1.46e+03 || Step number: 27100/30000
[[32m[1m INFO  [21m[0m] longdy = 1.10e+00      || longdy/dt = 6.51e-01  || dt = 2.63e-03
[[32m[1m INFO  [21m[0m] from nz = 1 and N2
[[32m[1m INFO  [21m[0m] -----------------------------------------------------------------
[[32m[1m INFO  [21m[0m] Elapsed time: 1.47e+03 || Step number: 27200/30000
[[32m[1m INFO  [21m[0m] longdy = 8.04e-01      || longdy/dt = 2.00e-01  || dt = 2.63e-03
[[32m[1m INFO  [21m[0m] from nz = 1 and N2
[[32m[1m INFO  [21m[0m] -----------------------------------------------------------------
[[32m[1m INFO  [21m[0m] Elapsed time: 1.47e+03 || Step number: 27300/30000
[[32m[1m INFO  [21m[0m] longdy = 1.85e-02      || longdy/dt = 1.47e-02  || dt = 2.63e-03
[[32m[1m INFO  [21m[0m] from nz = 29 and CS
[[32m[1m INFO  [21m[0m] -----------------------------------------------------------------
[[32m[1m INFO  [21m[0m] Elapsed time: 1.48e+03 || Step number: 27400/30000
[[32m[1m INFO  [21m[0m] longdy = 1.01e-01      || longdy/dt = 1.52e-02  || dt = 1.70e-01
[[32m[1m INFO  [21m[0m] from nz = 29 and CS
[[32m[1m INFO  [21m[0m] -----------------------------------------------------------------
[[32m[1m INFO  [21m[0m] Elapsed time: 1.48e+03 || Step number: 27500/30000
[[32m[1m INFO  [21m[0m] longdy = 9.81e-02      || longdy/dt = 1.51e-02  || dt = 2.63e-03
[[32m[1m INFO  [21m[0m] from nz = 29 and CS
[[32m[1m INFO  [21m[0m] -----------------------------------------------------------------
[[32m[1m INFO  [21m[0m] Elapsed time: 1.49e+03 || Step number: 27600/30000
[[32m[1m INFO  [21m[0m] longdy = 8.52e-02      || longdy/dt = 1.50e-02  || dt = 2.63e-03
[[32m[1m INFO  [21m[0m] from nz = 29 and CS
[[32m[1m INFO  [21m[0m] -----------------------------------------------------------------
[[32m[1m INFO  [21m[0m] Elapsed time: 1.49e+03 || Step number: 27700/30000
[[32m[1m INFO  [21m[0m] longdy = 3.64e-02      || longdy/dt = 1.46e-02  || dt = 2.63e-03
[[32m[1m INFO  [21m[0m] from nz = 29 and CS
[[32m[1m INFO  [21m[0m] -----------------------------------------------------------------
[[32m[1m INFO  [21m[0m] Elapsed time: 1.49e+03 || Step number: 27800/30000
[[32m[1m INFO  [21m[0m] longdy = 6.70e-02      || longdy/dt = 1.48e-02  || dt = 2.63e-03
[[32m[1m INFO  [21m[0m] from nz = 29 and CS
[[32m[1m INFO  [21m[0m] -----------------------------------------------------------------
[[32m[1m INFO  [21m[0m] Elapsed time: 1.50e+03 || Step number: 27900/30000
[[32m[1m INFO  [21m[0m] longdy = 1.51e-02      || longdy/dt = 1.44e-02  || dt = 2.63e-03
[[32m[1m INFO  [21m[0m] from nz = 29 and CS
[[32m[1m INFO  [21m[0m] -----------------------------------------------------------------
[[32m[1m INFO  [21m[0m] Elapsed time: 1.50e+03 || Step number: 28000/30000
[[32m[1m INFO  [21m[0m] longdy = 5.46e-02      || longdy/dt = 1.46e-02  || dt = 8.61e-02
[[32m[1m INFO  [21m[0m] from nz = 29 and CS
[[32m[1m INFO  [21m[0m] -----------------------------------------------------------------
[[32m[1m INFO  [21m[0m] Elapsed time: 1.50e+03 || Step number: 28100/30000
[[32m[1m INFO  [21m[0m] longdy = 5.29e-02      || longdy/dt = 1.46e-02  || dt = 2.63e-03
[[32m[1m INFO  [21m[0m] from nz = 29 and CS
[[32m[1m INFO  [21m[0m] -----------------------------------------------------------------
[[32m[1m INFO  [21m[0m] Elapsed time: 1.51e+03 || Step number: 28200/30000
[[32m[1m INFO  [21m[0m] longdy = 3.90e-02      || longdy/dt = 1.44e-02  || dt = 2.63e-03
[[32m[1m INFO  [21m[0m] from nz = 29 and CS
[[32m[1m INFO  [21m[0m] -----------------------------------------------------------------
[[32m[1m INFO  [21m[0m] Elapsed time: 1.51e+03 || Step number: 28300/30000
[[32m[1m INFO  [21m[0m] longdy = 1.24e-01      || longdy/dt = 1.50e-02  || dt = 1.44e-01
[[32m[1m INFO  [21m[0m] from nz = 29 and CS
[[32m[1m INFO  [21m[0m] -----------------------------------------------------------------
[[32m[1m INFO  [21m[0m] Elapsed time: 1.52e+03 || Step number: 28400/30000
[[32m[1m INFO  [21m[0m] longdy = 1.35e-01      || longdy/dt = 1.49e-02  || dt = 1.20e-01
[[32m[1m INFO  [21m[0m] from nz = 29 and CS
[[32m[1m INFO  [21m[0m] -----------------------------------------------------------------
[[32m[1m INFO  [21m[0m] Elapsed time: 1.53e+03 || Step number: 28500/30000
[[32m[1m INFO  [21m[0m] longdy = 7.12e-02      || longdy/dt = 1.44e-02  || dt = 2.63e-03
[[32m[1m INFO  [21m[0m] from nz = 29 and CS
[[32m[1m INFO  [21m[0m] -----------------------------------------------------------------
[[32m[1m INFO  [21m[0m] Elapsed time: 1.54e+03 || Step number: 28600/30000
[[32m[1m INFO  [21m[0m] longdy = 1.26e-01      || longdy/dt = 1.47e-02  || dt = 1.25e-01
[[32m[1m INFO  [21m[0m] from nz = 29 and CS
[[32m[1m INFO  [21m[0m] -----------------------------------------------------------------
[[32m[1m INFO  [21m[0m] Elapsed time: 1.54e+03 || Step number: 28700/30000
[[32m[1m INFO  [21m[0m] longdy = 1.00e+00      || longdy/dt = 3.28e-01  || dt = 2.63e-03
[[32m[1m INFO  [21m[0m] from nz = 1 and N2
[[32m[1m INFO  [21m[0m] -----------------------------------------------------------------
[[32m[1m INFO  [21m[0m] Elapsed time: 1.54e+03 || Step number: 28800/30000
[[32m[1m INFO  [21m[0m] longdy = 6.28e-02      || longdy/dt = 1.41e-02  || dt = 1.33e-01
[[32m[1m INFO  [21m[0m] from nz = 29 and CS
[[32m[1m INFO  [21m[0m] -----------------------------------------------------------------
[[32m[1m INFO  [21m[0m] Elapsed time: 1.55e+03 || Step number: 28900/30000
[[32m[1m INFO  [21m[0m] longdy = 1.21e-01      || longdy/dt = 1.44e-02  || dt = 8.08e-02
[[32m[1m INFO  [21m[0m] from nz = 29 and CS
[[32m[1m INFO  [21m[0m] -----------------------------------------------------------------
[[32m[1m INFO  [21m[0m] Elapsed time: 1.56e+03 || Step number: 29000/30000
[[32m[1m INFO  [21m[0m] longdy = 1.00e+00      || longdy/dt = 1.14e-01  || dt = 2.63e-03
[[32m[1m INFO  [21m[0m] from nz = 1 and N2
[[32m[1m INFO  [21m[0m] -----------------------------------------------------------------
[[32m[1m INFO  [21m[0m] Elapsed time: 1.57e+03 || Step number: 29100/30000
[[32m[1m INFO  [21m[0m] longdy = 4.80e-02      || longdy/dt = 1.37e-02  || dt = 1.24e-01
[[32m[1m INFO  [21m[0m] from nz = 29 and CS
[[32m[1m INFO  [21m[0m] -----------------------------------------------------------------
[[32m[1m INFO  [21m[0m] Elapsed time: 1.58e+03 || Step number: 29200/30000
[[32m[1m INFO  [21m[0m] longdy = 1.33e-01      || longdy/dt = 1.41e-02  || dt = 8.05e-02
[[32m[1m INFO  [21m[0m] from nz = 29 and CS
[[32m[1m INFO  [21m[0m] -----------------------------------------------------------------
[[32m[1m INFO  [21m[0m] Elapsed time: 1.58e+03 || Step number: 29300/30000
[[32m[1m INFO  [21m[0m] longdy = 1.00e+00      || longdy/dt = 1.27e-01  || dt = 2.63e-03
[[32m[1m INFO  [21m[0m] from nz = 1 and N2
[[32m[1m INFO  [21m[0m] -----------------------------------------------------------------
[[32m[1m INFO  [21m[0m] Elapsed time: 1.59e+03 || Step number: 29400/30000
[[32m[1m INFO  [21m[0m] longdy = 8.45e-01      || longdy/dt = 1.65e-01  || dt = 2.63e-03
[[32m[1m INFO  [21m[0m] from nz = 1 and N2
[[32m[1m INFO  [21m[0m] -----------------------------------------------------------------
[[32m[1m INFO  [21m[0m] Elapsed time: 1.59e+03 || Step number: 29500/30000
[[32m[1m INFO  [21m[0m] longdy = 5.19e-02      || longdy/dt = 1.33e-02  || dt = 1.84e-01
[[32m[1m INFO  [21m[0m] from nz = 29 and CS
[[32m[1m INFO  [21m[0m] -----------------------------------------------------------------
[[32m[1m INFO  [21m[0m] Elapsed time: 1.60e+03 || Step number: 29600/30000
[[32m[1m INFO  [21m[0m] longdy = 1.26e-01      || longdy/dt = 1.36e-02  || dt = 1.73e-01
[[32m[1m INFO  [21m[0m] from nz = 29 and CS
[[32m[1m INFO  [21m[0m] -----------------------------------------------------------------
[[32m[1m INFO  [21m[0m] Elapsed time: 1.60e+03 || Step number: 29700/30000
[[32m[1m INFO  [21m[0m] longdy = 6.64e+00      || longdy/dt = 4.50e+00  || dt = 2.63e-03
[[32m[1m INFO  [21m[0m] from nz = 1 and N2
[[32m[1m INFO  [21m[0m] -----------------------------------------------------------------
[[32m[1m INFO  [21m[0m] Elapsed time: 1.61e+03 || Step number: 29800/30000
[[32m[1m INFO  [21m[0m] longdy = 7.02e-02      || longdy/dt = 1.31e-02  || dt = 1.26e-01
[[32m[1m INFO  [21m[0m] from nz = 29 and CS
[[32m[1m INFO  [21m[0m] -----------------------------------------------------------------
[[32m[1m INFO  [21m[0m] Elapsed time: 1.62e+03 || Step number: 29900/30000
[[32m[1m INFO  [21m[0m] longdy = 1.26e-01      || longdy/dt = 1.32e-02  || dt = 1.52e-01
[[32m[1m INFO  [21m[0m] from nz = 29 and CS
[[32m[1m INFO  [21m[0m] -----------------------------------------------------------------
[[32m[1m INFO  [21m[0m] Elapsed time: 1.63e+03 || Step number: 30000/30000
[[32m[1m INFO  [21m[0m] longdy = 1.00e+00      || longdy/dt = 1.19e-01  || dt = 2.63e-03
[[32m[1m INFO  [21m[0m] from nz = 1 and N2
[[32m[1m INFO  [21m[0m] -----------------------------------------------------------------
[[93m[1m WARNING [21m[0m] After ------- 10047.55523943901 seconds ------- s CPU time
[[93m[1m WARNING [21m[0m] Integration not completed...
[[93m[1m WARNING [21m[0m] Maximal allowed steps exceeded (30000)!
[[32m[1m INFO  [21m[0m]     done
Atmodeller initialized with double precision (float64)
[[93m[1m WARNING [21m[0m] The archive tar file does not exist: /data/rdc49-2/K218b_project/simulation_data/grid_H2_C2_N0_S3_fO21__from_batch08_case_000003__7_crash_atmos_chem_step_vulcan_chem_funs_race_syntax_error/data/data.tar
[[32m[1m INFO  [21m[0m] Observing the planet...
Loading PHOENIX star table in file '/data/rdc49-2/FWL_DATA/prt/input_data/stellar_spectra/phoenix/phoenix.startable.petitRADTRANS.h5'... Done.
